,,Lowerbody:LIAS,,,Lowerbody:RIAS,,,Lowerbody:LIPS,,,Lowerbody:RIPS,,,Lowerbody:LFLE,,,Lowerbody:LFAL,,,Lowerbody:LFCC,,,Lowerbody:RFLE,,,Lowerbody:RFAL,,,Lowerbody:RFCC,,,Lowerbody:LFME,,,Lowerbody:LTAM,,,Lowerbody:LFM5,,,Lowerbody:LFM1,,,Lowerbody:RFM5,,,Lowerbody:RFM1,,,Lowerbody:RTAM,,,Lowerbody:RFME,,
1,0,225.757812,-215.87883,984.488892,218.746811,53.185459,1003.127563,404.330627,-118.374626,1012.913574,401.970734,-32.87339,1017.287964,306.834412,-262.372345,506.155121,374.169189,-288.308258,89.699738,421.107635,-245.809341,77.183876,304.119812,108.697639,498.515808,385.187561,135.631302,91.473885,427.386932,80.236252,81.903877,310.586823,-157.612991,486.165192,351.952728,-195.470383,94.270401,259.437134,-321.154938,56.68029,215.549835,-241.384033,65.879845,277.06073,181.121826,59.493778,218.737946,112.902626,65.111794,339.162445,49.637711,111.541061,306.793915,-4.603599,497.675934
2,0,225.744492,-215.894119,984.49762,218.861008,53.018806,1003.042908,404.320923,-118.453178,1012.87207,401.818329,-33.009842,1017.216553,306.998901,-262.423981,506.199951,374.167664,-288.353699,89.682686,421.116364,-245.811874,77.18483,304.118134,108.67836,498.509094,385.197388,135.623062,91.481415,427.410767,80.218964,81.831802,310.509277,-157.624313,486.185486,351.968872,-195.502304,94.249702,259.521576,-321.203156,56.56221,215.523651,-241.397507,65.873772,277.082855,181.121994,59.510323,218.760498,112.911537,65.108177,339.157257,49.632843,111.531639,306.755646,-4.597913,497.680542
3,0,225.734528,-215.88652,984.480591,218.814636,53.138088,1003.124817,404.328003,-118.509712,1012.827637,402.011108,-32.971889,1017.271729,306.995819,-262.416687,506.220886,374.160461,-288.311523,89.685951,421.134216,-245.803268,77.179558,304.142181,108.671524,498.49115,385.207153,135.628571,91.487457,427.419037,80.216621,81.841217,310.56662,-157.651794,486.203522,351.971039,-195.499298,94.257774,259.431,-321.153534,56.679077,215.541229,-241.402451,65.884743,277.075623,181.107483,59.500008,218.754593,112.922432,65.101578,339.140839,49.563023,111.658447,306.782349,-4.594738,497.680145
4,0,225.728638,-215.922714,984.50415,218.926529,52.977016,1003.028015,404.325439,-118.571915,1012.773743,402.04071,-33.035915,1017.228943,306.776886,-262.420898,506.181946,374.101349,-288.332336,89.676697,421.094208,-245.824142,77.188141,304.15918,108.636154,498.489868,385.197479,135.618866,91.477425,427.406342,80.247688,81.90065,310.545532,-157.654892,486.200836,351.903931,-195.715469,94.258293,259.42041,-321.156525,56.678692,215.533585,-241.397293,65.874092,277.069458,181.120956,59.521687,218.651382,112.937057,65.141518,339.17041,49.518196,111.65313,306.784882,-4.617732,497.667908
5,0,225.722305,-215.961273,984.531738,218.900467,53.051769,1003.114014,404.33606,-118.621208,1012.771851,402.023773,-33.111671,1017.170166,306.751434,-262.447784,506.160675,374.08728,-288.370697,89.653297,421.097931,-245.79715,77.188118,304.164734,108.627693,498.49469,385.210144,135.611053,91.510689,427.416687,80.213799,81.839958,310.582275,-157.705261,486.199219,351.948914,-195.483932,94.277466,259.450867,-321.163391,56.659122,215.529724,-241.402618,65.876282,277.08078,181.113235,59.485878,218.70961,112.928955,65.130997,339.178162,49.496464,111.613945,306.809387,-4.608813,497.652802
6,0,225.734329,-216.011902,984.517944,219.009293,52.891624,1003.049133,404.392609,-118.699791,1012.759094,402.05072,-33.183716,1017.164917,306.781036,-262.483765,506.150482,374.176208,-288.369537,89.679482,421.093933,-245.81076,77.177895,304.170715,108.583656,498.509003,385.220123,135.604645,91.493111,427.414246,80.192459,81.839455,310.629883,-157.749908,486.187531,351.999512,-195.498123,94.275169,259.456482,-321.179077,56.660915,215.554657,-241.401764,65.861351,277.080536,181.099594,59.501415,218.707611,112.925331,65.11512,339.142212,49.484329,111.639626,306.771851,-4.699334,497.647064
7,0,225.715408,-216.047928,984.521973,219.024353,52.853737,1003.062866,404.453888,-118.72625,1012.71521,402.092896,-33.228085,1017.158997,306.77478,-262.536682,506.165741,374.156097,-288.368774,89.718719,421.099426,-245.799744,77.177254,304.152405,108.556519,498.524963,385.195709,135.61853,91.512726,427.422852,80.198204,81.860558,310.628357,-157.777756,486.209595,351.987915,-195.544586,94.260223,259.451508,-321.184753,56.664734,215.555786,-241.406113,65.875114,277.073273,181.10556,59.51107,218.685242,112.927483,65.096863,339.134918,49.502583,111.620079,306.789948,-4.667252,497.638824
8,0,225.802597,-216.121338,984.567627,219.072723,52.792469,1003.066284,404.469208,-118.791916,1012.7052,402.088165,-33.294586,1017.136719,306.787384,-262.584167,506.132019,374.119049,-288.393463,89.686234,421.094086,-245.836823,77.191544,304.191345,108.519684,498.515442,385.224396,135.614975,91.509529,427.384979,80.186104,81.820816,310.605316,-157.850708,486.191986,351.943756,-195.714127,94.26297,259.459503,-321.187469,56.656372,215.52417,-241.411514,65.885391,277.061584,181.108643,59.509468,218.742493,112.932083,65.119476,339.131775,49.52166,111.647423,306.76886,-4.72365,497.657623
9,0,225.834244,-216.169952,984.571594,219.04866,52.829189,1003.103516,404.524963,-118.864456,1012.693787,402.153992,-33.306938,1017.139893,306.741211,-262.630676,506.211578,374.122864,-288.367584,89.699944,421.106293,-245.837494,77.180794,304.170135,108.504692,498.497955,385.21759,135.610123,91.498589,427.379883,80.200615,81.879601,310.609528,-157.840683,486.220001,351.976685,-195.552231,94.279785,259.459534,-321.192383,56.656811,215.528641,-241.392166,65.875565,277.041718,181.079636,59.49593,218.75386,112.906914,65.105164,339.106689,49.481308,111.612595,306.701019,-4.790526,497.63739
10,0,225.794113,-216.220581,984.579712,219.101517,52.719761,1003.104309,404.570648,-118.926102,1012.710571,402.145782,-33.37833,1017.161377,306.759949,-262.658966,506.189178,374.146271,-288.370605,89.665489,421.115204,-245.826675,77.195763,304.175323,108.484406,498.535553,385.210297,135.608688,91.504189,427.401825,80.190765,81.857864,310.605804,-157.913269,486.238617,351.963837,-195.547775,94.292603,259.453125,-321.218506,56.656193,215.539627,-241.409302,65.880585,277.060669,181.111755,59.486038,218.712936,112.90844,65.142647,339.144257,49.513821,111.649445,306.694122,-4.849026,497.639709
11,0,225.948212,-216.312698,984.605774,219.142517,52.651432,1003.10144,404.616608,-118.959755,1012.71582,402.10849,-33.495926,1017.080322,306.940063,-262.721771,506.209259,374.104919,-288.426636,89.693321,421.11026,-245.809738,77.193634,304.151154,108.427025,498.534882,385.22998,135.595016,91.519104,427.377777,80.178085,81.827263,310.59967,-157.931274,486.269043,351.82547,-195.723923,94.291626,259.450928,-321.224304,56.654568,215.52005,-241.400314,65.874458,277.055878,181.091171,59.497417,218.698624,112.86924,65.066864,339.102539,49.466602,111.624069,306.777771,-4.790637,497.629974
12,0,225.945953,-216.392242,984.626831,219.181122,52.586132,1003.105896,404.615936,-119.03244,1012.720459,402.223267,-33.495136,1017.14978,306.748932,-262.748322,506.203583,374.133209,-288.399933,89.671478,421.106689,-245.801193,77.191566,304.189148,108.378754,498.525696,385.202362,135.598175,91.524567,427.180603,80.192719,81.87278,310.623016,-158.008255,486.255219,351.951813,-195.585098,94.269539,259.461639,-321.217804,56.661797,215.538986,-241.413208,65.875053,277.035492,181.083267,59.501686,218.682999,112.863342,65.068138,339.088165,49.470715,111.621727,306.729156,-4.881538,497.650238
13,0,226.007538,-216.457855,984.647949,219.213806,52.507435,1003.112061,404.700073,-119.082062,1012.727966,402.300842,-33.507565,1017.141968,306.741913,-262.780212,506.232788,374.105896,-288.430145,89.680717,421.050201,-245.951416,77.248474,304.192474,108.339943,498.541321,385.214569,135.572861,91.51709,427.18045,80.154076,81.833336,310.59964,-158.046494,486.285706,351.961182,-195.614059,94.279747,259.466949,-321.225708,56.664825,215.542175,-241.410522,65.874046,277.062256,181.092331,59.487526,218.715698,112.876755,65.082832,339.102783,49.465084,111.622215,306.763824,-4.90751,497.64389
14,0,225.98877,-216.499374,984.649902,219.316116,52.352833,1003.050537,404.755707,-119.16494,1012.712097,402.300293,-33.605255,1017.098328,306.766815,-262.843262,506.253052,374.103333,-288.436768,89.678535,421.091187,-245.824844,77.193825,304.196777,108.30278,498.555267,385.206757,135.584595,91.54039,427.177002,80.139656,81.821762,310.661194,-158.088577,486.262146,351.922363,-195.789886,94.305573,259.467438,-321.232208,56.645721,215.534683,-241.418793,65.88472,277.077087,181.093414,59.51371,218.693542,112.881897,65.095642,339.09436,49.44775,111.61998,306.771118,-4.985715,497.626831
15,0,226.035889,-216.575836,984.673828,219.344376,52.325554,1003.083374,404.83551,-119.227707,1012.732178,402.348846,-33.64555,1017.133118,306.935974,-262.886963,506.202576,373.982544,-288.407745,89.726601,421.097931,-245.848267,77.204727,304.190186,108.255928,498.550171,385.219482,135.572815,91.553131,427.174927,80.167282,81.868454,310.694,-158.127808,486.287537,351.945251,-195.663788,94.305382,259.459564,-321.25119,56.670578,215.540604,-241.41449,65.885452,277.050812,181.079803,59.499405,218.694977,112.8209,65.076164,339.066803,49.46497,111.629044,306.764984,-5.042931,497.627106
16,0,226.103455,-216.655563,984.685425,219.379395,52.248615,1003.081421,404.866211,-119.288132,1012.704834,402.392944,-33.745853,1017.132019,307.04953,-262.920288,506.150909,374.051758,-288.436249,89.694557,421.102295,-245.855972,77.173172,304.251282,108.219276,498.538483,385.199768,135.575455,91.521294,427.277832,80.174973,81.874115,310.682892,-158.192917,486.273193,351.965179,-195.666672,94.31308,259.450562,-321.249146,56.641491,215.548798,-241.42218,65.879715,277.045197,181.088684,59.496071,218.746735,112.853767,65.087738,339.102936,49.425209,111.641838,306.779205,-5.075428,497.626526
17,0,226.16861,-216.715195,984.691772,219.433578,52.158287,1003.055908,404.882019,-119.330727,1012.709045,402.485565,-33.761311,1017.119995,306.91333,-262.977783,506.260284,374.097595,-288.432312,89.681137,421.080109,-245.846863,77.197632,304.249542,108.198326,498.560455,385.206268,135.568558,91.51535,427.309937,80.142784,81.848717,310.758636,-158.231277,486.291199,351.928802,-195.808807,94.300728,259.528046,-321.287201,56.561916,215.52832,-241.425842,65.900215,277.044617,181.087402,59.507217,218.730606,112.872314,65.073914,339.087311,49.433788,111.615456,306.792145,-5.175266,497.592194
18,0,226.202759,-216.800156,984.725159,219.495407,52.053814,1003.053162,404.987701,-119.440544,1012.688171,402.495819,-33.831566,1017.101379,306.95105,-263.02951,506.241028,373.958679,-288.457245,89.677269,421.121582,-245.849808,77.173599,304.065826,108.370369,498.592499,385.237885,135.569351,91.540703,427.317017,80.127213,81.819267,310.838165,-158.295624,486.318054,351.972748,-195.641525,94.307518,259.462402,-321.26355,56.647861,215.557083,-241.428284,65.890472,277.049164,181.077316,59.50172,218.664017,112.912071,65.120323,339.082611,49.425602,111.632744,306.805542,-5.218646,497.579254
19,0,226.252609,-216.877213,984.708557,219.55307,51.95023,1003.053772,405.06189,-119.547699,1012.742493,402.622131,-33.928921,1017.132629,307.167053,-263.089386,506.212891,374.111145,-288.443298,89.640297,421.061096,-245.976852,77.196823,304.280762,108.08004,498.550476,385.232666,135.572952,91.554062,427.291138,80.139259,81.86068,310.799713,-158.292038,486.355042,351.96701,-195.683029,94.315788,259.48526,-321.25531,56.628098,215.570847,-241.446518,65.912819,277.046204,181.084488,59.517635,218.684341,112.897522,65.100502,339.063141,49.440876,111.590118,306.879395,-5.187248,497.561096
20,0,226.307648,-216.957825,984.752686,219.723938,51.689816,1003.001831,405.125305,-119.588181,1012.706299,402.705444,-33.97551,1017.162537,307.019531,-263.148621,506.242035,374.061005,-288.455048,89.661636,421.098694,-245.990967,77.210838,304.096527,108.272652,498.606995,385.2435,135.548996,91.543625,427.18161,80.125069,81.842567,310.891205,-158.38089,486.309845,351.991455,-195.676331,94.304634,259.481384,-321.292725,56.628372,215.553696,-241.445267,65.896873,277.075562,181.065247,59.484497,218.676804,112.876228,65.094322,339.082672,49.431885,111.60804,306.88916,-5.27203,497.552887
21,0,226.341156,-217.009842,984.7724,219.813751,51.616867,1003.017639,405.178131,-119.676933,1012.676331,402.768982,-34.08947,1017.138,307.08255,-263.202423,506.220398,374.092621,-288.45694,89.614998,421.141815,-245.878464,77.183136,304.349518,107.985092,498.551056,385.238373,135.543152,91.552032,427.178925,80.093674,81.812698,310.912689,-158.427917,486.385773,351.961121,-195.662689,94.302742,259.482117,-321.299683,56.617016,215.558472,-241.448242,65.904411,277.071045,181.057404,59.491512,218.742065,112.858177,65.091263,339.063202,49.369576,111.592758,306.902679,-5.315403,497.564301
22,0,226.434174,-217.094086,984.836121,219.879974,51.551823,1003.015869,405.2677,-119.75116,1012.674316,402.738922,-34.219303,1017.018188,307.097656,-263.21698,506.235718,374.134705,-288.449554,89.655701,421.118286,-245.881989,77.177856,304.14386,108.188545,498.60376,385.233673,135.539978,91.561371,427.295715,80.110214,81.807686,310.885834,-158.438889,486.371155,352.003845,-195.687088,94.33522,259.493225,-321.291504,56.609066,215.558334,-241.443878,65.905174,277.045441,181.077988,59.510498,218.666412,112.881142,65.115585,339.143585,49.425022,111.591103,307.020233,-5.316377,497.590576
23,0,226.526855,-217.147781,984.823181,219.97049,51.489941,1003.01123,405.366577,-119.794601,1012.721069,402.849152,-34.297649,1017.008179,307.077576,-263.293854,506.221954,374.132477,-288.468994,89.612152,421.12326,-245.914352,77.128868,304.186951,108.136177,498.601135,385.194885,135.530701,91.546173,427.311279,80.106339,81.849571,310.828522,-158.420837,486.368195,351.946259,-195.813156,94.347382,259.475189,-321.304504,56.629528,215.562302,-241.446854,65.894104,277.032043,181.082092,59.538387,218.693802,112.862831,65.118172,339.126312,49.408665,111.540375,307.015472,-5.383043,497.573059
24,0,226.587021,-217.213974,984.874634,220.046295,51.41375,1003.024109,405.431091,-119.855827,1012.698792,402.938782,-34.317657,1017.090088,307.118683,-263.333069,506.258118,374.080872,-288.502899,89.618401,421.104004,-245.897659,77.16217,304.206635,108.106438,498.607758,385.2099,135.542587,91.558609,427.173309,80.113831,81.832466,310.847046,-158.453583,486.41626,352.025177,-195.701248,94.296722,259.499817,-321.306793,56.606327,215.579025,-241.463837,65.899979,277.083893,181.08371,59.4958,218.788727,112.85437,65.090561,339.069824,49.377487,111.585457,306.998657,-5.456779,497.547241
25,0,226.675339,-217.304993,984.880127,220.12645,51.33569,1003.026855,405.476379,-119.931847,1012.744812,403.084991,-34.371773,1017.096375,307.152313,-263.378754,506.228333,374.085907,-288.525452,89.583878,421.13382,-245.916122,77.143272,304.216003,108.070107,498.621521,385.222748,135.528427,91.569763,427.181854,80.116455,81.836327,310.955902,-158.623596,486.411621,351.963593,-195.865692,94.32505,259.473541,-321.309113,56.613018,215.565323,-241.48439,65.895805,277.065796,181.088028,59.515625,218.641129,112.916176,65.131409,339.069702,49.405399,111.587181,306.945435,-5.527031,497.549652
26,0,226.725357,-217.361542,984.914429,220.230057,51.263966,1003.041992,405.526459,-120.010506,1012.718689,403.151886,-34.464436,1017.088745,307.388641,-263.398285,506.231079,374.109436,-288.508606,89.622665,421.077728,-246.027878,77.173424,304.256195,108.044708,498.61911,385.202576,135.528,91.569305,427.26709,80.097778,81.801064,310.851471,-158.557037,486.480804,352.025024,-195.717926,94.309837,259.48291,-321.320435,56.611366,215.553772,-241.48172,65.895767,277.063324,181.045456,59.491508,218.662216,112.854607,65.05658,339.066803,49.377922,111.615356,307.008118,-5.521551,497.556885
27,0,226.811874,-217.416519,984.931396,220.337265,51.191441,1003.05304,405.60614,-120.091316,1012.694031,403.255829,-34.540867,1017.109985,307.239227,-263.441681,506.221588,374.151459,-288.54007,89.573174,421.105896,-245.905182,77.12294,304.288086,107.989761,498.616058,385.197327,135.517593,91.568748,427.17099,80.077568,81.795067,310.89917,-158.552399,486.4823,352.05423,-195.730209,94.305557,259.471649,-321.311554,56.611687,215.571533,-241.462387,65.902725,277.025391,181.061615,59.531898,218.705673,112.867882,65.096878,339.021942,49.463985,111.495514,307.033905,-5.558261,497.565674
28,0,226.891678,-217.483627,984.928223,220.433502,51.136784,1003.06012,405.680084,-120.16217,1012.731934,403.319275,-34.712605,1017.025208,307.251129,-263.468048,506.23703,374.142731,-288.549194,89.557541,421.108643,-246.078018,77.167488,304.307983,107.941032,498.618927,385.230621,135.506622,91.56501,427.187439,80.107826,81.839645,311.020508,-158.681168,486.470917,352.0466,-195.754089,94.306061,259.476959,-321.314911,56.617073,215.574295,-241.463104,65.923355,277.045135,181.047211,59.502499,218.713394,112.86055,65.105698,339.074097,49.39682,111.568497,307.095337,-5.599939,497.555603
29,0,226.998764,-217.539047,984.944336,220.512726,51.084183,1003.080139,405.767639,-120.226624,1012.7276,403.430481,-34.777615,1017.03717,307.281403,-263.534088,506.244019,374.148102,-288.555847,89.544792,421.130096,-245.923645,77.124908,304.31073,107.941139,498.640503,385.2099,135.48761,91.575447,427.319977,80.101318,81.849991,311.002869,-158.702972,486.490204,351.981689,-195.870529,94.336815,259.477936,-321.319672,56.622028,215.566422,-241.471207,65.912224,277.024933,181.044968,59.485653,218.692184,112.855141,65.050919,339.050568,49.3964,111.558754,307.076416,-5.658697,497.548401
30,0,226.993439,-217.577118,984.983765,220.623749,51.029308,1003.078796,405.825806,-120.28611,1012.739441,403.531708,-34.871693,1017.037659,307.328552,-263.546814,506.253479,374.18158,-288.538849,89.560669,421.082733,-245.925217,77.102798,304.351898,107.931633,498.644531,385.21347,135.512985,91.593292,427.171265,80.099487,81.817665,311.048309,-158.691223,486.525238,352.049805,-195.74559,94.352577,259.450684,-321.3349,56.630058,215.575989,-241.465576,65.915588,277.040314,181.066727,59.514065,218.679993,112.857162,65.074928,339.101807,49.415916,111.54467,307.126587,-5.648886,497.522675
31,0,227.076538,-217.656769,985.023804,220.747375,50.958687,1003.098389,405.975403,-120.343292,1012.796997,403.635468,-34.979546,1017.020447,307.368256,-263.603851,506.244049,374.056427,-288.618713,89.539688,421.052673,-246.08284,77.138641,304.346283,107.914467,498.667725,385.231445,135.508179,91.581909,427.188751,80.089722,81.827042,311.139008,-158.760498,486.515564,352.034454,-195.758301,94.356483,259.452637,-321.317017,56.621094,215.566498,-241.477463,65.916664,277.025146,181.056671,59.513176,218.695923,112.907951,65.087303,339.053192,49.41003,111.580093,307.182129,-5.730929,497.559418
32,0,227.166199,-217.700104,985.036316,220.83075,50.906391,1003.10144,406.008667,-120.469452,1012.756836,403.731018,-35.029652,1017.049927,307.427277,-263.616302,506.216522,373.973694,-288.580017,89.561272,421.062347,-245.977539,77.094299,304.369385,107.896103,498.663879,385.22348,135.497299,91.567558,427.18042,80.082031,81.778275,311.157867,-158.772293,486.539917,352.06427,-195.745758,94.358368,259.462067,-321.344391,56.613102,215.5513,-241.485886,65.921844,277.022827,181.062454,59.511581,218.684067,112.893417,65.105598,339.072723,49.390789,111.561516,307.256897,-5.718029,497.534668
33,0,227.194382,-217.736633,985.052368,220.960434,50.8489,1003.119202,406.037262,-120.508873,1012.773132,403.87851,-35.123947,1017.053589,307.528687,-263.593475,506.298309,374.133118,-288.59726,89.397713,421.116089,-246.065826,77.161537,304.398621,107.896721,498.674896,385.213104,135.496094,91.59124,427.168793,80.078415,81.849785,311.285004,-158.791992,486.523407,352.059235,-195.745148,94.361115,259.465393,-321.337311,56.61607,215.573044,-241.476776,65.905731,277.048645,181.072327,59.523594,218.734177,112.890465,65.073334,339.037445,49.438011,111.490219,307.267944,-5.729939,497.543884
34,0,227.310852,-217.782471,985.02478,221.058273,50.808506,1003.137451,406.168732,-120.609314,1012.786377,403.956848,-35.22052,1017.079102,307.57312,-263.630188,506.320465,374.122955,-288.601501,89.458725,421.117432,-246.108139,77.145447,304.462006,107.851479,498.684509,385.206024,135.495407,91.582497,427.202881,80.085091,81.855293,311.246613,-158.77182,486.53476,352.031067,-195.939804,94.356758,259.479004,-321.335785,56.615578,215.583374,-241.495514,65.885597,277.05127,181.060501,59.513596,218.700516,112.904182,65.126007,339.088135,49.392368,111.525932,307.35849,-5.782452,497.543549
35,0,227.349182,-217.846268,985.033386,221.208771,50.774635,1003.137573,406.267487,-120.626205,1012.802124,404.022003,-35.314079,1017.113586,307.541473,-263.712402,506.295502,374.119049,-288.615021,89.461594,421.095642,-246.156219,77.117943,304.492462,107.856125,498.698883,385.205811,135.485764,91.584969,427.169403,80.066071,81.867439,311.309052,-158.816223,486.497528,352.013245,-195.892029,94.361511,259.459778,-321.333191,56.611767,215.561234,-241.483994,65.921242,277.046143,181.060028,59.483372,218.664703,112.862495,65.077423,339.077911,49.388577,111.555771,307.516815,-5.868014,497.606781
36,0,227.447937,-217.855133,985.069336,221.327957,50.726749,1003.157471,406.341583,-120.731926,1012.844421,404.149353,-35.378494,1017.096191,307.600159,-263.729736,506.261047,374.128448,-288.615936,89.461082,421.13562,-246.159973,77.128746,304.540405,107.845154,498.717346,385.219879,135.502106,91.584099,427.189331,80.082115,81.811089,311.327667,-158.815414,486.542236,352.059845,-195.768463,94.359886,259.453094,-321.332001,56.609444,215.584915,-241.481812,65.932564,277.033691,181.05574,59.519043,218.737106,112.838295,65.112846,339.121948,49.41917,111.532639,307.419647,-5.897188,497.5289
37,0,227.484818,-217.929306,985.082947,221.497269,50.653812,1003.171936,406.474579,-120.759987,1012.873901,404.187958,-35.422562,1017.104614,307.678772,-263.72995,506.296448,374.119812,-288.626495,89.434547,421.098846,-246.1772,77.126915,304.696838,107.748138,498.685364,385.225616,135.481628,91.573181,427.185364,80.063896,81.789711,311.422272,-158.867264,486.513123,352.087189,-195.773209,94.349762,259.467285,-321.33371,56.609051,215.570618,-241.488464,65.919128,277.051849,181.06073,59.496979,218.656006,112.874878,65.12542,339.083527,49.376518,111.536026,307.493225,-5.899319,497.539459
38,0,227.569214,-217.942886,985.062927,221.617249,50.622875,1003.169678,406.551666,-120.816956,1012.860046,404.353302,-35.462601,1017.226074,307.671478,-263.737976,506.305878,374.12326,-288.620575,89.477219,421.082031,-246.149109,77.107277,304.756897,107.716759,498.71936,385.239899,135.495651,91.571335,427.172028,80.075592,81.798523,311.372009,-158.858612,486.526001,352.077759,-195.764847,94.352211,259.452637,-321.337585,56.610279,215.591125,-241.4897,65.91523,277.049347,181.06781,59.495968,218.680389,112.841568,65.113014,339.059845,49.384228,111.567513,307.720917,-5.881365,497.595459
39,0,227.630081,-217.963242,985.066956,221.741043,50.585487,1003.176575,406.535828,-120.946091,1012.813904,404.392456,-35.565823,1017.08844,307.853699,-263.793549,506.186829,374.143402,-288.635101,89.452698,421.094452,-246.148926,77.098038,304.837097,107.707146,498.727509,385.227661,135.502213,91.583557,427.182678,80.074844,81.782631,311.547394,-158.923859,486.470947,352.069092,-195.789932,94.357811,259.464111,-321.350861,56.599129,215.579941,-241.484451,65.908844,277.049957,181.058746,59.508354,218.692459,112.875496,65.100868,339.144104,49.388962,111.507164,307.78421,-5.886301,497.608185
40,0,227.690796,-218.001724,985.070862,221.70192,50.775593,1003.262268,406.687653,-121.007271,1012.867676,404.503357,-35.616222,1017.102844,307.801636,-263.792389,506.310699,374.164001,-288.649933,89.45153,421.129639,-246.179092,77.102242,304.877563,107.684387,498.720703,385.277008,135.49086,91.584663,427.190033,80.068596,81.775505,311.569427,-159.078934,486.597046,352.110809,-195.775711,94.383224,259.454041,-321.347168,56.607609,215.593689,-241.491104,65.923531,277.055634,181.063995,59.488564,218.677353,112.894463,65.12059,339.076508,49.456425,111.488136,307.733032,-6.000865,497.579529
41,0,227.823715,-218.049667,985.10199,221.884476,50.661903,1003.222107,406.744934,-121.072723,1012.884827,404.562012,-35.691116,1017.102844,307.794281,-263.841858,506.275238,374.147919,-288.665253,89.427155,421.086792,-246.211517,77.101883,304.939392,107.676338,498.731628,385.261078,135.497787,91.596779,427.183136,80.077271,81.797134,311.57132,-159.02536,486.515533,352.107208,-195.827484,94.368477,259.474182,-321.355133,56.602852,215.57373,-241.483398,65.935104,277.045258,181.095001,59.507694,218.650925,112.877953,65.069748,339.121857,49.395306,111.550362,307.860504,-5.967958,497.54538
42,0,227.857132,-218.075516,985.095764,221.938568,50.707249,1003.259888,406.810089,-121.107193,1012.884827,404.69046,-35.756378,1017.13147,307.852966,-263.807251,506.290009,374.134338,-288.701965,89.429581,421.093903,-246.260696,77.099937,304.991211,107.652298,498.724365,385.245972,135.501236,91.580788,427.187958,80.085785,81.782143,311.643616,-159.11702,486.635193,352.092316,-195.821411,94.358665,259.535156,-321.389008,56.516422,215.603912,-241.498077,65.913902,277.0289,181.10463,59.549278,218.747803,112.901474,65.132607,339.098999,49.476379,111.461922,307.648041,-6.26529,497.323547
43,0,227.954651,-218.14827,985.010315,222.044052,50.716003,1003.282776,406.93988,-121.130089,1012.88855,404.785767,-35.807991,1017.130371,307.897766,-263.840576,506.301636,374.163971,-288.691833,89.457634,421.105957,-246.280716,77.061279,305.001709,107.665901,498.744659,385.25415,135.49469,91.577217,427.190765,80.051056,81.734421,311.715393,-159.141846,486.669891,352.02536,-195.991058,94.373947,259.497681,-321.383362,56.57518,215.609039,-241.493225,65.91468,277.035889,181.091446,59.520599,218.696198,112.840935,65.098289,339.096375,49.422443,111.56823,307.611633,-6.250943,497.285583
44,0,228.091568,-218.124878,985.076843,222.1026,50.750477,1003.287048,407.050995,-121.214134,1012.930542,404.863708,-35.812782,1017.241211,307.943695,-263.853882,506.288483,374.201385,-288.68219,89.359703,421.076416,-246.212967,77.07959,305.044617,107.652145,498.766724,385.270538,135.496201,91.579338,427.201172,80.036591,81.733604,311.735565,-159.088272,486.595581,352.053955,-195.998398,94.366966,259.466583,-321.370117,56.590488,215.605316,-241.491074,65.919289,277.060913,181.069412,59.526363,218.714935,112.893791,65.11451,339.101471,49.394726,111.532822,307.617828,-6.288987,497.284698
45,0,228.170761,-218.157928,985.090576,222.207336,50.748756,1003.311035,407.091583,-121.276901,1012.935181,404.946442,-35.850651,1017.266418,307.955963,-263.842346,506.288055,374.214417,-288.665283,89.455925,421.104279,-246.273193,77.084923,305.062897,107.656044,498.753204,385.282318,135.500458,91.576683,427.194763,80.097122,81.767212,311.795105,-159.16832,486.672089,352.075745,-195.823303,94.377838,259.478912,-321.370026,56.569115,215.602921,-241.481934,65.913422,277.051819,181.086914,59.520119,218.666138,112.885895,65.111946,339.078552,49.37138,111.530518,307.644531,-6.315948,497.280304
46,0,228.32663,-218.183762,985.106628,222.365356,50.708408,1003.343201,407.192871,-121.315094,1012.93335,405.0401,-35.913433,1017.24884,307.983551,-263.885406,506.27005,374.011139,-288.702484,89.451187,421.149597,-246.194244,77.049675,305.10675,107.627098,498.745392,385.292328,135.501099,91.574081,427.203949,80.081833,81.767876,311.834778,-159.09436,486.626038,352.076569,-195.96727,94.354301,259.493256,-321.371277,56.601254,215.593796,-241.48526,65.916634,277.035004,181.101501,59.528168,218.773254,112.888985,65.113152,339.112457,49.394772,111.568733,307.694824,-6.316485,497.27948
47,0,228.309998,-218.194641,985.105713,222.41188,50.73555,1003.346436,407.311646,-121.372192,1012.956726,405.156891,-35.992317,1017.256287,308.014069,-263.893463,506.287628,374.195374,-288.682129,89.42067,421.100708,-246.286331,77.051376,305.130646,107.601265,498.766998,385.282379,135.504837,91.585266,427.1875,80.073158,81.754623,311.882294,-159.165237,486.644623,352.078796,-196.005447,94.387306,259.459656,-321.349487,56.576782,215.598846,-241.469727,65.912109,277.040466,181.047226,59.501637,218.708893,112.922112,65.092255,339.091125,49.34124,111.548439,307.722321,-6.332603,497.279449
48,0,228.384933,-218.209366,985.099365,222.643951,50.494114,1003.314392,407.386414,-121.411285,1012.9422,405.219025,-36.019688,1017.254456,308.06369,-263.911865,506.280304,374.135559,-288.725037,89.429764,421.180145,-246.296188,77.046555,305.205658,107.565277,498.764557,385.272491,135.495422,91.568954,427.217926,80.056679,81.753876,311.919556,-159.173309,486.677521,352.167847,-195.868835,94.354973,259.47226,-321.376495,56.598526,215.614197,-241.480972,65.911873,277.073395,181.08432,59.540176,218.738358,112.879692,65.098442,339.131042,49.391968,111.534592,307.757751,-6.354434,497.293884
49,0,228.451736,-218.246887,985.131958,222.633957,50.666401,1003.3703,407.504608,-121.498138,1012.939209,405.304443,-36.075836,1017.301819,308.080872,-263.934662,506.296997,374.124176,-288.703491,89.436684,421.124908,-246.268265,77.068512,305.24646,107.529549,498.770325,385.287842,135.481369,91.566345,427.207306,80.057396,81.770668,311.912598,-159.152283,486.672058,352.129059,-195.864548,94.369316,259.475006,-321.36908,56.591042,215.589691,-241.468063,65.920006,277.040985,181.072937,59.512371,218.686707,112.88105,65.123848,339.104675,49.36834,111.586304,307.794495,-6.354549,497.275574
50,0,228.51918,-218.259125,985.154846,222.843307,50.468647,1003.344299,407.528564,-121.509918,1012.904175,405.391327,-36.091068,1017.276184,308.098022,-263.92807,506.274109,374.010345,-288.724884,89.43898,421.13559,-246.352859,77.063507,305.265686,107.533165,498.787018,385.294586,135.490128,91.565773,427.193024,80.077576,81.754021,311.990723,-159.180786,486.670441,352.157501,-195.883179,94.36734,259.448029,-321.372101,56.599716,215.615524,-241.46846,65.903046,277.065155,181.105072,59.54195,218.743057,112.901749,65.124176,339.095825,49.37149,111.549377,307.808685,-6.38487,497.28299
51,0,228.628067,-218.272842,985.148438,222.948639,50.471169,1003.356689,407.658173,-121.547676,1012.94635,405.471375,-36.120773,1017.250305,308.104828,-263.976318,506.286377,374.174133,-288.725433,89.403084,421.097809,-246.32135,77.040543,305.302399,107.532593,498.794739,385.277649,135.497086,91.568069,427.205933,80.087425,81.758751,312.008118,-159.17749,486.703735,352.177307,-195.874176,94.359871,259.458557,-321.369507,56.611893,215.616913,-241.456848,65.907639,277.050568,181.076889,59.512962,218.764252,112.890747,65.133812,339.131256,49.37558,111.546463,307.815033,-6.399024,497.291565
52,0,228.700485,-218.280731,985.190308,223.067459,50.426273,1003.359192,407.787231,-121.573082,1012.943481,405.529419,-36.162048,1017.294861,308.149475,-263.982117,506.238159,374.162903,-288.724274,89.374855,421.105072,-246.271179,77.043533,305.338593,107.510582,498.7771,385.302734,135.497665,91.578323,427.201874,80.076347,81.747864,312.022247,-159.231598,486.698883,352.151581,-195.867386,94.407509,259.467407,-321.382782,56.609188,215.597946,-241.472656,65.914383,277.076202,181.077042,59.516438,218.812836,112.872932,65.103058,339.147064,49.360207,111.551895,307.853485,-6.423386,497.280762
53,0,228.754791,-218.332001,985.20697,223.161942,50.399387,1003.375183,407.882385,-121.584991,1012.94873,405.646851,-36.214237,1017.321472,308.179413,-264.000305,506.282684,374.141968,-288.75,89.392891,421.158173,-246.333282,77.052597,305.353394,107.526253,498.790985,385.272797,135.503403,91.574837,427.187317,80.081688,81.752289,312.102417,-159.271362,486.68457,352.167389,-195.864212,94.387161,259.45462,-321.368896,56.605099,215.611374,-241.467514,65.915955,277.05722,181.0728,59.507832,218.710907,112.921127,65.149368,339.114624,49.356949,111.542984,307.8974,-6.419486,497.281189
54,0,228.881607,-218.355042,985.230591,223.218857,50.407528,1003.387817,407.947235,-121.633667,1012.898804,405.698364,-36.225948,1017.286438,308.233063,-264.040558,506.274414,374.193878,-288.756073,89.353645,421.105438,-246.278915,77.046928,305.408173,107.47805,498.793945,385.29425,135.505386,91.574333,427.196564,80.051903,81.70179,312.175415,-159.253159,486.720398,352.106415,-196.05069,94.37883,259.53009,-321.396332,56.529995,215.603546,-241.475677,65.921501,277.042694,181.07341,59.526363,218.670303,112.910812,65.169716,339.118622,49.366539,111.565018,308.022186,-6.304973,497.383728
55,0,228.894485,-218.374878,985.224548,223.349472,50.331936,1003.364929,408.090332,-121.695076,1012.964233,405.733673,-36.28653,1017.28833,308.243958,-264.042328,506.286438,374.158325,-288.779785,89.420456,421.107239,-246.328979,77.062561,305.408569,107.51368,498.810211,385.285767,135.480637,91.56665,427.306976,80.067825,81.719734,312.157013,-159.289337,486.709473,352.109192,-196.050385,94.350746,259.471924,-321.384674,56.577126,215.610794,-241.477112,65.924019,277.056396,181.087906,59.535107,218.825348,112.888481,65.152786,339.067261,49.368481,111.59581,307.913971,-6.48264,497.253204
56,0,228.989975,-218.379135,985.309265,223.433136,50.344398,1003.360168,408.322968,-121.819328,1013.011963,405.843689,-36.329933,1017.325134,308.338226,-264.074066,506.245026,374.189362,-288.765686,89.409843,421.131287,-246.413605,77.038322,305.411163,107.54586,498.827637,385.30014,135.496262,91.55468,427.208252,80.067444,81.729362,312.258759,-159.26712,486.751404,352.108063,-196.038986,94.385628,259.47406,-321.372345,56.572948,215.605148,-241.477203,65.939423,277.077606,181.080292,59.528419,218.744568,112.902916,65.148453,339.125916,49.420124,111.593811,307.982208,-6.473635,497.28418
57,0,229.040359,-218.408829,985.247864,223.519684,50.359383,1003.35968,408.23114,-121.765427,1012.990356,405.88327,-36.352753,1017.282104,308.331909,-264.043549,506.290863,374.125214,-288.779022,89.348022,421.151733,-246.374069,77.038528,305.458435,107.528542,498.808228,385.290588,135.480682,91.560699,427.214691,80.073303,81.725525,312.305756,-159.311523,486.712097,352.178223,-195.924133,94.387749,259.471985,-321.38031,56.584759,215.612534,-241.472336,65.924065,277.049927,181.07518,59.499142,218.77742,112.876572,65.130341,339.150604,49.373093,111.531654,308.091888,-6.337382,497.356323
58,0,229.118698,-218.43483,985.339355,223.621613,50.278584,1003.337769,408.266388,-121.819649,1012.911316,405.968964,-36.408405,1017.278809,308.357727,-264.043732,506.276123,374.19046,-288.763397,89.35939,421.141876,-246.363495,77.025642,305.566833,107.439636,498.812469,385.315948,135.501373,91.557343,427.217102,80.085831,81.720604,312.352997,-159.287506,486.71933,352.147675,-195.884674,94.41349,259.489288,-321.375244,56.579411,215.627319,-241.478134,65.915779,277.044098,181.074585,59.509995,218.759628,112.880966,65.124329,339.125427,49.399921,111.575005,308.155609,-6.316601,497.356384
59,0,229.192886,-218.470688,985.324829,223.686584,50.286072,1003.339294,408.282562,-121.83168,1012.963074,406.017944,-36.417629,1017.34137,308.421967,-264.054077,506.274475,374.018311,-288.753418,89.447868,421.143982,-246.33107,77.019508,305.616699,107.422432,498.816589,385.278381,135.500687,91.551163,427.219025,80.103638,81.715431,312.450348,-159.300262,486.71344,352.156433,-195.891525,94.393471,259.459778,-321.37619,56.591496,215.602783,-241.471878,65.91301,277.064911,181.099487,59.516296,218.741592,112.864967,65.109589,339.108429,49.379944,111.612694,308.247437,-6.282809,497.377991
60,0,229.209961,-218.478134,985.281494,223.689499,50.327374,1003.392578,408.338318,-121.896294,1012.994141,406.080902,-36.463623,1017.249817,308.458252,-264.074921,506.280609,374.064362,-288.780914,89.323814,421.162567,-246.305145,77.051811,305.642517,107.410469,498.800262,385.288818,135.502075,91.551086,427.211517,80.075409,81.713188,312.417633,-159.331848,486.724915,352.149811,-195.90155,94.397461,259.450653,-321.376221,56.588673,215.62709,-241.487839,65.928345,277.040771,181.059509,59.508942,218.727692,112.907356,65.135635,339.124268,49.378735,111.572792,308.271271,-6.314931,497.342743
61,0,229.287048,-218.496964,985.371765,223.741989,50.299263,1003.377808,408.408142,-121.892693,1013.019226,406.26593,-36.542442,1017.345886,308.460297,-264.112244,506.277496,374.146362,-288.801422,89.379677,421.149231,-246.348999,77.016121,305.67334,107.411201,498.800293,385.306976,135.490021,91.550179,427.242096,80.100418,81.712967,312.506073,-159.340363,486.723816,352.137604,-195.910202,94.410767,259.470276,-321.374725,56.588215,215.610641,-241.491959,65.923615,277.047333,181.081345,59.531132,218.778702,112.864777,65.079872,339.134521,49.389435,111.561295,308.290283,-6.347885,497.357117
62,0,229.359634,-218.521927,985.271301,223.864517,50.216942,1003.345398,408.467316,-121.936974,1013.058167,406.299927,-36.579292,1017.348389,308.473541,-264.115875,506.280853,374.126923,-288.80777,89.376999,421.169006,-246.397079,77.046501,305.663025,107.461075,498.844788,385.30011,135.49707,91.558647,427.232727,80.091164,81.714767,312.490753,-159.334427,486.740356,352.180939,-195.922821,94.370636,259.45993,-321.385864,56.582458,215.615677,-241.487839,65.916847,277.033173,181.083527,59.520145,218.744598,112.885773,65.096092,339.129791,49.387775,111.574982,308.320648,-6.337715,497.368683
63,0,229.454773,-218.51651,985.36261,223.894547,50.230743,1003.359314,408.528778,-121.977821,1013.095398,406.365234,-36.593559,1017.418396,308.621918,-264.159027,506.222839,374.111969,-288.804352,89.365883,421.165405,-246.403397,77.038628,305.782745,107.392204,498.824615,385.328491,135.498596,91.567062,427.2229,80.103622,81.706787,312.561035,-159.369583,486.758881,352.20166,-195.949127,94.390984,259.461975,-321.391907,56.592834,215.619385,-241.485519,65.924202,277.070007,181.06485,59.50758,218.729095,112.85878,65.078545,339.135162,49.390354,111.587311,308.368011,-6.377197,497.386108
64,0,229.422592,-218.565857,985.327393,223.946609,50.195709,1003.33844,408.52771,-121.941689,1013.159424,406.374329,-36.616226,1017.449036,308.546143,-264.127716,506.302124,374.160095,-288.79126,89.392853,421.149933,-246.337219,77.027153,305.819855,107.368225,498.83432,385.315308,135.500458,91.561073,427.229218,80.097061,81.715378,312.540436,-159.360535,486.764252,352.117279,-195.886612,94.442314,259.442322,-321.378876,56.603107,215.619888,-241.499298,65.919403,277.048035,181.072876,59.523937,218.731033,112.895157,65.126854,339.134674,49.394131,111.594696,308.42276,-6.342158,497.391724
65,0,229.462555,-218.5849,985.341003,223.948105,50.226486,1003.341309,408.543457,-121.957306,1013.141541,406.443359,-36.629025,1017.418152,308.662903,-264.164368,506.217651,374.109619,-288.810669,89.363525,421.075134,-246.350388,76.935059,305.842712,107.388741,498.837677,385.289825,135.507156,91.545395,427.248779,80.107376,81.718346,312.584351,-159.374893,486.76886,352.131012,-195.919357,94.425789,259.460693,-321.393219,56.596962,215.60907,-241.481934,65.910347,277.054535,181.090454,59.528671,218.693634,112.866295,65.101845,339.176483,49.38549,111.589714,308.458649,-6.384037,497.396362
66,0,229.535095,-218.613159,985.331421,224.02562,50.133053,1003.300903,408.590485,-121.935707,1013.180481,406.442535,-36.603962,1017.430298,308.532776,-264.191223,506.291931,374.207611,-288.79245,89.30304,421.156158,-246.259476,76.949333,305.905609,107.370857,498.844788,385.315094,135.501266,91.546455,427.215057,80.096748,81.716148,312.582214,-159.343781,486.74884,352.172272,-195.928833,94.423332,259.447205,-321.373749,56.590668,215.623795,-241.473709,65.923996,277.055511,181.074432,59.508774,218.817139,112.831772,65.038521,339.179169,49.377075,111.580238,308.562988,-6.362086,497.394226
67,0,229.617996,-218.629135,985.341064,224.04599,50.154072,1003.313171,408.593018,-121.948082,1013.231262,406.52652,-36.684738,1017.39679,308.651947,-264.166962,506.310059,374.179016,-288.771942,89.317276,421.109406,-246.355988,77.037949,305.974823,107.347977,498.839661,385.311981,135.523224,91.565781,427.226318,80.09639,81.71167,312.647064,-159.387573,486.778839,352.135681,-195.925003,94.407066,259.441711,-321.380981,56.606907,215.611252,-241.473663,65.937332,277.059082,181.072586,59.500259,218.705734,112.883148,65.13134,339.145447,49.390144,111.591034,308.643982,-6.341916,497.416077
68,0,229.646713,-218.668518,985.359497,224.048691,50.198586,1003.334656,408.622223,-121.985855,1013.231506,406.489685,-36.641277,1017.475098,308.688873,-264.188354,506.315887,374.204285,-288.75589,89.341759,421.153656,-246.378143,77.029854,306.040955,107.322388,498.853485,385.318756,135.51767,91.552315,427.230286,80.084076,81.72757,312.651123,-159.328598,486.763306,352.135681,-195.901932,94.426163,259.434021,-321.352539,56.604103,215.601089,-241.479614,65.93618,277.028839,181.077454,59.524693,218.75386,112.876389,65.106697,339.155396,49.385727,111.607574,308.667877,-6.363226,497.441742
69,0,229.728806,-218.702759,985.346741,224.101883,50.140808,1003.29187,408.654724,-121.983109,1013.275757,406.474731,-36.656673,1017.525818,308.626923,-264.226929,506.326385,374.192108,-288.774475,89.391731,421.219604,-246.459442,77.049614,306.07074,107.298851,498.850952,385.340759,135.505188,91.563393,427.221008,80.086304,81.734665,312.659088,-159.341873,486.751648,352.135345,-195.929718,94.429825,259.458557,-321.360565,56.604187,215.61618,-241.485519,65.894318,277.076111,181.08136,59.52354,218.72142,112.851463,65.093185,339.17981,49.37606,111.580727,308.754608,-6.353979,497.433319
70,0,229.683395,-218.728592,985.397156,224.082779,50.162449,1003.287781,408.823242,-122.084175,1013.383728,406.54068,-36.664066,1017.576355,308.65625,-264.239807,506.332031,374.162567,-288.754181,89.349434,421.110474,-246.280411,77.051826,306.118164,107.314323,498.855377,385.322968,135.495529,91.539413,427.215729,80.10569,81.742447,312.698547,-159.392792,486.772064,352.205383,-195.929199,94.417084,259.446289,-321.366486,56.592335,215.603348,-241.480362,65.930389,277.03772,181.084244,59.532394,218.70134,112.8974,65.134842,339.200958,49.394432,111.56234,308.789917,-6.353195,497.434753
71,0,229.768127,-218.733719,985.333984,224.118835,50.127415,1003.274414,408.699341,-122.002258,1013.351929,406.548706,-36.653015,1017.50708,308.726593,-264.193695,506.343964,374.041412,-288.767761,89.40361,421.130859,-246.26799,77.049118,306.168854,107.301186,498.846008,385.331635,135.512054,91.560791,427.235016,80.102592,81.708603,312.676727,-159.391739,486.756744,352.183899,-196.055649,94.54715,259.511536,-321.399658,56.515354,215.597946,-241.481018,65.91935,277.080841,181.089661,59.52306,218.748245,112.886612,65.143288,339.15625,49.411613,111.622375,308.85379,-6.345685,497.428009
72,0,229.810364,-218.759277,985.362244,224.12323,50.15509,1003.270996,408.827026,-122.086769,1013.439087,406.539459,-36.612377,1017.566345,308.781891,-264.203033,506.301941,374.167206,-288.790588,89.422623,421.139282,-246.326874,77.052109,306.175659,107.308266,498.861115,385.326874,135.525574,91.552147,427.234161,80.104477,81.744843,312.734619,-159.38562,486.770142,352.145447,-195.900208,94.454338,259.459076,-321.384521,56.587399,215.59494,-241.464859,65.926598,277.036987,181.084213,59.522503,218.729065,112.890686,65.131142,339.205261,49.42202,111.565224,308.920624,-6.3242,497.432831
73,0,229.821991,-218.768066,985.361328,224.142151,50.11462,1003.26239,408.726044,-121.994514,1013.368225,406.551849,-36.602718,1017.567749,308.697296,-264.243103,506.345856,374.171875,-288.79187,89.342224,421.147583,-246.314362,77.051178,306.181885,107.350258,498.863495,385.317078,135.521835,91.544868,427.236572,80.117905,81.704964,312.686737,-159.376617,486.793732,352.091125,-196.057083,94.428627,259.459076,-321.403687,56.571724,215.594864,-241.475296,65.928017,277.043243,181.074966,59.508331,218.713257,112.882301,65.13707,339.200348,49.427063,111.584373,308.940125,-6.312099,497.421692
74,0,229.835785,-218.75824,985.389893,224.145935,50.119373,1003.253479,408.874207,-122.053947,1013.43811,406.555176,-36.622738,1017.582764,308.763062,-264.215424,506.374481,374.154572,-288.794098,89.407791,421.1138,-246.329208,77.009865,306.230835,107.321167,498.835724,385.336884,135.510849,91.551399,427.251068,80.113983,81.694328,312.703705,-159.461792,486.75293,352.123047,-195.923706,94.42907,259.480194,-321.374878,56.567577,215.606918,-241.477325,65.910622,277.054718,181.071915,59.515667,218.745377,112.885445,65.130882,339.211823,49.379505,111.562805,308.979675,-6.345978,497.419006
75,0,229.891174,-218.772476,985.394836,224.174515,50.113983,1003.23938,408.885803,-122.054848,1013.451599,406.632324,-36.647663,1017.55188,308.7789,-264.203186,506.354584,374.151337,-288.787628,89.379868,421.121765,-246.284332,77.046417,306.214844,107.326241,498.848328,385.345001,135.522659,91.550346,427.238281,80.113716,81.70385,312.724518,-159.393692,486.769226,352.16095,-196.073532,94.574226,259.459229,-321.386353,56.567101,215.608063,-241.487305,65.937645,277.028351,181.069916,59.513889,218.766266,112.888168,65.120056,339.218872,49.399078,111.592117,308.924255,-6.385893,497.406128
76,0,229.750122,-218.934784,985.484497,224.165863,50.150452,1003.243591,408.919678,-122.04612,1013.465027,406.595459,-36.612442,1017.543701,308.717529,-264.282532,506.361359,374.195312,-288.772308,89.379837,421.142578,-246.329147,77.038696,306.22168,107.308105,498.845978,385.322021,135.501999,91.533501,427.253876,80.120583,81.704445,312.742249,-159.386581,486.792328,352.164917,-195.945282,94.439606,259.430267,-321.400543,56.583965,215.604553,-241.490753,65.921684,277.047943,181.062134,59.506989,218.745605,112.893051,65.142334,339.220367,49.390205,111.609161,308.960388,-6.35301,497.420563
77,0,229.811996,-218.942902,985.490295,224.156738,50.142326,1003.243347,408.780518,-121.964127,1013.433716,406.372772,-36.562477,1017.445679,308.800812,-264.202606,506.373474,374.224823,-288.752197,89.379181,421.121948,-246.348953,77.039795,306.197144,107.330055,498.84198,385.319702,135.524734,91.546837,427.247559,80.114731,81.700455,312.718658,-159.368927,486.763184,352.160004,-196.080276,94.559753,259.449158,-321.393707,56.57679,215.60994,-241.493988,65.934669,277.074951,181.085632,59.52829,218.746201,112.884697,65.128586,339.212189,49.38776,111.60804,308.997559,-6.286458,497.416138
78,0,229.972137,-218.807297,985.45343,224.110596,50.197323,1003.261658,408.933685,-122.058884,1013.50238,406.589355,-36.531326,1017.568848,308.766876,-264.250702,506.368591,374.191589,-288.777374,89.373138,421.121857,-246.303558,77.031219,306.197479,107.328987,498.86087,385.325348,135.529053,91.537949,427.246735,80.123726,81.701988,312.752655,-159.400925,486.785706,352.136627,-195.905487,94.417824,259.500946,-321.39447,56.509792,215.593567,-241.478607,65.932823,277.019867,181.09343,59.531166,218.688187,112.896248,65.152222,339.166229,49.398811,111.602737,308.920685,-6.381368,497.432617
79,0,229.982666,-218.803772,985.425354,224.172379,50.154999,1003.249512,408.707245,-121.780502,1013.494751,406.538879,-36.476952,1017.598999,308.831848,-264.200256,506.394684,374.162598,-288.775665,89.403862,421.122101,-246.336594,77.057785,306.157501,107.329834,498.840576,385.328064,135.531845,91.546143,427.24292,80.127747,81.741356,312.765717,-159.412842,486.769745,352.062134,-196.038696,94.43914,259.5112,-321.404755,56.509346,215.615662,-241.484024,65.913841,277.061371,181.07811,59.526749,218.674286,112.877007,65.081062,339.223541,49.422279,111.602638,308.921021,-6.320077,497.446686
80,0,230.008743,-218.809235,985.458069,224.179779,50.117794,1003.240845,408.770416,-121.766273,1013.467102,406.597778,-36.467987,1017.511353,308.827911,-264.175781,506.384064,374.173615,-288.744049,89.397621,421.164337,-246.290283,77.063255,306.150482,107.333771,498.842377,385.319122,135.519257,91.546616,427.239166,80.126587,81.719894,312.71402,-159.416611,486.787628,352.132385,-195.873505,94.435852,259.517242,-321.403076,56.525955,215.591766,-241.487228,65.915901,277.064911,181.062775,59.519238,218.729553,112.860924,65.107857,339.174255,49.395615,111.579033,308.944305,-6.31637,497.432465
81,0,230.038651,-218.813782,985.481323,224.16095,50.111347,1003.246338,408.905365,-121.87307,1013.574463,406.570587,-36.418373,1017.539978,308.782867,-264.230225,506.375549,374.221893,-288.752777,89.403633,421.138123,-246.279343,77.039261,306.131439,107.32193,498.829041,385.302368,135.540817,91.536339,427.265594,80.150803,81.711525,312.730774,-159.342651,486.800201,352.12326,-196.03006,94.5466,259.454163,-321.391693,56.572487,215.600159,-241.500397,65.924591,277.071686,181.081924,59.528847,218.716278,112.839096,65.077827,339.238464,49.422199,111.573128,308.873993,-6.346133,497.415955
82,0,230.060074,-218.829468,985.458923,224.073318,50.204861,1003.277893,408.885315,-121.805153,1013.549927,406.549286,-36.404381,1017.539124,308.816498,-264.226166,506.384857,374.331787,-288.747437,89.315933,421.047882,-246.26178,76.939949,306.120514,107.348526,498.834778,385.31369,135.531891,91.538284,427.253021,80.152084,81.730423,312.72049,-159.414108,486.786652,352.123016,-196.032913,94.553307,259.466766,-321.391602,56.578957,215.603088,-241.504181,65.936089,277.039459,181.078415,59.529686,218.762177,112.876854,65.096428,339.216522,49.405579,111.58342,308.970551,-6.267838,497.452362
83,0,230.075241,-218.836044,985.438293,224.059372,50.146397,1003.25,408.907745,-121.841827,1013.519165,406.531799,-36.391663,1017.565491,308.804718,-264.236206,506.39505,374.14447,-288.720703,89.402199,421.147522,-246.343567,77.034714,306.118073,107.350761,498.848999,385.31311,135.515808,91.532425,427.23056,80.119179,81.713234,312.743256,-159.355606,486.780823,352.108643,-196.048904,94.565323,259.467834,-321.367554,56.568951,215.590668,-241.508987,65.945518,277.059784,181.081696,59.529263,218.711929,112.844131,65.068634,339.207336,49.42345,111.584236,308.957886,-6.295403,497.453949
84,0,230.072891,-218.83429,985.468201,223.99913,50.158855,1003.267273,408.947479,-121.822151,1013.533142,406.475433,-36.339535,1017.546509,308.810242,-264.201538,506.387695,374.173157,-288.749298,89.363937,421.140869,-246.265762,77.052734,306.09787,107.363541,498.840332,385.300629,135.53476,91.549294,427.247192,80.131935,81.700493,312.761719,-159.326508,486.789001,352.111176,-195.879684,94.431358,259.525391,-321.39975,56.490196,215.584061,-241.486938,65.935669,277.056274,181.080872,59.517902,218.706192,112.845863,65.083351,339.211456,49.437366,111.628601,308.978027,-6.261412,497.458313
85,0,230.100937,-218.806793,985.436951,223.992371,50.129284,1003.248352,408.795746,-121.706909,1013.425476,406.507782,-36.303616,1017.56189,308.803772,-264.217926,506.397858,374.190491,-288.742096,89.413795,421.109619,-246.241577,77.052284,306.117523,107.356674,498.834412,385.312927,135.547623,91.551895,427.277283,80.155708,81.70681,312.696991,-159.342133,486.794006,352.133575,-196.048233,94.570251,259.453705,-321.390472,56.585934,215.591965,-241.488708,65.933693,277.055969,181.075912,59.522484,218.699646,112.860756,65.098152,339.200104,49.419334,111.551865,308.915253,-6.281779,497.44751
86,0,230.123459,-218.837158,985.449707,223.95018,50.120422,1003.240356,408.730865,-121.681496,1013.447144,406.403229,-36.279068,1017.547485,308.757172,-264.200195,506.405426,374.157959,-288.712982,89.41143,421.109863,-246.222183,77.042297,306.092834,107.371346,498.825531,385.286926,135.556747,91.54055,427.244843,80.168747,81.700043,312.713928,-159.320023,486.813934,352.103638,-196.008667,94.592255,259.470856,-321.369263,56.574963,215.604584,-241.494125,65.919258,277.036224,181.073685,59.510334,218.675293,112.86058,65.077507,339.174896,49.429836,111.589958,308.922516,-6.314433,497.437653
87,0,230.062424,-218.805374,985.440613,223.897568,50.147346,1003.236389,408.877686,-121.751602,1013.527649,406.38501,-36.206688,1017.573486,308.789429,-264.203156,506.402374,374.189758,-288.732544,89.405052,421.110199,-246.21521,77.028419,306.099335,107.342468,498.806061,385.319305,135.538696,91.554283,427.271393,80.167686,81.699173,312.711731,-159.312485,486.761261,352.100861,-195.86795,94.44323,259.456329,-321.395569,56.57225,215.586823,-241.498688,65.934975,277.036011,181.066635,59.532753,218.769653,112.881119,65.110893,339.170074,49.407352,111.580177,308.920074,-6.294073,497.453888
88,0,230.109985,-218.815186,985.447571,223.875397,50.109612,1003.226746,408.692047,-121.621994,1013.423584,406.410858,-36.178963,1017.549744,309.083344,-264.169891,506.335907,374.153625,-288.755493,89.40934,421.134369,-246.205734,77.047752,306.061707,107.350014,498.802704,385.314362,135.536819,91.533371,427.236023,80.147621,81.759323,312.689545,-159.318863,486.798645,352.117676,-195.829407,94.45723,259.481506,-321.393188,56.573486,215.6017,-241.512878,65.926857,277.064331,181.078445,59.512726,218.753906,112.86676,65.133743,339.207428,49.381672,111.541351,308.899139,-6.280993,497.448578
89,0,230.066986,-218.829666,985.434265,223.810532,50.162018,1003.246643,408.673218,-121.586594,1013.40271,406.285126,-36.099998,1017.542847,308.830566,-264.178802,506.386627,374.206329,-288.730194,89.385109,421.127441,-246.284164,77.042007,306.024475,107.375549,498.820984,385.304779,135.554398,91.539093,427.245422,80.157677,81.707237,312.731598,-159.321243,486.796692,352.108063,-195.856049,94.456108,259.450043,-321.373077,56.584465,215.587296,-241.489471,65.926201,277.016144,181.07196,59.519043,218.719391,112.854317,65.102097,339.161255,49.47356,111.473259,308.934937,-6.216546,497.413544
90,0,230.055817,-218.807159,985.409119,223.80925,50.119968,1003.217957,408.643677,-121.578964,1013.423462,406.300049,-36.104378,1017.577148,308.816345,-264.198303,506.37149,374.180237,-288.713898,89.430634,421.115173,-246.227966,77.048515,306.010864,107.377029,498.818512,385.310577,135.533005,91.544144,427.237457,80.154694,81.697701,312.682465,-159.277145,486.771149,352.106628,-195.834549,94.446014,259.462921,-321.364868,56.578644,215.579422,-241.497711,65.949089,277.076874,181.081116,59.528854,218.735245,112.872765,65.12487,339.189056,49.420002,111.547424,308.889526,-6.226324,497.434082
91,0,230.097504,-218.795578,985.419312,223.778397,50.135326,1003.210083,408.622314,-121.5476,1013.44397,406.31665,-36.11594,1017.55835,308.816437,-264.185425,506.378998,374.218628,-288.708923,89.388802,421.175262,-246.246124,77.05146,306.009003,107.372314,498.804413,385.285278,135.544266,91.537651,427.249023,80.135284,81.717216,312.657135,-159.257385,486.790344,352.101776,-195.833252,94.469299,259.463257,-321.374237,56.568104,215.590866,-241.494904,65.924881,277.036499,181.078644,59.539272,218.730865,112.88559,65.120888,339.152069,49.401829,111.575287,308.898346,-6.227636,497.422546
92,0,230.033371,-218.785507,985.440308,223.743118,50.154728,1003.225342,408.614655,-121.557724,1013.398193,406.183441,-36.082695,1017.471802,308.764496,-264.189545,506.39856,374.21225,-288.719818,89.443535,421.143341,-246.182434,77.071289,306.026215,107.362396,498.790314,385.302246,135.549194,91.545753,427.247253,80.173431,81.713631,312.621429,-159.262848,486.797577,352.08139,-195.84964,94.443672,259.44281,-321.375061,56.583714,215.587112,-241.487701,65.926498,277.035095,181.095535,59.545605,218.711456,112.877754,65.120186,339.210083,49.415733,111.576691,308.912384,-6.233584,497.458679
93,0,230.023651,-218.766098,985.469482,223.719315,50.181263,1003.216125,408.596863,-121.543694,1013.389343,406.258209,-36.088364,1017.497559,308.737366,-264.181488,506.402008,374.185577,-288.691071,89.449722,421.194977,-246.115692,77.037918,306.012146,107.38427,498.807892,385.267456,135.543488,91.533745,427.240692,80.174492,81.766068,312.643127,-159.316299,486.783905,352.091858,-195.851227,94.444504,259.450012,-321.373291,56.575569,215.578735,-241.502914,65.925064,277.016479,181.091995,59.54517,218.698822,112.893585,65.140099,339.196167,49.410709,111.545212,308.89856,-6.262229,497.457306
94,0,229.820679,-218.922287,985.541565,223.688156,50.210369,1003.21875,408.544281,-121.548759,1013.36969,406.160187,-36.079552,1017.462585,308.692322,-264.173462,506.361237,374.010162,-288.699646,89.465958,421.063354,-246.110428,76.976723,305.99292,107.383781,498.809845,385.289154,135.540527,91.547966,427.252563,80.156929,81.72023,312.574646,-159.3078,486.7453,352.085388,-195.851288,94.439133,259.457672,-321.370972,56.593182,215.589813,-241.493164,65.925888,277.053955,181.07756,59.515739,218.722733,112.880936,65.125771,339.191254,49.445362,111.582336,308.87738,-6.254672,497.453125
95,0,229.928085,-218.785599,985.497437,223.575195,50.38813,1003.265503,408.571594,-121.560593,1013.340576,406.111816,-36.054726,1017.444397,308.725525,-264.134094,506.402618,374.287537,-288.721741,89.347931,421.120941,-246.254288,77.077858,306.014984,107.389305,498.799042,385.287567,135.529968,91.54113,427.225616,80.16198,81.714699,312.505005,-159.293076,486.738708,352.109985,-196.005341,94.538467,259.448639,-321.382721,56.585484,215.586197,-241.517258,65.930923,277.041077,181.072174,59.527008,218.690598,112.899536,65.148422,339.192352,49.432472,111.573044,308.84549,-6.285144,497.417542
96,0,229.912445,-218.775299,985.505066,223.534836,50.437553,1003.294617,408.552063,-121.543892,1013.338318,406.226044,-36.064671,1017.487793,308.643036,-264.170563,506.371185,374.180084,-288.716553,89.410522,421.147644,-246.1073,77.054955,306.00592,107.39064,498.786407,385.322479,135.545883,91.564102,427.22818,80.184364,81.714821,312.433289,-159.31366,486.765015,352.048401,-195.828384,94.471886,259.442627,-321.368713,56.596481,215.58815,-241.505219,65.93911,277.042023,181.08725,59.524109,218.674667,112.890419,65.136971,339.218811,49.426868,111.563431,308.853271,-6.254853,497.423615
97,0,229.901276,-218.752472,985.537659,223.549927,50.432175,1003.274292,408.483704,-121.51709,1013.312012,406.099457,-36.015327,1017.385376,308.596344,-264.154297,506.377686,374.193176,-288.700806,89.433884,421.11026,-246.24852,77.087524,305.972565,107.411186,498.817566,385.297546,135.5448,91.539902,427.253357,80.132683,81.653305,312.499908,-159.289108,486.743835,352.074219,-195.842987,94.436028,259.452393,-321.373322,56.588791,215.59877,-241.495285,65.916702,277.033691,181.083038,59.517162,218.661697,112.90329,65.144096,339.1745,49.40097,111.578392,308.824677,-6.221293,497.455597
98,0,229.810791,-218.848907,985.545532,223.523849,50.455032,1003.279114,408.505066,-121.522125,1013.261108,406.09668,-36.017952,1017.373413,308.621582,-264.112427,506.387054,374.172485,-288.702179,89.418106,421.094116,-246.273148,77.072433,305.942596,107.399551,498.796417,385.30307,135.539078,91.546043,427.237061,80.143875,81.657936,312.440735,-159.295227,486.807892,352.050262,-195.836182,94.464226,259.440399,-321.367462,56.597946,215.5961,-241.48848,65.942566,277.044006,181.08107,59.525402,218.772018,112.883804,65.157684,339.171356,49.401215,111.5858,308.760376,-6.238605,497.450104
99,0,229.869888,-218.736771,985.553833,223.592743,50.342365,1003.261597,408.525665,-121.517433,1013.232483,406.099884,-36.00877,1017.35437,308.51358,-264.152832,506.366913,374.031921,-288.737518,89.340263,421.089294,-246.271439,77.064613,305.942261,107.375298,498.786072,385.298584,135.524139,91.533363,427.257996,80.144516,81.710068,312.390411,-159.262573,486.784821,352.083954,-195.866913,94.426094,259.443695,-321.376434,56.599838,215.568771,-241.491669,65.934509,277.027802,181.094818,59.53054,218.740417,112.888252,65.158669,339.199158,49.413635,111.558044,308.70639,-6.267132,497.454285
100,0,229.864777,-218.731155,985.570435,223.561646,50.34676,1003.259033,408.638,-121.585739,1013.325073,406.107147,-35.99435,1017.317993,308.54483,-264.093903,506.378235,374.13327,-288.707489,89.415833,421.065521,-246.227585,77.068344,305.862793,107.384117,498.797272,385.313782,135.523148,91.543274,427.257263,80.135185,81.705399,312.363068,-159.284912,486.759094,352.074432,-195.86293,94.445587,259.449219,-321.388306,56.600739,215.567581,-241.50386,65.922478,277.041473,181.086609,59.548775,218.780853,112.864326,65.109245,339.20694,49.377724,111.563904,308.703796,-6.218538,497.437805
101,0,229.859894,-218.744278,985.569885,223.451248,50.534126,1003.314941,408.547089,-121.523323,1013.226501,406.109467,-36.034431,1017.315735,308.511566,-264.117065,506.413391,374.15918,-288.710846,89.429504,421.134979,-246.314774,77.096954,305.839264,107.364464,498.779999,385.296814,135.522781,91.550064,427.229675,80.128014,81.72007,312.310211,-159.304657,486.742981,352.07254,-195.850723,94.445816,259.466827,-321.388336,56.586575,215.561874,-241.486374,65.929604,277.029327,181.065445,59.521378,218.735336,112.893929,65.147186,339.186676,49.400303,111.581566,308.698761,-6.209751,497.436829
102,0,229.846252,-218.719437,985.618713,223.433899,50.557175,1003.335266,408.585327,-121.531822,1013.143677,406.094208,-36.014137,1017.256958,308.482147,-264.085571,506.397064,374.139282,-288.71347,89.423317,421.164978,-246.200638,77.051323,305.810181,107.381256,498.793671,385.282928,135.521423,91.550995,427.2323,80.108002,81.693619,312.290466,-159.306885,486.782471,352.053619,-195.844757,94.434723,259.464142,-321.374084,56.587082,215.573212,-241.499573,65.928391,277.063538,181.06839,59.517365,218.709503,112.874504,65.108749,339.162811,49.404037,111.553383,308.688507,-6.171949,497.449646
103,0,229.866592,-218.727188,985.620117,223.46463,50.544285,1003.320801,408.530365,-121.4907,1013.171936,406.126678,-35.993862,1017.245422,308.441254,-264.12265,506.414642,374.162567,-288.702545,89.445831,421.07309,-246.228226,77.083817,305.745667,107.407883,498.781128,385.271149,135.51825,91.543884,427.222382,80.141937,81.722824,312.145325,-159.310257,486.865295,352.070312,-195.8423,94.44651,259.4534,-321.363739,56.60025,215.571884,-241.512543,65.913567,277.0159,181.077423,59.51564,218.746231,112.909851,65.166039,339.173889,49.371597,111.548378,308.638977,-6.190546,497.446716
104,0,229.910065,-218.673004,985.625916,223.396927,50.656605,1003.37207,408.556549,-121.484322,1013.093445,406.079071,-35.973236,1017.225891,308.449463,-264.112701,506.396362,374.123413,-288.706543,89.457718,421.075806,-246.248932,76.984314,305.723114,107.412498,498.782104,385.297272,135.522934,91.558243,427.227051,80.135376,81.724907,312.226959,-159.30928,486.829559,352.062317,-195.829498,94.46064,259.453827,-321.376465,56.580421,215.571152,-241.492249,65.94471,277.022278,181.069763,59.542015,218.731018,112.881142,65.137978,339.157227,49.379971,111.563599,308.595734,-6.198489,497.448303
105,0,229.885696,-218.675369,985.682007,223.389923,50.607162,1003.359802,408.660309,-121.547287,1013.196716,406.072266,-35.962963,1017.187256,308.476868,-264.102356,506.41095,374.103149,-288.71405,89.435219,421.069794,-246.207245,77.049606,305.689056,107.401001,498.769073,385.292542,135.533401,91.547707,427.21051,80.121696,81.70816,312.125793,-159.316696,486.813324,352.083435,-195.812988,94.451042,259.439819,-321.372803,56.608147,215.563034,-241.493866,65.921089,277.049438,181.061066,59.486645,218.778671,112.873642,65.111298,339.128479,49.350807,111.551804,308.506714,-6.235,497.457428
106,0,229.898529,-218.643814,985.685059,223.396027,50.589111,1003.356934,408.610809,-121.423851,1013.046265,406.087402,-35.942432,1017.156616,308.448151,-264.096222,506.382233,374.169739,-288.737152,89.36882,421.135223,-246.241394,77.091599,305.671936,107.384239,498.76944,385.287445,135.514114,91.555443,427.23703,80.116425,81.671791,312.190491,-159.268234,486.798615,352.046692,-195.793182,94.456894,259.422485,-321.384186,56.601089,215.566986,-241.487061,65.92585,277.026886,181.087219,59.553406,218.731979,112.874779,65.164406,339.194611,49.407566,111.557281,308.488281,-6.241326,497.439514
107,0,229.888062,-218.695435,985.68573,223.355057,50.646767,1003.373047,408.705536,-121.445122,1013.113037,406.082855,-35.910885,1017.134338,308.494049,-264.094177,506.39444,374.162811,-288.725647,89.420158,421.089874,-246.087845,77.039574,305.549438,107.479156,498.777191,385.268585,135.527771,91.547508,427.227661,80.11795,81.727005,312.174316,-159.300156,486.858307,352.082336,-195.832779,94.430107,259.507416,-321.41571,56.51136,215.558105,-241.495453,65.928001,277.043274,181.051483,59.520088,218.658066,112.897263,65.134514,339.164612,49.400337,111.557663,308.426117,-6.228677,497.461761
108,0,229.925095,-218.684235,985.652527,223.332581,50.640396,1003.38623,408.698608,-121.425476,1013.090149,406.065308,-35.871925,1017.076843,308.47998,-264.094238,506.379974,374.217163,-288.711365,89.431717,421.111084,-246.128647,77.024139,305.510864,107.473335,498.769775,385.292694,135.535553,91.553223,427.21167,80.122269,81.712296,312.129333,-159.291214,486.843628,352.06076,-195.865387,94.428154,259.509766,-321.419769,56.511509,215.552032,-241.502029,65.910851,277.032806,181.090164,59.542179,218.698929,112.824821,65.070679,339.15918,49.379852,111.573235,308.458282,-6.229258,497.439392
109,0,229.957275,-218.672577,985.673035,223.343079,50.590088,1003.362915,408.725403,-121.416809,1013.058777,406.103882,-35.861519,1017.030334,308.511108,-264.078369,506.383301,374.194458,-288.733826,89.422783,421.13504,-246.131958,77.024559,305.507355,107.467224,498.757172,385.27887,135.53447,91.559967,427.228638,80.114189,81.716225,312.187469,-159.268295,486.820496,352.052673,-195.845276,94.423836,259.463196,-321.411316,56.577885,215.564575,-241.513062,65.926537,277.044647,181.047043,59.540329,218.746124,112.861488,65.124229,339.139435,49.37022,111.535614,308.461121,-6.142021,497.437836
110,0,229.968567,-218.67067,985.666077,223.30513,50.612591,1003.387817,408.797821,-121.403549,1013.00177,406.082794,-35.822773,1017.020447,308.683838,-264.104095,506.296326,374.200714,-288.694489,89.390594,421.096161,-246.230057,77.092834,305.471313,107.489182,498.772522,385.285889,135.516296,91.540092,427.243927,80.11702,81.722412,312.225739,-159.270126,486.766205,352.070129,-195.861908,94.413689,259.458618,-321.417938,56.577312,215.574493,-241.492905,65.932945,277.042877,181.065491,59.545746,218.721252,112.838585,65.100121,339.142029,49.37606,111.565804,308.454132,-6.17085,497.442047
111,0,229.995346,-218.659149,985.666809,223.26445,50.645432,1003.411621,408.732239,-121.327034,1012.977112,406.057709,-35.784817,1016.998901,308.58728,-264.06015,506.37793,374.234497,-288.720123,89.391083,421.123779,-246.197906,77.047897,305.440491,107.497421,498.770721,385.280151,135.531204,91.534576,427.235657,80.128159,81.727913,312.274109,-159.273102,486.790497,352.05011,-195.835739,94.42028,259.452972,-321.415375,56.573021,215.588043,-241.508362,65.927971,277.021088,181.057251,59.540848,218.688446,112.829308,65.058395,339.149841,49.374706,111.53083,308.383057,-6.194375,497.429871
112,0,230.037079,-218.658447,985.673218,223.266724,50.630219,1003.401062,408.800354,-121.328201,1013.00061,406.080353,-35.761734,1016.974121,308.538635,-264.105774,506.336456,374.120941,-288.742462,89.396881,421.067688,-246.221649,77.041138,305.418396,107.483505,498.768677,385.275574,135.529602,91.541458,427.267883,80.124001,81.730064,312.328064,-159.257584,486.812042,352.086914,-195.818741,94.43045,259.461731,-321.398682,56.580448,215.586273,-241.507843,65.944557,277.057709,181.092453,59.535511,218.715652,112.849182,65.083649,339.142761,49.372845,111.515144,308.355469,-6.211148,497.447937
113,0,230.07959,-218.638931,985.679199,223.23262,50.681133,1003.409851,408.80072,-121.286606,1012.907043,406.069672,-35.746563,1016.960144,308.675354,-264.042267,506.368805,374.209656,-288.719055,89.425606,421.091553,-246.272751,77.026573,305.387939,107.504425,498.759277,385.266388,135.515213,91.550293,427.220062,80.132339,81.718597,312.232239,-159.183365,486.816101,352.05777,-195.837082,94.429283,259.468628,-321.387512,56.562363,215.568726,-241.497986,65.936821,277.04129,181.064697,59.519054,218.709915,112.837616,65.103302,339.159576,49.396194,111.503029,308.333008,-6.19576,497.465698
114,0,230.098953,-218.616943,985.712158,223.222916,50.659275,1003.415466,408.830627,-121.247749,1012.912964,406.073151,-35.7127,1016.945007,308.655273,-264.088989,506.37323,374.181488,-288.737244,89.386101,421.11142,-246.294815,77.027534,305.457275,107.409515,498.729401,385.282623,135.510834,91.554756,427.24176,80.121338,81.725372,312.323975,-159.205154,486.796875,352.111267,-195.859344,94.387772,259.527344,-321.426636,56.506584,215.583633,-241.503403,65.938957,277.002106,181.062042,59.544128,218.680145,112.833801,65.070992,339.16333,49.359135,111.57074,308.37674,-6.177573,497.454193
115,0,230.143158,-218.628418,985.684998,223.224426,50.694416,1003.432129,408.868164,-121.230217,1012.91217,406.114288,-35.706169,1016.868835,308.732483,-264.045807,506.359802,374.248016,-288.736908,89.306694,421.090698,-246.313568,76.999702,305.387512,107.482765,498.751404,385.259247,135.517548,91.531143,427.222107,80.136925,81.720627,312.384705,-159.204147,486.83963,352.047577,-195.852509,94.424377,259.480774,-321.40036,56.556301,215.57753,-241.506927,65.947891,277.047913,181.072922,59.553528,218.694656,112.888779,65.110596,339.15976,49.407253,111.504913,308.12439,-6.445101,497.248718
116,0,230.183899,-218.636063,985.685852,223.254852,50.645447,1003.405457,408.868378,-121.192032,1012.864441,406.093262,-35.644386,1016.905212,308.75238,-264.063934,506.37442,374.183777,-288.762207,89.386024,421.112518,-246.206223,76.992798,305.374115,107.491638,498.754547,385.288544,135.519135,91.538139,427.205658,80.124474,81.724884,312.421814,-159.177658,486.858124,352.084442,-195.852432,94.40477,259.474457,-321.402618,56.590252,215.612259,-241.51297,65.934578,277.035248,181.057831,59.524208,218.665253,112.797768,65.001572,339.154449,49.365955,111.503487,308.235382,-6.332609,497.343506
117,0,230.20369,-218.601883,985.732971,223.287537,50.581917,1003.396057,408.803101,-121.091576,1012.742859,406.136902,-35.601707,1016.865967,308.858124,-264.059448,506.383942,374.310791,-288.739044,89.360184,421.111298,-246.274048,76.988785,305.389038,107.454994,498.739716,385.277435,135.523148,91.550278,427.217865,80.132759,81.729057,312.418518,-159.163849,486.808807,352.046875,-195.817444,94.440948,259.48996,-321.414276,56.580437,215.581314,-241.500519,65.964317,277.060425,181.084152,59.552452,218.757095,112.86692,65.089798,339.163666,49.393799,111.558678,308.190125,-6.335686,497.353821
118,0,230.254822,-218.597565,985.721313,223.2621,50.634132,1003.414978,408.956879,-121.120026,1012.795349,406.123047,-35.592278,1016.830688,308.923706,-264.016144,506.378235,374.164978,-288.747803,89.363281,421.131683,-246.26886,76.979111,305.309662,107.503571,498.766724,385.286499,135.522446,91.540131,427.20694,80.122177,81.737183,312.480377,-159.191162,486.852661,352.082764,-195.869843,94.385429,259.47226,-321.41153,56.577934,215.614517,-241.519485,65.945564,277.014954,181.075211,59.570641,218.774551,112.854706,65.067474,339.145233,49.402424,111.525238,308.075836,-6.484987,497.26178
119,0,230.312866,-218.556519,985.742676,223.308197,50.60759,1003.414185,408.91394,-121.063026,1012.743103,406.202881,-35.592243,1016.788147,308.986725,-264.004211,506.351532,374.266693,-288.747192,89.345444,421.120331,-246.160004,76.913368,305.356415,107.452118,498.745819,385.26767,135.54364,91.545036,427.20874,80.125328,81.732094,312.576508,-159.134811,486.862,352.079224,-195.864822,94.391762,259.529175,-321.434143,56.490234,215.608429,-241.527374,65.946053,277.045837,181.039276,59.530415,218.671448,112.816666,65.072952,339.154816,49.381908,111.539192,308.052826,-6.458155,497.257965
120,0,230.352325,-218.578644,985.71051,223.343323,50.589912,1003.422974,409.02951,-121.044144,1012.767822,406.150513,-35.525768,1016.783691,309.016052,-263.965149,506.370178,374.303925,-288.770203,89.337563,421.158356,-246.16861,76.912079,305.370544,107.431114,498.734802,385.273254,135.541946,91.548035,427.208832,80.124939,81.737732,312.624878,-159.118271,486.868622,352.100281,-195.90213,94.360558,259.458252,-321.421814,56.553139,215.613525,-241.547028,65.949722,277.033203,181.050613,59.504906,218.747925,112.843857,65.092712,339.118347,49.369049,111.547882,308.04837,-6.40765,497.250671
121,0,230.403366,-218.53685,985.740112,223.321411,50.675396,1003.44635,409.075623,-120.998772,1012.724854,406.18338,-35.51553,1016.731873,309.073883,-263.996948,506.373871,374.240295,-288.786865,89.351852,421.145935,-246.166718,76.913017,305.306366,107.481178,498.725616,385.25592,135.520691,91.536285,427.20694,80.126389,81.740036,312.651245,-159.113602,486.814911,352.097809,-195.873169,94.404236,259.491516,-321.429657,56.555122,215.627655,-241.521683,65.952904,277.035522,181.041977,59.531158,218.735596,112.841438,65.12545,339.17215,49.423424,111.511986,308.064636,-6.39101,497.271118
122,0,230.405945,-218.515976,985.743835,223.343109,50.665817,1003.452515,409.037079,-121.005188,1012.70166,406.1987,-35.501411,1016.778015,309.135559,-263.99057,506.365051,374.332458,-288.748199,89.346718,421.100952,-246.24791,76.917114,305.312775,107.480934,498.726074,385.275116,135.520325,91.537857,427.233398,80.137093,81.73201,312.678192,-159.16658,486.793121,352.079254,-195.874252,94.394386,259.481537,-321.420898,56.551975,215.627747,-241.538147,65.953026,277.042297,181.059998,59.5289,218.738007,112.865921,65.085251,339.131439,49.386719,111.513596,308.042572,-6.409606,497.256012
123,0,230.466919,-218.513565,985.703796,223.330734,50.73082,1003.483643,408.989441,-120.925476,1012.595764,406.235596,-35.482777,1016.710022,309.195679,-263.973511,506.378784,374.424255,-288.772736,89.302086,421.110107,-246.258957,76.929138,305.332367,107.488235,498.724884,385.278534,135.524841,91.548477,427.194916,80.122978,81.734108,312.737427,-159.172882,486.810364,352.091644,-195.868576,94.389175,259.48941,-321.420471,56.554375,215.644409,-241.531418,65.957916,277.025238,181.050354,59.528088,218.725967,112.874992,65.102592,339.148438,49.427555,111.543549,308.037903,-6.419842,497.277832
124,0,230.446808,-218.501831,985.721741,223.394531,50.711372,1003.472229,408.97821,-120.917542,1012.574646,406.222687,-35.476929,1016.706848,309.253143,-263.920013,506.385498,374.347778,-288.754333,89.353943,421.101501,-246.268509,76.904297,305.327728,107.500214,498.739441,385.252563,135.533966,91.525459,427.203644,80.137405,81.744812,312.774963,-159.143707,486.797028,352.09433,-195.898453,94.387741,259.462006,-321.411041,56.557724,215.621475,-241.536011,65.955742,277.012848,181.068451,59.55645,218.742813,112.85257,65.108734,339.154205,49.405457,111.520927,308.033752,-6.381124,497.277344
125,0,230.514893,-218.485703,985.72876,223.37886,50.777176,1003.513,409.159973,-120.949577,1012.672424,406.246155,-35.45055,1016.744019,309.256531,-263.940796,506.371613,374.299805,-288.798279,89.363258,421.169647,-246.217667,76.879707,305.314056,107.51709,498.732666,385.272522,135.540131,91.544357,427.212006,80.142578,81.735695,312.819672,-159.100891,486.843842,352.069977,-196.05687,94.382042,259.512665,-321.452026,56.488678,215.626526,-241.52861,65.962723,277.050201,181.065186,59.550735,218.747284,112.883087,65.11602,339.15332,49.413918,111.553726,308.068665,-6.367202,497.290558
126,0,230.43605,-218.472092,985.732788,223.468155,50.691502,1003.468384,409.157227,-120.941856,1012.654175,406.280151,-35.465424,1016.739502,309.367981,-263.915924,506.372925,374.332336,-288.781952,89.390442,421.113007,-246.171066,76.868813,305.330078,107.52774,498.734924,385.256012,135.536835,91.538322,427.206268,80.125,81.743309,312.833496,-159.091202,486.831757,352.062622,-196.0466,94.374573,259.481842,-321.434265,56.554226,215.644073,-241.532333,65.949173,277.04245,181.062973,59.523895,218.752899,112.876076,65.108757,339.159515,49.403854,111.508797,308.026276,-6.389724,497.296112
127,0,230.511276,-218.439133,985.726624,223.420624,50.836575,1003.5224,409.123779,-120.937965,1012.636902,406.275116,-35.457039,1016.750793,309.378418,-263.905792,506.371796,374.363861,-288.791229,89.303429,421.115479,-246.266617,76.910355,305.284851,107.599419,498.748444,385.243683,135.53717,91.533546,427.205017,80.128731,81.734711,312.88916,-159.091522,486.811218,352.101318,-195.957413,94.345932,259.457336,-321.439056,56.578033,215.63475,-241.53447,65.961304,277.021973,181.065643,59.552124,218.707886,112.830704,65.072319,339.134857,49.387486,111.533493,308.033386,-6.376588,497.311218
128,0,230.453751,-218.427704,985.709412,223.439926,50.880913,1003.535034,409.150665,-120.931358,1012.645813,406.283722,-35.460579,1016.740173,309.426758,-263.92099,506.381104,374.302673,-288.822296,89.350677,421.183716,-246.202148,76.873871,305.368286,107.546875,498.755066,385.265076,135.533051,91.524574,427.206726,80.121643,81.760048,312.870667,-159.054825,486.823517,352.114777,-195.915634,94.382233,259.490265,-321.462341,56.54689,215.639923,-241.537354,65.952675,277.053253,181.056747,59.523335,218.701767,112.851036,65.099411,339.119934,49.398247,111.539085,308.018707,-6.390954,497.312378
129,0,230.444122,-218.409546,985.707886,223.454514,50.909824,1003.544556,409.166962,-120.937775,1012.654785,406.28299,-35.460079,1016.766907,309.445679,-263.929138,506.366364,374.382172,-288.800354,89.394516,421.155334,-246.319458,76.881058,305.403015,107.555611,498.738373,385.286987,135.524185,91.545204,427.205109,80.133583,81.731407,312.969757,-159.06926,486.802704,352.113861,-195.931137,94.382301,259.488678,-321.454498,56.546684,215.629761,-241.545212,65.94899,277.056213,181.066574,59.536026,218.723099,112.880692,65.118034,339.104065,49.413574,111.568207,308.024963,-6.406602,497.317963
130,0,230.457916,-218.358414,985.713318,223.466599,50.967434,1003.55957,409.142853,-120.959106,1012.637268,406.310272,-35.458282,1016.70752,309.522217,-263.863098,506.366028,374.396667,-288.799652,89.353851,421.192108,-246.208755,76.872643,305.415314,107.584442,498.753784,385.272583,135.538712,91.539047,427.200745,80.138992,81.743454,313.021515,-159.091766,486.769043,352.09848,-195.933746,94.398895,259.466553,-321.457916,56.537865,215.637482,-241.532196,65.973244,277.054474,181.06929,59.544193,218.685425,112.888535,65.129402,339.176636,49.417843,111.534218,308.060852,-6.364953,497.318481
131,0,230.484726,-218.324875,985.714355,223.550812,50.913288,1003.544434,409.193176,-120.959625,1012.593506,406.339813,-35.473808,1016.706116,309.552216,-263.830444,506.369171,374.300629,-288.834595,89.325058,421.140808,-246.314804,76.917191,305.413391,107.607132,498.777527,385.266968,135.514816,91.539848,427.207764,80.137634,81.781418,312.994934,-159.038956,486.813995,352.116211,-195.923767,94.391548,259.466766,-321.442139,56.567989,215.641083,-241.528473,65.967079,277.036102,181.064514,59.531864,218.701035,112.827057,65.074387,339.1409,49.392826,111.555084,308.064972,-6.338413,497.330902
132,0,230.430725,-218.276871,985.723511,223.545532,51.000721,1003.566833,409.190125,-120.960869,1012.635559,406.356171,-35.470592,1016.722229,309.533264,-263.833252,506.375854,374.129089,-288.807373,89.365967,421.136719,-246.275818,76.873184,305.416595,107.629059,498.775879,385.288361,135.531052,91.525864,427.222382,80.136124,81.741241,313.035889,-159.040024,486.80423,352.068604,-195.907532,94.377457,259.455109,-321.433899,56.559624,215.64772,-241.52388,65.946228,277.046112,181.073166,59.533794,218.741745,112.875412,65.126358,339.176453,49.422482,111.514572,308.110687,-6.276816,497.335205
133,0,230.373703,-218.293167,985.719177,223.525574,51.080177,1003.605591,409.102112,-120.860641,1012.554382,406.332947,-35.441174,1016.726013,309.561646,-263.773041,506.363556,374.316315,-288.818878,89.283768,421.137665,-246.305527,76.866623,305.44754,107.626717,498.768829,385.276825,135.52739,91.529556,427.214142,80.140221,81.748444,313.0242,-159.0159,486.798828,352.105682,-195.904419,94.370285,259.530731,-321.468018,56.476444,215.657547,-241.544418,65.954926,277.049133,181.066513,59.525436,218.693695,112.834694,65.077271,339.135773,49.430851,111.593155,308.100098,-6.313177,497.335419
134,0,230.390381,-218.259995,985.711487,223.603363,51.04837,1003.587097,409.155487,-120.900742,1012.598999,406.374664,-35.454544,1016.726868,309.594086,-263.784546,506.361847,374.278839,-288.814789,89.319656,421.189941,-246.213318,76.836349,305.478546,107.632095,498.770142,385.274811,135.531006,91.530045,427.200592,80.114601,81.734665,313.0271,-159.001877,486.811584,352.116455,-195.907013,94.355797,259.4776,-321.435272,56.548252,215.645172,-241.541122,65.96302,277.040863,181.070404,59.531387,218.734573,112.872078,65.125595,339.099792,49.343365,111.668106,308.064911,-6.364014,497.363281
135,0,230.381561,-218.247116,985.709167,223.599152,51.113216,1003.610596,409.196503,-120.895378,1012.562378,406.392853,-35.47694,1016.738525,309.495117,-263.80899,506.356537,374.301453,-288.815948,89.273003,421.173767,-246.223938,76.840172,305.394714,107.717598,498.791718,385.267792,135.512634,91.520592,427.220886,80.09465,81.685272,312.826904,-158.985046,486.828857,352.062012,-196.073059,94.386986,259.478088,-321.438751,56.553539,215.643387,-241.54512,65.968102,277.034271,181.075806,59.551613,218.73909,112.81871,65.098427,339.141785,49.395714,111.556213,308.104004,-6.282424,497.354675
136,0,230.419739,-218.238205,985.699341,223.665817,51.098267,1003.603943,409.137238,-120.917366,1012.536194,406.421021,-35.464523,1016.679993,309.585449,-263.738678,506.36673,374.240143,-288.826843,89.338547,421.14325,-246.307907,76.880333,305.383545,107.721382,498.790283,385.266724,135.528168,91.532394,427.188782,80.12561,81.726913,312.936371,-158.969955,486.803467,352.100708,-195.902603,94.363083,259.501282,-321.44635,56.555222,215.634277,-241.543015,65.969704,277.032562,181.07933,59.522579,218.722,112.858765,65.126198,339.130768,49.409546,111.537262,308.086182,-6.293264,497.352264
137,0,230.365936,-218.209381,985.715271,223.670013,51.143166,1003.643066,409.130157,-120.910805,1012.531067,406.455078,-35.452942,1016.666992,309.539215,-263.709412,506.34433,374.304138,-288.787476,89.273651,421.171417,-246.220367,76.840881,305.476959,107.670433,498.784515,385.25473,135.53389,91.523659,427.209839,80.102577,81.734955,312.929749,-158.950638,486.839355,352.132446,-195.916977,94.360466,259.523193,-321.462097,56.500763,215.635742,-241.538101,65.977661,277.035889,181.055725,59.514614,218.66452,112.871078,65.113983,339.161896,49.397343,111.538612,308.074493,-6.293633,497.35791
138,0,230.345764,-218.167053,985.705872,223.656128,51.238358,1003.664368,409.21524,-120.921028,1012.559387,406.438843,-35.466702,1016.656494,309.556641,-263.713287,506.355164,374.245544,-288.78952,89.326981,421.098022,-246.235825,76.806328,305.453308,107.689606,498.777771,385.269073,135.528625,91.517059,427.189575,80.122452,81.731918,312.971283,-158.972977,486.7854,352.09549,-195.883163,94.367294,259.471893,-321.446228,56.552303,215.652527,-241.530563,65.9683,277.055389,181.066116,59.524548,218.746521,112.864479,65.123894,339.131226,49.401566,111.553574,308.064453,-6.257419,497.357697
139,0,230.328903,-218.149857,985.68689,223.719025,51.196274,1003.655884,409.212524,-120.934525,1012.531738,406.483368,-35.462856,1016.662476,309.551788,-263.698761,506.361786,374.324738,-288.821442,89.265617,421.184357,-246.206467,76.844299,305.480896,107.674522,498.779938,385.267914,135.526978,91.548851,427.199005,80.10936,81.751068,312.958832,-158.950211,486.800842,352.116119,-195.928345,94.367531,259.514862,-321.459381,56.497959,215.648727,-241.511917,65.973701,277.045532,181.080109,59.539982,218.750229,112.884689,65.101219,339.127014,49.394562,111.580841,308.078064,-6.258253,497.382446
140,0,230.307251,-218.12851,985.692749,223.7966,51.128414,1003.62085,409.112579,-120.861122,1012.474792,406.44577,-35.510021,1016.636597,309.529968,-263.662354,506.347229,374.311371,-288.803375,89.330139,421.134583,-246.309204,76.860268,305.47348,107.698555,498.771362,385.279358,135.524338,91.522736,427.212189,80.105171,81.735008,312.987335,-158.929443,486.789246,352.088104,-195.93045,94.355125,259.449921,-321.445007,56.569302,215.655411,-241.52861,65.962425,277.036957,181.064743,59.533218,218.66597,112.852852,65.072403,339.121399,49.419121,111.57119,308.082153,-6.253748,497.360962
141,0,230.299057,-218.102371,985.690247,223.80925,51.200142,1003.664978,409.208099,-120.906807,1012.528748,406.51004,-35.472546,1016.666382,309.535248,-263.662262,506.341278,374.314697,-288.79483,89.326019,421.186218,-246.207764,76.855591,305.438873,107.762657,498.815582,385.269226,135.510925,91.542175,427.223083,80.105385,81.749374,312.976013,-158.946121,486.765686,352.101257,-195.924133,94.362473,259.516266,-321.465881,56.500954,215.65242,-241.538055,65.957474,277.048767,181.065186,59.527374,218.656891,112.899864,65.142754,339.085541,49.389999,111.56395,308.081482,-6.263499,497.383698
142,0,230.263824,-218.066849,985.65741,223.869339,51.15152,1003.641235,409.17984,-120.872963,1012.503601,406.517303,-35.47401,1016.676331,309.550934,-263.642334,506.364868,374.347015,-288.788513,89.283943,421.123779,-246.30426,76.877457,305.490326,107.735725,498.808807,385.285797,135.530136,91.536606,427.19519,80.11821,81.728706,312.96405,-158.937286,486.765411,352.118408,-195.890732,94.368988,259.475983,-321.436188,56.571419,215.645172,-241.538574,65.976494,277.021515,181.078842,59.528435,218.695648,112.843857,65.081619,339.132843,49.433479,111.574623,308.062164,-6.247631,497.38504
143,0,230.215179,-218.078613,985.665405,223.850937,51.237465,1003.677246,409.194885,-120.926208,1012.465149,406.482849,-35.463009,1016.67395,309.552307,-263.639038,506.347229,374.261719,-288.803131,89.370049,421.123779,-246.315323,76.888794,305.500977,107.719505,498.794434,385.275879,135.516281,91.530045,427.20282,80.107468,81.744354,312.948273,-158.896393,486.800873,352.127228,-195.91745,94.366089,259.463867,-321.433441,56.570095,215.633835,-241.533096,65.977592,277.028259,181.060242,59.531845,218.721024,112.867012,65.121437,339.11319,49.407215,111.605087,308.080536,-6.231963,497.385468
144,0,230.200806,-218.004227,985.65802,223.94342,51.206429,1003.654968,409.048859,-120.882637,1012.425293,406.540771,-35.526863,1016.63147,309.475098,-263.653992,506.351532,374.29776,-288.807709,89.241959,421.151642,-246.282028,76.875427,305.516815,107.738571,498.787872,385.289886,135.511185,91.536636,427.189667,80.105766,81.747734,313.030304,-158.949265,486.733765,352.104553,-195.922638,94.363686,259.482758,-321.422791,56.556717,215.645752,-241.522034,65.981636,277.0289,181.091217,59.528431,218.673157,112.872368,65.121384,339.119812,49.406754,111.567734,308.065338,-6.221504,497.398468
145,0,230.203873,-218.014664,985.636719,223.915222,51.353092,1003.715881,409.17572,-120.943909,1012.476807,406.532196,-35.499565,1016.6651,309.46167,-263.643616,506.334473,374.348236,-288.786133,89.371422,421.169891,-246.207062,76.846191,305.476593,107.834267,498.807587,385.288025,135.512848,91.543633,427.19458,80.121582,81.723244,313.009735,-158.90535,486.737823,352.093658,-195.903152,94.340065,259.461884,-321.441925,56.584454,215.643967,-241.53363,65.97892,277.033813,181.083466,59.550198,218.687241,112.850685,65.062515,339.148865,49.413101,111.545639,308.085358,-6.203121,497.396301
146,0,230.129929,-217.962219,985.641418,223.972214,51.350224,1003.726013,409.185944,-121.005745,1012.433411,406.555817,-35.545708,1016.656067,309.491028,-263.629822,506.320343,374.333405,-288.811951,89.255302,421.167267,-246.235916,76.833786,305.603699,107.758247,498.807922,385.266266,135.517242,91.527306,427.189667,80.09623,81.74675,313.002014,-158.887543,486.765717,352.128937,-195.91214,94.355232,259.473572,-321.445953,56.576138,215.645325,-241.524017,65.979897,277.032043,181.087387,59.527618,218.681046,112.904442,65.131439,339.11319,49.382233,111.543411,308.07251,-6.219791,497.423035
147,0,230.114624,-217.939911,985.627014,224.004883,51.363724,1003.728271,409.169525,-121.036385,1012.45343,406.615173,-35.594742,1016.614563,309.460632,-263.600494,506.327087,374.340637,-288.829773,89.316185,421.175476,-246.224014,76.852303,305.601166,107.773613,498.823761,385.294556,135.527771,91.543747,427.195648,80.090874,81.732941,313.003632,-158.874466,486.764069,352.081512,-195.909637,94.337486,259.459442,-321.460327,56.582882,215.646042,-241.518005,65.9673,277.029419,181.071182,59.538872,218.698547,112.908531,65.135796,339.11322,49.41272,111.577477,308.123871,-6.194921,497.415955
148,0,230.069199,-217.921082,985.604736,224.040131,51.38966,1003.740295,409.038025,-121.00869,1012.395874,406.60495,-35.606411,1016.589539,309.644318,-263.642548,506.25354,374.349548,-288.814056,89.368271,421.179474,-246.25621,76.856262,305.612701,107.783501,498.810455,385.274902,135.517715,91.530655,427.19458,80.109001,81.74453,312.968628,-158.861938,486.756042,352.109436,-195.933182,94.347305,259.445862,-321.430389,56.58984,215.669235,-241.530991,65.963264,277.044952,181.076492,59.515835,218.708176,112.915009,65.118347,339.156647,49.432812,111.574928,308.117737,-6.192305,497.407379
149,0,230.027725,-217.920929,985.603271,224.063431,51.420261,1003.761658,409.015778,-120.99369,1012.334229,406.658905,-35.647923,1016.597168,309.451538,-263.600342,506.328278,374.357666,-288.816071,89.246399,421.174011,-246.260925,76.853592,305.678619,107.80159,498.822021,385.272919,135.516769,91.532761,427.195465,80.094704,81.741806,313.066162,-158.880615,486.761597,352.116638,-195.909973,94.333488,259.440002,-321.434784,56.594299,215.673874,-241.528702,65.964493,277.03595,181.09079,59.523857,218.679749,112.854485,65.090042,339.140503,49.430195,111.641052,308.121246,-6.202454,497.420746
150,0,230.0047,-217.886429,985.62207,224.134216,51.418068,1003.745911,409.039032,-121.035446,1012.360107,406.663971,-35.707096,1016.610962,309.499237,-263.594696,506.331207,374.39856,-288.806488,89.26313,421.154449,-246.21698,76.834496,305.674469,107.819298,498.820557,385.265381,135.521729,91.553825,427.205444,80.10408,81.735481,313.072632,-158.901581,486.751251,352.165649,-195.929031,94.305992,259.475952,-321.43457,56.586914,215.681122,-241.536575,65.962906,277.029724,181.103714,59.520031,218.675858,112.871773,65.09671,339.101074,49.390751,111.606796,308.161865,-6.186647,497.408325
151,0,229.938416,-217.900146,985.632751,224.12738,51.492462,1003.771057,409.047089,-121.034431,1012.356506,406.675873,-35.748417,1016.527649,309.490417,-263.618927,506.32959,374.327423,-288.812836,89.274788,421.178833,-246.298965,76.89373,305.701935,107.801598,498.829346,385.287903,135.515686,91.548233,427.210114,80.112206,81.729431,313.028046,-158.855713,486.793579,352.160858,-195.890244,94.325264,259.45697,-321.424011,56.600285,215.645065,-241.513931,65.976196,277.027313,181.101105,59.522919,218.709885,112.904312,65.13147,339.171478,49.431889,111.590263,308.128754,-6.20664,497.429901
152,0,229.943649,-217.892639,985.620056,224.174042,51.477634,1003.772705,409.140198,-121.148567,1012.400146,406.678741,-35.768505,1016.526917,309.476593,-263.617096,506.330505,374.35376,-288.801056,89.327065,421.144287,-246.308945,76.865189,305.682343,107.821251,498.836548,385.296906,135.514923,91.562119,427.205414,80.111374,81.710472,313.044373,-158.868896,486.741211,352.145172,-195.937317,94.331985,259.463623,-321.411041,56.581703,215.660568,-241.514023,65.972733,277.010834,181.119507,59.551296,218.711639,112.903633,65.116158,339.116272,49.401775,111.607834,308.130341,-6.212973,497.433533
153,0,229.970505,-217.867798,985.620483,224.231155,51.447815,1003.770447,409.19873,-121.180489,1012.383484,406.710815,-35.817238,1016.551025,309.509583,-263.658875,506.283997,374.290833,-288.800812,89.377228,421.205017,-246.229019,76.854195,305.684784,107.821289,498.839264,385.308838,135.504532,91.55899,427.215485,80.103661,81.71917,313.02951,-158.873642,486.761749,352.104218,-195.931702,94.3283,259.45462,-321.440125,56.601929,215.653534,-241.513107,65.970886,277.023651,181.106689,59.548523,218.716064,112.909302,65.123062,339.144958,49.437458,111.605629,308.133331,-6.209586,497.427216
154,0,229.971481,-217.857605,985.633484,224.289459,51.404381,1003.77002,409.166229,-121.200485,1012.402405,406.743103,-35.824856,1016.594177,309.384033,-263.612152,506.320343,374.348969,-288.817444,89.337631,421.189392,-246.399185,76.903099,305.714844,107.807243,498.842194,385.300232,135.497513,91.551659,427.198853,80.097389,81.738762,313.022156,-158.907333,486.735657,352.089233,-196.090546,94.339951,259.430847,-321.436096,56.60397,215.642639,-241.5168,65.977074,277.03949,181.09407,59.521278,218.650879,112.932892,65.160934,339.113617,49.423367,111.591995,308.139618,-6.204664,497.442688
155,0,229.957565,-217.78093,985.628174,224.292847,51.478817,1003.800293,409.208801,-121.276657,1012.388367,406.647156,-35.867302,1016.526001,309.37738,-263.621979,506.323029,374.428711,-288.834991,89.282593,421.186646,-246.274414,76.86599,305.736145,107.768867,498.834045,385.290771,135.48735,91.545433,427.193146,80.087509,81.727394,313.060608,-158.896606,486.775879,352.162292,-195.943481,94.333176,259.496918,-321.456818,56.505051,215.643845,-241.512878,65.978554,277.045837,181.080017,59.521786,218.670029,112.873032,65.090446,339.09787,49.388191,111.587067,308.114288,-6.227705,497.428253
156,0,229.950729,-217.842041,985.628235,224.3564,51.452091,1003.781799,409.237061,-121.273132,1012.378479,406.839783,-35.865692,1016.529053,309.364197,-263.639069,506.334656,374.117462,-288.835632,89.374977,421.194427,-246.388626,76.908577,305.701691,107.788231,498.832458,385.304749,135.482254,91.535515,427.187592,80.060928,81.724808,312.993591,-158.876205,486.788727,352.091705,-196.092728,94.358475,259.520447,-321.450623,56.510368,215.641846,-241.503265,65.976776,277.044067,181.091782,59.513084,218.677017,112.911331,65.144615,339.124146,49.378796,111.56842,308.105011,-6.264597,497.429474
157,0,229.927155,-217.841995,985.651062,224.38681,51.458076,1003.7948,409.204315,-121.290276,1012.372742,406.844574,-35.882744,1016.536804,309.328644,-263.637024,506.330841,374.220276,-288.846283,89.367088,421.191132,-246.253677,76.859764,305.679321,107.794754,498.840729,385.296661,135.486267,91.550758,427.18457,80.057335,81.739998,313.057098,-158.911621,486.801056,352.154602,-195.923248,94.350914,259.467957,-321.42276,56.562469,215.646118,-241.511887,65.957069,277.032074,181.103882,59.544838,218.728409,112.912331,65.137383,339.090332,49.421341,111.611977,308.141785,-6.222271,497.430542
158,0,229.947083,-217.843079,985.65448,224.441681,51.420746,1003.804077,409.25647,-121.335609,1012.395874,406.840637,-35.943584,1016.535645,309.389252,-263.625031,506.341705,374.187958,-288.838318,89.33783,421.110321,-246.37471,76.915718,305.712738,107.770599,498.830933,385.297516,135.494446,91.557579,427.191925,80.076485,81.710915,313.000183,-158.899811,486.806732,352.131897,-195.916992,94.365891,259.454163,-321.421753,56.588661,215.62558,-241.506454,65.984657,277.06131,181.108414,59.523693,218.705322,112.908661,65.12368,339.119476,49.386532,111.585449,308.118408,-6.20858,497.445465
159,0,229.961472,-217.84787,985.664551,224.47879,51.405495,1003.796326,409.269653,-121.317162,1012.378784,406.96402,-35.986286,1016.529541,309.373932,-263.641052,506.329712,374.274078,-288.845947,89.304825,421.182129,-246.444351,76.886581,305.706604,107.773911,498.839111,385.304535,135.495041,91.538269,427.190948,80.078033,81.735405,312.875336,-158.931671,486.80835,352.140717,-195.923279,94.339035,259.452972,-321.43338,56.588806,215.636322,-241.502472,65.967949,277.040344,181.086334,59.542652,218.7379,112.876114,65.141472,339.081146,49.39933,111.615791,308.174591,-6.191099,497.448761
160,0,229.96582,-217.917923,985.653992,224.530624,51.365334,1003.787781,409.284851,-121.383873,1012.39325,406.946411,-36.030792,1016.560303,309.333069,-263.674744,506.334198,374.168091,-288.861481,89.331329,421.149384,-246.38028,76.892113,305.69339,107.75209,498.850555,385.30304,135.483704,91.545753,427.195648,80.07975,81.730171,312.985931,-158.973907,486.781952,352.16507,-195.94664,94.323189,259.507874,-321.464264,56.515591,215.653549,-241.513916,65.967781,277.041534,181.096924,59.529675,218.738205,112.897354,65.161156,339.1763,49.44767,111.558563,308.165039,-6.172329,497.421631
161,0,229.993851,-217.891022,985.689026,224.490921,51.442776,1003.812073,409.306885,-121.406349,1012.372742,406.936127,-36.032345,1016.554382,309.345032,-263.681335,506.314575,374.206573,-288.862457,89.362595,421.15564,-246.389938,76.869667,305.70578,107.743416,498.842773,385.285004,135.49472,91.536087,427.198944,80.07235,81.740822,312.987061,-158.949402,486.796783,352.144226,-195.952423,94.325668,259.455109,-321.434601,56.575218,215.648849,-241.500504,65.979286,277.04538,181.071747,59.519463,218.680023,112.897842,65.138977,339.153961,49.377991,111.587303,308.086761,-6.276852,497.419952
162,0,229.960068,-217.939575,985.680786,224.521362,51.400406,1003.812317,409.280029,-121.449364,1012.39801,406.950867,-36.059589,1016.5354,309.369263,-263.690063,506.329712,374.236725,-288.844208,89.362923,421.130371,-246.359528,76.914169,305.733734,107.747391,498.845734,385.319977,135.49382,91.552521,427.209961,80.079628,81.724678,313.022095,-158.977875,486.774078,352.160461,-195.92543,94.348854,259.477081,-321.436188,56.589417,215.644592,-241.517776,65.973824,277.029297,181.100464,59.536743,218.66922,112.875977,65.093994,339.125549,49.417217,111.573944,308.147491,-6.258518,497.438171
163,0,230.029617,-217.913879,985.695068,224.557495,51.354836,1003.796204,409.321075,-121.447945,1012.413879,406.937592,-36.102676,1016.512634,309.330658,-263.74588,506.322327,374.216522,-288.847961,89.325127,421.12738,-246.354752,76.900909,305.74527,107.738724,498.834686,385.315369,135.493103,91.555656,427.1875,80.06813,81.745392,312.986694,-158.958984,486.785675,352.196381,-196.000656,94.282974,259.460754,-321.435669,56.578064,215.650864,-241.514236,65.966347,277.029572,181.101273,59.544582,218.71431,112.915138,65.134842,339.119995,49.396061,111.601166,308.154785,-6.253078,497.422272
164,0,230.008789,-217.981903,985.673584,224.578995,51.304554,1003.776794,409.295105,-121.481735,1012.408752,406.974426,-36.112656,1016.492859,309.344879,-263.742798,506.333527,374.244263,-288.849884,89.347473,421.136383,-246.385117,76.898331,305.773193,107.714409,498.849762,385.307281,135.48822,91.548782,427.209839,80.074226,81.721985,312.962585,-158.988251,486.798859,352.123047,-195.955917,94.359467,259.503113,-321.443176,56.510937,215.637909,-241.513931,65.979836,277.025818,181.088989,59.529064,218.681595,112.899734,65.122902,339.117432,49.429569,111.592728,308.142792,-6.291008,497.425049
165,0,229.980942,-217.993225,985.695312,224.58725,51.312752,1003.792542,409.350067,-121.492241,1012.420166,407.02475,-36.098316,1016.525635,309.302673,-263.761658,506.331451,374.257599,-288.888397,89.249573,421.103149,-246.370895,76.779945,305.787811,107.721169,498.856934,385.298859,135.491257,91.546013,427.200592,80.081764,81.726021,312.98877,-159.001282,486.811096,352.135071,-195.939484,94.34169,259.503937,-321.462799,56.513817,215.638428,-241.51593,65.973557,277.034363,181.089661,59.526878,218.695908,112.900085,65.140945,339.128845,49.420422,111.609215,308.176453,-6.282359,497.438354
166,0,230.039673,-218.002151,985.701538,224.605026,51.300774,1003.793823,409.340607,-121.464745,1012.413391,407.071838,-36.085918,1016.544678,309.354553,-263.76886,506.325531,374.236908,-288.841553,89.35199,421.176361,-246.283569,76.858047,305.786011,107.701721,498.859131,385.281708,135.48642,91.529541,427.202271,80.066818,81.722656,312.846771,-159.015213,486.815857,352.110107,-195.916336,94.3666,259.449463,-321.436249,56.578308,215.656525,-241.532761,65.975693,277.042023,181.084732,59.518635,218.747513,112.882774,65.09803,339.09787,49.422173,111.599129,308.206085,-6.312273,497.428284
167,0,230.075394,-218.004974,985.720825,224.611298,51.290115,1003.78717,409.351227,-121.515121,1012.403748,407.048706,-36.095951,1016.534668,309.414307,-263.769623,506.332458,374.085602,-288.849365,89.368004,421.103149,-246.35939,76.836243,305.791962,107.704498,498.855591,385.316101,135.490707,91.544151,427.17337,80.053131,81.717514,313.000275,-159.019012,486.799103,352.130035,-195.935089,94.344627,259.46875,-321.440033,56.575294,215.648071,-241.508453,65.971611,277.027679,181.066284,59.523056,218.739227,112.881416,65.120377,339.100006,49.399635,111.587921,308.218414,-6.313674,497.419891
168,0,230.107178,-218.041138,985.710938,224.622421,51.262959,1003.770813,409.27713,-121.466255,1012.393921,406.89212,-36.110664,1016.516113,309.41098,-263.781219,506.338287,374.240936,-288.875519,89.342079,421.173645,-246.314926,76.845833,305.877869,107.665527,498.85434,385.314148,135.495239,91.562401,427.183685,80.066841,81.724304,312.975189,-159.036957,486.818817,352.167328,-195.932907,94.346939,259.470306,-321.440308,56.581116,215.648865,-241.50885,65.958092,277.036194,181.070908,59.539429,218.684464,112.906067,65.121574,339.101196,49.420544,111.613831,308.282074,-6.303246,497.445312
169,0,230.127777,-218.074036,985.708252,224.676483,51.202057,1003.75116,409.286041,-121.466377,1012.404663,406.850037,-36.159744,1016.493347,309.452911,-263.801941,506.34491,374.307159,-288.837158,89.353607,421.19696,-246.330032,76.84182,305.878967,107.659492,498.835815,385.318451,135.482971,91.536957,427.199677,80.052147,81.699966,312.994049,-159.014893,486.805176,352.145142,-195.977493,94.353271,259.468506,-321.445618,56.574757,215.629776,-241.517914,65.986786,277.032043,181.082443,59.531376,218.722641,112.893867,65.113213,339.105499,49.41692,111.578033,308.2901,-6.333506,497.419739
170,0,230.104675,-218.076462,985.727905,224.660049,51.219284,1003.755066,409.398132,-121.554703,1012.447693,407.054688,-36.151646,1016.545532,309.383575,-263.883484,506.358612,374.227814,-288.871643,89.251968,421.158783,-246.33934,76.882774,305.891754,107.650002,498.85495,385.304596,135.485626,91.543343,427.205383,80.066467,81.710442,313.079498,-159.078949,486.795227,352.1297,-195.962997,94.36171,259.467072,-321.43866,56.574265,215.642502,-241.516647,65.971588,277.043335,181.064209,59.495483,218.748032,112.904037,65.129761,339.109772,49.404694,111.624222,308.394745,-6.206103,497.512421
171,0,230.197617,-218.06221,985.742737,224.659714,51.19976,1003.748169,409.404602,-121.56929,1012.471069,407.053619,-36.19593,1016.54364,309.409729,-263.85672,506.361664,374.247284,-288.820312,89.337189,421.162109,-246.241547,76.83606,305.931549,107.608658,498.828094,385.313751,135.494141,91.551933,427.187164,80.027565,81.670059,313.006439,-159.058044,486.844574,352.132324,-195.958679,94.35968,259.514069,-321.464569,56.519669,215.654053,-241.53215,65.969948,277.045685,181.083221,59.522583,218.647751,112.900444,65.131439,339.11731,49.406281,111.605591,308.342651,-6.348695,497.408936
172,0,230.148987,-218.103424,985.744873,224.674301,51.179985,1003.746765,409.435974,-121.574287,1012.513489,407.080292,-36.187824,1016.538025,309.478699,-263.863647,506.273376,374.208405,-288.873169,89.354355,421.177094,-246.359467,76.909317,305.874359,107.657646,498.879761,385.311371,135.480713,91.54232,427.209167,80.031418,81.6632,313.038452,-159.074768,486.818848,352.127899,-195.908249,94.361298,259.447754,-321.435455,56.589577,215.654343,-241.502991,65.980339,277.021362,181.080978,59.52195,218.68187,112.879074,65.09433,339.096405,49.438969,111.594643,308.421783,-6.244459,497.520447
173,0,230.19577,-218.111191,985.741089,224.664062,51.177532,1003.739685,409.405518,-121.579773,1012.531982,407.103363,-36.147751,1016.618347,309.433716,-263.874817,506.374237,374.083374,-288.863586,89.366875,421.153595,-246.327164,76.8908,305.905396,107.659576,498.869415,385.314453,135.474442,91.532906,427.223083,80.071541,81.701759,313.119537,-159.090805,486.828552,352.138062,-195.969666,94.355957,259.456909,-321.423889,56.578823,215.65477,-241.516785,65.978798,277.043671,181.091858,59.525902,218.711288,112.907021,65.12188,339.127136,49.445126,111.603142,308.365143,-6.371083,497.400299
174,0,230.225815,-218.142197,985.740295,224.69014,51.182514,1003.740295,409.443298,-121.56929,1012.497803,407.10257,-36.175282,1016.589539,309.423035,-263.880554,506.354523,374.253693,-288.829163,89.343597,421.1633,-246.369171,76.91114,305.897614,107.647705,498.872406,385.305695,135.493317,91.553459,427.207001,80.066566,81.691444,313.088562,-159.084564,486.835876,352.151398,-195.940109,94.368759,259.513519,-321.457977,56.504688,215.6577,-241.5112,65.970383,277.054352,181.072556,59.517929,218.686554,112.872047,65.094742,339.123749,49.444351,111.584732,308.438934,-6.25963,497.497803
175,0,230.226166,-218.150238,985.711853,224.697601,51.147381,1003.731995,409.318176,-121.49649,1012.475342,407.154297,-36.201832,1016.626465,309.47876,-263.863159,506.308563,374.286163,-288.837433,89.35408,421.190979,-246.419159,76.88887,305.946289,107.631142,498.856934,385.317841,135.49498,91.545982,427.207642,80.088913,81.69384,313.040375,-159.068375,486.844177,352.136444,-195.907974,94.367188,259.458191,-321.428101,56.578991,215.649979,-241.515793,65.97245,277.058624,181.086914,59.52121,218.693512,112.908791,65.129921,339.112701,49.41806,111.586761,308.462067,-6.249946,497.491547
176,0,230.243774,-218.166733,985.716675,224.691696,51.12505,1003.713745,409.493103,-121.55999,1012.559998,407.117462,-36.161377,1016.618347,309.415802,-263.860016,506.362152,374.075958,-288.858185,89.384895,421.149536,-246.353989,76.88784,305.942535,107.638947,498.869781,385.32666,135.486877,91.540916,427.21579,80.07579,81.684059,313.088257,-159.101578,486.788177,352.047882,-196.075348,94.42672,259.447266,-321.426178,56.584572,215.659225,-241.52771,65.967796,277.046356,181.082733,59.524796,218.699814,112.871941,65.101913,339.11795,49.412804,111.563126,308.396179,-6.362669,497.392975
177,0,230.260025,-218.188858,985.700928,224.839706,50.890289,1003.641724,409.459076,-121.572067,1012.518188,407.16925,-36.162804,1016.64209,309.467407,-263.841614,506.362915,374.203674,-288.847382,89.365028,421.170746,-246.324127,76.884537,305.941376,107.636719,498.873505,385.322784,135.501953,91.546722,427.182068,80.068748,81.738167,313.077271,-159.120819,486.782135,352.115204,-195.940948,94.381599,259.447601,-321.439087,56.577065,215.639465,-241.510315,65.985512,277.040955,181.069305,59.526192,218.683472,112.898666,65.11615,339.106506,49.395496,111.582413,308.42572,-6.357644,497.395996
178,0,230.250549,-218.174881,985.745178,224.724854,51.067478,1003.69873,409.403229,-121.534775,1012.535217,407.139557,-36.20232,1016.663086,309.499176,-263.86676,506.365173,374.251495,-288.888489,89.256203,421.217163,-246.312332,76.869545,305.975983,107.633942,498.87262,385.339783,135.486267,91.542587,427.222412,80.077408,81.717674,313.1185,-159.101624,486.834717,352.138855,-195.993546,94.378502,259.44046,-321.433533,56.58897,215.658859,-241.52092,65.970482,277.05896,181.075363,59.518311,218.71286,112.898102,65.129234,339.086121,49.405441,111.617279,308.542725,-6.252851,497.482941
179,0,230.265228,-218.177292,985.715332,224.73233,51.036297,1003.676514,409.502014,-121.568619,1012.609253,407.131409,-36.185192,1016.651062,309.490509,-263.872192,506.355225,374.091614,-288.870911,89.373634,421.156403,-246.349228,76.906502,305.982635,107.63961,498.865631,385.298096,135.5112,91.53833,427.200409,80.074066,81.711739,313.122467,-159.115402,486.820221,352.147583,-195.909805,94.379181,259.518127,-321.455017,56.508392,215.66153,-241.513321,65.962799,277.045197,181.081802,59.517021,218.703064,112.87532,65.10965,339.12149,49.42522,111.586327,308.449829,-6.384252,497.386017
180,0,230.265579,-218.17601,985.713989,224.695129,51.077076,1003.677612,409.438721,-121.554459,1012.668945,407.253143,-36.18462,1016.730042,309.453827,-263.849701,506.348907,374.24057,-288.838867,89.356575,421.19104,-246.253372,76.858719,305.989227,107.655746,498.867035,385.308929,135.513107,91.531914,427.20639,80.094925,81.755203,313.090302,-159.074127,486.839081,352.15155,-195.943741,94.380363,259.517914,-321.461334,56.491474,215.640045,-241.510483,65.956505,277.064484,181.076477,59.517227,218.672623,112.863228,65.098358,339.115417,49.428101,111.608543,308.480408,-6.399209,497.372833
181,0,230.23439,-218.175827,985.722717,224.668137,51.081726,1003.675354,409.35791,-121.519981,1012.5401,407.210449,-36.15443,1016.737,309.485748,-263.884491,506.357605,374.249695,-288.85733,89.354462,421.166748,-246.393494,76.893555,306.024841,107.639343,498.857361,385.301208,135.494034,91.531113,427.216064,80.089012,81.716042,313.068634,-159.097824,486.847076,352.152191,-195.914062,94.3834,259.469177,-321.440094,56.582699,215.644836,-241.519608,65.961754,277.044464,181.107742,59.542553,218.703629,112.897118,65.110619,339.113403,49.406803,111.564804,308.591827,-6.217793,497.488647
182,0,230.23288,-218.175232,985.687073,224.672699,51.046265,1003.652832,409.388367,-121.585785,1012.622498,407.087006,-36.148724,1016.681335,309.467285,-263.884491,506.361969,374.24472,-288.833191,89.335808,421.203552,-246.279724,76.89827,306.041565,107.619125,498.849152,385.325256,135.504517,91.539757,427.222748,80.112823,81.705772,313.05838,-159.074524,486.815765,352.129272,-195.946167,94.384171,259.437744,-321.426941,56.590351,215.646011,-241.520752,65.951004,277.067505,181.093414,59.534641,218.684586,112.895531,65.101318,339.131104,49.40498,111.57106,308.597137,-6.24544,497.493134
183,0,230.231522,-218.154282,985.702881,224.586273,51.09705,1003.653992,409.32782,-121.503403,1012.548218,407.044373,-36.139641,1016.670959,309.483154,-263.898346,506.377625,374.238007,-288.798523,89.396568,421.16156,-246.257248,76.857056,306.048737,107.64241,498.841064,385.322266,135.503235,91.530876,427.237762,80.10321,81.688286,313.070282,-159.076813,486.779694,352.118256,-195.938248,94.390511,259.465302,-321.44162,56.585789,215.628632,-241.507812,65.967842,277.048309,181.088181,59.529255,218.643082,112.89035,65.153061,339.143768,49.417603,111.578796,308.622894,-6.208346,497.480865
184,0,230.260864,-218.13829,985.739685,224.566025,51.106182,1003.644958,409.292877,-121.479141,1012.542725,407.186859,-36.121548,1016.715027,309.445221,-263.855621,506.349213,374.199066,-288.839264,89.345161,421.161896,-246.246689,76.865623,306.027924,107.629097,498.842072,385.30957,135.502625,91.515854,427.233063,80.104279,81.695091,313.041382,-159.078873,486.801056,352.124268,-195.939163,94.39109,259.457001,-321.430817,56.571991,215.634277,-241.518906,65.945305,277.026733,181.078629,59.529984,218.6633,112.870193,65.064583,339.170502,49.419777,111.552742,308.599121,-6.250997,497.474731
185,0,230.270706,-218.139374,985.732056,224.543671,51.103809,1003.637573,409.264313,-121.426003,1012.518616,407.108856,-36.041641,1016.68512,309.39624,-263.922607,506.388428,374.196808,-288.819641,89.394501,421.17218,-246.381348,76.915298,306.037537,107.636879,498.851105,385.322937,135.506088,91.541054,427.24292,80.108681,81.70369,313.094299,-159.118332,486.809845,352.103546,-195.938782,94.395836,259.504944,-321.452759,56.504604,215.646454,-241.52388,65.961823,277.042603,181.06839,59.502357,218.738785,112.882721,65.135002,339.176819,49.43515,111.58152,308.612427,-6.22869,497.487244
186,0,230.231796,-218.121414,985.737549,224.513062,51.122055,1003.647949,409.382874,-121.461418,1012.602539,406.998749,-36.042809,1016.657837,309.404205,-263.884155,506.367554,374.26178,-288.812012,89.367508,421.162201,-246.341736,76.904953,305.981171,107.664436,498.852661,385.33609,135.502563,91.536407,427.227936,80.082199,81.667885,313.01474,-159.09024,486.770721,352.121887,-195.980286,94.37886,259.447998,-321.43573,56.563488,215.635925,-241.516342,65.967522,277.043549,181.082031,59.513393,218.709793,112.867592,65.112244,339.176544,49.435478,111.5923,308.529053,-6.349732,497.380615
187,0,230.177765,-218.116394,985.750244,224.502228,51.107029,1003.642456,409.399353,-121.41568,1012.581604,407.044312,-35.996548,1016.678589,309.403259,-263.854492,506.374176,374.264069,-288.808838,89.391678,421.148224,-246.295609,76.933067,305.971863,107.678566,498.842224,385.297485,135.504913,91.52504,427.21933,80.097466,81.712486,312.984467,-159.100815,486.764496,352.09964,-195.950577,94.396011,259.470367,-321.41272,56.582741,215.631424,-241.516464,65.961739,277.050354,181.076233,59.51123,218.728149,112.898163,65.123253,339.177612,49.422066,111.566696,308.551636,-6.255404,497.483521
188,0,230.229752,-218.09816,985.729736,224.425156,51.175999,1003.662842,409.275879,-121.323387,1012.499329,406.982422,-35.970238,1016.670105,309.351807,-263.848114,506.365173,374.2659,-288.802032,89.372307,421.185181,-246.256256,76.874237,305.927277,107.665443,498.843872,385.315094,135.5186,91.534103,427.227203,80.104042,81.701057,312.971466,-159.07486,486.792694,352.089935,-195.902954,94.372192,259.463409,-321.42218,56.567707,215.622375,-241.511871,65.936836,277.038971,181.064056,59.531364,218.729691,112.892906,65.120361,339.133881,49.432812,111.628616,308.498505,-6.306269,497.371643
189,0,230.257355,-218.085449,985.713074,224.405548,51.180851,1003.667847,409.3927,-121.363503,1012.533875,406.943512,-35.923145,1016.64209,309.325928,-263.856049,506.344666,374.28241,-288.808289,89.357445,421.119873,-246.291031,76.919357,305.907959,107.672523,498.84375,385.299713,135.513809,91.532227,427.21405,80.106339,81.706787,312.95871,-159.061005,486.777313,352.056641,-196.091125,94.342163,259.463165,-321.430542,56.569916,215.633545,-241.528656,65.949242,277.045746,181.082916,59.502548,218.688721,112.889793,65.119217,339.156036,49.435532,111.581947,308.500916,-6.194702,497.499603
190,0,230.250717,-218.068192,985.724182,224.38475,51.176579,1003.646362,409.378174,-121.330376,1012.563965,406.924774,-35.934986,1016.638306,309.350098,-263.8237,506.351166,374.247498,-288.812744,89.389931,421.183624,-246.25322,76.88063,305.85025,107.706978,498.834473,385.298828,135.510574,91.527428,427.217255,80.099831,81.705719,312.924133,-159.033829,486.79483,352.135345,-195.924393,94.35701,259.457947,-321.411774,56.571304,215.608643,-241.528183,65.954208,277.016205,181.03952,59.525467,218.649994,112.855804,65.09256,339.157501,49.416962,111.533539,308.376312,-6.288765,497.382019
191,0,230.23497,-218.051865,985.740723,224.372269,51.180218,1003.653076,409.416138,-121.28521,1012.530823,406.8974,-35.878609,1016.628052,309.316132,-263.840515,506.369415,374.110626,-288.829132,89.299393,421.140747,-246.283875,76.933205,305.830231,107.703911,498.830383,385.285248,135.519348,91.545731,427.209259,80.090485,81.670326,312.912598,-159.041824,486.764771,352.121002,-195.935486,94.321007,259.460815,-321.418182,56.57996,215.615906,-241.515121,65.952576,277.053955,181.081909,59.526512,218.73793,112.902321,65.125549,339.128052,49.408924,111.55867,308.445953,-6.165799,497.501099
192,0,230.252319,-218.062012,985.715576,224.277802,51.230389,1003.668884,409.344696,-121.247818,1012.490723,406.89798,-35.869064,1016.586304,309.298492,-263.809845,506.364716,374.288208,-288.78775,89.363518,421.126099,-246.319031,76.929321,305.797119,107.715149,498.830353,385.303223,135.513016,91.533966,427.193542,80.096649,81.715431,312.909821,-159.02211,486.776611,352.117828,-195.952194,94.321732,259.463531,-321.420441,56.576443,215.63826,-241.523056,65.951118,277.041412,181.064621,59.519962,218.649384,112.873993,65.081329,339.163483,49.432934,111.582664,308.447815,-6.166189,497.48941
193,0,230.245651,-218.030853,985.705444,224.309113,51.182056,1003.670227,409.37381,-121.219406,1012.474426,406.960602,-35.78022,1016.618591,309.268707,-263.806885,506.353333,374.246521,-288.793518,89.272728,421.123077,-246.295715,76.962646,305.770447,107.704575,498.816071,385.295105,135.524811,91.532799,427.21756,80.106606,81.718384,312.866608,-159.01593,486.779022,352.131104,-195.951462,94.338455,259.470917,-321.409424,56.588314,215.630112,-241.527863,65.942451,277.045258,181.093597,59.519444,218.663147,112.909241,65.120453,339.150513,49.41629,111.576508,308.339417,-6.27526,497.405914
194,0,230.231339,-218.005066,985.719727,224.269318,51.228878,1003.698364,409.351074,-121.158905,1012.453552,406.86972,-35.785973,1016.55957,309.274323,-263.769501,506.353027,374.221283,-288.779755,89.409462,421.103394,-246.320404,76.931084,305.708038,107.733536,498.836182,385.275177,135.521042,91.533264,427.207611,80.104858,81.712784,312.859375,-159.038712,486.750916,352.06723,-195.889908,94.366081,259.456482,-321.415192,56.583225,215.620605,-241.523666,65.956421,277.045868,181.05954,59.533592,218.696762,112.863358,65.087181,339.155548,49.42868,111.551605,308.413055,-6.125685,497.530029
195,0,230.285965,-218.004349,985.733826,224.286575,51.195965,1003.669617,409.372742,-121.088959,1012.459778,406.837677,-35.757969,1016.553284,309.30246,-263.740234,506.36084,374.249298,-288.765137,89.37748,421.153015,-246.347046,76.943855,305.701111,107.714622,498.809937,385.278534,135.521133,91.525322,427.215668,80.119621,81.712814,312.829102,-158.968643,486.785248,352.077789,-195.912003,94.359467,259.434967,-321.421112,56.578514,215.613892,-241.523178,65.947372,277.066986,181.067215,59.526634,218.736481,112.865814,65.128281,339.130798,49.420349,111.576614,308.297272,-6.222905,497.421844
196,0,230.253143,-217.986984,985.722717,224.246521,51.253654,1003.695618,409.252045,-121.021294,1012.403137,406.824219,-35.689442,1016.527283,309.325684,-263.716034,506.373718,374.273071,-288.790924,89.285454,421.129822,-246.286545,76.915482,305.686371,107.753693,498.811462,385.273499,135.523361,91.523567,427.193665,80.118927,81.712837,312.809631,-158.95813,486.801514,352.119019,-195.913651,94.30838,259.454773,-321.412109,56.594631,215.61853,-241.520706,65.944977,277.04541,181.079071,59.539574,218.711792,112.90593,65.118202,339.192841,49.44294,111.549194,308.255707,-6.221241,497.429443
197,0,230.218979,-217.930374,985.740356,224.247665,51.232796,1003.697632,409.272736,-120.984695,1012.367493,406.806274,-35.643929,1016.521362,309.194366,-263.72644,506.3479,374.111786,-288.763275,89.3666,421.086761,-246.286652,76.844711,305.584473,107.842499,498.813965,385.262451,135.531113,91.506126,427.221069,80.103455,81.721024,312.775177,-158.904968,486.809357,352.071289,-195.90239,94.350342,259.456848,-321.39801,56.595516,215.623016,-241.516663,65.939201,277.05304,181.085648,59.520634,218.650848,112.857895,65.066177,339.151398,49.430756,111.552696,308.23465,-6.214808,497.419464
198,0,230.195755,-217.929886,985.743408,224.266296,51.246368,1003.694031,409.253632,-120.949043,1012.362,406.803345,-35.656296,1016.488098,309.19931,-263.686798,506.359528,374.236359,-288.765747,89.377678,421.159821,-246.333496,76.936119,305.63681,107.76107,498.803131,385.291077,135.525757,91.53521,427.212769,80.103752,81.727951,312.755707,-158.918564,486.802887,352.08374,-195.85881,94.344971,259.447723,-321.37738,56.600903,215.628113,-241.516815,65.955643,277.031067,181.077454,59.536209,218.713318,112.889328,65.132294,339.14682,49.433498,111.554268,308.217346,-6.188577,497.42337
199,0,230.275894,-217.900024,985.692383,224.301193,51.187939,1003.672607,409.259827,-120.934196,1012.316101,406.866699,-35.604713,1016.503235,309.154114,-263.686859,506.341278,374.261353,-288.773651,89.289986,421.164124,-246.338821,76.94072,305.634521,107.767204,498.800812,385.283722,135.515213,91.520561,427.198608,80.07766,81.680954,312.784515,-158.939575,486.783905,352.116638,-195.911163,94.307587,259.44162,-321.395782,56.601006,215.624466,-241.522507,65.960228,277.047638,181.093292,59.53582,218.674728,112.88755,65.129761,339.127045,49.453026,111.599823,308.209412,-6.157201,497.409088
200,0,230.184357,-217.87764,985.716736,224.276459,51.251038,1003.703003,409.293396,-120.942444,1012.299561,406.823151,-35.638084,1016.459229,309.173828,-263.664429,506.346771,374.221191,-288.758209,89.407196,421.191681,-246.247467,76.890564,305.547577,107.86557,498.824829,385.278534,135.536194,91.518913,427.186279,80.113167,81.721237,312.740143,-158.893616,486.797546,352.076355,-195.903656,94.319519,259.450745,-321.377747,56.59156,215.62587,-241.504547,65.940346,277.042297,181.090286,59.538658,218.713547,112.865128,65.111275,339.121124,49.408028,111.592087,308.191071,-6.159407,497.424377
201,0,230.196075,-217.872284,985.685913,224.217438,51.347805,1003.749023,409.301025,-120.91082,1012.280457,406.853546,-35.627861,1016.451965,309.173004,-263.650879,506.330536,374.247253,-288.801819,89.280327,421.207245,-246.23761,76.884781,305.596344,107.817993,498.809814,385.291718,135.519562,91.531311,427.206482,80.101479,81.720215,312.762817,-158.927658,486.74881,352.10788,-195.890778,94.311989,259.44458,-321.365936,56.61665,215.634201,-241.511429,65.950066,277.032745,181.075928,59.538116,218.675507,112.908951,65.111809,339.145203,49.408772,111.541122,308.143616,-6.151292,497.419403
202,0,230.211929,-217.777679,985.705261,224.271469,51.331551,1003.740417,409.298401,-120.92186,1012.256714,406.864532,-35.644764,1016.420227,309.275269,-263.699524,506.261292,374.237244,-288.772919,89.359123,421.138794,-246.351624,76.937195,305.60437,107.80323,498.797272,385.299927,135.528763,91.514801,427.214386,80.130798,81.720848,312.750671,-158.90596,486.72525,352.081451,-195.876846,94.318459,259.452667,-321.38382,56.608604,215.625443,-241.51413,65.965584,277.032379,181.082916,59.51619,218.743134,112.902756,65.117645,339.160187,49.438961,111.571144,308.184082,-6.140568,497.435059
203,0,230.194458,-217.761978,985.722229,224.295975,51.328716,1003.736389,409.324829,-120.911568,1012.251282,406.906616,-35.638824,1016.411926,309.108551,-263.632294,506.330536,374.199982,-288.781891,89.350517,421.169159,-246.239151,76.878334,305.628387,107.840309,498.801788,385.299469,135.528671,91.524712,427.201263,80.112572,81.731163,312.738678,-158.898148,486.760529,352.096893,-195.906647,94.294128,259.440399,-321.372223,56.600037,215.629303,-241.500168,65.94297,277.036652,181.085632,59.539627,218.697601,112.898163,65.127296,339.114746,49.41383,111.571426,308.162048,-6.154965,497.440613
204,0,230.198242,-217.748169,985.703491,224.317871,51.347916,1003.753296,409.288208,-120.863731,1012.202148,406.937958,-35.589817,1016.435486,309.107727,-263.654205,506.333344,374.23584,-288.771667,89.366493,421.135254,-246.336548,76.956192,305.638336,107.856094,498.828064,385.277008,135.532532,91.520302,427.193207,80.104126,81.720016,312.746033,-158.879944,486.76712,352.126343,-195.930664,94.288002,259.461365,-321.384796,56.605194,215.619354,-241.508789,65.954018,277.041107,181.092941,59.513355,218.746109,112.890411,65.127312,339.083984,49.413212,111.577507,308.166779,-6.121881,497.463562
205,0,230.195023,-217.756622,985.662354,224.384888,51.311588,1003.738892,409.345154,-120.873062,1012.206421,406.928375,-35.606003,1016.414856,309.140686,-263.620148,506.333282,374.200409,-288.80835,89.359779,421.134796,-246.294495,76.929054,305.643829,107.859428,498.817474,385.284637,135.518768,91.51783,427.219025,80.123055,81.730667,312.724823,-158.862122,486.755188,352.089508,-195.907471,94.315063,259.444244,-321.386536,56.618092,215.628891,-241.507584,65.962372,277.063446,181.081741,59.508888,218.71077,112.88282,65.117241,339.057129,49.375893,111.70256,308.166931,-6.161995,497.462555
206,0,230.209946,-217.677994,985.687378,224.413376,51.327305,1003.747314,409.362335,-120.887611,1012.160645,406.935333,-35.630356,1016.35144,309.128448,-263.616608,506.344482,374.203949,-288.801941,89.363724,421.143951,-246.3871,76.940796,305.688812,107.851898,498.813446,385.306427,135.522308,91.529533,427.220032,80.127335,81.723518,312.740997,-158.86644,486.787354,352.072784,-195.895111,94.284142,259.436218,-321.374969,56.61298,215.63591,-241.517075,65.942436,277.039337,181.096207,59.539875,218.721237,112.903496,65.120361,339.187927,49.424358,111.547844,308.214386,-6.099989,497.46582
207,0,230.241028,-217.647507,985.681213,224.387802,51.419472,1003.787048,409.39267,-120.872177,1012.173767,406.959442,-35.622715,1016.353516,309.128998,-263.542908,506.324646,374.204224,-288.80246,89.373528,421.136505,-246.388824,76.920509,305.697845,107.874687,498.817688,385.290283,135.531143,91.543282,427.214508,80.09523,81.722221,312.812103,-158.854065,486.748779,352.109711,-195.900436,94.312767,259.438202,-321.368652,56.615616,215.63504,-241.506348,65.958092,277.055725,181.106735,59.525063,218.694809,112.893227,65.155586,339.197968,49.403748,111.523415,308.200745,-6.143883,497.466858
208,0,230.183563,-217.639984,985.711731,224.432846,51.408371,1003.771301,409.402496,-120.845306,1012.160889,406.991119,-35.600159,1016.346436,309.148834,-263.574677,506.283569,374.256195,-288.803436,89.367844,421.121582,-246.33519,76.941444,305.703278,107.89756,498.827484,385.292969,135.519379,91.522789,427.212494,80.103333,81.734993,312.849457,-158.859116,486.741943,352.112,-195.883698,94.293533,259.433472,-321.374573,56.628578,215.632355,-241.504028,65.949867,277.048737,181.100281,59.54007,218.682404,112.922516,65.144409,339.140839,49.423595,111.571136,308.231171,-6.123191,497.452332
209,0,230.199112,-217.622971,985.666016,224.480164,51.435009,1003.786438,409.416046,-120.855721,1012.115845,407.013153,-35.637985,1016.318909,309.134979,-263.572174,506.328094,374.243439,-288.813293,89.362701,421.120514,-246.301239,76.915161,305.727325,107.886063,498.801361,385.315521,135.527695,91.507439,427.192596,80.104149,81.711555,312.829803,-158.838974,486.73172,352.126068,-195.893158,94.268181,259.441071,-321.388824,56.636414,215.626221,-241.504105,65.96479,277.05307,181.104202,59.54253,218.661743,112.918053,65.141617,339.141876,49.466194,111.569908,308.225739,-6.109737,497.486755
210,0,230.20343,-217.622208,985.645935,224.529388,51.420441,1003.789551,409.438263,-120.849518,1012.102966,407.048401,-35.615616,1016.354187,309.1203,-263.575165,506.313568,374.242157,-288.792664,89.414551,421.14566,-246.311737,76.917625,305.755524,107.894836,498.805603,385.305573,135.523666,91.515846,427.184418,80.099899,81.714371,312.822357,-158.80365,486.756531,352.105927,-195.912323,94.30246,259.498199,-321.39801,56.539299,215.629745,-241.500046,65.938721,277.029327,181.095627,59.513283,218.681061,112.916801,65.159683,339.157959,49.504944,111.434364,308.212219,-6.101859,497.452789
211,0,230.197632,-217.583984,985.699463,224.521713,51.470005,1003.812683,409.456604,-120.877586,1012.114502,407.126373,-35.672894,1016.295532,309.152588,-263.536896,506.32428,374.277802,-288.805359,89.356361,421.170044,-246.459808,76.910675,305.747742,107.907532,498.820557,385.301819,135.530823,91.52758,427.203308,80.111732,81.723221,312.845673,-158.836578,486.760529,352.108704,-195.924484,94.293304,259.451416,-321.384705,56.606056,215.623184,-241.50824,65.95179,277.037537,181.116562,59.543587,218.781418,112.916306,65.161598,339.176117,49.454872,111.520874,308.249146,-6.083752,497.470123
212,0,230.228516,-217.576782,985.690247,224.580383,51.431923,1003.81897,409.492889,-120.877327,1012.132629,407.145325,-35.665169,1016.36731,309.170898,-263.567871,506.330841,374.150604,-288.815765,89.347801,421.139526,-246.399963,76.918396,305.721924,107.923012,498.826416,385.290588,135.52951,91.518654,427.192383,80.132912,81.703926,312.86734,-158.814041,486.77063,352.140381,-195.946426,94.302406,259.445984,-321.392273,56.612103,215.624008,-241.503128,65.953857,277.029053,181.093262,59.524269,218.721069,112.891098,65.133438,339.13208,49.469723,111.581329,308.239532,-6.084012,497.492065
213,0,230.293121,-217.586945,985.668152,224.689011,51.340458,1003.78894,409.538055,-120.863037,1012.112488,407.157654,-35.662685,1016.3255,309.228333,-263.510162,506.336151,374.303528,-288.771057,89.365257,421.148071,-246.40654,76.897903,305.736176,107.930672,498.815704,385.300018,135.520508,91.527122,427.212097,80.114807,81.71801,312.924133,-158.83989,486.738007,352.121552,-195.947388,94.274109,259.507202,-321.392181,56.537067,215.626251,-241.492966,65.951324,277.042786,181.123169,59.562458,218.73259,112.914993,65.14901,339.138184,49.484516,111.563736,308.240936,-6.087317,497.473755
214,0,230.15744,-217.739517,985.754639,224.682587,51.421535,1003.800842,409.590271,-120.902008,1012.125122,407.211914,-35.718525,1016.312927,309.25177,-263.529846,506.349457,374.217529,-288.811951,89.365166,421.161346,-246.38588,76.889732,305.745087,107.917007,498.807068,385.294403,135.527679,91.511688,427.204437,80.114441,81.700485,312.955383,-158.842346,486.747284,352.071198,-196.05632,94.318138,259.465424,-321.381256,56.604649,215.636902,-241.505203,65.933296,277.041718,181.113876,59.527454,218.714676,112.875854,65.062027,339.108643,49.445618,111.536865,308.272308,-6.046308,497.488525
215,0,230.324371,-217.609177,985.660522,224.715134,51.434452,1003.816711,409.651672,-120.907898,1012.142639,407.2742,-35.711411,1016.307739,309.280792,-263.543182,506.349915,374.297058,-288.803741,89.397499,421.17514,-246.259308,76.845718,305.727173,107.944031,498.825958,385.326385,135.533325,91.512794,427.196777,80.131424,81.719734,313.004608,-158.835754,486.748016,352.14032,-195.925156,94.269356,259.467133,-321.378906,56.609669,215.648773,-241.496384,65.928604,277.026276,181.107254,59.529709,218.694824,112.871239,65.066704,339.138092,49.483685,111.592651,308.323883,-5.993744,497.503754
216,0,230.373383,-217.600769,985.686829,224.782455,51.385418,1003.801331,409.662262,-120.90921,1012.127136,407.303406,-35.725159,1016.293518,309.319794,-263.554688,506.30307,374.257172,-288.826447,89.419533,421.167572,-246.358749,76.897232,305.802551,107.88588,498.826569,385.31189,135.541473,91.517319,427.211365,80.117531,81.714775,313.018158,-158.814133,486.769165,352.126526,-195.911789,94.299477,259.443848,-321.375824,56.631134,215.641754,-241.495621,65.948494,277.027832,181.103912,59.527004,218.745041,112.891693,65.129539,339.142303,49.497292,111.613297,308.312927,-6.049225,497.503265
217,0,230.42836,-217.631821,985.681335,224.820663,51.341576,1003.790161,409.697693,-120.89473,1012.154602,407.352203,-35.72694,1016.335144,309.355896,-263.530457,506.353729,374.25354,-288.806427,89.366119,421.163086,-246.340134,76.866623,305.767578,107.901634,498.845245,385.310028,135.549545,91.51059,427.233765,80.123001,81.713196,313.049805,-158.799591,486.767242,352.135773,-195.909088,94.281288,259.453156,-321.362335,56.62207,215.654175,-241.487198,65.954033,277.043182,181.10553,59.513733,218.702942,112.896652,65.103714,339.144836,49.463863,111.577934,308.392395,-5.989984,497.495667
218,0,230.429352,-217.643646,985.677551,224.82869,51.330524,1003.805969,409.721954,-120.907349,1012.205811,407.331299,-35.732498,1016.390686,309.495758,-263.519226,506.294861,374.253448,-288.836884,89.264145,421.168243,-246.355499,76.88868,305.798706,107.943542,498.842041,385.30249,135.541,91.51757,427.210358,80.129852,81.703308,313.082581,-158.816605,486.813171,352.127716,-195.908539,94.274269,259.460297,-321.362488,56.620449,215.641357,-241.483612,65.961143,277.046692,181.100769,59.542545,218.679779,112.896011,65.127106,339.139557,49.466656,111.573456,308.338776,-6.090095,497.491211
219,0,230.517151,-217.705063,985.628418,224.830231,51.341576,1003.811829,409.742401,-120.910141,1012.215881,407.368103,-35.759724,1016.42334,309.462708,-263.552948,506.367218,374.263794,-288.837891,89.329849,421.190826,-246.362473,76.892746,305.812561,107.924065,498.840363,385.325226,135.55574,91.516098,427.224976,80.118744,81.709183,313.101135,-158.850906,486.76709,352.182343,-195.944916,94.259621,259.472656,-321.368042,56.609215,215.64563,-241.489807,65.942589,277.066559,181.101959,59.513481,218.692459,112.894951,65.137352,339.119995,49.464176,111.56694,308.421478,-6.02839,497.484863
220,0,230.577789,-217.701843,985.676819,224.897644,51.248566,1003.787781,409.767883,-120.938095,1012.236145,407.402252,-35.756367,1016.297668,309.508698,-263.586456,506.349731,374.343719,-288.81662,89.357117,421.239197,-246.316483,76.864182,305.839417,107.905373,498.865112,385.322815,135.554306,91.52253,427.21463,80.123985,81.714638,313.13736,-158.834076,486.779785,352.124084,-195.916321,94.318405,259.447266,-321.367798,56.615719,215.648758,-241.495514,65.967789,277.033722,181.097321,59.529961,218.747162,112.892052,65.127617,339.145599,49.466827,111.576836,308.487701,-6.039678,497.510101
221,0,230.649872,-217.731064,985.695923,224.892456,51.274696,1003.782776,409.84137,-120.97084,1012.187378,407.440033,-35.790199,1016.357788,309.555664,-263.600708,506.356964,374.344452,-288.79837,89.389214,421.14212,-246.340088,76.889214,305.895844,107.881317,498.877075,385.326508,135.52832,91.501793,427.228455,80.084526,81.661133,313.150848,-158.858521,486.799927,352.124695,-195.919327,94.274292,259.472137,-321.382599,56.614872,215.662079,-241.49794,65.945541,277.069672,181.108704,59.532948,218.713394,112.848831,65.079079,339.164429,49.473709,111.607277,308.57251,-5.991804,497.59198
222,0,230.792801,-217.742905,985.721985,224.950439,51.180847,1003.759521,409.839508,-120.926186,1012.260803,407.449677,-35.775753,1016.406067,309.609436,-263.640564,506.279541,374.20993,-288.826752,89.353386,421.170288,-246.394165,76.859825,305.913971,107.872711,498.852783,385.334381,135.553024,91.499191,427.227936,80.133018,81.687317,313.202911,-158.901382,486.771545,352.137115,-195.894867,94.301971,259.458832,-321.39505,56.612965,215.644653,-241.503754,65.951302,277.043182,181.101807,59.52803,218.690735,112.868271,65.067032,339.158142,49.472889,111.606178,308.580841,-6.074372,497.496277
223,0,230.785477,-217.782898,985.700684,224.92688,51.181713,1003.774048,409.869263,-120.965797,1012.270569,407.485413,-35.778793,1016.401978,309.589539,-263.627747,506.374786,374.323669,-288.81427,89.254036,421.178284,-246.292175,76.838921,305.971008,107.848648,498.861267,385.329071,135.539749,91.516411,427.22522,80.124641,81.699211,313.192169,-158.872711,486.795929,352.123169,-195.957413,94.30603,259.449005,-321.380463,56.61887,215.642166,-241.513153,65.955482,277.046997,181.084091,59.492931,218.689743,112.872299,65.096756,339.178375,49.472565,111.585632,308.609589,-6.073425,497.454803
224,0,230.814804,-217.787109,985.716919,224.992218,51.105892,1003.738281,409.855804,-120.988205,1012.312195,407.481903,-35.716278,1016.536926,309.661285,-263.655762,506.387543,374.233307,-288.830231,89.337212,421.22229,-246.411102,76.890434,305.991577,107.85144,498.870544,385.303772,135.569855,91.517471,427.218079,80.135719,81.692497,313.205078,-158.889801,486.807587,352.15686,-195.916016,94.332474,259.455444,-321.389465,56.611282,215.658813,-241.502548,65.960701,277.055908,181.107666,59.526917,218.794312,112.883423,65.109467,339.154388,49.44062,111.57016,308.635498,-6.043923,497.574646
225,0,230.9431,-217.81662,985.739136,224.977493,51.111393,1003.738892,409.90152,-120.977364,1012.329834,407.55368,-35.70705,1016.606201,309.693176,-263.666962,506.370483,374.328674,-288.850159,89.330475,421.226776,-246.311127,76.867554,306.015991,107.833359,498.860199,385.308563,135.551102,91.525604,427.222839,80.152115,81.698326,313.281067,-158.955048,486.796448,352.1586,-195.919479,94.34259,259.453217,-321.406372,56.612492,215.646454,-241.504913,65.961678,277.064392,181.084839,59.514027,218.722656,112.891617,65.109818,339.203125,49.432777,111.558273,308.606384,-6.176202,497.447021
226,0,231.000717,-217.843338,985.723022,225.124054,50.8283,1003.658081,409.907715,-120.999535,1012.348633,407.520691,-35.777454,1016.53418,309.702728,-263.681458,506.393433,374.104675,-288.832733,89.353096,421.150299,-246.369812,76.87661,306.041168,107.8554,498.872742,385.323181,135.544617,91.507904,427.235626,80.133736,81.678268,313.28125,-158.897842,486.810394,352.090729,-196.085876,94.341393,259.454285,-321.385681,56.627621,215.635513,-241.496277,65.96817,277.015503,181.093292,59.519558,218.737885,112.917664,65.122658,339.171326,49.476055,111.589958,308.715393,-6.110901,497.454956
227,0,230.96373,-217.888092,985.713257,225.149826,50.740524,1003.620117,409.947968,-121.015709,1012.425537,407.557373,-35.759819,1016.672729,309.713806,-263.720093,506.399811,374.250916,-288.86261,89.258675,421.176239,-246.380646,76.889915,306.088165,107.813362,498.872284,385.327179,135.547302,91.506523,427.257477,80.143204,81.694435,313.364258,-158.952576,486.790863,352.191132,-195.931976,94.317238,259.523895,-321.419373,56.536716,215.65741,-241.513626,65.958,277.035858,181.104446,59.52589,218.70401,112.857315,65.098663,339.155396,49.464409,111.610527,308.783356,-6.010261,497.561432
228,0,230.98291,-217.883774,985.720032,225.180283,50.684719,1003.593689,409.921173,-121.008408,1012.466431,407.592041,-35.767273,1016.695007,309.736664,-263.717651,506.380249,374.256104,-288.835419,89.338821,421.137329,-246.378632,76.889297,306.089081,107.820396,498.883026,385.324097,135.543213,91.496262,427.230042,80.13385,81.677521,313.384521,-158.986053,486.774017,352.181213,-195.932785,94.330612,259.468689,-321.402161,56.598228,215.63913,-241.498016,65.950516,277.03067,181.090378,59.518791,218.730988,112.878441,65.131653,339.190826,49.465981,111.56881,308.827087,-6.076708,497.57901
229,0,231.019501,-217.920197,985.710022,225.164017,50.679512,1003.599854,409.940369,-121.023643,1012.52124,407.554108,-35.773483,1016.722778,309.748016,-263.767334,506.417145,374.241302,-288.831177,89.345665,421.169128,-246.389816,76.87989,306.10556,107.800255,498.873657,385.33374,135.561264,91.518555,427.255737,80.159317,81.682976,313.338654,-158.992386,486.848785,352.144104,-195.936264,94.349091,259.481812,-321.389557,56.589764,215.638748,-241.502655,65.954094,277.041473,181.092896,59.521339,218.709137,112.876808,65.134468,339.193878,49.478546,111.593018,308.81311,-6.187349,497.432068
230,0,231.114502,-217.933319,985.705627,225.133026,50.652721,1003.573059,409.907196,-121.062508,1012.574341,407.593384,-35.720108,1016.828308,309.740295,-263.799408,506.38092,374.22879,-288.826996,89.341125,421.149109,-246.370697,76.871078,306.163269,107.75325,498.872009,385.331177,135.54924,91.515976,427.240814,80.144356,81.684265,313.32785,-159.009781,486.811676,352.182037,-195.981613,94.302094,259.451782,-321.400513,56.602047,215.636826,-241.489838,65.941208,277.028809,181.093155,59.531071,218.671036,112.91024,65.137466,339.151733,49.444798,111.589851,308.90918,-6.076995,497.538116
231,0,231.109879,-217.969376,985.749573,225.092987,50.625134,1003.573425,409.934448,-121.083832,1012.616882,407.618439,-35.724365,1016.866333,309.762909,-263.764435,506.389679,374.302368,-288.8255,89.252693,421.194702,-246.369873,76.90377,306.159821,107.760681,498.89682,385.325989,135.555801,91.506409,427.257996,80.165016,81.6819,313.37085,-159.038574,486.777618,352.161652,-195.934006,94.338051,259.516052,-321.422668,56.515484,215.645706,-241.504974,65.942078,277.025421,181.112823,59.540451,218.732681,112.893822,65.133461,339.191956,49.452667,111.592575,308.919586,-6.159193,497.421906
232,0,231.059372,-218.005066,985.700378,225.062119,50.630562,1003.560303,409.914551,-121.069847,1012.684326,407.494598,-35.759113,1016.8526,309.778198,-263.78009,506.409576,374.239288,-288.833618,89.329964,421.229919,-246.27002,76.866089,306.223511,107.752563,498.878967,385.306091,135.574249,91.501289,427.254578,80.167244,81.69368,313.319946,-159.035629,486.842896,352.129639,-195.933929,94.338455,259.455017,-321.408417,56.618137,215.648422,-241.498962,65.957008,277.030334,181.09668,59.552181,218.723846,112.902481,65.127129,339.20639,49.478451,111.628593,308.983185,-6.10499,497.514252
233,0,231.051941,-218.050705,985.7276,225.088852,50.510052,1003.528137,409.890717,-121.128128,1012.692566,407.563995,-35.731476,1016.945129,309.782135,-263.798981,506.397736,374.116211,-288.807831,89.38736,421.170319,-246.399582,76.913353,306.25647,107.730438,498.888245,385.32016,135.558197,91.51738,427.280823,80.166428,81.679665,313.186768,-159.043518,486.840363,352.177063,-195.927689,94.345299,259.46991,-321.387573,56.594944,215.655273,-241.50032,65.934021,277.031616,181.106888,59.527874,218.691422,112.881248,65.136185,339.162415,49.45612,111.59481,309.014587,-6.153731,497.519806
234,0,231.050156,-218.079208,985.732117,225.069,50.495953,1003.515625,409.910217,-121.166954,1012.733948,407.536377,-35.793186,1016.901123,309.763428,-263.833984,506.412567,374.267242,-288.811005,89.339584,421.179657,-246.429214,76.929573,306.250549,107.73246,498.893158,385.312469,135.559647,91.5037,427.271698,80.173561,81.688499,313.343323,-159.07724,486.806213,352.18457,-195.960068,94.332336,259.483948,-321.408386,56.592678,215.648331,-241.501038,65.92701,277.028778,181.084991,59.535122,218.682251,112.885818,65.138863,339.203522,49.483002,111.619942,309.050323,-6.143127,497.531342
235,0,231.108719,-218.101517,985.70813,225.027802,50.506863,1003.505615,409.878357,-121.173294,1012.765747,407.584656,-35.81712,1017.003296,309.696045,-263.881622,506.410583,374.108276,-288.831848,89.37043,421.197632,-246.310806,76.876343,306.29245,107.727409,498.898071,385.333557,135.547882,91.522018,427.265778,80.176613,81.70002,313.367279,-159.155396,486.769257,352.16626,-195.95723,94.335907,259.477844,-321.410187,56.583939,215.632324,-241.521179,65.947823,277.035004,181.098297,59.530373,218.690826,112.878014,65.124802,339.210236,49.448925,111.577423,309.112885,-6.082957,497.52359
236,0,231.048386,-218.128372,985.713501,224.994339,50.457214,1003.487366,409.86084,-121.207626,1012.805359,407.426727,-35.854523,1016.944031,309.75592,-263.860443,506.411255,374.237,-288.819672,89.266884,421.197021,-246.352631,76.943748,306.334808,107.677864,498.885071,385.337524,135.545609,91.517891,427.287018,80.164368,81.695381,313.256531,-159.112106,486.798737,352.134216,-195.946289,94.354935,259.46756,-321.403168,56.599243,215.63797,-241.525894,65.934448,277.045532,181.096024,59.525566,218.709122,112.891281,65.16272,339.191956,49.456902,111.574326,309.124512,-6.158148,497.53241
237,0,231.073059,-218.16095,985.69873,224.956146,50.467377,1003.483276,409.868225,-121.211555,1012.793274,407.5159,-35.852734,1017.041809,309.663513,-263.974121,506.438324,374.102356,-288.827179,89.389755,421.169556,-246.378265,76.921234,306.321442,107.682686,498.894592,385.347565,135.555038,91.524712,427.260498,80.158005,81.685646,313.173401,-159.131638,486.826447,352.141418,-195.933029,94.347679,259.459869,-321.403717,56.598892,215.618637,-241.508987,65.938828,277.031097,181.089523,59.536064,218.754105,112.893646,65.126038,339.186218,49.438351,111.56234,309.088287,-6.221686,497.521973
238,0,231.061905,-218.172241,985.716919,224.942032,50.428886,1003.463257,409.949371,-121.292374,1012.912842,407.375977,-35.827339,1016.986755,309.824066,-263.969208,506.378998,374.235016,-288.782684,89.349289,421.201172,-246.374603,76.945564,306.329224,107.680565,498.898407,385.324524,135.56102,91.518295,427.256866,80.151688,81.684525,313.147278,-159.138199,486.822998,352.178284,-195.974075,94.317154,259.521515,-321.428436,56.530388,215.629211,-241.506683,65.934975,277.023285,181.100357,59.531723,218.739212,112.895905,65.152359,339.227905,49.458321,111.582588,309.143951,-6.166538,497.511505
239,0,231.022171,-218.209671,985.704712,224.911835,50.42675,1003.466125,409.835999,-121.228439,1012.799622,407.411377,-35.888447,1017.009399,309.670624,-263.93158,506.419312,374.245026,-288.819824,89.272919,421.175873,-246.271667,76.864326,306.3078,107.672386,498.889648,385.340027,135.551712,91.51358,427.251373,80.169731,81.688309,313.183563,-159.194397,486.805817,352.146484,-195.954773,94.32058,259.461517,-321.417633,56.588711,215.627518,-241.513962,65.938583,277.047974,181.109726,59.541687,218.7892,112.871132,65.154457,339.253876,49.442158,111.535263,309.131622,-6.200716,497.532623
240,0,231.012375,-218.219696,985.696533,224.884567,50.378349,1003.449707,409.951782,-121.326591,1012.917969,407.449707,-35.867577,1017.051331,309.665039,-263.99939,506.432953,374.260986,-288.820282,89.255402,421.226868,-246.246109,76.891777,306.308594,107.632988,498.885986,385.342102,135.54689,91.515999,427.252869,80.167908,81.686241,313.23996,-159.147736,486.83075,352.121216,-195.952316,94.368439,259.478882,-321.394806,56.571426,215.636902,-241.520493,65.916306,277.035431,181.098434,59.5359,218.717346,112.830978,65.079269,339.228333,49.437,111.566826,309.135986,-6.164047,497.527588
241,0,230.993591,-218.236328,985.713745,224.846344,50.441051,1003.462219,409.939178,-121.352249,1012.924194,407.406189,-35.872692,1017.046204,309.591278,-263.981384,506.411377,374.219666,-288.806,89.288322,421.110626,-246.290588,76.891083,306.293091,107.640121,498.872711,385.319305,135.558365,91.522545,427.258911,80.150009,81.693321,313.216827,-159.189331,486.795166,352.152557,-195.923874,94.366371,259.473572,-321.416321,56.582825,215.63385,-241.518143,65.923149,277.051941,181.088577,59.513012,218.743866,112.864494,65.108727,339.233459,49.456402,111.599411,309.056488,-6.234815,497.538849
242,0,230.933578,-218.24324,985.714233,224.848114,50.33498,1003.4375,409.761749,-121.304459,1012.902039,407.423126,-35.918018,1017.083618,309.55722,-263.966064,506.422394,374.169159,-288.794708,89.372887,421.198761,-246.232986,76.949211,306.275085,107.601379,498.88559,385.310455,135.542572,91.522781,427.251862,80.106575,81.638893,313.034058,-159.226608,486.828735,352.129211,-195.963379,94.331871,259.47644,-321.414825,56.589645,215.625107,-241.523666,65.94043,277.045593,181.041351,59.523647,218.771301,112.867638,65.12394,339.208893,49.440594,111.587662,309.127075,-6.143206,497.522583
243,0,230.92366,-218.298203,985.643494,224.811874,50.345486,1003.429443,409.848145,-121.361694,1013.01001,407.39209,-35.868328,1017.113098,309.49762,-264.013824,506.414185,374.270844,-288.766479,89.394424,421.159607,-246.309341,76.975578,306.25351,107.593216,498.875427,385.319397,135.540802,91.51577,427.24881,80.111275,81.649651,313.050568,-159.225586,486.821198,352.0578,-196.092117,94.404121,259.481232,-321.422302,56.577557,215.623779,-241.514771,65.922989,277.068695,181.071823,59.531502,218.737701,112.872612,65.129974,339.187897,49.450939,111.579292,309.067719,-6.162135,497.559143
244,0,230.912399,-218.286346,985.696777,224.749359,50.382133,1003.443848,409.744659,-121.312698,1012.898315,407.382507,-35.866692,1017.102234,309.424316,-264.077148,506.4422,374.198456,-288.773987,89.353271,421.203369,-246.239716,76.938194,306.235992,107.604797,498.870422,385.328308,135.553726,91.523552,427.252411,80.136452,81.691299,313.141235,-159.243698,486.792877,352.122345,-195.882202,94.373093,259.473511,-321.396545,56.58374,215.62796,-241.50827,65.933205,277.035522,181.069855,59.522182,218.688446,112.887917,65.122238,339.192627,49.443996,111.60984,309.088318,-6.129328,497.532745
245,0,230.857346,-218.321762,985.683044,224.708542,50.343426,1003.43988,409.660858,-121.31649,1012.882019,407.330902,-35.849125,1017.144775,309.458496,-264.043121,506.427277,374.186615,-288.763,89.349922,421.183167,-246.275223,76.922997,306.204529,107.604713,498.861481,385.29245,135.547928,91.53019,427.251892,80.158081,81.704491,313.053711,-159.21936,486.784515,352.10556,-195.898682,94.402908,259.484467,-321.40918,56.555313,215.623642,-241.520737,65.924004,277.05542,181.053192,59.5112,218.738083,112.861076,65.120926,339.218903,49.456585,111.593193,309.059418,-6.152891,497.587158
246,0,230.879852,-218.352264,985.675476,224.684662,50.311638,1003.42511,409.757294,-121.368011,1012.963623,407.237366,-35.919277,1017.055298,309.398041,-264.050568,506.420135,374.190674,-288.804901,89.295227,421.213745,-246.243271,76.930397,306.187408,107.573479,498.873413,385.292419,135.557938,91.547066,427.237122,80.117416,81.655807,313.043793,-159.237747,486.804901,352.137329,-195.886093,94.38163,259.454041,-321.395721,56.585735,215.616196,-241.511581,65.925964,277.050446,181.059174,59.524208,218.733063,112.890839,65.118126,339.221649,49.436848,111.585091,309.037445,-6.13161,497.612488
247,0,230.824142,-218.369797,985.685974,224.650497,50.25843,1003.424866,409.757843,-121.413635,1012.977356,407.251465,-35.925205,1017.060974,309.36496,-264.063904,506.428528,374.2323,-288.773438,89.309662,421.164825,-246.200714,76.956963,306.166992,107.581207,498.886169,385.297119,135.542908,91.548325,427.22522,80.136047,81.693565,312.938965,-159.247299,486.822845,352.111176,-195.905212,94.400383,259.477386,-321.396515,56.581608,215.617355,-241.513458,65.926971,277.040009,181.066071,59.528244,218.724152,112.88678,65.135658,339.180328,49.399017,111.557533,309.009918,-6.182326,497.587646
248,0,230.788208,-218.363129,985.700745,224.593369,50.268459,1003.450623,409.698639,-121.420952,1012.993958,407.21109,-35.969112,1017.087585,309.262787,-264.089813,506.408752,374.230621,-288.747284,89.374138,421.161835,-246.209564,76.949631,306.195923,107.525513,498.883942,385.296509,135.535034,91.543625,427.236572,80.124916,81.701927,312.934235,-159.233444,486.821533,352.102173,-195.896652,94.386337,259.462799,-321.405151,56.61034,215.619873,-241.53804,65.942802,277.036163,181.070206,59.532547,218.777191,112.858223,65.130089,339.197113,49.428158,111.567017,309.020111,-6.173755,497.579071
249,0,230.769409,-218.40126,985.680603,224.578964,50.221382,1003.407959,409.642731,-121.422287,1012.998352,407.146027,-35.94873,1017.183044,309.247711,-264.076813,506.409943,374.262115,-288.740875,89.361351,421.147156,-246.24469,77.012886,306.165924,107.530075,498.859924,385.309631,135.529312,91.541908,427.226074,80.095207,81.664009,312.907745,-159.308548,486.800995,352.112915,-195.889542,94.388817,259.45755,-321.388184,56.614079,215.614716,-241.522095,65.926872,277.041443,181.065643,59.547989,218.636002,112.899597,65.149864,339.189514,49.423126,111.5895,308.979462,-6.177761,497.569397
250,0,230.658142,-218.41655,985.667542,224.506897,50.245918,1003.409363,409.512848,-121.417374,1012.915283,407.067841,-35.945969,1017.158386,309.182129,-264.097656,506.393311,374.1875,-288.757874,89.406746,421.122375,-246.302124,76.999695,306.157166,107.517975,498.855682,385.308777,135.519348,91.537125,427.22348,80.10778,81.70713,312.87793,-159.275101,486.817505,352.11499,-195.888199,94.382126,259.457733,-321.366028,56.609203,215.602753,-241.521469,65.913933,277.070312,181.076813,59.513763,218.748886,112.870903,65.103287,339.126862,49.419147,111.629112,308.949158,-6.226345,497.556854
251,0,230.603455,-218.41687,985.663147,224.492111,50.241516,1003.398804,409.446594,-121.424294,1012.932678,407.03009,-35.95789,1017.106628,309.221405,-264.105469,506.355286,374.178558,-288.755341,89.362869,421.15921,-246.295364,77.018074,306.102051,107.5271,498.881226,385.302124,135.526413,91.545441,427.229584,80.116348,81.714188,312.863617,-159.278,486.82666,352.115875,-195.931946,94.379951,259.517365,-321.405121,56.519119,215.601456,-241.51033,65.924423,277.039276,181.066299,59.514912,218.735199,112.884369,65.134918,339.191559,49.438046,111.567787,308.955292,-6.197948,497.551575
252,0,230.535736,-218.425552,985.666687,224.42485,50.199131,1003.375549,409.499542,-121.528244,1013.049744,407.023773,-35.994446,1017.083069,309.230255,-264.132233,506.335846,374.204651,-288.741913,89.401672,421.129211,-246.284866,77.010155,306.118713,107.506813,498.869781,385.289429,135.517853,91.53952,427.236023,80.139961,81.718559,312.835754,-159.286697,486.792358,352.126892,-195.882599,94.369118,259.472198,-321.395569,56.580814,215.599945,-241.528442,65.921944,277.033661,181.071457,59.516506,218.719315,112.880226,65.132706,339.198792,49.419033,111.588951,308.961853,-6.211419,497.562317
253,0,230.473328,-218.443741,985.656494,224.39032,50.208508,1003.365173,409.325104,-121.477264,1012.976318,406.98642,-36.007336,1017.124634,309.11795,-264.089203,506.413147,374.193573,-288.764374,89.357056,421.160736,-246.326462,77.038483,306.099823,107.536064,498.87851,385.280914,135.511871,91.523636,427.227539,80.106453,81.723694,312.654114,-159.297073,486.832458,352.103363,-195.872589,94.415993,259.452789,-321.394226,56.589844,215.609238,-241.509521,65.918816,277.006958,181.077805,59.543884,218.704224,112.892006,65.131889,339.168884,49.401836,111.584297,308.906128,-6.235276,497.559326
254,0,230.383484,-218.441208,985.636169,224.341614,50.208332,1003.355164,409.272278,-121.496826,1012.988831,406.910065,-36.054729,1017.141968,309.115173,-264.136169,506.390381,374.234222,-288.761475,89.273163,421.168274,-246.291794,77.034668,306.140137,107.490707,498.858826,385.287842,135.524673,91.544914,427.234985,80.105957,81.726517,312.782257,-159.308945,486.800201,352.097626,-195.901932,94.402809,259.459137,-321.403198,56.575001,215.594452,-241.520874,65.930954,277.023773,181.087387,59.540543,218.751328,112.852867,65.118721,339.156494,49.421169,111.589821,308.958405,-6.185677,497.53952
255,0,230.324402,-218.455124,985.625732,224.295685,50.220509,1003.351685,409.232574,-121.532753,1012.980835,406.851105,-36.067528,1017.15564,309.063141,-264.13266,506.379303,374.22757,-288.749908,89.3358,421.124512,-246.285873,77.015915,306.12912,107.47097,498.852173,385.287354,135.514114,91.536972,427.23053,80.104805,81.721146,312.776276,-159.349472,486.766357,352.10672,-195.904816,94.38707,259.489777,-321.403839,56.582474,215.615036,-241.52002,65.91111,277.059326,181.060623,59.514919,218.697449,112.874138,65.126778,339.150055,49.397888,111.582092,308.884216,-6.272215,497.5401
256,0,230.26976,-218.452072,985.622498,224.245605,50.237587,1003.328186,409.29538,-121.628143,1013.085388,406.873688,-36.110676,1017.114502,309.007904,-264.150879,506.364044,374.219849,-288.750763,89.355049,421.151733,-246.30928,77.00222,306.153564,107.463104,498.851105,385.300995,135.518295,91.540977,427.246765,80.118134,81.709755,312.736572,-159.340958,486.80072,352.122345,-195.922546,94.391541,259.467346,-321.401703,56.584435,215.613663,-241.532074,65.910011,277.061798,181.057022,59.516983,218.680496,112.859207,65.078743,339.164734,49.415451,111.602249,308.916473,-6.278923,497.536072
257,0,230.193695,-218.46109,985.592712,224.213943,50.228104,1003.340027,409.091614,-121.577156,1013.006714,406.880646,-36.137001,1017.111206,308.924438,-264.237091,506.398376,374.170593,-288.758484,89.343384,421.172821,-246.345306,77.017578,306.15799,107.469872,498.858276,385.324554,135.505386,91.549866,427.243591,80.1213,81.704231,312.640533,-159.352615,486.803589,352.10321,-195.939957,94.395302,259.480255,-321.39563,56.593761,215.611206,-241.513763,65.919991,277.046082,181.056412,59.513184,218.717957,112.911453,65.167015,339.147034,49.400631,111.593155,308.902252,-6.27909,497.524353
258,0,230.132294,-218.470596,985.639587,224.167587,50.225407,1003.315796,409.142792,-121.618118,1013.089172,406.746643,-36.176598,1017.18866,308.965393,-264.225098,506.281311,374.272247,-288.751465,89.367485,421.145172,-246.260239,77.035904,306.148346,107.453812,498.859863,385.309845,135.519821,91.54937,427.215576,80.112007,81.700211,312.641205,-159.280792,486.829468,352.068359,-195.889053,94.451996,259.455994,-321.400696,56.588623,215.612244,-241.523773,65.921715,277.044128,181.082458,59.517315,218.778625,112.870796,65.102295,339.169373,49.420284,111.576439,308.891388,-6.286121,497.522827
259,0,230.051773,-218.462982,985.617004,224.121429,50.224476,1003.313416,408.983551,-121.623322,1012.986633,406.736908,-36.167038,1017.173035,308.839783,-264.212708,506.36142,374.175354,-288.747559,89.339401,421.138763,-246.290955,77.029976,306.127533,107.446381,498.850952,385.310547,135.497574,91.532608,427.230591,80.110397,81.723869,312.566467,-159.245621,486.78653,352.132141,-195.899948,94.404373,259.462036,-321.373779,56.575294,215.593658,-241.52002,65.934464,277.056763,181.073669,59.527401,218.680954,112.857491,65.081253,339.166504,49.423241,111.576813,308.925873,-6.271969,497.532043
260,0,229.968521,-218.456467,985.623962,224.092178,50.21796,1003.292786,408.93988,-121.609398,1013.04187,406.43222,-36.109188,1017.171875,308.782043,-264.2229,506.365173,374.243927,-288.730377,89.371475,421.117554,-246.294128,76.990318,306.10321,107.444489,498.840973,385.293915,135.509064,91.544037,427.228821,80.109665,81.711349,312.541168,-159.272491,486.792084,352.068176,-195.893372,94.426254,259.469849,-321.386017,56.595074,215.597061,-241.507248,65.931824,277.05069,181.076035,59.519382,218.695816,112.893509,65.12574,339.16156,49.426136,111.547035,308.847687,-6.29739,497.52356
261,0,229.926666,-218.49469,985.60437,224.059448,50.228737,1003.303772,409.053009,-121.690727,1013.090942,406.711884,-36.19178,1017.122864,308.69754,-264.243286,506.347168,374.199554,-288.72229,89.398033,421.092072,-246.240677,76.987961,306.081024,107.432549,498.849274,385.304108,135.503403,91.55777,427.231598,80.125778,81.723709,312.530243,-159.291672,486.787781,352.106232,-195.905319,94.394623,259.513519,-321.410828,56.500763,215.598862,-241.511978,65.91243,277.071747,181.062195,59.488136,218.704498,112.898781,65.111794,339.133789,49.420788,111.604202,308.866974,-6.27108,497.507751
262,0,229.877197,-218.452118,985.621826,224.023987,50.257385,1003.305664,408.948792,-121.715637,1013.107666,406.615723,-36.224586,1017.15387,308.661713,-264.229553,506.347839,374.243225,-288.753143,89.380486,421.104858,-246.315155,77.045097,306.083313,107.428879,498.847839,385.318298,135.491241,91.563683,427.234406,80.095848,81.743965,312.476471,-159.291931,486.826752,352.123169,-195.914703,94.400246,259.472107,-321.397125,56.591553,215.587372,-241.514832,65.937347,277.036713,181.064362,59.533211,218.687027,112.870712,65.120491,339.148468,49.403919,111.587753,308.808258,-6.272897,497.49881
263,0,229.789627,-218.452087,985.662048,223.99086,50.271927,1003.305298,408.789215,-121.691605,1013.03125,406.549988,-36.205784,1017.205383,308.621216,-264.210632,506.33728,374.256378,-288.7659,89.346519,421.154388,-246.317001,77.077911,306.039093,107.420303,498.836609,385.300079,135.497101,91.562859,427.221924,80.07798,81.733879,312.409119,-159.347458,486.752228,352.109009,-195.899033,94.387749,259.484161,-321.391754,56.573586,215.593277,-241.510651,65.912193,277.032471,181.066147,59.536404,218.72554,112.862572,65.138222,339.113342,49.366024,111.568672,308.755341,-6.287644,497.502808
264,0,229.747726,-218.456421,985.65625,223.968872,50.253277,1003.300293,408.872559,-121.758018,1013.095032,406.583771,-36.253834,1017.122742,308.67218,-264.144501,506.368408,374.151001,-288.773224,89.368889,421.173584,-246.244049,77.065666,306.003326,107.402397,498.824738,385.309204,135.492615,91.567444,427.228912,80.099068,81.735039,312.327332,-159.326675,486.801666,352.111237,-195.930634,94.38636,259.471558,-321.396912,56.5812,215.581238,-241.520966,65.911354,277.045624,181.063477,59.513096,218.655746,112.872856,65.087051,339.190613,49.397385,111.558334,308.759399,-6.263767,497.506073
265,0,229.65332,-218.473114,985.678833,223.92099,50.278305,1003.32251,408.839142,-121.749069,1013.032104,406.356659,-36.260376,1017.045349,308.550262,-264.163422,506.341461,374.159821,-288.733551,89.402763,421.123352,-246.326431,77.082886,305.947937,107.416893,498.834686,385.283081,135.480789,91.57312,427.241577,80.057434,81.751518,312.326782,-159.304733,486.787292,352.115356,-195.891953,94.4132,259.475494,-321.40155,56.584496,215.568771,-241.504486,65.920166,277.04425,181.077194,59.539036,218.688904,112.842293,65.074814,339.146576,49.387943,111.527458,308.701447,-6.25888,497.4888
266,0,229.634537,-218.447144,985.668457,223.866928,50.340042,1003.349548,408.820496,-121.742462,1013.095825,406.442902,-36.224789,1017.208191,308.574768,-264.136658,506.349274,374.122375,-288.758087,89.386528,421.079926,-246.331039,77.109001,305.907013,107.426483,498.835938,385.264191,135.475098,91.546471,427.190704,80.07811,81.733917,312.330505,-159.304016,486.838623,352.072876,-195.862686,94.416321,259.470673,-321.395599,56.582466,215.579468,-241.503922,65.916344,277.04361,181.080154,59.543674,218.725174,112.871185,65.124275,339.132324,49.382893,111.55587,308.664032,-6.290778,497.511261
267,0,229.594604,-218.459244,985.646912,223.846649,50.318394,1003.330933,408.776642,-121.729561,1013.052917,406.344727,-36.224781,1017.111755,308.558563,-264.133362,506.3414,374.214447,-288.724243,89.355316,421.114929,-246.145203,77.048126,305.889893,107.396294,498.823242,385.292511,135.480743,91.57019,427.188538,80.084816,81.756561,312.32135,-159.233475,486.769135,352.07077,-195.878555,94.43087,259.45752,-321.390137,56.588978,215.589172,-241.502045,65.902977,277.051941,181.074509,59.535515,218.671326,112.895462,65.144257,339.135559,49.377735,111.579269,308.640961,-6.26867,497.505249
268,0,229.596741,-218.426956,985.716248,223.807556,50.337372,1003.342407,408.695496,-121.734879,1013.039734,406.316467,-36.210873,1017.084473,308.488708,-264.148956,506.347229,374.160675,-288.775787,89.306602,421.126678,-246.340286,77.088188,305.871643,107.416901,498.814056,385.275208,135.48909,91.560486,427.202393,80.089493,81.739326,312.2995,-159.343216,486.799561,352.108826,-195.894302,94.391945,259.456116,-321.396637,56.597462,215.575623,-241.497574,65.908974,277.047089,181.05368,59.515343,218.676804,112.871658,65.127693,339.095917,49.381599,111.589226,308.653595,-6.215421,497.486877
269,0,229.563782,-218.428955,985.684814,223.821335,50.265404,1003.294373,408.583435,-121.671761,1012.949219,406.321991,-36.224892,1017.066467,308.468506,-264.144897,506.339966,374.11911,-288.765686,89.406433,421.048004,-246.251282,77.007652,305.857239,107.415359,498.813721,385.275421,135.493179,91.566864,427.190552,80.042213,81.697174,312.269287,-159.365707,486.758514,352.073761,-195.880753,94.43676,259.459442,-321.379303,56.594784,215.585709,-241.508301,65.927399,277.044312,181.056564,59.533649,218.675156,112.86441,65.085152,339.155457,49.389267,111.541733,308.549316,-6.286198,497.479095
270,0,229.470062,-218.470673,985.64563,223.792465,50.300949,1003.312134,408.638123,-121.750969,1013.041016,406.313385,-36.246269,1017.064819,308.538452,-264.140961,506.283752,374.201111,-288.722626,89.436951,421.074554,-246.267426,77.083633,305.841492,107.372894,498.804993,385.271759,135.47963,91.574821,427.194733,80.047958,81.76432,312.226135,-159.349701,486.803284,352.116089,-195.889648,94.401779,259.458954,-321.368347,56.581161,215.57811,-241.508698,65.925003,277.042694,181.057953,59.534309,218.708282,112.896698,65.138031,339.102264,49.369205,111.568916,308.605042,-6.239877,497.486572
271,0,229.418091,-218.449234,985.623901,223.730026,50.337196,1003.312134,408.547455,-121.710197,1012.911804,406.24234,-36.213737,1017.07959,308.425018,-264.089111,506.344604,374.214355,-288.748047,89.310829,421.130188,-246.19429,77.073357,305.803558,107.380722,498.799377,385.274261,135.469589,91.56308,427.19455,80.019691,81.741661,312.15921,-159.347061,486.782715,352.094543,-195.914612,94.361282,259.530945,-321.413605,56.505882,215.577225,-241.504944,65.922157,277.043213,181.065552,59.530102,218.718246,112.86879,65.150635,339.117279,49.382992,111.564148,308.588531,-6.237812,497.479919
272,0,229.433334,-218.43367,985.615234,223.770813,50.290073,1003.286499,408.628693,-121.753769,1012.968079,406.262665,-36.223019,1016.972046,308.433807,-264.087952,506.367371,374.249542,-288.704712,89.425812,421.026581,-246.232834,77.008339,305.810577,107.401131,498.802795,385.283264,135.466446,91.576149,427.205444,80.05616,81.735596,312.14502,-159.344055,486.790863,352.057312,-196.018433,94.404556,259.468597,-321.384094,56.592693,215.564438,-241.507019,65.918709,277.048035,181.023758,59.525391,218.691162,112.871391,65.120178,339.147583,49.375526,111.541306,308.540771,-6.229704,497.499237
273,0,229.471222,-218.419052,985.685425,223.667862,50.408455,1003.332947,408.598236,-121.696098,1013.006897,406.022736,-36.187439,1016.85968,308.377747,-264.08197,506.323578,374.153412,-288.735931,89.405968,421.116974,-246.301788,77.104065,305.742798,107.428345,498.819458,385.261169,135.501694,91.557808,427.21109,80.071175,81.731781,312.099152,-159.323776,486.778137,352.062927,-195.893295,94.40522,259.477325,-321.385468,56.592155,215.582169,-241.491135,65.924461,277.037598,181.057251,59.529938,218.664703,112.874062,65.129005,339.120758,49.390514,111.544891,308.518494,-6.239916,497.470734
274,0,229.449402,-218.387299,985.663086,223.561707,50.565464,1003.36084,408.585663,-121.653465,1013.011841,406.182343,-36.152481,1016.97168,308.362946,-264.085144,506.354736,374.256866,-288.705811,89.398529,421.097809,-246.258347,77.081696,305.740356,107.424675,498.799194,385.283051,135.494949,91.565292,427.192352,80.094254,81.720016,311.967957,-159.198074,486.732574,352.072296,-195.871628,94.398605,259.472168,-321.376617,56.573742,215.576599,-241.505508,65.913734,277.045746,181.046829,59.515728,218.704544,112.892982,65.123184,339.12677,49.361927,111.530571,308.4711,-6.278624,497.495422
275,0,229.36879,-218.379883,985.631836,223.646194,50.416519,1003.304504,408.471497,-121.580589,1012.903564,406.170349,-36.139042,1016.956909,308.405212,-264.055267,506.290924,374.174561,-288.734985,89.406151,421.092682,-246.216782,77.083412,305.725525,107.434929,498.800873,385.282318,135.497284,91.570023,427.203094,80.08358,81.719185,311.997925,-159.318634,486.734314,352.076508,-195.884811,94.385643,259.479767,-321.380005,56.594555,215.582748,-241.512238,65.913696,277.025116,181.065094,59.537971,218.677719,112.893059,65.153595,339.11264,49.384613,111.548111,308.533783,-6.222268,497.469025
276,0,229.338348,-218.400085,985.609863,223.535248,50.608944,1003.363586,408.585754,-121.673523,1012.909424,406.311218,-36.096893,1017.030334,308.3526,-264.079407,506.341766,374.168091,-288.716766,89.422188,421.122589,-246.260056,77.084656,305.740997,107.425735,498.775482,385.253021,135.484528,91.55658,427.213165,80.054123,81.749054,312.034058,-159.318848,486.782715,352.071136,-195.841629,94.423431,259.474274,-321.377747,56.587494,215.567688,-241.505356,65.925209,277.063568,181.053833,59.537582,218.690079,112.862503,65.141281,339.154114,49.420597,111.548927,308.412079,-6.314117,497.483612
277,0,229.480957,-218.310226,985.651855,223.509262,50.638561,1003.364563,408.502197,-121.560417,1012.826416,406.164337,-36.07811,1016.97168,308.362427,-264.057129,506.330444,374.207611,-288.715393,89.479179,421.110168,-246.261215,77.066223,305.724518,107.413025,498.793457,385.279694,135.492279,91.56469,427.339813,80.070152,81.732597,312.064484,-159.317856,486.768524,352.07785,-195.879318,94.402374,259.463867,-321.387054,56.599934,215.574585,-241.521729,65.916733,277.039673,181.066101,59.544079,218.690292,112.858414,65.1297,339.141022,49.371532,111.52951,308.50177,-6.209794,497.477203
278,0,229.46167,-218.308426,985.660828,223.495926,50.68964,1003.38208,408.582123,-121.574348,1012.897461,406.142914,-36.047634,1016.904358,308.366211,-264.042542,506.335663,374.215668,-288.69809,89.428795,421.105408,-246.259674,77.084,305.707825,107.443306,498.769104,385.283783,135.484528,91.561089,427.218109,80.070335,81.740852,311.993591,-159.307571,486.781769,352.06839,-195.895508,94.385788,259.45282,-321.373413,56.608082,215.576447,-241.504303,65.916237,277.039124,181.062271,59.533108,218.72966,112.887131,65.131577,339.087341,49.384171,111.532455,308.397644,-6.255335,497.482941
279,0,229.37648,-218.459686,985.691711,223.488602,50.712841,1003.392822,408.61084,-121.575821,1012.831116,406.166016,-36.015671,1016.878967,308.355591,-264.007782,506.316528,374.249573,-288.714508,89.409187,421.131439,-246.103561,77.049225,305.675385,107.467995,498.790558,385.272766,135.491196,91.552528,427.21167,80.087631,81.743919,311.975281,-159.295792,486.82608,352.053558,-195.865768,94.403107,259.479034,-321.38855,56.596394,215.58342,-241.501877,65.916779,277.056122,181.047546,59.525204,218.756134,112.862869,65.120628,339.105225,49.356354,111.524185,308.436035,-6.249487,497.486511
280,0,229.413223,-218.339005,985.608948,223.52359,50.683048,1003.380066,408.616364,-121.504677,1012.880554,406.139648,-35.96056,1016.92627,308.35202,-263.997864,506.326782,373.992157,-288.719391,89.462807,421.009796,-246.17421,76.948181,305.5625,107.577042,498.796265,385.278778,135.498627,91.550995,427.213654,80.094391,81.720604,311.992035,-159.16127,486.735138,352.084473,-195.860123,94.384666,259.472534,-321.352173,56.596733,215.562286,-241.506393,65.924736,277.049316,181.079239,59.544361,218.679443,112.876999,65.140007,339.11026,49.362103,111.519226,308.442291,-6.158948,497.502502
281,0,229.405502,-218.324097,985.628296,223.504684,50.732956,1003.406189,408.684906,-121.445557,1012.8479,406.148499,-35.935085,1016.883606,308.371613,-263.98111,506.307007,374.153961,-288.704987,89.327965,421.104065,-246.236343,77.062164,305.660706,107.496933,498.797119,385.250732,135.505569,91.548988,427.208313,80.108635,81.688751,312.00769,-159.2444,486.754303,352.106812,-195.852173,94.383987,259.465179,-321.371765,56.598827,215.575272,-241.506439,65.910454,277.038544,181.08284,59.555325,218.695465,112.889328,65.111832,339.123383,49.380436,111.508476,308.452789,-6.135024,497.502014
282,0,229.475281,-218.312866,985.609497,223.518661,50.752563,1003.401184,408.686829,-121.433022,1012.828613,406.16452,-35.923401,1016.877197,308.384735,-263.997894,506.316895,374.16394,-288.733795,89.339661,421.111603,-246.11438,77.034492,305.667664,107.497391,498.774475,385.272369,135.499725,91.547798,427.330444,80.094002,81.729881,312.0177,-159.236267,486.725006,352.040802,-195.848068,94.404785,259.445892,-321.388672,56.61013,215.577774,-241.495453,65.927399,277.01059,181.090912,59.563858,218.716675,112.861,65.105186,339.10321,49.377819,111.549797,308.421539,-6.176673,497.491272
283,0,229.491348,-218.2845,985.612366,223.54454,50.787689,1003.430725,408.707733,-121.457153,1012.829773,406.21701,-35.894157,1016.882446,308.366974,-264.017639,506.282104,374.126617,-288.707489,89.426804,421.144501,-246.126556,77.041237,305.691681,107.511856,498.781952,385.261902,135.501648,91.545219,427.216888,80.076782,81.736237,312.069519,-159.253525,486.754181,352.042755,-195.843567,94.387764,259.457336,-321.370819,56.607189,215.565689,-241.493958,65.942322,277.063843,181.059494,59.525379,218.693756,112.873184,65.097595,339.151459,49.394077,111.517097,308.436462,-6.177285,497.500702
284,0,229.533295,-218.24115,985.642883,223.605164,50.781315,1003.41748,408.750549,-121.394882,1012.799866,406.199799,-35.870182,1016.88446,308.411591,-263.953125,506.322327,374.154053,-288.708282,89.39753,421.193085,-246.136932,77.021767,305.691223,107.500427,498.783691,385.283722,135.517441,91.556519,427.223328,80.080368,81.722816,312.052551,-159.253998,486.794556,352.051849,-195.829224,94.387405,259.445282,-321.375366,56.622162,215.565552,-241.495926,65.935959,277.054901,181.069046,59.529774,218.755402,112.83532,65.101959,339.101257,49.378769,111.578743,308.398102,-6.147901,497.521576
