,,Lowerbody:LIAS,,,Lowerbody:RIAS,,,Lowerbody:LIPS,,,Lowerbody:RIPS,,,Lowerbody:LFLE,,,Lowerbody:LFAL,,,Lowerbody:LFCC,,,Lowerbody:RFLE,,,Lowerbody:RFAL,,,Lowerbody:RFCC,,,Lowerbody:LFME,,,Lowerbody:LTAM,,,Lowerbody:LFM5,,,Lowerbody:LFM1,,,Lowerbody:RFM5,,,Lowerbody:RFM1,,,Lowerbody:RTAM,,,Lowerbody:RFME,,
1,0,200.987503,-216.061722,926.710938,221.996078,38.569172,924.462097,388.141602,-128.990799,968.810486,395.316711,-48.981178,961.207336,284.457947,-260.830872,491.214539,369.217407,-289.975739,97.168304,414.382416,-249.475403,75.45166,288.980957,83.654465,481.077209,378.378021,128.986847,101.557571,415.126923,81.774872,70.888321,288.045563,-169.332321,478.993683,344.797272,-210.077072,103.840363,248.152725,-314.733063,49.85627,210.760162,-253.52829,59.976444,260.792114,170.18779,53.149174,216.143295,113.12561,62.080692,344.411652,53.73819,98.122925,284.89502,-10.292236,466.412872
2,0,200.967499,-216.06691,926.728088,221.972412,38.608303,924.47113,388.137604,-128.980621,968.848328,395.236267,-48.98819,961.240784,284.46991,-260.84668,491.230743,369.204315,-289.972412,97.18428,414.369629,-249.431335,75.472168,288.935211,83.663643,481.070099,378.407654,128.978195,101.533195,415.120056,81.759308,70.883293,287.983398,-169.264877,479.019287,344.812134,-210.053558,103.865601,248.151688,-314.746094,49.849846,210.77066,-253.528687,59.986378,260.778351,170.173889,53.164703,216.143997,113.127838,62.089596,344.425446,53.734055,98.126511,284.890259,-10.279733,466.394531
3,0,200.954514,-216.060394,926.729065,221.974792,38.597054,924.449402,388.482025,-129.128723,969.119812,394.984863,-48.977528,960.984741,284.450806,-260.835815,491.203033,369.210968,-289.962097,97.175499,414.359131,-249.440735,75.502068,288.953247,83.64196,481.06662,378.399109,128.975189,101.526314,415.101898,81.771339,70.902878,287.975677,-169.271896,479.034058,344.818604,-210.074783,103.836243,248.13504,-314.742035,49.881691,210.766266,-253.533066,59.983067,260.782074,170.186279,53.147724,216.110641,113.134285,62.090397,344.398865,53.799488,98.118584,284.854095,-10.283373,466.394806
4,0,200.897873,-216.070099,926.713745,221.907501,38.607914,924.459656,388.098724,-128.964127,968.879944,394.912231,-48.963692,960.991638,284.464203,-260.838501,491.216827,369.196747,-289.972321,97.174744,414.503448,-249.263153,75.580124,288.881958,83.668602,481.055603,378.379425,128.969986,101.524857,415.076111,81.766998,70.877136,287.086731,-168.369049,478.842896,344.818115,-210.059875,103.859276,248.148727,-314.728302,49.859119,210.752823,-253.536163,59.979202,260.800629,170.192902,53.154503,216.14679,113.134224,62.089836,344.426758,53.794853,98.112106,284.866699,-10.282089,466.386536
5,0,200.888611,-216.065247,926.716736,221.899368,38.600735,924.44989,388.064178,-128.96199,968.84613,394.87204,-48.96627,960.888672,284.442261,-260.848572,491.237701,369.252075,-289.964783,97.2033,414.394775,-249.473053,75.484665,288.947235,83.645447,481.073914,378.395813,128.974136,101.526596,415.153931,81.749214,70.900558,287.703552,-168.996475,479.018951,345.171814,-210.241226,103.975685,248.145111,-314.744843,49.858139,210.755219,-253.525818,59.979637,260.791626,170.186554,53.132473,216.152145,113.145706,62.086731,344.42337,53.808723,98.10714,284.897858,-10.277956,466.385712
6,0,200.840744,-216.055237,926.691895,221.88942,38.599464,924.449646,388.036743,-128.972366,968.905823,394.834839,-48.977985,960.916992,284.455353,-260.848969,491.221222,369.209412,-289.986847,97.202194,414.428802,-249.297409,75.741257,288.952789,83.623947,481.077667,378.384979,128.984985,101.518143,415.196869,81.693146,70.772331,287.850647,-169.130081,479.048981,344.836273,-210.083038,103.862679,248.166397,-314.759705,49.830044,210.784225,-253.536194,59.975399,260.820984,170.182709,53.121799,216.162231,113.142288,62.096027,344.452057,53.821884,98.112602,284.841553,-10.286149,466.401825
7,0,200.809387,-216.070358,926.677429,221.834457,38.616364,924.444275,388.405701,-129.072845,969.308167,394.766052,-48.960571,960.840698,284.442261,-260.840027,491.222137,369.228577,-289.975342,97.20668,414.398926,-249.463089,75.495514,288.895782,83.670151,481.084167,378.408081,128.987503,101.522461,415.187134,81.682312,70.774284,287.886505,-169.206543,479.001953,344.879791,-210.08783,103.852257,248.15358,-314.759216,49.849598,210.797546,-253.541977,59.963867,260.792053,170.191132,53.129139,216.155884,113.148888,62.103741,344.449585,53.804764,98.119766,284.846741,-10.299556,466.398376
8,0,200.791763,-216.066696,926.677856,221.803558,38.587715,924.452332,387.987274,-128.9953,968.897278,394.644379,-49.002987,960.714661,284.406433,-260.842529,491.164185,369.226685,-289.992859,97.210564,414.426636,-249.492111,75.443527,288.903168,83.639954,481.074005,378.371948,128.995895,101.536102,415.220795,81.676048,70.771835,287.581604,-168.930603,478.953156,344.878113,-210.104752,103.856293,248.150131,-314.755707,49.845779,210.779999,-253.537201,59.958729,260.794952,170.188766,53.127613,216.162186,113.130585,62.08548,344.460632,53.792747,98.106262,284.844727,-10.339953,466.400269
9,0,200.757278,-216.071075,926.669983,221.767975,38.593029,924.450928,387.976227,-129.002045,968.909851,394.716797,-48.989048,960.835754,284.413757,-260.839874,491.213043,369.238892,-289.990936,97.196335,414.439423,-249.529388,75.42926,288.940094,83.557571,481.046265,378.351196,128.982071,101.526939,415.218384,81.717575,70.891068,287.709351,-169.047424,478.962372,344.899139,-210.125046,103.864891,248.140259,-314.748535,49.859619,210.813568,-253.553268,59.958149,260.806427,170.174332,53.124931,216.156464,113.122864,62.106319,344.473602,53.750156,98.135643,284.843903,-10.353459,466.378357
10,0,200.747391,-216.084412,926.652588,221.737198,38.572052,924.447083,388.054016,-128.948547,969.062073,394.653046,-49.016792,960.83667,284.398773,-260.847504,491.129883,369.253143,-289.989166,97.232178,414.440002,-249.511078,75.442169,288.915283,83.567513,481.053528,378.345856,128.964447,101.52636,415.268646,81.724945,70.898155,287.522766,-168.612167,478.587402,345.190674,-210.263504,103.954155,248.122116,-314.733093,49.885151,210.805801,-253.570831,59.953396,260.842743,170.154755,53.128551,216.165024,113.133537,62.098621,344.487213,53.706509,98.13298,284.840302,-10.34558,466.361908
11,0,200.716522,-216.113724,926.635498,221.67868,38.57048,924.454834,388.213348,-129.110107,969.128174,394.646576,-49.007061,960.804871,284.415497,-260.85733,491.199951,369.274841,-289.985687,97.225609,414.451385,-249.494202,75.469612,288.945709,83.498253,481.068115,378.398682,128.995575,101.516602,415.221924,81.678101,70.884415,287.769257,-169.117371,478.987213,344.94873,-210.146317,103.861206,248.121048,-314.738373,49.877613,210.817352,-253.552429,59.949318,260.848541,170.144196,53.087734,216.151428,113.145981,62.11874,344.503906,53.693054,98.138969,284.814362,-10.376728,466.37854
12,0,200.706711,-216.111359,926.653992,221.656113,38.560505,924.451416,388.240326,-129.09169,969.184814,394.646393,-49.027191,960.83429,284.393707,-260.894684,491.130463,369.250153,-289.969208,97.216011,414.439575,-249.502121,75.446861,288.86618,83.525909,481.070587,378.369476,128.982895,101.522659,415.254944,81.632324,70.785454,287.781921,-169.140167,478.996429,344.953979,-210.132996,103.867935,248.128769,-314.734741,49.870415,210.816376,-253.566391,59.95771,260.805634,170.158386,53.114277,216.155472,113.135536,62.097595,344.489044,53.673244,98.133293,284.796539,-10.39332,466.394653
13,0,200.692139,-216.140427,926.644836,221.623184,38.557182,924.46582,388.162354,-129.121979,969.063843,394.599274,-49.043846,960.796082,284.334625,-260.883118,491.203125,369.23938,-290.022186,97.215157,414.457245,-249.499298,75.441986,288.854645,83.500954,481.071259,378.344849,128.967758,101.542206,415.29071,81.619377,70.791016,287.603821,-169.047638,478.95224,344.953613,-210.119736,103.87281,248.143204,-314.762238,49.856583,210.824112,-253.552826,59.935337,260.807861,170.162476,53.10754,216.159805,113.123749,62.114536,344.484894,53.654415,98.147552,284.754822,-10.393057,466.467682
14,0,200.685776,-216.150421,926.63623,221.629501,38.526108,924.452576,388.148895,-129.168335,969.073914,394.393982,-49.112759,960.536377,284.335663,-260.876831,491.200928,369.25528,-289.986755,97.222252,414.627319,-249.65155,75.412743,288.877106,83.44088,481.051025,378.345551,128.982544,101.572098,415.27594,81.659454,70.885864,287.678711,-169.102478,479.037598,344.944427,-210.144913,103.85453,248.11055,-314.737244,49.863152,210.808838,-253.558273,59.931427,260.815338,170.147446,53.106483,216.179276,113.110085,62.104679,344.530548,53.579987,98.170334,284.774139,-10.41304,466.398529
15,0,200.661835,-216.172455,926.649841,221.588486,38.516407,924.461487,387.903076,-129.089005,968.901428,394.511414,-49.083981,960.703491,284.334808,-260.893341,491.198364,369.25705,-289.996033,97.230927,414.501648,-249.584717,75.39875,288.842834,83.476547,481.058807,378.362793,128.944244,101.529823,415.282471,81.646126,70.949234,287.472046,-168.963989,478.977264,345.193573,-210.266525,103.958099,248.119034,-314.723816,49.852291,210.837708,-253.560013,59.921486,260.806549,170.166367,53.09481,216.166534,113.1166,62.108639,344.511322,53.57412,98.155502,284.731079,-10.428625,466.437683
16,0,200.697449,-216.046967,926.58905,221.610809,38.483486,924.458862,388.158386,-129.136978,969.152649,394.400787,-49.13736,960.548584,284.310211,-260.906006,491.089478,369.258575,-289.981812,97.227859,414.508331,-249.546219,75.434624,288.866272,83.408768,481.025238,378.354309,128.948471,101.541771,415.273682,81.652237,70.901474,287.587036,-169.059982,478.940918,344.953796,-210.150589,103.869125,248.123962,-314.737671,49.86261,210.841019,-253.568329,59.928574,260.813202,170.148071,53.092278,216.172653,113.13208,62.118374,344.531403,53.536701,98.175407,284.743744,-10.483408,466.401001
17,0,200.630478,-216.183655,926.631958,221.575806,38.448509,924.451294,387.884216,-129.120193,968.908813,394.633148,-49.140728,960.745239,284.300629,-260.94928,491.123047,369.249939,-290.005035,97.230064,414.629303,-249.642395,75.43737,288.848755,83.404968,481.043579,378.373444,128.927994,101.53141,415.279175,81.587593,70.811539,287.461212,-168.912491,478.991455,344.950989,-210.145462,103.865784,248.106415,-314.747894,49.89521,210.824585,-253.572113,59.930859,260.84433,170.133347,53.080429,216.172394,113.135017,62.129932,344.576111,53.503559,98.187874,284.731934,-10.489016,466.363403
18,0,200.617874,-216.195999,926.641174,221.539108,38.486214,924.460022,387.985901,-129.078857,968.800964,394.283325,-49.078156,960.449402,284.302094,-260.922455,491.111755,369.245728,-290.019897,97.232338,414.501953,-249.542892,75.442795,288.860138,83.345543,481.048096,378.362427,128.96228,101.580627,415.270935,81.636162,70.889763,287.638397,-169.092148,478.970154,344.960114,-210.150116,103.880905,248.12381,-314.746765,49.863426,210.831009,-253.577469,59.912022,260.823547,170.120087,53.07143,216.193512,113.146988,62.114655,344.545471,53.493759,98.162659,284.68512,-10.466502,466.391937
19,0,200.604507,-216.216782,926.644409,221.556519,38.449089,924.454895,387.790222,-129.098373,968.801514,394.432373,-49.149258,960.680359,284.299896,-260.932465,491.085449,369.259888,-290.017792,97.225365,414.617737,-249.630157,75.432655,288.824677,83.372871,481.031342,378.360596,128.931305,101.536346,415.302124,81.581642,70.815933,287.639221,-169.130386,478.996918,345.234436,-210.272858,103.96962,248.105026,-314.748505,49.865063,210.84227,-253.570618,59.926804,260.833191,170.148956,53.086884,216.197601,113.161346,62.099205,344.449066,53.6021,98.141838,284.742371,-10.513871,466.403198
20,0,200.580582,-216.239456,926.645386,221.521133,38.426868,924.458313,387.756989,-129.124344,968.812317,394.449921,-49.158691,960.717346,284.31665,-260.978271,491.097321,369.256958,-290.025665,97.207275,414.496582,-249.588287,75.412292,288.868896,83.322418,481.055786,378.320221,128.936996,101.569344,415.256012,81.659691,70.873856,287.191437,-168.771255,478.953705,344.962189,-210.157013,103.874969,248.104797,-314.766022,49.865757,210.801666,-253.563309,59.922993,260.820251,170.131851,53.078804,216.200485,113.145348,62.105373,344.457489,53.538292,98.170441,284.696655,-10.536317,466.352692
21,0,200.58577,-216.273087,926.66095,221.512589,38.413109,924.473206,387.774719,-129.141418,968.819519,394.226105,-49.20145,960.466248,284.284302,-260.990692,491.114227,369.247162,-290.011078,97.220459,414.507202,-249.567993,75.452225,288.867004,83.292068,481.057312,378.3573,128.945557,101.555901,415.264648,81.598877,70.795357,287.378326,-168.74411,478.624695,344.950653,-210.131973,103.879395,248.123001,-314.771667,49.851624,210.827835,-253.586121,59.941994,260.848877,170.139359,53.099918,216.202332,113.153275,62.116043,344.446533,53.569668,98.156036,284.688263,-10.555422,466.390625
22,0,200.555069,-216.287781,926.667542,221.49852,38.379086,924.447937,387.766907,-129.166672,968.814758,394.328674,-49.203144,960.595642,284.287994,-260.97702,491.210938,369.289062,-290.009857,97.228111,414.495239,-249.588058,75.384201,288.840912,83.32357,481.047791,378.33847,128.92099,101.532906,415.240021,81.591179,70.755089,287.624573,-169.180618,478.989838,344.908447,-210.154266,103.871597,248.12471,-314.759338,49.84285,210.841187,-253.585342,59.931442,260.838898,170.141098,53.090969,216.209015,113.164047,62.103775,344.489227,53.464661,98.191383,284.694336,-10.589412,466.403717
23,0,200.562637,-216.337708,926.657227,221.520996,38.34164,924.441589,388.017456,-129.263092,969.038513,394.372131,-49.211292,960.680542,284.283325,-260.991302,491.088867,369.265839,-290.042542,97.224083,414.515503,-249.586273,75.385895,288.838165,83.311646,481.04599,378.345703,128.941772,101.547737,415.277618,81.618851,70.863693,287.694397,-169.250488,478.984619,344.957092,-210.188461,103.870972,248.133667,-314.759766,49.850712,210.820526,-253.573273,59.934967,260.8414,170.147873,53.096493,216.191513,113.176025,62.119148,344.52713,53.472759,98.188492,284.755707,-10.552519,466.324066
24,0,200.567688,-216.347961,926.658752,221.473373,38.363285,924.44519,387.767761,-129.205063,968.832397,394.362152,-49.240719,960.62561,284.297577,-261.008575,491.092133,369.325775,-290.048615,97.253563,414.495972,-249.565384,75.46656,288.802094,83.313683,481.041443,378.379974,128.918365,101.561378,415.302551,81.632492,70.905769,287.696442,-169.28064,478.996643,345.21283,-210.276886,103.937973,248.122879,-314.764282,49.854519,210.832169,-253.590698,59.947006,260.80719,170.139084,53.106705,216.190842,113.172882,62.118446,344.525757,53.457024,98.172737,284.700867,-10.572238,466.39743
25,0,200.583603,-216.374008,926.700562,221.467972,38.329536,924.448975,387.798279,-129.230179,968.85199,394.398682,-49.264606,960.680847,284.337097,-261.060974,491.115967,369.260803,-290.040955,97.230095,414.488739,-249.569611,75.472427,288.814697,83.271553,481.069672,378.327057,128.941406,101.555168,415.268341,81.620422,70.888817,287.379944,-168.79747,478.600037,344.942413,-210.169174,103.879311,248.115463,-314.742981,49.849831,210.83931,-253.582977,59.947418,260.80899,170.146454,53.097763,216.181076,113.18399,62.128284,344.54187,53.400913,98.212402,284.728455,-10.61609,466.31839
26,0,200.593857,-216.400391,926.702271,221.476135,38.30304,924.457947,387.778931,-129.246399,968.811096,394.358276,-49.278454,960.641174,284.358704,-261.104797,491.141083,369.299011,-290.05838,97.234726,414.510681,-249.565567,75.435417,288.794464,83.275322,481.054932,378.318787,128.942642,101.566414,415.290131,81.589363,70.818207,287.476593,-168.845184,478.667419,344.944305,-210.176453,103.874466,248.101547,-314.764038,49.847786,210.834747,-253.598633,59.940586,260.840729,170.108963,53.095493,216.190582,113.177979,62.111057,344.505981,53.433182,98.186752,284.728119,-10.610093,466.30899
27,0,200.607346,-216.429581,926.694397,221.488846,38.283176,924.435608,387.834595,-129.240158,968.923157,394.328125,-49.324711,960.588867,284.363464,-261.093079,491.074799,369.311859,-290.074402,97.22757,414.503723,-249.555237,75.478355,288.820465,83.257889,481.041138,378.333038,128.911697,101.555435,415.295593,81.567902,70.805237,287.753448,-169.386841,478.968231,344.961273,-210.165604,103.878777,248.130341,-314.769196,49.843193,210.825943,-253.602142,59.946365,260.786255,170.164825,53.107147,216.188766,113.167427,62.101425,344.552277,53.367012,98.184509,284.696747,-10.63479,466.336243
28,0,200.610565,-216.456528,926.708618,221.474548,38.264664,924.428101,387.850891,-129.264084,968.914307,394.420715,-49.312729,960.732361,284.356964,-261.091827,491.23053,369.279144,-290.053192,97.205009,414.50827,-249.587051,75.408737,288.796387,83.266785,481.038483,378.364929,128.920181,101.55088,415.268158,81.627579,70.897659,287.644653,-169.049088,478.731873,344.944611,-210.173019,103.888199,248.126129,-314.805084,49.862179,210.811981,-253.591568,59.938412,260.807037,170.150589,53.092407,216.180908,113.18856,62.108234,344.362793,53.50473,98.317352,284.651245,-10.658366,466.424255
29,0,200.693237,-216.330643,926.648865,221.477158,38.244003,924.44104,387.829498,-129.289276,968.870911,394.336273,-49.360966,960.604919,284.375946,-261.115967,491.12204,369.261536,-290.058258,97.222282,414.491669,-249.547882,75.426155,288.807556,83.266212,481.057892,378.351837,128.901627,101.534348,415.276978,81.617828,70.871758,287.375031,-168.986603,478.931519,345.188843,-210.282333,103.970108,248.115463,-314.752563,49.843353,210.82373,-253.591568,59.94931,260.828369,170.134399,53.106884,216.19101,113.178352,62.110573,344.508331,53.390804,98.189842,284.738586,-10.629048,466.291595
30,0,200.669296,-216.468811,926.702148,221.477249,38.212326,924.450317,387.81955,-129.310257,968.893738,394.380524,-49.317142,960.749573,284.357849,-261.095581,491.218903,369.288757,-290.050751,97.210556,414.477325,-249.511551,75.464043,288.844116,83.264275,481.053619,378.36969,128.90976,101.538559,415.299561,81.61161,70.891251,287.634644,-169.042267,478.758698,344.948944,-210.182892,103.884979,248.130142,-314.773621,49.839676,210.822754,-253.586655,59.947418,260.821503,170.128754,53.097702,216.196869,113.179764,62.099846,344.581329,53.340557,98.205521,284.760559,-10.666175,466.316711
31,0,200.672913,-216.496048,926.695496,221.461166,38.206924,924.42627,387.877197,-129.265656,968.991516,394.478241,-49.332809,960.791565,284.387939,-261.12738,491.126404,369.278076,-290.046143,97.201973,414.497284,-249.523193,75.502075,288.884735,83.211761,481.058746,378.35257,128.920975,101.558044,415.282043,81.62323,70.859009,287.689117,-169.310593,478.975555,344.95694,-210.204681,103.87796,248.121292,-314.763641,49.860493,210.824982,-253.595001,59.941486,260.821655,170.124634,53.094994,216.191238,113.168716,62.114807,344.578369,53.282681,98.193893,284.808838,-10.683445,466.332855
32,0,200.693436,-216.510223,926.683777,221.478378,38.173626,924.435242,387.824158,-129.302826,968.863281,394.459564,-49.336628,960.801086,284.408661,-261.158325,491.118927,369.293579,-290.070129,97.203354,414.467194,-249.540924,75.449295,288.799408,83.305,481.069641,378.355286,128.908386,101.529991,415.310791,81.590866,70.804169,287.785065,-169.426102,479.018646,344.955627,-210.212433,103.88549,248.131607,-314.788635,49.841198,210.849899,-253.596283,59.949852,260.836914,170.111359,53.098106,216.190094,113.167786,62.127357,344.611572,53.296158,98.20031,284.825928,-10.696837,466.350403
33,0,200.715698,-216.522369,926.705078,221.476456,38.179356,924.433899,387.844666,-129.291229,968.88031,394.487366,-49.345478,960.817749,284.42984,-261.160248,491.115936,369.30722,-290.067017,97.207115,414.472443,-249.529694,75.412964,288.81012,83.294724,481.071075,378.3284,128.939743,101.566139,415.272919,81.619629,70.867096,287.511841,-168.968307,478.654297,345.227264,-210.323105,103.955055,248.109146,-314.783661,49.863712,210.838379,-253.611481,59.951134,260.808533,170.151794,53.103893,216.190643,113.147415,62.126923,344.596313,53.326748,98.186424,284.828644,-10.68747,466.279266
34,0,200.742462,-216.517609,926.716125,221.502945,38.157097,924.425354,387.874939,-129.300858,968.929321,394.53183,-49.356667,960.86322,284.42337,-261.186371,491.132416,369.260895,-290.051208,97.206337,414.455048,-249.515915,75.439117,288.852234,83.248779,481.057617,378.348145,128.935638,101.564201,415.281036,81.605301,70.858879,287.669373,-169.052963,478.712555,344.936218,-210.178558,103.888077,248.117935,-314.78894,49.841831,210.839783,-253.602661,59.939934,260.839264,170.141342,53.120457,216.1884,113.169647,62.126476,344.595581,53.330616,98.20031,284.825989,-10.678501,466.263458
35,0,200.75441,-216.537735,926.709656,221.513718,38.189922,924.409241,387.923096,-129.274612,968.974609,394.610229,-49.336128,960.927185,284.433075,-261.144043,491.238159,369.305298,-290.088501,97.201363,414.462463,-249.536179,75.444077,288.838196,83.273315,481.052734,378.351196,128.910309,101.546082,415.286774,81.619476,70.823631,287.809113,-169.450867,479.011108,344.957336,-210.199387,103.878593,248.126572,-314.770264,49.82021,210.837204,-253.591476,59.952686,260.80896,170.142593,53.112137,216.20015,113.151825,62.124187,344.578613,53.319248,98.215042,284.829498,-10.667342,466.292114
36,0,200.764481,-216.5289,926.731995,221.535553,38.175659,924.417114,387.921387,-129.304489,968.943359,394.419556,-49.339043,960.743103,284.43515,-261.158813,491.226532,369.330719,-290.091309,97.209335,414.478943,-249.549316,75.465897,288.747437,83.336723,481.067627,378.338593,128.918655,101.543404,415.252136,81.626633,70.876846,287.782043,-169.178146,478.738708,344.964966,-210.216446,103.879387,248.145523,-314.772003,49.828884,210.830368,-253.585938,59.943661,260.812531,170.146698,53.115894,216.185257,113.15834,62.129864,344.574615,53.354847,98.179665,284.792694,-10.679842,466.342255
37,0,200.775742,-216.524597,926.718262,221.582092,38.154045,924.406555,387.907288,-129.291763,968.828735,394.525116,-49.324413,960.722473,284.42334,-261.176208,491.227936,369.280487,-290.071289,97.201599,414.444122,-249.533752,75.434082,288.807159,83.303612,481.072968,378.353699,128.904953,101.526161,415.300842,81.616974,70.889221,287.576569,-168.974106,478.676208,345.234894,-210.327591,103.95163,248.124756,-314.783569,49.832619,210.843506,-253.59314,59.958313,260.817535,170.135315,53.114422,216.202667,113.146492,62.144947,344.625214,53.302113,98.181755,284.782288,-10.664471,466.307281
38,0,200.795135,-216.520493,926.708191,221.558807,38.209,924.43103,387.934021,-129.298706,968.900024,394.593842,-49.357605,960.788757,284.426971,-261.178589,491.143158,369.315796,-290.099213,97.207527,414.473816,-249.575623,75.396332,288.819153,83.311172,481.06424,378.370758,128.914291,101.547173,415.270355,81.637848,70.901146,287.835327,-169.526779,478.960052,344.982849,-210.224075,103.866798,248.112564,-314.781403,49.841763,210.850082,-253.594635,59.950993,260.800323,170.142014,53.136776,216.184921,113.154846,62.142441,344.605133,53.29884,98.18158,284.829071,-10.657279,466.381683
39,0,200.795914,-216.500946,926.720398,221.625504,38.178482,924.427673,387.937317,-129.304062,968.856323,394.657227,-49.342236,960.830933,284.412354,-261.153687,491.23407,369.28952,-290.071655,97.185432,414.516876,-249.576538,75.434494,288.811584,83.31382,481.079468,378.364929,128.908401,101.543259,415.239563,81.616669,70.843529,287.752716,-169.181519,478.778992,344.965729,-210.245682,103.862495,248.133499,-314.770111,49.848991,210.845566,-253.582901,59.934982,260.823822,170.146805,53.112926,216.169052,113.152588,62.130756,344.609955,53.322948,98.20134,284.862854,-10.672935,466.404449
40,0,200.846222,-216.503571,926.736023,221.653076,38.199642,924.433594,387.97229,-129.286499,968.89624,394.669556,-49.339252,960.813416,284.432617,-261.170349,491.143799,369.281158,-290.088745,97.200867,414.491272,-249.582092,75.411285,288.825134,83.318649,481.085693,378.368408,128.921387,101.54863,415.308594,81.64238,70.902267,287.594238,-169.013885,478.673584,344.93338,-210.184296,103.878044,248.14502,-314.779175,49.849022,210.854675,-253.598953,59.949486,260.786987,170.136017,53.113567,216.196686,113.140068,62.142529,344.591461,53.331295,98.180908,284.809448,-10.667993,466.371216
41,0,200.841019,-216.492188,926.723145,221.639343,38.254803,924.44574,387.990814,-129.272766,968.856079,394.691498,-49.323814,960.802307,284.416199,-261.136353,491.234619,369.277313,-290.061615,97.206154,414.486572,-249.552673,75.432983,288.890808,83.270454,481.070557,378.345123,128.9366,101.544777,415.266235,81.640671,70.863503,287.899536,-169.502304,478.964935,344.953583,-210.205688,103.889626,248.115387,-314.789459,49.838638,210.838242,-253.599884,59.946323,260.831757,170.11702,53.109573,216.195328,113.135315,62.131348,344.575409,53.329224,98.21106,284.865051,-10.633363,466.267944
42,0,200.872101,-216.500473,926.751282,221.699249,38.233768,924.437256,388.035675,-129.25264,968.885925,394.516052,-49.328766,960.527527,284.439667,-261.149963,491.123383,369.302063,-290.070221,97.189728,414.460419,-249.537735,75.442146,288.908203,83.268387,481.082672,378.365967,128.936218,101.537041,415.317566,81.653915,70.901329,287.847748,-169.458862,478.998444,344.949524,-210.185486,103.882774,248.139603,-314.754028,49.831188,210.834961,-253.587814,59.950214,260.820465,170.13588,53.104858,216.177307,113.141853,62.141338,344.574158,53.369991,98.184624,284.787506,-10.614123,466.397003
43,0,200.875778,-216.498993,926.726379,221.697098,38.24704,924.440308,387.997925,-129.250824,968.8349,394.681671,-49.28006,960.735229,284.420135,-261.107391,491.19104,369.276825,-290.066833,97.197235,414.470795,-249.557297,75.432243,288.846954,83.328995,481.088318,378.354004,128.936691,101.543556,415.257843,81.587318,70.706596,287.480835,-168.868454,478.59671,344.948486,-210.189636,103.855667,248.126099,-314.791199,49.851318,210.848312,-253.586441,59.95998,260.82782,170.142181,53.11409,216.200546,113.1306,62.127182,344.537354,53.460438,98.153885,284.796082,-10.590448,466.378021
44,0,200.88414,-216.484024,926.728882,221.692886,38.258316,924.45874,387.997833,-129.250214,968.813721,394.709991,-49.289848,960.772583,284.440338,-261.123596,491.198303,369.291901,-290.071136,97.183174,414.664825,-249.708664,75.379784,288.898224,83.281754,481.079254,378.363922,128.907898,101.529533,415.303894,81.647293,70.858284,287.711731,-169.082703,478.730042,344.970123,-210.220459,103.844856,248.119568,-314.773712,49.863342,210.850922,-253.601456,59.952358,260.819611,170.142517,53.125648,216.180481,113.145691,62.123695,344.550842,53.425224,98.155312,284.828644,-10.610967,466.290833
45,0,200.903458,-216.477692,926.724243,221.728149,38.268375,924.45459,388.065948,-129.225204,968.922363,394.624359,-49.290737,960.602478,284.401642,-261.102661,491.219055,369.273163,-290.068939,97.191551,414.491974,-249.557816,75.464203,288.956787,83.243271,481.069244,378.407776,128.921188,101.521637,415.263733,81.638069,70.874985,287.578857,-168.985336,478.626434,344.983154,-210.227753,103.863594,248.150757,-314.763184,49.824486,210.851685,-253.604172,59.950779,260.811188,170.138428,53.114727,216.195511,113.131279,62.133678,344.509399,53.498032,98.170166,284.846832,-10.60094,466.335632
46,0,200.912354,-216.449951,926.747742,221.718628,38.316132,924.449097,388.061218,-129.245972,968.924683,394.632446,-49.286709,960.612915,284.435638,-261.097382,491.232758,369.305634,-290.078064,97.196724,414.497284,-249.575943,75.420906,288.972839,83.249855,481.086151,378.363464,128.937851,101.534767,415.326904,81.655937,70.908127,287.721222,-169.338684,478.908478,344.926697,-210.193085,103.836899,248.126968,-314.74884,49.847729,210.844376,-253.589981,59.942829,260.82373,170.141266,53.107285,216.205826,113.126389,62.114098,344.545258,53.448761,98.144356,284.88382,-10.58506,466.41864
47,0,200.925842,-216.445709,926.718567,221.763687,38.309158,924.457336,388.060089,-129.234451,968.918762,394.708679,-49.284298,960.730347,284.438232,-261.107819,491.125031,369.302856,-290.062195,97.193405,414.525757,-249.575851,75.415489,288.961548,83.2687,481.08078,378.37088,128.925201,101.512039,415.266571,81.623665,70.85968,287.811462,-169.3526,478.970734,344.894257,-210.187103,103.838318,248.132034,-314.766479,49.840054,210.825623,-253.584412,59.948776,260.836975,170.134277,53.102592,216.183731,113.13958,62.107044,344.556244,53.430687,98.166565,284.84198,-10.526828,466.440918
48,0,200.922287,-216.426086,926.709839,221.747406,38.361153,924.467529,388.07309,-129.22139,968.828064,394.709656,-49.259991,960.706909,284.437622,-261.061249,491.217926,369.275818,-290.069031,97.19043,414.493011,-249.560989,75.419319,288.968292,83.288582,481.082184,378.367798,128.948074,101.553085,415.283112,81.651703,70.897194,287.623291,-169.164444,478.989655,345.228882,-210.314987,103.945694,248.131699,-314.755127,49.830727,210.836411,-253.578064,59.947598,260.845917,170.13092,53.104565,216.194931,113.124283,62.133923,344.553223,53.443146,98.167847,284.839417,-10.563652,466.3974
49,0,200.944748,-216.424225,926.725281,221.782608,38.357388,924.485352,388.063232,-129.213593,968.775818,394.755463,-49.231834,960.697571,284.419922,-261.070587,491.130646,369.278595,-290.056274,97.200989,414.513672,-249.574997,75.4151,288.984863,83.296326,481.072693,378.355988,128.926468,101.542206,415.289459,81.642944,70.865616,287.704773,-168.995621,478.757538,345.197052,-210.280334,103.936508,248.105392,-314.755096,49.858555,210.832092,-253.585693,59.92643,260.824127,170.151901,53.120575,216.191589,113.134132,62.134056,344.57962,53.454288,98.163376,284.884644,-10.548924,466.468689
50,0,200.998489,-216.420685,926.746887,221.812973,38.369152,924.479248,388.108521,-129.19426,968.829102,394.782043,-49.216427,960.677612,284.404907,-261.033234,491.238495,369.270966,-290.063873,97.182411,414.499207,-249.563171,75.407822,289.004333,83.279999,481.088806,378.375305,128.957367,101.540726,415.325317,81.594299,70.798546,287.702332,-169.219971,479.039368,344.955719,-210.192734,103.847847,248.114105,-314.755219,49.8624,210.838821,-253.574814,59.922417,260.815704,170.15657,53.110741,216.194412,113.133865,62.125599,344.552429,53.513599,98.1539,284.873688,-10.55438,466.404877
51,0,201.001602,-216.404343,926.756775,221.814713,38.39397,924.492981,388.132019,-129.187729,968.843933,394.791321,-49.228664,960.694092,284.424194,-261.033325,491.117371,369.268066,-290.031097,97.215607,414.496307,-249.559372,75.452927,289.001831,83.276497,481.089294,378.379639,128.944412,101.539757,415.323486,81.665894,70.86763,287.420258,-168.815308,478.632263,345.21582,-210.321899,103.94239,248.115036,-314.750244,49.848896,210.817368,-253.581726,59.950432,260.815125,170.1521,53.113041,216.200607,113.134995,62.131172,344.493195,53.523621,98.148674,284.917816,-10.538688,466.496704
52,0,201.038254,-216.413467,926.763,221.829559,38.407616,924.509033,388.210602,-129.15654,968.986694,394.864777,-49.213966,960.719666,284.405792,-261.013397,491.242828,369.285004,-290.067383,97.184921,414.495941,-249.585785,75.407089,289.016235,83.284233,481.094086,378.353333,128.92482,101.508011,415.300903,81.598259,70.775284,287.537781,-168.87114,478.661957,345.018616,-210.216965,103.860847,248.116364,-314.757202,49.867062,210.845901,-253.575439,59.939293,260.806122,170.14064,53.1021,216.217819,113.139671,62.123825,344.588531,53.434364,98.15921,284.878113,-10.529073,466.465607
53,0,201.08519,-216.398773,926.759644,221.862595,38.424217,924.516541,388.1922,-129.148712,968.826233,394.946533,-49.179073,960.750793,284.405273,-261.006531,491.237427,369.282959,-290.045074,97.202103,414.476227,-249.54274,75.415977,288.965942,83.332741,481.097931,378.40271,128.919846,101.510506,415.312378,81.65947,70.86911,287.642883,-168.960281,478.698761,344.990356,-210.196732,103.846695,248.102966,-314.738129,49.886806,210.835114,-253.590012,59.942829,260.840118,170.137604,53.100513,216.208893,113.137779,62.119701,344.47229,53.538559,98.147667,284.850189,-10.523011,466.43161
54,0,201.109985,-216.412003,926.772583,221.86937,38.444454,924.517395,388.245087,-129.156128,968.820251,394.923859,-49.13958,960.700745,284.383698,-260.989166,491.209869,369.268982,-290.041504,97.186478,414.467957,-249.522003,75.424957,288.9823,83.357262,481.086273,378.371429,128.938263,101.526817,415.304901,81.615486,70.800095,287.5448,-168.912292,478.638824,344.988281,-210.206451,103.840034,248.09494,-314.74588,49.882915,210.812927,-253.575348,59.965992,260.835114,170.113113,53.087658,216.200516,113.137619,62.133896,344.489868,53.531048,98.165398,284.875397,-10.503091,466.45932
55,0,201.185516,-216.251144,926.710815,221.946671,38.421482,924.518616,388.235382,-129.131226,968.777527,395.091461,-49.138802,960.812988,284.420654,-261.014496,491.114105,369.30191,-290.039429,97.207199,414.473663,-249.547913,75.408577,288.973083,83.372589,481.103943,378.376404,128.964203,101.530624,415.330383,81.632225,70.799477,287.52774,-169.089828,478.993927,344.970123,-210.186142,103.861649,248.111664,-314.751648,49.87447,210.828949,-253.571625,59.951366,260.817841,170.147507,53.10672,216.211853,113.141129,62.132957,344.531372,53.470303,98.178902,284.901947,-10.482336,466.519196
56,0,201.171524,-216.369034,926.759094,221.972916,38.410526,924.541687,388.235626,-129.118439,968.720154,394.956848,-49.153255,960.673279,284.415558,-260.984039,491.212494,369.282074,-290.042114,97.208611,414.500305,-249.588257,75.376701,288.976929,83.389793,481.098358,378.375366,128.947723,101.524223,415.324524,81.622353,70.775841,287.570953,-168.91275,478.659302,344.932343,-210.16124,103.843216,248.121765,-314.744171,49.855129,210.831924,-253.577118,59.940666,260.816467,170.145737,53.107693,216.193481,113.138275,62.129971,344.528564,53.47773,98.173454,284.911438,-10.48418,466.484924
57,0,201.209656,-216.362869,926.765686,221.99118,38.454784,924.530945,388.34259,-129.104538,968.928162,394.881287,-49.130726,960.54364,284.406372,-260.993927,491.222748,369.264618,-290.012939,97.199509,414.45401,-249.50856,75.444061,289.013763,83.414215,481.117432,378.384094,128.968323,101.518188,415.304108,81.633591,70.793594,287.667572,-168.940033,478.73349,345.214203,-210.281372,103.937378,248.100891,-314.739319,49.855587,210.820938,-253.577286,59.950592,260.825623,170.139694,53.117664,216.208252,113.139198,62.131969,344.550201,53.461334,98.177536,284.936493,-10.484382,466.4758
58,0,201.275269,-216.221558,926.727478,221.966614,38.453156,924.539246,388.287109,-129.112564,968.780701,394.836609,-49.156799,960.527161,284.428925,-261.021088,491.143433,369.290894,-290.067017,97.183014,414.473419,-249.54039,75.401558,289.053558,83.400887,481.13266,378.358032,128.972198,101.541885,415.306885,81.678886,70.868988,287.607971,-169.102844,478.971008,344.963867,-210.156815,103.846306,248.127136,-314.745056,49.873074,210.843231,-253.56221,59.933311,260.81781,170.165436,53.118477,216.19249,113.142723,62.13755,344.54306,53.486763,98.174744,284.980774,-10.479814,466.527374
59,0,201.290283,-216.231201,926.705994,222.016006,38.450504,924.54541,388.305969,-129.114532,968.7677,394.935699,-49.159996,960.534424,284.398224,-260.961639,491.211975,369.271759,-290.020142,97.185829,414.500397,-249.553818,75.357368,289.079132,83.393463,481.10788,378.355499,128.952881,101.521835,415.29834,81.677979,70.863457,287.670685,-169.133575,478.997742,344.944122,-210.161026,103.853271,248.126953,-314.750366,49.86018,210.839813,-253.576874,59.957817,260.807983,170.133377,53.124737,216.213348,113.140564,62.147144,344.570007,53.447678,98.168938,285.048004,-10.480782,466.526794
60,0,201.280121,-216.358444,926.759277,222.043808,38.444771,924.547852,388.402252,-129.049637,968.861633,395.077423,-49.107021,960.695984,284.433075,-260.990051,491.220184,369.297668,-290.036377,97.197906,414.505524,-249.561783,75.333046,289.089783,83.375877,481.125244,378.392487,128.955338,101.524895,415.339264,81.609093,70.775719,287.358002,-168.699554,478.589661,344.972015,-210.173752,103.828514,248.098206,-314.751648,49.880917,210.850952,-253.578094,59.940163,260.819702,170.130722,53.127777,216.201767,113.1175,62.129318,344.628052,53.36768,98.197853,284.970245,-10.474773,466.400909
61,0,201.345825,-216.23407,926.725037,222.077896,38.461128,924.528442,388.358337,-129.090729,968.821838,395.014587,-49.110188,960.607849,284.430328,-260.992737,491.233124,369.278351,-290.028137,97.190796,414.490234,-249.54599,75.389633,289.07254,83.414963,481.11911,378.373535,128.972046,101.524498,415.342194,81.663528,70.875481,287.668762,-169.147018,479.010773,345.008606,-210.193192,103.822968,248.095627,-314.745331,49.887524,210.845795,-253.57074,59.957211,260.814026,170.133957,53.112316,216.196945,113.128822,62.137829,344.52652,53.480072,98.199066,284.970703,-10.490999,466.433563
62,0,201.341003,-216.3293,926.789734,222.068405,38.486965,924.529114,388.476837,-129.040512,968.913513,395.024536,-49.100609,960.603088,284.402222,-260.979614,491.261261,369.260315,-290.026642,97.161476,414.470642,-249.52507,75.430916,289.10733,83.406326,481.112793,378.410797,128.986588,101.528244,415.323761,81.691902,70.862358,287.64325,-169.090149,478.967621,344.992432,-210.179199,103.840858,248.126373,-314.748749,49.856304,210.843903,-253.563965,59.95557,260.82132,170.123001,53.097076,216.197311,113.131569,62.137264,344.542664,53.439613,98.203903,284.961914,-10.477765,466.536499
63,0,201.361145,-216.324814,926.776794,222.082962,38.508099,924.552246,388.437012,-129.103088,968.817932,395.021088,-49.070873,960.53717,284.432312,-260.973907,491.228363,369.281128,-290.029907,97.190659,414.570557,-249.436462,75.448036,289.101898,83.396935,481.116028,378.389679,128.976349,101.495758,415.32962,81.666,70.85965,287.545746,-168.785324,478.623688,344.974213,-210.156586,103.828964,248.117844,-314.730835,49.88382,210.83432,-253.561584,59.961803,260.81604,170.141968,53.118725,216.194214,113.137642,62.131287,344.564636,53.439545,98.179985,284.99469,-10.483505,466.551514
64,0,201.389709,-216.311752,926.773315,222.108856,38.520325,924.545227,388.507202,-129.024185,968.921936,395.138641,-49.0891,960.651917,284.454895,-260.98056,491.238739,369.260193,-290.017426,97.186119,414.457123,-249.548386,75.394615,289.054688,83.468224,481.111115,378.350616,128.961182,101.526863,415.288422,81.682541,70.845245,287.515015,-168.88652,479.027649,345.279358,-210.266464,103.926826,248.144226,-314.738129,49.834656,210.835052,-253.573563,59.946266,260.815491,170.14653,53.092503,216.203674,113.139214,62.126221,344.538879,53.471325,98.173706,285.002441,-10.488019,466.511658
65,0,201.409195,-216.307663,926.773376,222.157471,38.515022,924.559448,388.465698,-129.073303,968.745667,395.180542,-49.055534,960.658081,284.461792,-260.979645,491.15799,369.309479,-290.049957,97.196205,414.47821,-249.55011,75.385162,289.053162,83.431023,481.105652,378.38327,129.001358,101.514046,415.318634,81.721344,70.880676,287.28775,-168.772018,478.871613,345.253418,-210.314621,103.929718,248.123398,-314.75531,49.849258,210.827866,-253.566437,59.956116,260.825928,170.126282,53.09042,216.210144,113.141182,62.123497,344.634583,53.360092,98.221191,285.025909,-10.505944,466.526489
66,0,201.419479,-216.304581,926.775818,222.182587,38.519249,924.545715,388.548706,-129.07103,968.799988,395.104126,-49.10701,960.483154,284.463837,-260.971222,491.250793,369.292572,-290.03006,97.193375,414.487122,-249.569046,75.38205,289.080627,83.397537,481.086731,378.390228,128.975266,101.50425,415.352905,81.67305,70.864449,287.744995,-169.188065,478.92688,344.955048,-210.169449,103.834,248.102036,-314.762634,49.880749,210.838303,-253.580933,59.948174,260.805267,170.133377,53.101116,216.194336,113.120872,62.125893,344.514069,53.458019,98.18132,285.015381,-10.450547,466.556824
67,0,201.446091,-216.307037,926.795654,222.197647,38.524902,924.570862,388.526062,-129.066086,968.758301,395.218048,-49.093662,960.529419,284.511749,-260.985809,491.167175,369.287659,-290.026947,97.177536,414.5401,-249.586166,75.382278,289.039825,83.434723,481.097717,378.401917,128.973816,101.500374,415.323029,81.642708,70.772736,287.678589,-169.116089,478.943512,344.951904,-210.158875,103.845924,248.101715,-314.74649,49.910301,210.844315,-253.590561,59.949207,260.815887,170.151871,53.100132,216.178314,113.12429,62.133415,344.629242,53.368107,98.193764,284.9953,-10.47672,466.517212
68,0,201.520233,-216.327988,926.8125,222.209076,38.539215,924.559265,388.582031,-129.06105,968.775024,395.262085,-49.043869,960.624512,284.508575,-260.971497,491.261414,369.309906,-290.045227,97.191666,414.529602,-249.594513,75.349648,289.120087,83.367645,481.125183,378.349243,128.95871,101.512337,415.32489,81.693069,70.838318,287.717651,-169.140213,478.969147,344.999359,-210.189072,103.853432,248.117874,-314.74353,49.878212,210.854065,-253.56778,59.962318,260.802155,170.137924,53.109386,216.212357,113.120262,62.12571,344.617371,53.370815,98.212234,284.981415,-10.462556,466.531403
69,0,201.546478,-216.329071,926.813354,222.249161,38.549343,924.568054,388.663208,-128.997421,968.782837,395.472656,-48.989677,960.709717,284.510223,-260.997162,491.164948,369.333008,-290.028992,97.180519,414.513092,-249.546997,75.370293,289.070404,83.435936,481.111755,378.379639,128.99115,101.526657,415.325562,81.672089,70.830345,287.468262,-168.691376,478.576965,345.01297,-210.215607,103.819321,248.123825,-314.740295,49.858379,210.847244,-253.589722,59.96183,260.811188,170.136719,53.118687,216.195435,113.123268,62.128937,344.59436,53.407673,98.221603,284.999939,-10.466324,466.408722
70,0,201.609024,-216.364227,926.827881,222.306778,38.511463,924.581482,388.600952,-129.046692,968.745361,395.858795,-48.964222,961.012512,284.531189,-260.966309,491.263916,369.317322,-290.05426,97.187454,414.495453,-249.543945,75.387482,289.12088,83.400574,481.105682,378.383087,129.019073,101.501884,415.353241,81.684517,70.862595,287.683014,-168.830994,478.657288,345.015656,-210.161057,103.842911,248.134415,-314.751007,49.874184,210.840714,-253.556107,59.946934,260.819489,170.156036,53.107666,216.205063,113.131218,62.122486,344.59494,53.432388,98.179939,285.158142,-10.247513,466.641632
71,0,201.637177,-216.380798,926.843323,222.314819,38.528522,924.586731,388.695282,-129.030991,968.736938,395.60965,-48.972366,960.781494,284.551941,-260.988647,491.168243,369.311737,-290.025604,97.200432,414.494873,-249.550034,75.395081,289.14093,83.401794,481.120239,378.396088,128.998383,101.501198,415.349365,81.708191,70.884552,287.886169,-169.214417,478.996307,344.975098,-210.159348,103.820335,248.110458,-314.749634,49.899097,210.844711,-253.567093,59.940941,260.795227,170.164032,53.112106,216.202393,113.121696,62.136784,344.553619,53.440605,98.222687,285.200134,-10.287362,466.539215
72,0,201.666229,-216.395309,926.838745,222.342102,38.522419,924.594421,388.639984,-129.049759,968.73468,395.667633,-48.962753,960.814148,284.573547,-260.962158,491.277893,369.300812,-290.022644,97.190704,414.483459,-249.548508,75.378471,289.133728,83.381096,481.09967,378.347626,128.989883,101.501854,415.293823,81.689674,70.841873,287.860596,-169.178696,479.014435,344.939087,-210.155075,103.829483,248.10614,-314.740234,49.874233,210.841827,-253.594513,59.950523,260.802612,170.140915,53.096691,216.195267,113.122314,62.131275,344.608826,53.436497,98.191193,285.215546,-10.286333,466.525177
73,0,201.691132,-216.415436,926.839661,222.367645,38.510807,924.591431,388.72644,-129.03067,968.744995,395.572571,-49.023556,960.545166,284.551514,-260.975281,491.278259,369.282959,-290.016663,97.206337,414.471924,-249.524872,75.430672,289.128906,83.411156,481.1091,378.364807,128.996567,101.508926,415.319824,81.69297,70.834969,287.860596,-169.222092,478.992676,345.256195,-210.288788,103.922882,248.105286,-314.745087,49.89843,210.852448,-253.569656,59.94223,260.814087,170.142776,53.114815,216.20787,113.121834,62.136391,344.549652,53.441315,98.206268,285.229858,-10.254315,466.662384
74,0,201.710068,-216.424088,926.854187,222.410385,38.504375,924.615234,388.816284,-129.036438,968.787109,395.615021,-48.987377,960.776184,284.555359,-261.001038,491.295624,369.319244,-290.057495,97.172691,414.490997,-249.550385,75.366295,289.185883,83.361923,481.110718,378.390442,129.007111,101.516983,415.289062,81.701599,70.863609,287.763824,-169.113953,478.957489,345.227417,-210.283737,103.913231,248.125443,-314.743378,49.887917,210.856445,-253.588379,59.957649,260.840027,170.111115,53.086288,216.212021,113.116623,62.119152,344.617706,53.399166,98.199921,285.213562,-10.285089,466.6763
75,0,201.728821,-216.434021,926.878967,222.446167,38.475494,924.626465,388.734863,-129.077087,968.755615,395.464539,-48.961067,960.851562,284.570404,-260.968719,491.281738,369.315247,-290.026825,97.196236,414.52121,-249.574982,75.384224,289.149048,83.418976,481.113617,378.409454,128.994904,101.475815,415.317627,81.694595,70.867424,287.818298,-169.144623,478.959625,345.271759,-210.295959,103.919823,248.148529,-314.765991,49.879227,210.877777,-253.570709,59.956226,260.814209,170.137329,53.118984,216.202805,113.118912,62.132591,344.539978,53.489048,98.177261,285.217072,-10.320951,466.677582
76,0,201.75528,-216.447128,926.862244,222.502625,38.482639,924.609924,388.82608,-129.05455,968.738525,395.712433,-48.98214,960.745605,284.615234,-260.976044,491.298889,369.288574,-290.029877,97.163239,414.510315,-249.55748,75.365402,289.186066,83.385956,481.102173,378.373596,128.97731,101.499588,415.299591,81.695175,70.853844,287.915192,-169.196762,478.997375,345.011475,-210.181366,103.840218,248.114273,-314.741364,49.878372,210.856445,-253.577774,59.946514,260.822968,170.131165,53.108765,216.21283,113.10701,62.130867,344.590027,53.468582,98.192436,285.250275,-10.375259,466.720215
77,0,201.759171,-216.439026,926.851196,222.522827,38.487698,924.62262,388.846527,-129.063293,968.778076,395.65332,-49.019524,960.800232,284.606934,-260.979034,491.272736,369.303497,-290.035248,97.197609,414.498016,-249.563522,75.381828,289.188324,83.399658,481.103485,378.36142,128.986084,101.514053,415.314453,81.65921,70.753944,287.875336,-169.181778,479.01004,345.240936,-210.287216,103.91954,248.118637,-314.741455,49.875134,210.84761,-253.56958,59.961384,260.824921,170.143265,53.122105,216.195496,113.120483,62.119621,344.549255,53.45137,98.180267,285.281097,-10.368448,466.713074
78,0,201.766907,-216.447571,926.852722,222.536987,38.51786,924.625366,388.9534,-129.047165,968.868958,395.768982,-48.971611,960.835022,284.635468,-260.986481,491.292267,369.285461,-290.05545,97.169907,414.482056,-249.565231,75.407845,289.21051,83.39225,481.11026,378.358856,128.992401,101.530251,415.374237,81.677628,70.771164,287.900421,-169.190765,478.996918,345.224213,-210.28714,103.909508,248.117157,-314.750061,49.868977,210.843872,-253.575684,59.961159,260.81369,170.149948,53.110966,216.200363,113.123566,62.131695,344.598022,53.428528,98.202393,285.300995,-10.38281,466.740784
79,0,201.779266,-216.440308,926.872742,222.58606,38.483494,924.641846,388.979614,-129.05394,968.838989,395.543396,-49.078358,960.625793,284.649261,-260.995941,491.307007,369.294434,-290.029175,97.197586,414.490875,-249.396286,75.577362,289.197418,83.411285,481.112549,378.381165,128.980499,101.502258,415.301605,81.709427,70.848816,287.77597,-168.829086,478.725586,344.978485,-210.179108,103.832649,248.106705,-314.751648,49.88628,210.846573,-253.569656,59.947193,260.819397,170.139709,53.118469,216.192993,113.129303,62.13694,344.613007,53.441307,98.185417,285.267487,-10.370495,466.736481
80,0,201.797745,-216.450989,926.867188,222.573959,38.524086,924.632385,388.944275,-129.07251,968.846741,395.975616,-49.003841,960.856995,284.652496,-261.035583,491.309906,369.303223,-290.059723,97.184448,414.491241,-249.554733,75.386024,289.227417,83.417099,481.103729,378.370972,128.983505,101.500267,415.341461,81.723259,70.872093,287.740417,-168.821671,478.662476,344.990173,-210.200668,103.845367,248.154068,-314.744446,49.85532,210.852875,-253.566391,59.963123,260.836365,170.143341,53.09008,216.204803,113.115593,62.136951,344.596527,53.480743,98.192604,285.259155,-10.319491,466.668976
81,0,201.814774,-216.434967,926.866089,222.606247,38.527672,924.634338,388.926819,-129.112473,968.746216,395.661835,-49.103924,960.676086,284.656982,-261.02478,491.313721,369.310333,-290.042175,97.178337,414.518616,-249.599518,75.344627,289.230316,83.413307,481.107941,378.396545,129.007523,101.509109,415.371704,81.668312,70.8508,287.931305,-169.178238,478.975006,345.00119,-210.15712,103.833138,248.123657,-314.758545,49.859074,210.855865,-253.566299,59.961117,260.825348,170.169022,53.110771,216.212341,113.123428,62.125355,344.586334,53.481155,98.174255,285.265564,-10.288314,466.692047
82,0,201.820755,-216.439575,926.878174,222.625748,38.527092,924.630249,388.984924,-129.099045,968.681763,395.596008,-49.088783,960.581055,284.660736,-261.005798,491.301331,369.29303,-290.047791,97.200935,414.487732,-249.584442,75.355827,289.233917,83.406578,481.117126,378.427826,129.003326,101.49691,415.302673,81.646042,70.716759,287.481506,-168.634628,478.476624,345.271576,-210.296066,103.90699,248.118912,-314.739563,49.857567,210.861252,-253.571899,59.964123,260.813751,170.150436,53.102295,216.217896,113.116745,62.117462,344.623383,53.445545,98.192146,285.279755,-10.308025,466.70105
83,0,201.848145,-216.448486,926.879822,222.665207,38.482368,924.647644,388.958221,-129.120621,968.702148,395.882263,-49.102375,960.852966,284.653992,-261.020416,491.294647,369.292175,-290.064606,97.184555,414.48056,-249.557114,75.406189,289.218475,83.412018,481.114075,378.392548,128.980225,101.516945,415.322021,81.702896,70.832642,287.616089,-168.667725,478.619598,345.000885,-210.185287,103.849121,248.120514,-314.756378,49.881569,210.829544,-253.563614,59.948895,260.831024,170.134171,53.10276,216.191864,113.12043,62.124676,344.526062,53.509792,98.190895,285.260986,-10.371895,466.774292
84,0,201.849365,-216.466461,926.885071,222.656982,38.514767,924.631653,388.889313,-129.147903,968.737122,395.642548,-49.117813,960.440796,284.670837,-261.022308,491.289001,369.326447,-290.06601,97.165199,414.495148,-249.596527,75.344795,289.256134,83.382042,481.111359,378.405304,128.99324,101.489685,415.313171,81.685898,70.830521,287.548309,-168.679596,478.518341,344.965088,-210.166565,103.847191,248.087677,-314.747223,49.891315,210.847717,-253.581375,59.953259,260.841339,170.130508,53.080502,216.182816,113.122513,62.124786,344.53125,53.460316,98.195381,285.276154,-10.409878,466.663513
85,0,201.866653,-216.476227,926.888977,222.670822,38.504383,924.641663,388.946747,-129.123337,968.654846,395.74588,-49.083889,960.685852,284.655975,-261.013428,491.308105,369.324188,-290.051605,97.169174,414.467041,-249.531326,75.400871,289.252411,83.391731,481.118958,378.42749,128.971619,101.470009,415.382111,81.676804,70.858696,287.617859,-168.715912,478.553162,344.980469,-210.198547,103.833221,248.126007,-314.760559,49.891674,210.843842,-253.564484,59.968719,260.805969,170.154099,53.114975,216.194077,113.113937,62.138485,344.610718,53.407745,98.20768,285.292023,-10.410892,466.723755
86,0,201.862808,-216.479996,926.896057,222.674927,38.504425,924.624878,388.981689,-129.140671,968.751282,395.763367,-49.146355,960.458435,284.687073,-261.032013,491.306519,369.293945,-290.065155,97.191849,414.493469,-249.555466,75.401291,289.280579,83.362114,481.123352,378.398865,128.994873,101.485237,415.321808,81.708878,70.841805,287.835327,-168.918671,478.694244,345.228271,-210.3116,103.945808,248.13121,-314.743286,49.869164,210.865204,-253.588501,59.966076,260.815948,170.13002,53.111958,216.192749,113.118797,62.110512,344.557526,53.475914,98.185577,285.224457,-10.356418,466.643524
87,0,201.884308,-216.49144,926.911194,222.679062,38.468079,924.629333,388.980804,-129.118286,968.705322,395.882812,-49.068096,960.693298,284.687897,-261.037964,491.302185,369.283417,-290.057098,97.174492,414.505157,-249.437714,75.534912,289.264893,83.377884,481.131744,378.391266,129.021088,101.50045,415.402832,81.708679,70.882759,287.936096,-168.954941,478.721222,345.016693,-210.215927,103.84137,248.123779,-314.766998,49.870918,210.85701,-253.590378,59.964867,260.823395,170.131058,53.089523,216.21582,113.108337,62.145164,344.558258,53.508606,98.146278,285.313782,-10.427385,466.673157
88,0,201.88414,-216.496307,926.891785,222.687775,38.450565,924.633911,389.016754,-129.112396,968.884033,395.83667,-49.069851,960.673096,284.702759,-261.040527,491.276947,369.319122,-290.059906,97.1754,414.480225,-249.553589,75.404366,289.234039,83.409264,481.117615,378.372559,129.011063,101.513824,415.317688,81.724823,70.820625,287.627106,-168.714203,478.510193,345.017548,-210.204132,103.857239,248.125305,-314.75824,49.874855,210.832642,-253.56958,59.974098,260.836243,170.1185,53.108288,216.217346,113.108612,62.119133,344.570953,53.491894,98.16832,285.244415,-10.371593,466.591736
89,0,201.916687,-216.506241,926.893005,222.679596,38.477348,924.625549,388.979401,-129.127441,968.741089,395.721527,-49.089481,960.684631,284.72171,-261.045624,491.322052,369.324158,-290.074799,97.173157,414.500092,-249.575394,75.381874,289.258667,83.372604,481.1203,378.412872,128.999207,101.522148,415.308533,81.689636,70.794853,287.774841,-168.828201,478.626831,345.258545,-210.333115,103.90992,248.117477,-314.76236,49.883865,210.859436,-253.588318,59.949162,260.816589,170.149719,53.11961,216.210541,113.137543,62.137959,344.57782,53.500256,98.186348,285.304749,-10.428015,466.622314
90,0,201.903366,-216.523804,926.87439,222.712311,38.424187,924.621643,388.971985,-129.161041,968.769287,395.534668,-49.147705,960.395386,284.726471,-261.067871,491.333435,369.334137,-290.096008,97.195084,414.490204,-249.57077,75.381096,289.239258,83.355095,481.128448,378.412659,128.992966,101.469154,415.34201,81.684982,70.829979,287.980682,-169.031754,478.730774,344.98111,-210.203125,103.83918,248.145462,-314.757721,49.85183,210.855347,-253.578033,59.969204,260.828888,170.13829,53.102184,216.208832,113.116943,62.12944,344.54776,53.483257,98.141159,285.240906,-10.430735,466.639313
91,0,201.907043,-216.511139,926.892883,222.714142,38.403637,924.624695,388.907562,-129.148895,968.799805,395.719788,-49.12674,960.677856,284.751404,-261.069305,491.366882,369.307129,-290.080933,97.172836,414.478912,-249.533752,75.406937,289.227448,83.365982,481.121979,378.379944,129.010269,101.49334,415.315735,81.695084,70.847336,287.415192,-168.582199,478.388123,345.275909,-210.329666,103.933685,248.086533,-314.743927,49.898407,210.856583,-253.596725,59.962872,260.798431,170.161255,53.130611,216.178482,113.122009,62.138042,344.605042,53.476025,98.16378,285.16571,-10.378568,466.443298
92,0,201.935806,-216.516739,926.892151,222.693558,38.407127,924.641785,389.040009,-129.15097,968.76825,396.135956,-49.044994,960.93103,284.725342,-261.064453,491.309113,369.319733,-290.065948,97.193665,414.488037,-249.530579,75.417885,289.231384,83.38076,481.09964,378.40155,128.986786,101.497444,415.373474,81.644516,70.759193,287.918732,-168.966873,478.708984,345.028992,-210.204651,103.836128,248.113571,-314.74649,49.893795,210.840546,-253.600235,59.932892,260.800079,170.149963,53.110798,216.1987,113.131073,62.126457,344.561951,53.463776,98.194717,285.200256,-10.397976,466.493073
93,0,201.945129,-216.529953,926.905579,222.540436,38.692894,924.641785,389.006104,-129.14975,968.74884,395.774811,-49.083683,960.746155,284.71463,-261.056061,491.304382,369.308014,-290.066101,97.180237,414.491302,-249.539551,75.40226,289.200134,83.393944,481.116211,378.375427,129.016693,101.512138,415.359924,81.648544,70.737045,287.958313,-168.94725,478.655731,345.028931,-210.205231,103.848915,248.107513,-314.756531,49.87632,210.85321,-253.579971,59.951061,260.79776,170.149033,53.124283,216.195831,113.127472,62.138683,344.551117,53.463055,98.161125,285.1828,-10.474515,466.493988
94,0,201.975891,-216.530853,926.914673,222.734787,38.377922,924.638245,389.068878,-129.144363,968.744812,395.921692,-49.063053,960.764282,284.716919,-261.077087,491.315735,369.321045,-290.083649,97.175827,414.485291,-249.552582,75.392891,289.235626,83.371033,481.125,378.395813,129.00116,101.494331,415.351227,81.647842,70.750626,287.714355,-168.749496,478.596832,344.999878,-210.174179,103.857201,248.146774,-314.755188,49.873192,210.863144,-253.569809,59.951084,260.810425,170.149994,53.121895,216.200302,113.131737,62.147526,344.57077,53.500652,98.172333,285.179382,-10.492458,466.46521
95,0,201.975296,-216.537659,926.916077,222.561401,38.703205,924.648682,389.101929,-129.162079,968.68219,395.656708,-49.182228,960.416687,284.691437,-261.054382,491.311096,369.304993,-290.052094,97.172592,414.515778,-249.581787,75.348099,289.217834,83.361977,481.116608,378.397766,128.9991,101.496117,415.315491,81.705818,70.829819,287.78537,-168.811279,478.618378,344.942322,-210.171066,103.850197,248.068604,-314.741211,49.912518,210.852173,-253.581192,59.942684,260.836334,170.108536,53.094112,216.205643,113.113007,62.129395,344.592743,53.444065,98.192131,285.179443,-10.495678,466.573334
96,0,202.001953,-216.534027,926.923828,222.600021,38.684162,924.663574,389.127319,-129.155792,968.677307,395.934662,-49.100021,960.648682,284.697662,-261.0495,491.287811,369.319763,-290.066559,97.178307,414.498596,-249.601562,75.344978,289.197479,83.373978,481.108643,378.394226,128.970367,101.499573,415.351532,81.65506,70.754349,287.829651,-168.844391,478.649323,344.937775,-210.186325,103.829765,248.085739,-314.750793,49.909286,210.84462,-253.57106,59.966896,260.850311,170.11467,53.113319,216.195023,113.117439,62.138435,344.605103,53.434708,98.189674,285.174744,-10.526995,466.535828
97,0,202.027298,-216.524094,926.928467,222.626266,38.701141,924.672241,389.067963,-129.183487,968.556152,395.940491,-49.071033,960.60907,284.685516,-261.073029,491.299866,369.291565,-290.046661,97.179276,414.478271,-249.541473,75.403679,289.225586,83.324562,481.093292,378.389282,128.993698,101.505165,415.325745,81.658127,70.786995,287.888367,-168.911957,478.654602,344.944611,-210.187302,103.836922,248.112335,-314.737732,49.883358,210.862488,-253.585876,59.938019,260.809113,170.14444,53.113155,216.198273,113.123077,62.138054,344.346069,53.644421,98.289917,285.148468,-10.534383,466.586792
98,0,202.039337,-216.516495,926.936157,222.817719,38.423695,924.655457,389.173645,-129.141129,968.619324,395.681915,-49.112736,960.428101,284.688995,-261.053467,491.305511,369.304016,-290.077026,97.187904,414.507294,-249.546371,75.389397,289.178864,83.358543,481.103882,378.386963,128.977142,101.511131,415.318756,81.694672,70.816544,287.986145,-169.262955,479.039795,345.262787,-210.328903,103.95063,248.131683,-314.761169,49.877987,210.869034,-253.575272,59.956913,260.829468,170.134933,53.107353,216.192917,113.115868,62.135975,344.594391,53.414841,98.178337,285.153046,-10.528742,466.445831
99,0,202.054993,-216.524307,926.935364,222.657761,38.725426,924.677368,389.176697,-129.164642,968.642334,396.006317,-49.083382,960.623413,284.696991,-261.05896,491.177979,369.283844,-290.077423,97.181076,414.498016,-249.604218,75.367783,289.212555,83.343964,481.115601,378.36441,128.966583,101.504814,415.321716,81.646317,70.759109,288.043823,-169.36322,479.015472,345.009644,-210.208649,103.855453,248.120697,-314.748566,49.877914,210.855957,-253.56636,59.955868,260.815094,170.137939,53.118076,216.193436,113.120888,62.131065,344.578278,53.459362,98.183304,285.195312,-10.514918,466.543457
100,0,202.067993,-216.500183,926.959412,222.702423,38.691349,924.674377,389.195374,-129.158478,968.638733,396.01181,-49.118755,960.554504,284.680664,-261.053101,491.332062,369.292267,-290.092926,97.171799,414.484222,-249.575668,75.369003,289.18277,83.370155,481.112335,378.394775,129.008316,101.498299,415.339752,81.637527,70.73027,287.883698,-168.950317,478.733124,344.980988,-210.182892,103.848122,248.100433,-314.733429,49.867172,210.848892,-253.571686,59.959137,260.79834,170.157028,53.119862,216.196777,113.123413,62.134769,344.528351,53.461636,98.167892,285.138824,-10.522804,466.605865
101,0,202.07135,-216.500275,926.942078,222.698563,38.730217,924.671509,389.27124,-129.185516,968.602844,396.08075,-49.057854,960.677246,284.67807,-261.057983,491.290955,369.265991,-290.063019,97.187584,414.496368,-249.605591,75.354713,289.189056,83.382668,481.097931,378.406708,129.008759,101.496689,415.342529,81.643028,70.738663,287.873016,-168.947708,478.751495,345.241425,-210.327362,103.920235,248.124237,-314.743683,49.866024,210.852188,-253.576187,59.955227,260.802277,170.148819,53.120781,216.197144,113.112946,62.14246,344.560272,53.436558,98.176254,285.146271,-10.505281,466.589691
102,0,202.118134,-216.499985,926.956482,222.877731,38.453125,924.650818,389.249359,-129.146667,968.674683,396.004272,-49.112534,960.550842,284.672516,-261.045258,491.291992,369.28241,-290.072662,97.148163,414.501282,-249.583435,75.375816,289.247498,83.374924,481.125977,378.379059,128.992752,101.479668,415.314484,81.695389,70.834396,287.962006,-169.028641,478.785522,345.19812,-210.293167,103.937309,248.117523,-314.73642,49.884949,210.837738,-253.583664,59.956959,260.797516,170.142593,53.127934,216.205688,113.127213,62.143017,344.582672,53.47327,98.166336,285.131653,-10.447474,466.539764
103,0,202.119934,-216.488419,926.957397,222.749237,38.72752,924.673523,389.204041,-129.170197,968.702332,396.034546,-49.088047,960.545593,284.695679,-261.028015,491.334351,369.297485,-290.067871,97.184349,414.496277,-249.580338,75.37059,289.248535,83.374855,481.125458,378.400604,129.016663,101.495644,415.293976,81.691681,70.824417,287.615967,-168.720154,478.628967,345.215729,-210.274445,103.923538,248.109543,-314.756348,49.88015,210.836151,-253.589279,59.954765,260.822296,170.149658,53.113743,216.186783,113.129166,62.122524,344.576385,53.424442,98.206619,285.121277,-10.46595,466.423096
104,0,202.147324,-216.491013,926.959351,222.75444,38.770912,924.667419,389.258148,-129.180069,968.714783,396.077209,-49.090084,960.572449,284.702789,-261.016937,491.322968,369.291321,-290.052979,97.151161,414.498749,-249.536652,75.395119,289.280792,83.374641,481.141754,378.394989,129.012177,101.520477,415.391571,81.667015,70.737251,287.926239,-168.968002,478.758423,345.035034,-210.216309,103.839043,248.134598,-314.753693,49.853607,210.877136,-253.574097,59.965908,260.815155,170.134659,53.109806,216.206375,113.126038,62.119259,344.601715,53.467888,98.166412,285.230713,-10.481902,466.553101
105,0,202.184418,-216.48291,926.977966,222.802689,38.733654,924.697021,389.289246,-129.097488,968.771057,396.20816,-49.058273,960.672241,284.72995,-261.041473,491.343323,369.320557,-290.065247,97.181641,414.48584,-249.541809,75.385017,289.301697,83.389862,481.138397,378.383392,128.996277,101.51165,415.367279,81.700233,70.836464,288.010284,-169.270218,479.015656,344.996429,-210.195236,103.831116,248.153244,-314.738525,49.843811,210.833008,-253.574219,59.968338,260.802368,170.15918,53.128002,216.204041,113.114777,62.130592,344.569794,53.413582,98.185814,285.180725,-10.453003,466.51889
106,0,202.212402,-216.484375,926.975708,222.828659,38.753029,924.69043,389.286224,-129.154083,968.6745,396.152252,-49.08493,960.59668,284.731476,-261.035461,491.329041,369.328918,-290.085632,97.173279,414.491791,-249.563904,75.37661,289.295624,83.39418,481.148651,378.405243,129.031265,101.516579,415.400024,81.689682,70.857048,288.0354,-169.229324,479.048889,344.996307,-210.203751,103.840355,248.120438,-314.738892,49.879047,210.849442,-253.589691,59.959076,260.798187,170.137665,53.123688,216.20195,113.116829,62.128967,344.553101,53.496269,98.171326,285.183624,-10.445168,466.562836
107,0,202.246689,-216.479416,926.954346,222.857178,38.770489,924.710266,389.386169,-129.147614,968.723267,396.170715,-49.034992,960.664307,284.777863,-261.035614,491.339264,369.303192,-290.059814,97.174362,414.470551,-249.537872,75.389854,289.297852,83.406807,481.147125,378.404816,128.986252,101.467773,415.332031,81.688713,70.801819,287.77301,-168.791809,478.661499,345.213226,-210.296021,103.930016,248.120926,-314.750427,49.87336,210.86853,-253.585663,59.969074,260.802582,170.140839,53.09473,216.193024,113.12571,62.127686,344.567383,53.502197,98.152161,285.221222,-10.399994,466.561829
108,0,202.266006,-216.488876,926.942749,222.885391,38.787231,924.691833,389.354706,-129.149429,968.666748,396.187531,-49.046967,960.578857,284.788696,-261.027344,491.355835,369.306946,-290.083374,97.153938,414.511383,-249.597214,75.32695,289.306091,83.404724,481.14032,378.393585,128.995361,101.492653,415.31369,81.718544,70.812202,287.902252,-168.874924,478.708252,345.213684,-210.281311,103.924507,248.098068,-314.75824,49.876251,210.870605,-253.578156,59.967388,260.819916,170.144547,53.115761,216.197662,113.120064,62.151169,344.687042,53.416138,98.194908,285.249603,-10.420662,466.59024
109,0,202.301392,-216.486984,926.966797,222.889893,38.804607,924.710327,389.327515,-129.13028,968.710083,396.179413,-49.012535,960.645386,284.836121,-261.036896,491.382233,369.319611,-290.072327,97.184433,414.511658,-249.562561,75.367065,289.331726,83.406769,481.135498,378.378693,128.991486,101.479881,415.390747,81.716255,70.848648,287.981262,-168.926788,478.689148,345.024872,-210.196869,103.837334,248.11554,-314.758453,49.875317,210.853928,-253.57663,59.965153,260.797119,170.165558,53.129829,216.206039,113.10627,62.136311,344.600311,53.483772,98.167282,285.240723,-10.435827,466.533447
110,0,202.34433,-216.498688,926.965271,222.900818,38.819008,924.719421,389.380493,-129.104019,968.710693,396.204834,-49.060444,960.573792,284.835114,-261.040771,491.3508,369.305511,-290.056946,97.161842,414.502869,-249.566345,75.360107,289.319305,83.445709,481.15271,378.41925,129.002487,101.465317,415.392029,81.719177,70.850677,288.02005,-168.938843,478.685547,345.263916,-210.289658,103.911682,248.132767,-314.749573,49.863731,210.86142,-253.57431,59.962753,260.83252,170.148209,53.126141,216.194183,113.112923,62.141132,344.590363,53.483788,98.164871,285.270721,-10.415543,466.573059
111,0,202.37558,-216.50148,926.971802,222.901566,38.858772,924.710571,389.546906,-129.078827,968.731689,396.288971,-49.05117,960.601318,284.869812,-261.034119,491.386597,369.309143,-290.059662,97.166206,414.511993,-249.600662,75.365997,289.310059,83.4496,481.123474,378.389984,129.015945,101.479317,415.433167,81.742592,70.669464,288.053467,-168.955994,478.728577,345.062073,-210.208984,103.821831,248.137634,-314.752655,49.875267,210.854385,-253.57724,59.9757,260.856842,170.129715,53.118652,216.20816,113.12252,62.137817,344.637848,53.452301,98.166992,285.274231,-10.423283,466.532867
112,0,202.384186,-216.492065,926.984009,222.910583,38.880112,924.719177,389.460083,-129.09137,968.678467,396.35611,-49.032421,960.666504,284.863342,-261.030792,491.345795,369.35379,-290.101135,97.183327,414.595917,-249.450653,75.425873,289.346466,83.44265,481.144623,378.392731,129.007629,101.50592,415.330597,81.731705,70.795815,288.131042,-168.955811,478.712128,344.992889,-210.19725,103.820824,248.122543,-314.742889,49.884979,210.853394,-253.584259,59.958004,260.821564,170.135117,53.114468,216.207993,113.12825,62.135262,344.569244,53.492065,98.169487,285.334442,-10.435295,466.556824
113,0,202.409988,-216.497803,926.957458,222.881012,38.925846,924.702637,389.474487,-129.103149,968.654419,396.235687,-48.979321,960.67041,284.883026,-261.040955,491.354065,369.315582,-290.049866,97.193924,414.505157,-249.551163,75.397659,289.375427,83.425377,481.130066,378.418518,129.007202,101.479141,415.366608,81.721352,70.779839,287.915131,-168.778397,478.623627,345.012878,-210.202332,103.814484,248.140945,-314.76001,49.872097,210.849045,-253.575806,59.958538,260.803223,170.143646,53.122536,216.183563,113.12326,62.140232,344.602783,53.494286,98.206718,285.175964,-10.190899,466.367188
114,0,202.42836,-216.515594,926.965942,222.93309,38.935635,924.716736,389.47641,-129.057343,968.658142,396.315186,-49.016094,960.649414,284.933685,-261.027496,491.398651,369.308716,-290.07251,97.136726,414.503113,-249.546829,75.373207,289.353882,83.466286,481.136322,378.400513,129.032471,101.506485,415.321594,81.742691,70.807533,288.10556,-168.91095,478.703247,345.007446,-210.200745,103.828506,248.118744,-314.750366,49.894901,210.866867,-253.587967,59.980789,260.821533,170.126297,53.118992,216.208725,113.11364,62.114452,344.631775,53.455734,98.180252,285.292419,-10.394239,466.547455
115,0,202.45488,-216.49147,926.970947,222.895966,39.002186,924.722046,389.501434,-129.068939,968.652405,396.573853,-48.965977,960.856323,284.92691,-261.030396,491.431274,369.353882,-290.070984,97.178047,414.499176,-249.577576,75.342346,289.403412,83.451317,481.155151,378.437164,129.017975,101.479607,415.39917,81.764725,70.835938,288.02951,-168.803421,478.636749,345.007263,-210.193604,103.828133,248.145691,-314.751587,49.894451,210.876587,-253.572403,59.964508,260.827637,170.128403,53.076836,216.227448,113.104408,62.130047,344.585541,53.522171,98.171989,285.370758,-10.380294,466.566101
116,0,202.471283,-216.493301,926.976074,222.876373,39.047672,924.704712,389.502899,-129.086548,968.68512,396.360016,-49.048573,960.404785,284.927002,-261.020691,491.394684,369.320007,-290.069305,97.161674,414.477478,-249.564606,75.362274,289.398956,83.480995,481.149261,378.432648,129.022385,101.468384,415.399353,81.741943,70.848305,288.109863,-168.863327,478.640106,345.015778,-210.177399,103.812851,248.124374,-314.749146,49.898411,210.863708,-253.577179,59.957588,260.839386,170.127701,53.088943,216.201416,113.118431,62.122921,344.63443,53.469009,98.173485,285.439758,-10.375569,466.566132
117,0,202.494797,-216.476791,926.973633,222.861511,39.05814,924.718323,389.535767,-129.065872,968.671936,396.402039,-48.988426,960.616211,284.961823,-261.027924,491.362976,369.327362,-290.062683,97.151474,414.487152,-249.543213,75.393188,289.368347,83.501297,481.138275,378.436859,129.031982,101.481705,415.374786,81.75808,70.81636,287.927094,-168.687225,478.549103,345.003052,-210.176941,103.793724,248.093033,-314.73407,49.89402,210.877945,-253.581787,59.95583,260.819122,170.143173,53.121868,216.209763,113.125671,62.133308,344.54776,53.553585,98.164246,285.426086,-10.392847,466.567169
118,0,202.472992,-216.478973,926.961426,222.894073,39.050922,924.730164,389.538605,-129.090332,968.681885,396.367401,-49.003727,960.58905,284.957031,-261.033936,491.418549,369.322754,-290.062469,97.163017,414.507477,-249.567093,75.382652,289.401062,83.501022,481.139587,378.439697,129.005676,101.447227,415.34729,81.758263,70.842903,287.774933,-168.58548,478.431061,344.943481,-210.150314,103.82119,248.119141,-314.75177,49.885036,210.850616,-253.578598,59.976498,260.836029,170.125931,53.087681,216.213364,113.114319,62.131012,344.566345,53.525024,98.170769,285.289795,-10.169157,466.435333
119,0,202.472504,-216.467499,926.955078,222.912994,39.046833,924.725342,389.601379,-129.05867,968.694946,396.368256,-48.975903,960.646362,284.95163,-261.016632,491.420746,369.34845,-290.061951,97.178955,414.481171,-249.547623,75.382919,289.398163,83.503197,481.141846,378.412262,129.02803,101.461815,415.342621,81.760109,70.809196,287.959412,-168.704224,478.561737,344.981995,-210.192368,103.791924,248.140762,-314.773071,49.88979,210.880569,-253.600891,59.963207,260.807526,170.150558,53.124474,216.2099,113.123474,62.153976,344.60965,53.468987,98.207352,285.392029,-10.378237,466.599945
120,0,202.476639,-216.455368,926.940918,222.898849,39.092712,924.725525,389.579926,-129.070084,968.696045,396.370667,-49.004959,960.579895,284.932373,-261.011658,491.398315,369.356171,-290.080597,97.172653,414.488647,-249.546204,75.37793,289.42337,83.493324,481.128601,378.430847,129.031158,101.465912,415.378876,81.748726,70.843056,288.190308,-169.237564,478.954254,345.291504,-210.311981,103.89946,248.14299,-314.75351,49.890091,210.868057,-253.58432,59.958195,260.816376,170.146103,53.114391,216.192276,113.125542,62.134266,344.599762,53.509399,98.194008,285.385437,-10.35466,466.593994
121,0,202.449554,-216.444839,926.95575,223.237411,38.50021,924.700928,389.626953,-129.076797,968.723572,396.230591,-49.078335,960.382568,284.904877,-260.99646,491.392578,369.348907,-290.078949,97.178169,414.483673,-249.563171,75.34774,289.4104,83.494797,481.137207,378.427826,129.05246,101.490814,415.372711,81.74247,70.847839,287.636444,-168.426422,478.456024,345.282288,-210.300125,103.909935,248.146576,-314.769592,49.861191,210.847763,-253.58847,59.954742,260.836609,170.138443,53.108486,216.206848,113.114067,62.14299,344.592499,53.508999,98.187485,285.429901,-10.344239,466.572754
122,0,202.459686,-216.439194,926.953552,223.108307,38.80917,924.744141,389.523224,-129.088715,968.627136,396.293457,-49.060852,960.455811,284.892578,-260.985992,491.401855,369.298126,-290.064636,97.173859,414.516754,-249.539261,75.376984,289.419952,83.517265,481.133423,378.398224,129.045593,101.490623,415.356537,81.752434,70.847511,288.232697,-169.219299,478.97287,345.264984,-210.292145,103.908188,248.13736,-314.750793,49.880035,210.850861,-253.565765,59.976364,260.822479,170.145721,53.117622,216.2276,113.115189,62.144249,344.600952,53.523754,98.166962,285.427521,-10.324734,466.598389
123,0,202.416992,-216.427628,926.950989,223.098221,38.820423,924.726685,389.506622,-129.096603,968.643677,396.315979,-49.048344,960.55542,284.89505,-260.980286,491.40564,369.33847,-290.076355,97.172951,414.527496,-249.591888,75.327049,289.427002,83.507721,481.12146,378.431458,129.027481,101.46711,415.350586,81.707474,70.81131,288.117035,-168.901398,478.706177,345.0354,-210.180313,103.818832,248.132599,-314.751068,49.85902,210.847473,-253.578629,59.972775,260.836914,170.109238,53.097027,216.206161,113.09613,62.130951,344.622101,53.486923,98.200256,285.331726,-10.11488,466.437561
124,0,202.388763,-216.420715,926.94519,223.057205,38.828423,924.732727,389.469788,-129.11322,968.674744,396.284546,-49.055599,960.559143,284.875031,-260.993958,491.386932,369.330353,-290.069855,97.154655,414.491119,-249.57402,75.352524,289.404816,83.492386,481.129303,378.409912,129.009094,101.467026,415.348907,81.741737,70.829796,287.953979,-168.98587,478.993958,345.291473,-210.280899,103.908302,248.095642,-314.739044,49.885468,210.855499,-253.582535,59.961575,260.7883,170.186325,53.117672,216.19101,113.125862,62.137604,344.584808,53.506966,98.189804,285.419617,-10.305112,466.581146
125,0,202.367081,-216.412735,926.938538,223.037689,38.833347,924.735779,389.401886,-129.104706,968.686951,396.293762,-49.046543,960.596985,284.850372,-260.967499,491.361938,369.292633,-290.052612,97.167152,414.531738,-249.546692,75.368713,289.388031,83.518845,481.127533,378.410767,129.007675,101.495735,415.324005,81.71904,70.812721,288.207642,-169.226181,478.966553,345.268982,-210.314529,103.909172,248.123642,-314.742004,49.880947,210.847046,-253.59285,59.957256,260.827667,170.146011,53.094643,216.207962,113.11515,62.136246,344.630096,53.494598,98.180984,285.463257,-10.245613,466.58316
126,0,202.320938,-216.386856,926.936157,223.008759,38.872726,924.731995,389.502197,-129.087753,968.729492,396.245972,-49.035351,960.591125,284.841766,-260.958588,491.374786,369.294159,-290.020691,97.169655,414.491211,-249.535294,75.386658,289.372498,83.521736,481.137146,378.4039,129.023163,101.504784,415.366364,81.713097,70.877861,287.849243,-168.697647,478.595581,345.004547,-210.191025,103.816841,248.13176,-314.750549,49.876717,210.856766,-253.569244,59.960953,260.804016,170.151215,53.093182,216.209747,113.11982,62.137447,344.571899,53.550648,98.178238,285.468842,-10.254554,466.577606
127,0,202.300095,-216.403229,926.933838,223.146729,38.568939,924.710693,389.404388,-129.092758,968.670654,396.231323,-49.034851,960.607971,284.831787,-260.95285,491.359741,369.287964,-290.048218,97.161232,414.509674,-249.562424,75.371452,289.374512,83.51342,481.144196,378.421509,129.008423,101.456696,415.321991,81.755486,70.851372,288.117523,-168.934326,478.754791,345.295959,-210.272217,103.922745,248.12323,-314.735992,49.88995,210.855301,-253.578995,59.958336,260.824738,170.182556,53.099171,216.19603,113.124069,62.138454,344.536316,53.549419,98.180222,285.403107,-10.256425,466.614471
128,0,202.273895,-216.39006,926.923645,223.132431,38.546272,924.7276,389.390381,-129.11084,968.687195,396.243866,-48.993011,960.695618,284.782623,-260.96756,491.373322,369.306335,-290.033691,97.170258,414.500671,-249.561554,75.374619,289.394775,83.480591,481.138214,378.405334,129.008896,101.470367,415.398102,81.727943,70.877724,288.153259,-169.227646,479.000671,345.324371,-210.346588,103.894051,248.129929,-314.746582,49.876884,210.869843,-253.569626,59.941647,260.812469,170.166809,53.10915,216.19458,113.117493,62.139179,344.582642,53.534405,98.166306,285.243774,-10.131428,466.466095
129,0,202.26149,-216.394531,926.934265,223.115936,38.553219,924.742371,389.36911,-129.11972,968.639954,396.157898,-49.123104,960.421021,284.761505,-260.967346,491.308716,369.309357,-290.072968,97.173256,414.534393,-249.561783,75.343857,289.370422,83.490669,481.12677,378.415253,129.027374,101.475647,415.301361,81.722076,70.853554,288.112366,-169.223251,478.936096,345.080658,-210.199036,103.840248,248.126984,-314.753052,49.870464,210.853683,-253.581131,59.955681,260.832275,170.15744,53.122646,216.203827,113.112541,62.13192,344.630981,53.465797,98.194359,285.154785,-10.207162,466.473053
130,0,202.20163,-216.394348,926.909363,223.095886,38.56295,924.740662,389.391541,-129.095261,968.704712,396.041077,-49.101192,960.460754,284.748383,-260.960693,491.305481,369.299103,-290.060822,97.185692,414.484253,-249.549957,75.401123,289.353546,83.468956,481.118164,378.427521,129.004959,101.448517,415.335358,81.729424,70.890694,287.993988,-168.900192,478.697571,345.043457,-210.208466,103.822449,248.11261,-314.74823,49.889309,210.855103,-253.569458,59.97628,260.815399,170.160248,53.120274,216.212784,113.113625,62.125717,344.551056,53.543736,98.186882,285.050507,-10.345201,466.525146
131,0,202.195435,-216.39711,926.934448,223.082001,38.551994,924.747925,389.287994,-129.145126,968.733948,395.993774,-49.131111,960.391296,284.742371,-260.973907,491.324677,369.298615,-290.050018,97.172028,414.491974,-249.565628,75.361023,289.312958,83.48597,481.125458,378.385864,129.003632,101.500702,415.310577,81.735733,70.855721,288.077911,-169.195038,479.02829,345.267975,-210.304291,103.941338,248.089874,-314.744873,49.894581,210.861572,-253.572403,59.953709,260.828278,170.147583,53.115044,216.194794,113.127953,62.144943,344.556152,53.533276,98.19841,285.086517,-10.562471,466.571899
132,0,202.164673,-216.410522,926.923157,223.07019,38.546246,924.744263,389.278595,-129.141586,968.704346,396.064117,-49.036037,960.559937,284.747925,-260.996033,491.236938,369.314545,-290.072815,97.16198,414.519745,-249.435013,75.520172,289.325165,83.447357,481.107391,378.408813,129.035217,101.499565,415.300049,81.723358,70.855026,287.819733,-168.728943,478.650177,345.079742,-210.21785,103.825577,248.110229,-314.748993,49.897289,210.857712,-253.567017,59.949581,260.830597,170.152451,53.117428,216.201477,113.11261,62.131931,344.600037,53.483036,98.179802,284.951721,-10.431739,466.419617
133,0,202.158356,-216.407166,926.940918,223.029877,38.558342,924.751099,389.355438,-129.103683,968.742676,395.874451,-49.116776,960.469177,284.709442,-260.958221,491.300812,369.331024,-290.075134,97.159813,414.478912,-249.558151,75.364204,289.314117,83.439026,481.110657,378.400818,129.017822,101.529503,415.399048,81.709846,70.892845,288.132141,-169.262161,478.980469,345.294647,-210.309647,103.901299,248.115601,-314.75528,49.90572,210.855682,-253.570801,59.970364,260.827484,170.155914,53.098389,216.2173,113.11586,62.126438,344.566986,53.514797,98.179527,285.016632,-10.614575,466.539764
134,0,202.111008,-216.418716,926.928406,223.032257,38.542198,924.772034,389.254944,-129.13472,968.628479,396.144806,-49.044403,960.715515,284.73349,-261.002594,491.331909,369.325897,-290.078308,97.189102,414.457581,-249.567642,75.360229,289.309448,83.421112,481.127441,378.407532,129.014191,101.504036,415.307861,81.713417,70.863708,287.929779,-168.861771,478.712921,345.093872,-210.228302,103.814461,248.118317,-314.750183,49.890793,210.840576,-253.570114,59.953457,260.852814,170.148636,53.108574,216.204742,113.129135,62.135509,344.584534,53.477303,98.189751,284.986511,-10.61939,466.516296
135,0,202.09462,-216.4422,926.930298,223.002151,38.535179,924.723145,389.240906,-129.136124,968.662659,396.085297,-49.043064,960.689819,284.717285,-261.001007,491.312103,369.313904,-290.08139,97.165909,414.532959,-249.601547,75.34021,289.242981,83.434959,481.12088,378.409027,129.011658,101.484154,415.32605,81.697548,70.861298,288.067017,-169.240768,478.998718,345.033813,-210.21077,103.829231,248.116577,-314.755615,49.877522,210.834351,-253.577591,59.950287,260.805023,170.164734,53.125332,216.187759,113.10955,62.128216,344.575714,53.472878,98.176758,284.949219,-10.599292,466.49295
136,0,202.073837,-216.449615,926.916443,222.960068,38.554623,924.73584,389.24527,-129.125809,968.646667,395.976959,-49.075432,960.515808,284.709747,-261.009094,491.290405,369.320862,-290.073029,97.165726,414.482788,-249.578644,75.350433,289.255371,83.421165,481.109619,378.4021,129.034454,101.520844,415.34201,81.724182,70.892258,288.074921,-169.30954,478.971954,345.102356,-210.285568,103.818375,248.103668,-314.765076,49.887741,210.845352,-253.566956,59.973576,260.825439,170.143875,53.103977,216.18602,113.107841,62.12196,344.607117,53.454247,98.190224,284.942108,-10.560681,466.484406
137,0,202.053314,-216.463852,926.908691,222.943542,38.549709,924.731628,389.284515,-129.124619,968.719849,396.036346,-49.058243,960.666687,284.698273,-260.992767,491.29953,369.304596,-290.07019,97.187828,414.506653,-249.578812,75.351784,289.2435,83.404526,481.119171,378.378082,128.975189,101.522995,415.315369,81.712326,70.852982,287.932373,-168.909195,478.732849,345.134796,-210.309555,103.829849,248.106094,-314.758606,49.889015,210.838699,-253.580368,59.950062,260.820801,170.132309,53.1264,216.186768,113.118797,62.134209,344.601135,53.486629,98.177574,284.981262,-10.563897,466.480774
138,0,202.017365,-216.474442,926.910095,222.893509,38.501518,924.743408,389.133026,-129.149368,968.700439,395.960083,-49.099277,960.596436,284.71405,-260.994781,491.286804,369.317139,-290.070648,97.1558,414.507446,-249.578613,75.345833,289.23172,83.414925,481.117493,378.393005,129.005798,101.501595,415.288574,81.702042,70.812279,287.88974,-168.863495,478.685913,345.324707,-210.349503,103.896545,248.109085,-314.730408,49.881645,210.842651,-253.590759,59.958122,260.825043,170.121765,53.103268,216.193192,113.112541,62.130932,344.550873,53.518192,98.182816,284.9841,-10.558662,466.505219
139,0,202.015778,-216.488312,926.903198,222.892578,38.488144,924.718445,389.107788,-129.148865,968.711853,395.929718,-49.085922,960.609497,284.696472,-261.016113,491.276672,369.316223,-290.087921,97.183762,414.482513,-249.564224,75.342308,289.223816,83.403656,481.115265,378.40448,129.01712,101.506348,415.353424,81.718857,70.876793,287.91507,-168.934586,478.624146,345.046326,-210.234009,103.830971,248.105942,-314.739319,49.895931,210.861282,-253.573959,59.944824,260.819336,170.137466,53.106922,216.200592,113.104782,62.129978,344.578918,53.447567,98.172951,284.970856,-10.575013,466.486755
140,0,201.985703,-216.502594,926.90686,222.851181,38.48452,924.711243,389.115051,-129.15535,968.708801,396.019379,-49.090389,960.714111,284.725677,-261.044922,491.167999,369.317535,-290.087952,97.208183,414.459656,-249.524399,75.386658,289.208313,83.387276,481.094452,378.39032,128.997482,101.472389,415.367554,81.711815,70.897865,287.829071,-168.848358,478.665619,345.091095,-210.25621,103.826347,248.118774,-314.755829,49.875076,210.849136,-253.581696,59.96064,260.840424,170.143417,53.106529,216.180984,113.112091,62.134075,344.573822,53.423134,98.195999,285.048584,-10.575928,466.541718
141,0,201.960083,-216.494019,926.875366,222.843704,38.457214,924.703064,389.116669,-129.147537,968.819946,395.920807,-49.096897,960.634888,284.681061,-261.030548,491.26358,369.263184,-290.063354,97.155235,414.480713,-249.575256,75.384117,289.214539,83.375626,481.097626,378.376251,128.998917,101.524734,415.336212,81.705811,70.883438,287.809509,-168.803802,478.633636,345.044281,-210.232727,103.837662,248.106628,-314.749878,49.897823,210.84938,-253.582947,59.954403,260.814423,170.133926,53.107422,216.1978,113.107407,62.131573,344.566589,53.472591,98.164276,285.03125,-10.583303,466.54953
142,0,201.944046,-216.505966,926.88562,222.801163,38.465561,924.713989,389.132751,-129.203751,968.644775,395.971375,-49.10043,960.710388,284.719757,-261.023651,491.291229,369.318878,-290.082123,97.191177,414.486145,-249.565216,75.378914,289.213623,83.359352,481.115265,378.36792,129.008972,101.529724,415.372192,81.689209,70.878944,287.849091,-168.88652,478.654724,345.052338,-210.251755,103.834084,248.110321,-314.759064,49.861805,210.855835,-253.586823,59.950989,260.815125,170.128906,53.104538,216.184814,113.117477,62.115173,344.563782,53.412296,98.195305,285.160187,-10.426255,466.451324
143,0,201.927185,-216.503143,926.891907,222.765778,38.468582,924.690369,389.042633,-129.135376,968.826172,395.75061,-49.137955,960.654846,284.73822,-261.040588,491.317749,369.297668,-290.058014,97.169357,414.495392,-249.583038,75.344368,289.194885,83.354584,481.099518,378.35611,128.990341,101.516876,415.341248,81.715042,70.883194,287.786407,-168.860245,478.581696,345.068512,-210.258026,103.835312,248.118668,-314.768097,49.870483,210.837036,-253.596191,59.966618,260.812744,170.154465,53.107838,216.170792,113.119522,62.125774,344.601318,53.375679,98.197624,285.078247,-10.440817,466.512146
144,0,201.8974,-216.499603,926.885498,222.753845,38.478703,924.687744,388.958069,-129.181946,968.725037,395.70816,-49.183273,960.499329,284.698944,-261.036194,491.292175,369.300201,-290.07547,97.179184,414.495026,-249.558731,75.382584,289.212555,83.369942,481.09848,378.36676,128.988037,101.508224,415.30127,81.687187,70.802505,287.771759,-168.807114,478.609863,345.266846,-210.345871,103.921265,248.106812,-314.754669,49.882092,210.849304,-253.576462,59.961552,260.812012,170.136444,53.102608,216.204987,113.100861,62.131607,344.561066,53.444881,98.178764,285.105316,-10.473798,466.474457
145,0,201.881546,-216.51178,926.886292,222.758499,38.434341,924.673035,388.948059,-129.180573,968.712646,395.674622,-49.18222,960.646057,284.700806,-261.056702,491.281311,369.300232,-290.09314,97.152428,414.496002,-249.595657,75.362915,289.240875,83.33989,481.102844,378.398102,129.017014,101.522018,415.325806,81.701385,70.852371,287.605682,-168.678604,478.454102,345.070343,-210.224564,103.822723,248.125946,-314.757141,49.869167,210.858383,-253.587418,59.97303,260.827332,170.138412,53.122311,216.206619,113.102341,62.14027,344.624146,53.335369,98.218399,285.211761,-10.537433,466.631439
146,0,201.863419,-216.520126,926.863525,222.747787,38.457695,924.671021,388.90329,-129.209991,968.738037,395.848663,-49.109863,960.771973,284.696991,-261.074127,491.293457,369.29007,-290.068451,97.159286,414.487823,-249.585098,75.355057,289.215515,83.358177,481.100067,378.38501,129.000717,101.487854,415.342682,81.686058,70.854042,287.919922,-168.880371,478.656036,345.23999,-210.337158,103.909866,248.138962,-314.749542,49.85104,210.845551,-253.591324,59.969616,260.810028,170.152466,53.12558,216.208115,113.10006,62.130436,344.603394,53.425076,98.185204,285.188416,-10.553776,466.669037
147,0,201.846542,-216.504196,926.852783,222.704407,38.471832,924.668823,388.890686,-129.185318,968.674255,395.731964,-49.186558,960.592773,284.703064,-261.047241,491.296875,369.330994,-290.075653,97.171249,414.485504,-249.579056,75.373016,289.233704,83.376068,481.11853,378.390381,128.990616,101.526863,415.302979,81.682861,70.835838,287.446655,-168.543823,478.412903,345.038879,-210.236572,103.838921,248.132919,-314.746704,49.885452,210.835938,-253.58522,59.964958,260.837646,170.122849,53.1045,216.200638,113.100792,62.139542,344.572876,53.436329,98.189865,285.246887,-10.542295,466.641724
148,0,201.805283,-216.496552,926.848083,222.706589,38.476192,924.668457,388.750244,-129.07399,968.557251,395.563232,-49.043343,960.441345,284.668304,-261.050568,491.275085,369.289551,-290.077393,97.166756,414.488159,-249.536179,75.398407,289.220581,83.36425,481.113739,378.351471,128.976624,101.521515,415.310822,81.697075,70.854126,287.756226,-168.764359,478.604431,345.008484,-210.218109,103.823555,248.087357,-314.758514,49.901028,210.851624,-253.577774,59.959461,260.798645,170.157883,53.115276,216.184402,113.118355,62.137749,344.566193,53.425392,98.19883,285.16629,-10.502599,466.538025
149,0,201.799103,-216.483353,926.850769,222.676712,38.494026,924.657715,388.80957,-129.177765,968.697571,395.746338,-49.090847,960.662476,284.666016,-261.035553,491.255585,369.29718,-290.102539,97.167702,414.498138,-249.562042,75.356674,289.205536,83.384361,481.109711,378.403931,129.013992,101.506012,415.347656,81.669647,70.880325,288.018829,-169.293961,478.980042,345.035217,-210.214355,103.833412,248.113037,-314.732239,49.854156,210.841354,-253.581848,59.954632,260.809509,170.137177,53.101387,216.202393,113.107246,62.135773,344.615173,53.425354,98.194366,285.135284,-10.493425,466.560394
150,0,201.778473,-216.476227,926.841553,222.710632,38.468002,924.67511,388.827179,-129.164017,968.683594,395.746185,-49.096485,960.678955,284.652802,-261.033997,491.275757,369.301025,-290.097382,97.161156,414.501556,-249.567123,75.397514,289.227234,83.371574,481.111511,378.398895,129.021286,101.523254,415.301636,81.651627,70.740799,287.948303,-168.99469,478.712006,345.262451,-210.325562,103.897575,248.134781,-314.765106,49.877846,210.86409,-253.570236,59.954334,260.805054,170.167755,53.112259,216.176727,113.116951,62.133476,344.610352,53.376522,98.191795,285.172699,-10.550838,466.665283
151,0,201.756149,-216.456299,926.843567,222.667511,38.511478,924.661011,388.843262,-129.199799,968.669189,395.519867,-49.146252,960.561707,284.618469,-261.015747,491.239288,369.277832,-290.075531,97.163994,414.496033,-249.595428,75.349564,289.235962,83.361603,481.112152,378.38446,129.011292,101.515472,415.328979,81.679626,70.874992,287.770691,-168.807465,478.615906,344.97995,-210.173553,103.839966,248.141663,-314.750214,49.870262,210.867981,-253.585495,59.946613,260.80545,170.155029,53.117798,216.21019,113.120094,62.132839,344.60788,53.37109,98.200554,285.085449,-10.483745,466.670227
152,0,201.714996,-216.451736,926.824707,222.683243,38.510109,924.661072,388.677979,-129.104111,968.557312,395.43512,-49.083553,960.491028,284.634247,-261.025604,491.268372,369.300232,-290.083282,97.182129,414.479462,-249.577286,75.374283,289.241119,83.364861,481.110046,378.401672,129.014679,101.516479,415.347595,81.705696,70.876709,287.875549,-168.937042,478.639618,344.997772,-210.186523,103.832565,248.132019,-314.761536,49.870327,210.857834,-253.579437,59.949436,260.819122,170.140686,53.116489,216.193665,113.101372,62.137047,344.572205,53.445995,98.171799,285.108887,-10.468996,466.53302
153,0,201.700165,-216.435547,926.820129,222.660736,38.524361,924.673645,388.79007,-129.154388,968.80426,395.722839,-49.10994,960.730286,284.643585,-261.036926,491.271973,369.302368,-290.096283,97.182182,414.49234,-249.586014,75.375664,289.220184,83.368889,481.126312,378.391479,128.989685,101.484024,415.248199,81.717812,70.895103,287.736877,-168.812241,478.60376,345.021759,-210.191757,103.846085,248.122528,-314.764526,49.883812,210.858627,-253.58844,59.947239,260.80014,170.156891,53.121391,216.191986,113.108437,62.139137,344.604492,53.43,98.169937,285.131805,-10.450786,466.539642
154,0,201.690353,-216.423355,926.817932,222.630554,38.549332,924.684143,388.619904,-129.160782,968.705994,395.811829,-49.08559,960.775513,284.633301,-261.004944,491.260406,369.315369,-290.090576,97.180748,414.480865,-249.566406,75.362747,289.226959,83.361656,481.120453,378.41864,128.983231,101.491226,415.304657,81.66301,70.75708,287.903107,-168.963348,478.701019,344.982849,-210.194763,103.844162,248.122253,-314.762848,49.889,210.847443,-253.58754,59.950645,260.810699,170.152435,53.120308,216.196808,113.113243,62.139706,344.576141,53.425152,98.208466,285.140625,-10.470599,466.575897
155,0,201.661865,-216.395187,926.824768,222.595001,38.560207,924.663574,388.705872,-129.178986,968.67981,395.763031,-49.056095,960.805664,284.66922,-261.011993,491.280243,369.30658,-290.086426,97.192772,414.480286,-249.567917,75.394562,289.226227,83.3694,481.102692,378.390625,128.970795,101.49247,415.314636,81.707146,70.880386,287.584961,-168.677444,478.460754,344.978912,-210.17453,103.847008,248.106171,-314.76062,49.900604,210.851089,-253.577942,59.959328,260.821442,170.148666,53.1035,216.186874,113.109528,62.135731,344.578918,53.449356,98.191368,285.14389,-10.533747,466.702118
156,0,201.619064,-216.41011,926.807495,222.559814,38.580906,924.653381,388.730347,-129.130783,968.845459,395.474579,-49.144218,960.467834,284.633667,-260.993103,491.285034,369.335602,-290.094269,97.193611,414.486938,-249.563004,75.394409,289.235138,83.380043,481.116058,378.408447,129.00824,101.498749,415.332062,81.700478,70.868958,287.804169,-168.85231,478.617371,345.004333,-210.226562,103.836853,248.121643,-314.754791,49.890396,210.839081,-253.575027,59.959263,260.833099,170.149994,53.122406,216.202026,113.121101,62.134071,344.565887,53.460552,98.180756,285.104797,-10.496985,466.546997
157,0,201.579941,-216.394226,926.805725,222.559235,38.546001,924.656006,388.638794,-129.172287,968.721436,395.446808,-49.093243,960.774414,284.667877,-261.006073,491.290131,369.286102,-290.055511,97.162834,414.496735,-249.566895,75.388321,289.231659,83.383858,481.118561,378.402161,128.990738,101.494896,415.317078,81.713638,70.902725,287.876038,-168.873367,478.605835,344.985657,-210.1707,103.83625,248.119476,-314.762177,49.83839,210.848434,-253.581024,59.969231,260.836578,170.138092,53.106201,216.216095,113.111229,62.138321,344.555481,53.457607,98.182419,285.143158,-10.501881,466.564423
158,0,201.585129,-216.391449,926.790527,222.51535,38.543327,924.664429,388.592255,-129.147552,968.736755,395.513885,-49.117245,960.805969,284.665924,-260.990509,491.300262,369.302643,-290.062622,97.165657,414.49176,-249.580612,75.36776,289.202301,83.41217,481.110077,378.383942,128.99614,101.513733,415.300262,81.724464,70.900948,287.860046,-168.866241,478.65271,345.232208,-210.279434,103.917557,248.120041,-314.758789,49.879726,210.85527,-253.582321,59.9534,260.828003,170.126389,53.11031,216.216965,113.114105,62.131142,344.620575,53.413788,98.204964,285.191284,-10.457976,466.705872
159,0,201.555008,-216.371918,926.790344,222.468155,38.589455,924.667725,388.647217,-129.085815,968.845642,395.337555,-49.133739,960.628906,284.654755,-260.974365,491.275208,369.318573,-290.069458,97.174065,414.488037,-249.562347,75.406784,289.225555,83.415077,481.110107,378.36969,129.013428,101.517387,415.316803,81.700104,70.870583,287.487732,-168.529266,478.395233,345.240906,-210.300552,103.912903,248.125641,-314.751129,49.874783,210.850067,-253.584152,59.947468,260.830536,170.134964,53.103519,216.20253,113.12767,62.115112,344.537567,53.487034,98.177635,285.121704,-10.472827,466.618195
160,0,201.509476,-216.372498,926.770813,222.437256,38.56778,924.649414,388.554657,-129.13147,968.753174,395.523712,-49.093292,960.860901,284.66626,-260.968781,491.275604,369.304443,-290.034485,97.189972,414.496826,-249.580063,75.371078,289.203094,83.42746,481.1203,378.401215,128.990677,101.498444,415.31073,81.692261,70.860184,287.928101,-169.142426,478.925201,344.980469,-210.191483,103.837456,248.119705,-314.765289,49.859837,210.846649,-253.572372,59.956326,260.835663,170.137222,53.098083,216.19957,113.11734,62.136795,344.567444,53.511925,98.182167,285.203949,-10.392548,466.715729
161,0,201.493561,-216.374924,926.761047,222.379211,38.588577,924.672852,388.541138,-129.119019,968.757324,395.322815,-49.120544,960.697937,284.654572,-260.957855,491.250641,369.31781,-290.074036,97.195724,414.485718,-249.562286,75.398247,289.158081,83.438339,481.120178,378.406799,129.022888,101.522385,415.340118,81.690353,70.881523,287.70578,-168.71492,478.579987,345.024536,-210.188812,103.835762,248.12294,-314.764771,49.878948,210.854614,-253.578461,59.959038,260.810516,170.165802,53.124134,216.206543,113.115494,62.142254,344.515472,53.490261,98.209534,285.202332,-10.415127,466.690765
162,0,201.476425,-216.35675,926.771362,222.408783,38.532673,924.667419,388.551208,-129.113678,968.811401,395.434448,-49.091423,960.860291,284.64563,-260.983765,491.284546,369.291412,-290.065918,97.191795,414.483002,-249.54303,75.411423,289.180115,83.436172,481.096222,378.404449,129.018997,101.539268,415.344574,81.694054,70.871887,287.943481,-168.945007,478.674042,345.008179,-210.176849,103.850273,248.119995,-314.760101,49.876106,210.844894,-253.591782,59.939655,260.835632,170.122406,53.103451,216.202438,113.125778,62.129318,344.611145,53.414627,98.208199,285.174286,-10.386619,466.727722
163,0,201.431244,-216.349518,926.735535,222.381821,38.552761,924.654114,388.523285,-129.119598,968.799622,395.425934,-49.092308,960.904907,284.650116,-260.974609,491.276611,369.282745,-290.05484,97.180618,414.649384,-249.663879,75.414612,289.158569,83.412209,481.125549,378.411102,128.995728,101.485115,415.314728,81.713348,70.91716,288.0289,-169.233902,478.97406,345.220184,-210.289368,103.928131,248.135117,-314.747864,49.875046,210.859497,-253.59404,59.959743,260.837952,170.157608,53.108139,216.202316,113.116631,62.125,344.578308,53.472916,98.20401,285.171265,-10.344261,466.693848
164,0,201.419998,-216.345749,926.757996,222.347092,38.536644,924.652161,388.483307,-129.099274,968.811646,395.393982,-49.056679,960.930847,284.618683,-260.957642,491.288361,369.277924,-290.043549,97.202499,414.519012,-249.602325,75.349251,289.103973,83.445061,481.108612,378.375122,128.986359,101.510117,415.32663,81.697319,70.926109,287.971313,-169.161804,478.937775,344.980743,-210.181061,103.865952,248.131119,-314.748474,49.874542,210.842545,-253.569687,59.963753,260.801117,170.14003,53.096069,216.201126,113.101051,62.132484,344.534088,53.513226,98.192085,285.20401,-10.351093,466.725586
165,0,201.416672,-216.350006,926.741272,222.290695,38.541153,924.656677,388.503845,-129.078873,968.957581,395.304626,-49.092838,960.802429,284.606812,-260.95929,491.269165,369.310211,-290.04245,97.202988,414.521362,-249.57959,75.390869,289.11438,83.422501,481.118042,378.397675,128.985641,101.490273,415.296875,81.639481,70.7407,287.859955,-169.121475,478.976959,345.004761,-210.205475,103.868523,248.12738,-314.758759,49.870026,210.855408,-253.577621,59.972633,260.819305,170.144714,53.084179,216.190094,113.123695,62.141201,344.568024,53.467121,98.18219,285.197662,-10.300348,466.740265
166,0,201.393265,-216.361557,926.736206,222.274002,38.511147,924.648621,388.465698,-129.095016,968.827637,395.250366,-49.080139,960.816284,284.593719,-260.955383,491.257019,369.275146,-290.040558,97.168365,414.522522,-249.572662,75.365135,289.132782,83.395454,481.104858,378.407196,128.99353,101.522919,415.302063,81.666733,70.77327,287.719666,-168.789276,478.646606,345.010742,-210.221146,103.861229,248.125214,-314.758728,49.864727,210.838593,-253.572678,59.961933,260.823395,170.125076,53.113422,216.179962,113.111488,62.128914,344.544434,53.462837,98.187126,285.208557,-10.304477,466.710907
167,0,201.379318,-216.363754,926.767761,222.235291,38.556667,924.65271,388.437592,-129.112595,968.835266,395.3797,-49.070152,960.868347,284.608826,-260.967102,491.248474,369.304016,-290.041534,97.196938,414.522675,-249.595474,75.369286,289.090302,83.423538,481.085754,378.368286,128.99968,101.514175,415.308746,81.695763,70.853165,287.660187,-168.759918,478.60968,344.951996,-210.163834,103.832664,248.105133,-314.763489,49.90696,210.836395,-253.585602,59.936096,260.810577,170.142136,53.106827,216.18335,113.111359,62.140305,344.60907,53.464073,98.196266,285.197327,-10.287663,466.748627
168,0,201.358612,-216.359467,926.74408,222.234467,38.55846,924.64386,388.40097,-129.09317,968.797424,395.174011,-49.097359,960.718811,284.581665,-260.960663,491.248444,369.254639,-290.0448,97.172256,414.526886,-249.602982,75.382317,289.094727,83.427582,481.098083,378.355682,128.993591,101.543213,415.31366,81.648071,70.775513,287.91507,-169.17865,478.975922,344.931702,-210.180099,103.840286,248.104721,-314.743439,49.880821,210.831512,-253.581619,59.958118,260.806519,170.149292,53.102741,216.176788,113.112724,62.125751,344.566956,53.472111,98.186241,285.258728,-10.320951,466.766266
169,0,201.313858,-216.371765,926.732239,222.201782,38.570244,924.650452,388.440552,-129.065826,968.921143,395.115112,-49.102207,960.679749,284.573975,-260.966248,491.252838,369.29306,-290.045929,97.202507,414.51889,-249.564102,75.405258,289.090027,83.431587,481.101471,378.358154,128.990524,101.508461,415.305511,81.695282,70.881165,287.833221,-168.872726,478.709503,344.978851,-210.153671,103.827248,248.113342,-314.760773,49.882401,210.862762,-253.575058,59.946617,260.815796,170.137863,53.087681,216.200684,113.121826,62.1297,344.516052,53.513882,98.183723,285.221222,-10.278617,466.716553
170,0,201.311325,-216.350052,926.761414,222.212738,38.543964,924.642456,388.41098,-129.072052,968.945312,395.160736,-49.10815,960.765564,284.555054,-260.963837,491.257355,369.286194,-290.043732,97.203629,414.500031,-249.559113,75.414391,289.122559,83.42289,481.090149,378.362457,128.985397,101.534805,415.380585,81.679787,70.891891,287.800629,-169.086227,478.922302,344.93338,-210.171005,103.844452,248.124115,-314.758392,49.887154,210.838455,-253.570175,59.954861,260.833557,170.129776,53.093758,216.203506,113.106873,62.126255,344.543243,53.467529,98.198273,285.247711,-10.246467,466.747955
171,0,201.282471,-216.348007,926.741089,222.172531,38.532688,924.64563,388.385529,-129.086578,968.897583,395.280518,-49.102192,960.993347,284.57196,-260.947662,491.239655,369.298431,-290.049622,97.207916,414.506989,-249.568481,75.395836,289.075378,83.444153,481.091309,378.39212,128.982971,101.533745,415.327026,81.657516,70.802193,287.698914,-168.791779,478.639587,344.916168,-210.140457,103.845985,248.150024,-314.774506,49.847725,210.818802,-253.573425,59.943981,260.806366,170.152695,53.108257,216.193481,113.120125,62.138618,344.5336,53.508106,98.183922,285.194763,-10.221787,466.647369
172,0,201.284119,-216.344452,926.762573,222.151764,38.534901,924.640198,388.347748,-129.133682,968.851868,395.157776,-49.120243,960.845154,284.530487,-260.967987,491.233704,369.284271,-290.016022,97.200287,414.49707,-249.58139,75.391174,289.079285,83.410751,481.099915,378.356384,128.989655,101.518112,415.299927,81.670937,70.886627,287.863586,-169.185745,478.947784,345.201599,-210.303802,103.925011,248.093201,-314.757019,49.875477,210.844513,-253.578842,59.943275,260.813477,170.1371,53.11097,216.186981,113.111259,62.14336,344.550964,53.485294,98.205597,285.205383,-10.197834,466.588196
173,0,201.236481,-216.337448,926.742737,222.210281,38.500156,924.646545,388.279327,-129.142929,968.819702,395.11972,-49.168282,960.812378,284.522369,-260.979431,491.212769,369.251678,-290.038849,97.172989,414.523315,-249.572739,75.39444,289.115479,83.398705,481.096313,378.37381,129.000259,101.54393,415.272461,81.681595,70.874535,287.815186,-169.166748,478.954468,344.965027,-210.166428,103.856499,248.119751,-314.761261,49.871914,210.832748,-253.583878,59.963638,260.820923,170.161865,53.111488,216.201279,113.108475,62.119793,344.527496,53.466969,98.182724,285.184631,-10.163321,466.652039
174,0,201.210831,-216.328888,926.744873,222.157913,38.562992,924.626587,388.294891,-129.153122,968.831726,395.0849,-49.154873,960.76062,284.512268,-260.960144,491.240906,369.293854,-290.059875,97.186829,414.491882,-249.557739,75.425339,289.081238,83.392616,481.098724,378.37561,128.989197,101.531174,415.320679,81.696747,70.88884,287.676056,-168.810532,478.570282,344.947418,-210.150131,103.834122,248.092972,-314.75531,49.893181,210.855194,-253.591888,59.939098,260.792847,170.157715,53.109791,216.181778,113.123314,62.137325,344.617981,53.422859,98.18335,285.169281,-10.154148,466.614166
175,0,201.182373,-216.315582,926.752747,222.153397,38.547909,924.638184,388.283569,-129.165878,968.836365,394.918304,-49.150013,960.681824,284.517792,-260.95874,491.198334,369.262726,-290.040955,97.196709,414.495667,-249.541794,75.428085,289.068481,83.405869,481.072174,378.391052,128.986145,101.489067,415.349152,81.652832,70.865746,287.777893,-168.909134,478.664856,344.990845,-210.191833,103.849319,248.106216,-314.751648,49.892715,210.84816,-253.56456,59.942318,260.837219,170.147903,53.079525,216.194962,113.122162,62.131992,344.55719,53.447796,98.194572,285.202637,-10.143247,466.590149
176,0,201.181946,-216.314651,926.74762,222.17363,38.513107,924.638733,388.296265,-129.181137,968.822266,395.073669,-49.183922,960.756836,284.484741,-260.970398,491.205719,369.262177,-290.029602,97.207306,414.599213,-249.470184,75.453156,289.056946,83.379074,481.09024,378.388275,128.981888,101.522041,415.286926,81.643211,70.846664,287.837006,-169.171906,478.941437,344.966217,-210.179718,103.835876,248.130707,-314.763336,49.856106,210.830231,-253.577713,59.940475,260.798218,170.148926,53.093231,216.206482,113.110626,62.125988,344.522552,53.509117,98.184517,285.112549,-10.175803,466.520172
177,0,201.182999,-216.336121,926.74823,222.130081,38.552513,924.636414,388.291779,-129.187164,968.794983,395.044037,-49.188549,960.731018,284.502777,-260.978302,491.24292,369.255188,-290.017609,97.217697,414.483948,-249.41568,75.606789,289.050293,83.391975,481.094055,378.347839,128.980927,101.535553,415.316711,81.670082,70.884544,287.876282,-169.259888,478.960144,344.954865,-210.182327,103.831612,248.100815,-314.755219,49.876053,210.840042,-253.57666,59.939667,260.80954,170.156525,53.096397,216.205902,113.111588,62.122078,344.569611,53.421261,98.221176,285.132416,-10.20885,466.503784
178,0,201.168533,-216.33638,926.757996,222.135544,38.515976,924.62262,388.314728,-129.160492,968.875061,395.079041,-49.194111,960.783203,284.499023,-260.956848,491.217102,369.276031,-290.054962,97.180878,414.50296,-249.574341,75.379593,289.023285,83.408516,481.085815,378.382019,128.992279,101.497879,415.306976,81.669922,70.901649,287.528412,-168.746597,478.537537,344.984222,-210.195282,103.827637,248.107498,-314.753143,49.869724,210.829803,-253.567154,59.952065,260.810089,170.152847,53.108494,216.186584,113.135544,62.129368,344.584015,53.387218,98.205032,285.070129,-10.27424,466.468567
179,0,201.167435,-216.340988,926.730713,222.11322,38.509636,924.612915,388.289459,-129.182159,968.798462,395.053772,-49.190899,960.701904,284.490417,-260.99588,491.123444,369.281067,-290.033539,97.189507,414.479156,-249.553818,75.389542,289.070312,83.39975,481.08548,378.382416,128.99118,101.542267,415.281647,81.677597,70.891838,287.69339,-168.879517,478.623291,344.92804,-210.153336,103.824333,248.098251,-314.768036,49.880383,210.829483,-253.569809,59.951801,260.835327,170.149384,53.094849,216.193359,113.127647,62.133472,344.55838,53.478706,98.192253,285.004456,-10.337973,466.450073
180,0,201.165512,-216.343948,926.758423,222.105774,38.487133,924.636963,388.324921,-129.178223,968.955627,395.330719,-49.187176,961.050842,284.470459,-260.993408,491.225281,369.284668,-290.062592,97.186523,414.64502,-249.643478,75.43071,289.137604,83.35041,481.08783,378.395538,128.988693,101.50016,415.279053,81.676689,70.901321,287.673553,-168.869675,478.68396,344.934784,-210.151337,103.835678,248.115402,-314.761749,49.884109,210.831772,-253.56955,59.947323,260.815613,170.161942,53.105789,216.197037,113.141289,62.121777,344.570435,53.443295,98.197548,285.07132,-10.375853,466.462311
181,0,201.169754,-216.351593,926.748901,222.120193,38.450523,924.627808,388.274933,-129.210266,968.84845,394.97406,-49.223598,960.702209,284.502533,-261.005859,491.242554,369.275665,-290.043701,97.180603,414.540161,-249.600754,75.36615,289.116455,83.383369,481.088776,378.361053,128.96814,101.523232,415.324493,81.670853,70.906898,287.723236,-168.879562,478.624847,345.242523,-210.297897,103.922066,248.124863,-314.767365,49.869568,210.845779,-253.560394,59.950489,260.808289,170.140228,53.095921,216.199753,113.126991,62.131821,344.595337,53.356056,98.213203,285.076843,-10.44927,466.606995
182,0,201.15802,-216.366135,926.739502,222.101944,38.434593,924.602661,388.261108,-129.201172,968.784973,395.215057,-49.206318,960.94043,284.46875,-261.010803,491.214111,369.325623,-290.083038,97.189423,414.519043,-249.577713,75.377098,289.146393,83.359726,481.09787,378.361969,128.982742,101.522202,415.314209,81.689537,70.897156,287.668518,-169.102509,478.930267,344.97876,-210.178864,103.843765,248.107376,-314.762909,49.881298,210.843765,-253.575897,59.948711,260.801453,170.1539,53.087662,216.180817,113.132004,62.135761,344.601746,53.366955,98.203888,285.15213,-10.454205,466.706116
183,0,201.140701,-216.391983,926.733704,222.082169,38.417225,924.610291,388.262543,-129.21257,968.853027,394.832153,-49.276474,960.523254,284.466278,-261.008575,491.236664,369.297272,-290.050842,97.185997,414.512665,-249.565063,75.419174,289.124359,83.347473,481.099213,378.372986,128.982498,101.522331,415.327759,81.681854,70.878639,287.385895,-168.665298,478.478241,344.994415,-210.208603,103.843925,248.116608,-314.745758,49.868225,210.838455,-253.57663,59.947094,260.820435,170.14447,53.091919,216.194229,113.122879,62.123932,344.636902,53.363224,98.20649,285.088379,-10.521914,466.657379
184,0,201.151688,-216.403763,926.75592,222.083908,38.397758,924.580933,388.260986,-129.220901,968.816406,394.890686,-49.28923,960.549744,284.474426,-261.045471,491.137695,369.295441,-290.03653,97.193062,414.519928,-249.619476,75.361885,289.085876,83.361282,481.100922,378.372437,128.994965,101.528023,415.308228,81.691032,70.933746,287.601746,-168.848404,478.599762,344.987427,-210.194611,103.850609,248.125992,-314.758392,49.869022,210.841446,-253.580475,59.954391,260.799194,170.159317,53.11771,216.181625,113.119194,62.115063,344.524628,53.462051,98.216087,285.142883,-10.485077,466.675476
185,0,201.172333,-216.395981,926.746643,222.088638,38.382107,924.593079,388.261536,-129.22168,968.825989,394.7789,-49.293045,960.48175,284.487244,-261.026398,491.205444,369.300842,-290.06543,97.19619,414.519714,-249.583466,75.408394,289.058563,83.36264,481.079437,378.380829,128.981079,101.534393,415.33667,81.635635,70.805649,287.904724,-169.345169,478.963501,344.99646,-210.191208,103.838173,248.13382,-314.734283,49.879177,210.853256,-253.581345,59.962223,260.807831,170.1362,53.11166,216.185547,113.121742,62.131031,344.603699,53.391766,98.216965,285.170715,-10.494466,466.754028
186,0,201.24472,-216.264236,926.682007,222.108841,38.35136,924.594055,388.252167,-129.241531,968.83606,395.00235,-49.256195,960.783569,284.498688,-261.047302,491.212494,369.286835,-290.052155,97.182884,414.509949,-249.602905,75.398155,289.082642,83.315857,481.085602,378.371185,128.966415,101.509186,415.299652,81.682526,70.875603,287.81311,-169.29213,478.913544,344.944946,-210.175385,103.832787,248.152115,-314.749084,49.857101,210.842041,-253.569153,59.959602,260.838623,170.119415,53.086685,216.207184,113.125305,62.131142,344.573792,53.370834,98.199265,285.10675,-10.530224,466.663208
187,0,201.200714,-216.38559,926.722778,222.14389,38.303673,924.587036,388.259827,-129.24469,968.828857,395.046234,-49.257755,960.819641,284.501556,-261.060272,491.21875,369.290192,-290.063599,97.188293,414.578003,-249.455063,75.481918,289.039337,83.327217,481.074615,378.369019,128.95842,101.529968,415.327209,81.683067,70.900787,287.77713,-168.982315,478.7388,344.962219,-210.1978,103.849312,248.138107,-314.749847,49.852406,210.869537,-253.571716,59.937553,260.824829,170.13501,53.111328,216.186493,113.123482,62.131748,344.580505,53.392471,98.194527,285.087128,-10.583816,466.731384
188,0,201.247803,-216.288239,926.679321,222.107895,38.311134,924.601807,388.258362,-129.253174,968.776367,395.275543,-49.224106,961.057068,284.50177,-261.073639,491.112366,369.300995,-290.027802,97.183174,414.508545,-249.584442,75.405792,289.033661,83.313766,481.084625,378.336914,128.956818,101.523941,415.277344,81.650887,70.860374,287.904907,-169.379898,478.97934,345.215881,-210.292297,103.935936,248.1082,-314.764008,49.882313,210.848419,-253.567398,59.960495,260.792786,170.12941,53.122173,216.173676,113.13266,62.126621,344.587128,53.373085,98.20578,285.069489,-10.56819,466.755829
189,0,201.222473,-216.437164,926.710327,222.148941,38.288273,924.587646,388.369293,-129.239288,968.937439,394.908264,-49.305824,960.609375,284.487976,-261.043304,491.199646,369.31076,-290.064514,97.200478,414.500549,-249.585739,75.390541,289.034058,83.326141,481.077911,378.358795,128.94751,101.52356,415.352173,81.66481,70.920387,287.695068,-168.951782,478.663483,345.011902,-210.205429,103.85759,248.134018,-314.759918,49.859089,210.841415,-253.582184,59.975376,260.806885,170.118179,53.095837,216.18399,113.12352,62.131157,344.616547,53.35133,98.193581,285.060913,-10.573893,466.74942
190,0,201.211121,-216.425934,926.746521,222.118057,38.304062,924.600098,388.313141,-129.281693,968.831055,395.031677,-49.290905,960.691406,284.528442,-261.067169,491.231903,369.254791,-290.040466,97.174149,414.526459,-249.601013,75.388443,289.064728,83.32666,481.083771,378.339233,128.941193,101.514549,415.28418,81.668732,70.873985,287.789825,-169.048553,478.711548,344.974579,-210.179306,103.83567,248.110992,-314.745239,49.84832,210.844925,-253.589386,59.948288,260.803497,170.139069,53.130322,216.189056,113.138184,62.130692,344.6091,53.32312,98.201134,285.075439,-10.580847,466.754547
191,0,201.222839,-216.427139,926.729004,222.119186,38.301865,924.599976,388.329987,-129.30069,968.803223,395.103424,-49.301636,960.78125,284.498016,-261.065186,491.216888,369.281219,-290.076935,97.164536,414.520172,-249.579498,75.386864,289.101013,83.323296,481.103729,378.38797,128.97673,101.51622,415.304199,81.683533,70.91433,287.789917,-169.042175,478.683685,344.981018,-210.194061,103.837685,248.11763,-314.754425,49.873127,210.856461,-253.587006,59.947041,260.799286,170.149734,53.121681,216.194992,113.139961,62.137043,344.573669,53.395237,98.182869,285.123199,-10.574306,466.767792
192,0,201.234619,-216.420502,926.721802,222.161926,38.22377,924.581665,388.325653,-129.295364,968.843323,395.265472,-49.296551,960.896301,284.487793,-261.067078,491.222534,369.280029,-290.049225,97.192154,414.507477,-249.606339,75.403145,289.110504,83.308945,481.086243,378.36496,128.946259,101.511055,415.273712,81.667343,70.860733,287.83429,-169.07457,478.73703,345.257141,-210.319931,103.933685,248.134079,-314.764252,49.872147,210.848236,-253.577774,59.954521,260.803925,170.144104,53.107155,216.208969,113.13707,62.130005,344.566559,53.39003,98.207153,285.151001,-10.599634,466.791199
193,0,201.225189,-216.458679,926.699219,222.15387,38.227486,924.579468,388.317719,-129.303116,968.78064,395.09491,-49.314938,960.803406,284.517059,-261.084442,491.240265,369.313049,-290.074432,97.204842,414.478333,-249.562256,75.436752,289.102356,83.302536,481.078827,378.356781,128.946609,101.530205,415.289154,81.628319,70.731293,287.688507,-168.92836,478.609222,345.018799,-210.204208,103.861305,248.141556,-314.743896,49.85857,210.850098,-253.582748,59.962933,260.809662,170.135208,53.114075,216.182281,113.144104,62.121082,344.606567,53.341782,98.206909,285.13623,-10.615329,466.691406
194,0,201.221573,-216.436005,926.738953,222.151489,38.231155,924.574524,388.329254,-129.311127,968.807922,395.268372,-49.306862,960.937012,284.520172,-261.097565,491.216888,369.259918,-290.04599,97.187233,414.460724,-249.574448,75.402245,289.096222,83.303543,481.077271,378.351074,128.965317,101.548767,415.297272,81.663651,70.855377,287.752136,-168.992874,478.677734,345.221405,-210.311737,103.946693,248.116745,-314.75119,49.87532,210.837753,-253.574753,59.96249,260.79184,170.152405,53.116901,216.202026,113.131645,62.141956,344.615112,53.338951,98.220078,285.180023,-10.610559,466.818512
195,0,201.188461,-216.437332,926.719666,222.158707,38.193348,924.560364,388.280426,-129.320953,968.798462,395.035583,-49.343414,960.701843,284.53891,-261.092621,491.212067,369.278534,-290.075867,97.168587,414.486023,-249.54483,75.421265,289.111633,83.27478,481.085724,378.385529,128.943497,101.509697,415.288727,81.66716,70.890396,287.651855,-168.93985,478.600891,344.975769,-210.178848,103.864021,248.108932,-314.744781,49.893955,210.860657,-253.563873,59.959682,260.78772,170.160416,53.121826,216.19371,113.133087,62.126686,344.61026,53.366753,98.231895,285.126129,-10.627256,466.717377
196,0,201.194199,-216.428696,926.737793,222.165817,38.188374,924.589478,388.284637,-129.345261,968.810303,395.001343,-49.348473,960.674988,284.536224,-261.105804,491.215973,369.30188,-290.08963,97.17704,414.504181,-249.618607,75.373116,289.086517,83.291077,481.078674,378.366943,128.947098,101.506737,415.303223,81.65062,70.855011,287.700592,-168.920486,478.636841,344.948395,-210.199081,103.855736,248.114151,-314.763275,49.862579,210.853714,-253.584152,59.953041,260.809784,170.15033,53.124397,216.178268,113.136002,62.122921,344.59787,53.402763,98.178032,285.138306,-10.589295,466.751953
197,0,201.194092,-216.433395,926.727966,222.145813,38.215645,924.571777,388.381744,-129.307663,968.980408,394.936188,-49.40287,960.528442,284.526794,-261.105194,491.225555,369.283752,-290.077087,97.161064,414.498596,-249.598801,75.382462,289.139099,83.229881,481.073608,378.349792,128.949692,101.538506,415.286041,81.649605,70.839745,287.678345,-168.942276,478.617218,345.229828,-210.303574,103.937973,248.105988,-314.741699,49.860428,210.844559,-253.584534,59.962502,260.839355,170.122543,53.096573,216.206772,113.131622,62.131618,344.492889,53.506439,98.201111,285.143646,-10.624466,466.659454
198,0,201.208435,-216.434097,926.705017,222.15947,38.173672,924.554199,388.278717,-129.32843,968.845825,395.189911,-49.349041,960.833557,284.527161,-261.116852,491.236603,369.355042,-290.126709,97.194702,414.504456,-249.588959,75.396332,289.103516,83.252777,481.079651,378.381134,128.945114,101.530647,415.284607,81.634972,70.831665,287.751312,-168.999466,478.596649,344.965302,-210.189682,103.848351,248.116165,-314.747345,49.887741,210.84938,-253.578812,59.952187,260.843597,170.136398,53.10038,216.175217,113.144928,62.130486,344.591095,53.440666,98.171928,285.174774,-10.582998,466.817902
199,0,201.232224,-216.303787,926.667419,222.184906,38.130341,924.580017,388.336487,-129.340759,968.838135,395.292206,-49.375797,960.911072,284.513702,-261.148712,491.100616,369.298645,-290.096375,97.181633,414.493225,-249.569183,75.444191,289.053802,83.296295,481.064148,378.357513,128.935028,101.541641,415.302429,81.659698,70.841728,287.619171,-168.912186,478.559662,345.013855,-210.223373,103.853867,248.131592,-314.749512,49.87624,210.851547,-253.588699,59.942032,260.827698,170.113022,53.097645,216.184814,113.115158,62.10997,344.586121,53.415092,98.173515,285.152985,-10.59482,466.768524
200,0,201.198547,-216.418671,926.712402,222.179626,38.14045,924.561401,388.299591,-129.35968,968.895874,395.037567,-49.357212,960.688171,284.50177,-261.14386,491.098816,369.31488,-290.092438,97.172256,414.501495,-249.579483,75.414223,289.105164,83.250839,481.075989,378.353821,128.949631,101.536957,415.291107,81.657845,70.877365,287.665466,-168.985413,478.552124,345.00354,-210.222763,103.864182,248.129852,-314.764069,49.868172,210.857132,-253.589905,59.972385,260.846558,170.120087,53.113338,216.200424,113.128174,62.128857,344.56778,53.469624,98.179085,285.137939,-10.602934,466.800476
201,0,201.175888,-216.39743,926.705383,222.162872,38.145561,924.551941,388.338898,-129.377197,968.897339,395.152313,-49.365086,960.85553,284.479126,-261.116119,491.188629,369.305969,-290.08963,97.169357,414.510712,-249.627182,75.362495,289.057739,83.316444,481.078674,378.363922,128.948105,101.509209,415.356293,81.675949,70.888412,287.4328,-168.804291,478.494049,344.969513,-210.203369,103.850861,248.135361,-314.768738,49.875607,210.857147,-253.573959,59.969326,260.808228,170.151505,53.12291,216.197586,113.129921,62.132896,344.605164,53.386139,98.215042,285.193756,-10.579273,466.795715
202,0,201.208954,-216.398346,926.69751,222.172348,38.162807,924.546143,388.308533,-129.341019,968.852722,395.031403,-49.35918,960.708618,284.479553,-261.125946,491.210754,369.286346,-290.090881,97.168694,414.462097,-249.580231,75.394821,289.077148,83.288513,481.050873,378.371582,128.937088,101.517944,415.346161,81.666237,70.876877,287.154114,-168.565445,478.268646,344.960419,-210.198578,103.833359,248.092697,-314.755981,49.915096,210.860733,-253.576004,59.960423,260.800659,170.160187,53.107647,216.191284,113.126404,62.117561,344.55188,53.410767,98.200882,285.16391,-10.586884,466.715881
203,0,201.213348,-216.423294,926.694946,222.190659,38.140823,924.539734,388.318909,-129.358887,968.859924,395.160004,-49.354027,960.834473,284.484589,-261.097992,491.199707,369.293762,-290.092255,97.166824,414.488312,-249.590332,75.3647,289.122528,83.266846,481.074585,378.386627,128.984909,101.550713,415.294861,81.662704,70.893219,287.288422,-168.590271,478.341431,345.227722,-210.313324,103.921921,248.124283,-314.756805,49.856972,210.845047,-253.570236,59.974018,260.808685,170.149841,53.091656,216.192032,113.144165,62.126629,344.611877,53.426025,98.184227,285.195679,-10.540095,466.754791
204,0,201.207336,-216.411423,926.68927,222.173111,38.136177,924.569397,388.366089,-129.314621,968.919983,395.092804,-49.327721,960.718567,284.494019,-261.106659,491.205322,369.269012,-290.084534,97.164825,414.490479,-249.611542,75.358253,289.137451,83.262047,481.076996,378.359436,128.949463,101.523071,415.286499,81.669029,70.892227,287.458282,-168.721939,478.411774,344.990021,-210.22406,103.83152,248.123459,-314.756195,49.86343,210.838531,-253.573593,59.954437,260.830688,170.116318,53.106148,216.197327,113.122993,62.121628,344.606018,53.399979,98.183136,285.138062,-10.557342,466.704895
205,0,201.205887,-216.406021,926.708557,222.177902,38.134888,924.539917,388.373779,-129.321869,968.95929,395.149017,-49.339657,960.822937,284.500336,-261.114716,491.09256,369.307281,-290.088501,97.188499,414.503815,-249.599991,75.36821,289.127563,83.273575,481.070251,378.382111,128.950729,101.526939,415.31897,81.685509,70.903023,287.134216,-168.511536,478.208923,345.023529,-210.238525,103.850601,248.119507,-314.770386,49.881039,210.850342,-253.570023,59.971485,260.796021,170.167618,53.121647,216.18071,113.139954,62.131927,344.639496,53.39447,98.19133,285.196106,-10.554729,466.804169
206,0,201.200333,-216.414749,926.68866,222.173462,38.144047,924.53717,388.425842,-129.298843,969.015442,395.168945,-49.296902,960.782043,284.501678,-261.126587,491.132568,369.285126,-290.095642,97.187218,414.511139,-249.578812,75.389366,289.077118,83.300133,481.06546,378.372131,128.966171,101.529938,415.318665,81.662323,70.908752,287.088196,-168.4664,478.148529,344.971741,-210.199524,103.847092,248.098083,-314.736237,49.857227,210.854965,-253.566711,59.955769,260.840515,170.12709,53.094715,216.187546,113.130386,62.126678,344.60907,53.388298,98.213524,285.166748,-10.562857,466.795776
207,0,201.204132,-216.396759,926.666504,222.206604,38.120785,924.559937,388.347839,-129.344437,968.898254,395.088806,-49.380466,960.549438,284.494965,-261.103668,491.218445,369.320618,-290.085175,97.211388,414.507233,-249.599762,75.379723,289.097351,83.306236,481.073639,378.426239,128.970016,101.518051,415.393402,81.744583,70.763496,287.267303,-168.605331,478.31897,345.274689,-210.370148,103.919464,248.118896,-314.752472,49.868214,210.846008,-253.584869,59.969139,260.831573,170.130661,53.092026,216.180832,113.132683,62.135582,344.573578,53.455383,98.176552,285.136597,-10.558964,466.68103
208,0,201.197403,-216.373199,926.680908,222.197098,38.118378,924.557373,388.336761,-129.329391,968.908936,394.989349,-49.339352,960.666382,284.496704,-261.092621,491.235687,369.287354,-290.073578,97.167442,414.485291,-249.579422,75.38903,289.132446,83.256943,481.083069,378.38269,128.9552,101.537636,415.323761,81.692757,70.855247,287.319672,-168.585266,478.394806,344.99707,-210.198303,103.841187,248.140976,-314.752899,49.855251,210.837463,-253.586853,59.959644,260.813293,170.143799,53.102039,216.181335,113.117241,62.131222,344.59256,53.406952,98.201843,285.174072,-10.539649,466.722717
209,0,201.194946,-216.375671,926.659729,222.183014,38.181389,924.558594,388.383148,-129.277863,968.985718,395.059235,-49.36718,960.574585,284.478882,-261.093781,491.21875,369.321838,-290.091461,97.189835,414.489227,-249.564606,75.403,289.067444,83.311501,481.071594,378.376404,128.981018,101.533325,415.312408,81.701233,70.864128,287.131226,-168.480042,478.247955,344.972534,-210.210266,103.837143,248.106323,-314.744019,49.889694,210.837128,-253.58551,59.964718,260.801117,170.161377,53.107231,216.193848,113.141449,62.135338,344.628693,53.366302,98.193764,285.194763,-10.552469,466.792389
210,0,201.200806,-216.357285,926.676208,222.175308,38.168457,924.549683,388.364319,-129.246307,968.979614,395.138763,-49.294426,960.860718,284.513153,-261.081757,491.22226,369.300171,-290.087677,97.17485,414.490875,-249.578506,75.380295,289.069061,83.320831,481.074646,378.411469,128.96373,101.506668,415.364716,81.687759,70.856834,287.22702,-168.492233,478.274231,345.236755,-210.339325,103.900879,248.109726,-314.745941,49.890789,210.856125,-253.574814,59.956947,260.819366,170.133041,53.094299,216.185104,113.141464,62.133011,344.614166,53.378448,98.220673,285.145508,-10.540685,466.733246
211,0,201.205887,-216.338074,926.677124,222.175964,38.176308,924.558838,388.335205,-129.30658,968.919983,395.194244,-49.272732,960.869507,284.52533,-261.060669,491.198059,369.313995,-290.093353,97.186623,414.485718,-249.573166,75.405777,289.06897,83.310204,481.072266,378.377472,128.954514,101.53833,415.308502,81.701729,70.840958,287.89682,-169.335312,478.94693,345.233948,-210.326096,103.90519,248.090546,-314.7565,49.908939,210.860641,-253.576187,59.95649,260.82309,170.132217,53.109344,216.196045,113.125214,62.131229,344.547241,53.435238,98.185623,285.14328,-10.544085,466.723999
212,0,201.214981,-216.339432,926.684082,222.194687,38.178654,924.573975,388.317047,-129.269958,968.85791,395.140717,-49.292416,960.672485,284.51297,-261.049255,491.219055,369.299011,-290.096466,97.178467,414.473755,-249.572632,75.400398,289.091187,83.319176,481.07843,378.369049,128.971283,101.540337,415.32309,81.678192,70.872559,287.105743,-168.474258,478.26181,345.001953,-210.229263,103.837135,248.121994,-314.74884,49.877979,210.862091,-253.573746,59.952641,260.835754,170.132629,53.102886,216.184708,113.129257,62.10606,344.589874,53.369129,98.195152,285.158569,-10.50555,466.652802
213,0,201.20575,-216.327011,926.680908,221.996796,38.508709,924.571167,388.320099,-129.246704,968.839417,395.032684,-49.248562,960.683289,284.510986,-261.051849,491.223328,369.288788,-290.054077,97.170677,414.597443,-249.524399,75.429863,289.081238,83.34053,481.079163,378.347504,128.979095,101.528503,415.333313,81.649925,70.880829,287.81192,-169.011993,478.696472,345.019135,-210.221558,103.85302,248.117142,-314.755402,49.875214,210.869492,-253.586975,59.953453,260.809875,170.152206,53.109886,216.187347,113.126709,62.124435,344.575714,53.466827,98.190979,285.135712,-10.488016,466.706818
214,0,201.223053,-216.315491,926.669067,222.189529,38.181023,924.542297,388.397614,-129.221619,968.92688,395.240082,-49.192822,960.798523,284.518524,-261.04541,491.236786,369.277557,-290.052429,97.188614,414.481323,-249.573334,75.429565,289.080536,83.349022,481.088013,378.382233,128.956238,101.526024,415.313263,81.673347,70.850388,287.507599,-168.759979,478.578247,345.011383,-210.229004,103.839066,248.13623,-314.764404,49.878761,210.842102,-253.58429,59.953426,260.839478,170.115585,53.089802,216.178085,113.125313,62.111382,344.548126,53.421951,98.193954,285.173889,-10.487233,466.642059
215,0,201.230301,-216.305115,926.662231,222.199341,38.191444,924.550232,388.339722,-129.227066,968.862427,395.255157,-49.195969,960.820251,284.528625,-261.045349,491.209229,369.299652,-290.088837,97.174149,414.510742,-249.610565,75.34375,289.08374,83.351395,481.076721,378.363312,128.971222,101.534035,415.313904,81.708054,70.856155,287.76828,-168.971802,478.692871,345.036194,-210.221817,103.82988,248.109879,-314.737671,49.859657,210.857758,-253.581055,59.955585,260.812012,170.156158,53.128719,216.197342,113.146011,62.126125,344.547058,53.449066,98.222336,285.165009,-10.480971,466.739441
216,0,201.23497,-216.31572,926.669922,222.173004,38.203659,924.556396,388.361816,-129.220337,968.877319,394.95517,-49.267544,960.525757,284.557983,-261.028931,491.215698,369.286987,-290.078766,97.189468,414.469269,-249.554626,75.443619,289.122772,83.364456,481.074585,378.362885,128.957443,101.508774,415.302032,81.615364,70.734673,287.84375,-168.988571,478.706573,345.269684,-210.301468,103.927284,248.120895,-314.744476,49.874283,210.853516,-253.575562,59.965248,260.808533,170.147018,53.126118,216.203568,113.146652,62.133751,344.589905,53.393559,98.210266,285.169617,-10.500939,466.76355
217,0,201.209106,-216.301208,926.649536,222.169922,38.210987,924.556396,388.32901,-129.242813,968.82135,395.187592,-49.175545,960.939331,284.538544,-261.022766,491.21524,369.328186,-290.071808,97.199432,414.489807,-249.582458,75.373047,289.121429,83.339722,481.085846,378.389435,129.001846,101.513092,415.337708,81.688576,70.885742,287.769257,-169.132553,478.916382,345.268005,-210.340042,103.925583,248.12355,-314.773102,49.864277,210.845413,-253.578995,59.958252,260.817261,170.154724,53.107243,216.188858,113.129982,62.138309,344.570496,53.449028,98.202942,285.221497,-10.494714,466.753326
218,0,201.218491,-216.286957,926.647217,222.163177,38.221432,924.556396,388.221588,-129.172836,968.879822,395.157501,-49.149368,960.792725,284.531128,-261.01004,491.233795,369.287903,-290.058502,97.180054,414.514069,-249.584763,75.410072,289.091278,83.379471,481.076263,378.345337,128.979721,101.535591,415.314758,81.683022,70.841576,287.958191,-169.287994,478.968811,344.983795,-210.172073,103.845917,248.125244,-314.758942,49.884258,210.856125,-253.574722,59.945545,260.797485,170.175903,53.111412,216.182373,113.146782,62.126991,344.53772,53.451813,98.202072,285.153931,-10.4948,466.693085
219,0,201.216171,-216.276184,926.651367,222.169983,38.220875,924.55011,388.216278,-129.198959,968.881836,395.209564,-49.14875,960.853821,284.548065,-261.009827,491.230743,369.294525,-290.049225,97.186829,414.482758,-249.57045,75.355484,289.082581,83.396317,481.073761,378.364075,128.966293,101.527054,415.288635,81.680504,70.858803,287.92627,-169.272629,478.971497,345.007751,-210.186584,103.844978,248.142593,-314.744629,49.852356,210.858093,-253.585693,59.963367,260.818115,170.135086,53.112793,216.186646,113.147636,62.1236,344.534851,53.456394,98.187813,285.163513,-10.474352,466.745361
220,0,201.218796,-216.252426,926.66217,222.187469,38.211231,924.57074,388.418243,-129.169388,969.01178,395.161377,-49.157963,960.884155,284.512482,-260.997375,491.231018,369.293243,-290.060425,97.184425,414.485199,-249.5495,75.407227,289.130798,83.372665,481.097382,378.393616,128.990021,101.521194,415.274445,81.672989,70.854729,287.786835,-168.928375,478.650574,345.026184,-210.197906,103.807182,248.135193,-314.762939,49.866024,210.836853,-253.577499,59.947735,260.82254,170.141113,53.104836,216.2211,113.123451,62.120827,344.516571,53.451038,98.22084,285.167725,-10.497905,466.709229
221,0,201.216156,-216.246307,926.665649,222.180862,38.209496,924.557922,388.30896,-129.163742,968.828003,395.107666,-49.142876,960.772217,284.502106,-260.985229,491.238342,369.309967,-290.057678,97.199066,414.49353,-249.575333,75.400291,289.119904,83.376266,481.081024,378.392334,129.001846,101.525757,415.311401,81.664726,70.887642,287.716827,-169.096786,478.952209,345.246857,-210.297516,103.906525,248.121216,-314.757385,49.891449,210.863922,-253.571625,59.943119,260.800629,170.1586,53.121841,216.194229,113.136017,62.127174,344.628876,53.409035,98.187927,285.163422,-10.460984,466.767944
222,0,201.201706,-216.237137,926.649902,222.189529,38.238098,924.558044,388.365753,-129.115112,968.917358,395.156097,-49.152225,960.861145,284.493469,-260.988434,491.101746,369.295074,-290.065857,97.195869,414.514435,-249.394943,75.594116,289.110046,83.3899,481.084442,378.382935,128.968811,101.547447,415.308899,81.680946,70.87149,287.602905,-168.819519,478.578735,345.244751,-210.310181,103.901802,248.131287,-314.769135,49.892536,210.850449,-253.562027,59.95126,260.828949,170.116592,53.100929,216.207474,113.132385,62.137196,344.592957,53.412529,98.205315,285.170471,-10.438184,466.682373
223,0,201.191895,-216.208542,926.644287,222.151901,38.261127,924.565491,388.356598,-129.126236,968.963684,395.106964,-49.137173,960.81604,284.502716,-260.990387,491.095245,369.28067,-290.022705,97.188911,414.465149,-249.563599,75.381454,289.092194,83.388275,481.082886,378.362366,128.989166,101.53051,415.273712,81.671539,70.868767,287.788025,-169.171402,478.958771,344.971832,-210.151016,103.841957,248.121521,-314.757721,49.898426,210.844376,-253.562485,59.961357,260.806824,170.153198,53.126629,216.182159,113.152596,62.135292,344.503967,53.501534,98.187279,285.171692,-10.442143,466.730865
224,0,201.189484,-216.221344,926.632263,222.153046,38.280777,924.566467,388.295715,-129.149307,968.853699,395.31546,-49.094757,960.941833,284.499939,-260.980347,491.114075,369.260498,-290.018433,97.188499,414.50058,-249.569626,75.374504,289.115875,83.394318,481.073669,378.34201,128.958939,101.518166,415.292511,81.668472,70.872612,287.538452,-168.685928,478.577789,345.038757,-210.192856,103.84024,248.144272,-314.773499,49.879467,210.853714,-253.56218,59.929989,260.825714,170.151688,53.107117,216.184692,113.156067,62.135944,344.566986,53.441635,98.213852,285.13092,-10.441219,466.65152
225,0,201.178268,-216.203018,926.634888,222.176956,38.281319,924.555786,388.397583,-129.099365,968.980286,395.076782,-49.148479,960.731384,284.477966,-260.959534,491.192963,369.273926,-290.052338,97.164185,414.493561,-249.579437,75.372757,289.082733,83.403671,481.062897,378.356934,128.983582,101.535179,415.323975,81.668587,70.877655,287.874664,-169.219635,478.969147,345.278748,-210.301117,103.911652,248.131409,-314.741302,49.879227,210.829102,-253.558014,59.951862,260.808105,170.159241,53.109573,216.194565,113.133766,62.134655,344.527466,53.465675,98.177299,285.196808,-10.408501,466.740204
226,0,201.167786,-216.206482,926.616699,222.162567,38.283005,924.556335,388.36322,-129.138046,969.006104,395.085938,-49.147053,960.793335,284.460297,-260.964294,491.124451,369.285675,-290.046021,97.205925,414.474335,-249.571014,75.363754,289.103271,83.396751,481.070312,378.371155,128.969559,101.539604,415.315948,81.689079,70.892174,287.701019,-168.824875,478.61145,345.063934,-210.155716,103.843895,248.111206,-314.750824,49.910179,210.8526,-253.546921,59.964489,260.821167,170.151718,53.112694,216.210388,113.136406,62.121307,344.613068,53.425606,98.199341,285.166321,-10.420389,466.735931
227,0,201.161484,-216.197083,926.643372,222.167358,38.272377,924.559082,388.325043,-129.182465,968.85144,395.092255,-49.154861,960.806396,284.479431,-260.970032,491.123199,369.280121,-290.057129,97.181709,414.50946,-249.600281,75.331429,289.138702,83.384239,481.066895,378.401428,128.993149,101.520157,415.344421,81.685791,70.931435,287.52475,-168.689148,478.541046,345.03125,-210.162155,103.810631,248.128281,-314.7323,49.895157,210.860535,-253.564835,59.978867,260.815643,170.148529,53.087944,216.204651,113.141602,62.134762,344.552917,53.481441,98.198677,285.161499,-10.434543,466.728851
228,0,201.155045,-216.202393,926.626282,222.151978,38.264469,924.539795,388.296997,-129.167969,968.861511,395.101532,-49.136742,960.784912,284.459656,-260.961395,491.114532,369.329102,-290.029053,97.204597,414.506317,-249.569901,75.38961,289.113464,83.407463,481.063416,378.355103,128.971237,101.543518,415.311279,81.668312,70.86882,287.833282,-169.240036,478.93927,345.018951,-210.173157,103.821182,248.129532,-314.743683,49.887642,210.828064,-253.557648,59.962368,260.812195,170.134827,53.111774,216.194061,113.144058,62.133755,344.590271,53.40308,98.21434,285.107727,-10.423566,466.690704
229,0,201.121399,-216.193893,926.6073,222.164536,38.260227,924.513428,388.304291,-129.173172,968.902832,395.17276,-49.136997,960.855774,284.444092,-260.924194,491.186096,369.271606,-290.015808,97.210068,414.491547,-249.549515,75.413368,289.155701,83.354759,481.086304,378.404266,128.986908,101.506638,415.286591,81.665306,70.903778,287.824005,-169.20137,478.978088,345.056976,-210.20842,103.836533,248.146835,-314.746765,49.882042,210.846878,-253.557053,59.947887,260.829071,170.127045,53.075165,216.198669,113.146309,62.119034,344.516998,53.498405,98.200226,285.206879,-10.431183,466.745331
230,0,201.114822,-216.197388,926.623474,222.162827,38.248325,924.532471,388.284363,-129.175156,968.856323,394.881531,-49.193699,960.633911,284.444641,-260.957581,491.097778,369.277924,-290.054108,97.186882,414.465271,-249.564758,75.394974,289.111786,83.390808,481.07663,378.383209,128.998917,101.521538,415.264862,81.671478,70.848839,287.835663,-169.164139,478.982239,345.268127,-210.296249,103.925354,248.127899,-314.757812,49.879562,210.84314,-253.560394,59.950073,260.836121,170.131439,53.085911,216.198532,113.151985,62.136749,344.564056,53.467209,98.187843,285.191315,-10.470458,466.793243
231,0,201.098816,-216.193802,926.63031,222.102448,38.283875,924.542419,388.317566,-129.146484,968.978821,395.045288,-49.190838,960.803101,284.463379,-260.968536,491.2005,369.315125,-290.058929,97.207153,414.483002,-249.54982,75.431328,289.127899,83.385605,481.078888,378.373596,128.98912,101.535233,415.324554,81.67495,70.917076,287.789551,-169.152237,478.993805,344.993958,-210.143982,103.846115,248.103683,-314.748383,49.903057,210.848434,-253.571777,59.962296,260.813232,170.175705,53.094299,216.203964,113.149368,62.1409,344.555023,53.491013,98.194061,285.079895,-10.477697,466.769531
232,0,201.070343,-216.165268,926.608521,222.133621,38.273762,924.525208,388.247986,-129.189972,968.88208,395.262512,-49.190716,960.984558,284.497589,-260.970642,491.200073,369.274811,-290.044769,97.19136,414.495148,-249.575821,75.364059,289.102539,83.388329,481.069641,378.396881,129.003204,101.534737,415.329956,81.67543,70.924255,287.733215,-169.086639,478.929199,345.241547,-210.283447,103.935326,248.091736,-314.736206,49.909061,210.841461,-253.562607,59.953678,260.850708,170.151428,53.09219,216.193649,113.138908,62.127857,344.557281,53.490463,98.174103,285.193542,-10.510486,466.830566
233,0,201.075562,-216.183945,926.607544,222.125488,38.242352,924.508484,388.237244,-129.227646,968.961792,395.066345,-49.202015,960.884827,284.508331,-260.970612,491.122559,369.285675,-290.064026,97.190125,414.508545,-249.601913,75.362915,289.084442,83.397392,481.078552,378.376648,128.963333,101.517708,415.311584,81.591515,70.71875,287.682678,-169.047012,478.891632,344.988373,-210.180359,103.854858,248.143539,-314.767181,49.8661,210.836456,-253.562653,59.941357,260.824249,170.129913,53.091572,216.199951,113.154755,62.124344,344.564301,53.47451,98.169891,285.173248,-10.534113,466.833984
234,0,201.048294,-216.197845,926.592957,222.084442,38.261288,924.512085,388.279419,-129.181427,969.043457,395.134827,-49.210537,960.969055,284.5112,-260.992767,491.177185,369.279053,-290.035339,97.203568,414.465363,-249.572495,75.423737,289.07489,83.380157,481.079224,378.409576,128.980713,101.528244,415.296417,81.640976,70.885254,287.64505,-168.762497,478.57782,345.007263,-210.193924,103.855019,248.109726,-314.746552,49.889095,210.862167,-253.590759,59.960541,260.784515,170.175354,53.123745,216.20607,113.137161,62.132614,344.575684,53.41581,98.20533,285.111176,-10.509798,466.756073
235,0,201.038208,-216.204056,926.614868,222.078217,38.227509,924.512268,388.268372,-129.212677,969.035095,395.079529,-49.219677,960.815735,284.541046,-261.018158,491.141296,369.268982,-290.052399,97.196587,414.507721,-249.570389,75.405937,289.052368,83.369492,481.080322,378.377716,128.953735,101.524796,415.290192,81.660782,70.873848,287.880127,-169.212997,478.971161,344.977814,-210.206467,103.83239,248.1203,-314.755219,49.889614,210.840637,-253.580307,59.946434,260.806427,170.159393,53.102879,216.215164,113.134338,62.120907,344.559174,53.474991,98.195267,285.162994,-10.576126,466.792969
236,0,201.038864,-216.20636,926.606323,222.044052,38.215691,924.518494,388.189453,-129.225174,968.97406,394.818298,-49.277142,960.564697,284.54184,-261.029144,491.114777,369.294495,-290.068481,97.200439,414.498016,-249.55983,75.388321,289.061523,83.348343,481.058197,378.380371,128.965393,101.552437,415.310699,81.671753,70.880836,287.732574,-168.856552,478.635468,344.999939,-210.199677,103.860336,248.103699,-314.750793,49.890099,210.840164,-253.572342,59.950775,260.80719,170.139008,53.095818,216.202972,113.134239,62.125359,344.41394,53.543896,98.302536,285.165253,-10.598714,466.869446
237,0,201.046509,-216.233047,926.621033,222.040924,38.170132,924.504272,388.173187,-129.214478,968.919189,394.881073,-49.216354,960.756165,284.558044,-261.012421,491.202698,369.266235,-290.070221,97.196426,414.469879,-249.559906,75.406265,289.033966,83.341499,481.04837,378.37735,128.953735,101.535965,415.31842,81.64373,70.879929,287.787445,-169.15062,478.915314,344.967865,-210.171402,103.847786,248.135437,-314.745056,49.870544,210.851257,-253.585098,59.935619,260.822693,170.150558,53.099411,216.201401,113.126579,62.139767,344.600006,53.389656,98.198486,285.128723,-10.582957,466.834045
238,0,201.035934,-216.233795,926.608521,222.022232,38.139503,924.508057,388.229065,-129.179001,969.029358,394.855225,-49.223877,960.741394,284.560272,-261.021149,491.221741,369.295624,-290.03714,97.216202,414.470123,-249.530258,75.411209,289.030579,83.342216,481.051239,378.370453,128.950989,101.506775,415.318939,81.613304,70.795135,287.793854,-169.131088,478.955109,345.224182,-210.289703,103.942154,248.115784,-314.75,49.888847,210.842926,-253.576599,59.957382,260.795471,170.174606,53.113415,216.202789,113.133636,62.12328,344.601105,53.41172,98.177826,285.100555,-10.62914,466.858612
239,0,201.025711,-216.26442,926.617004,221.995316,38.133877,924.468079,388.208679,-129.179108,969.039062,394.841003,-49.214191,960.728882,284.568359,-261.025177,491.241455,369.250977,-290.027283,97.215897,414.506958,-249.590744,75.372414,288.976929,83.338013,481.063934,378.349762,128.996521,101.562149,415.354736,81.640297,70.82872,287.487671,-168.685211,478.517059,344.997894,-210.222565,103.86937,248.120422,-314.763611,49.887066,210.835999,-253.588913,59.960762,260.833618,170.152588,53.118145,216.198654,113.146378,62.141819,344.61496,53.370789,98.198921,285.077576,-10.640229,466.748871
240,0,201.030548,-216.287033,926.594666,221.947632,38.122932,924.483032,388.129486,-129.204605,968.945374,394.829254,-49.212742,960.740601,284.580872,-261.044098,491.230713,369.269379,-290.045502,97.209908,414.49353,-249.542496,75.427467,288.949677,83.346169,481.039551,378.347748,128.951355,101.517685,415.296204,81.661194,70.884575,287.71524,-169.103668,478.930634,344.943634,-210.169296,103.854675,248.101486,-314.740631,49.886868,210.864441,-253.588196,59.962101,260.799255,170.173203,53.093208,216.194016,113.134544,62.117695,344.607269,53.32365,98.212219,285.126953,-10.624923,466.890533
241,0,201.013763,-216.309509,926.611755,221.752411,38.41534,924.492981,388.128632,-129.213348,968.976746,394.841522,-49.209881,960.79834,284.569519,-261.042084,491.248169,369.29007,-290.03833,97.21489,414.519989,-249.548187,75.433395,288.946899,83.328812,481.0383,378.373566,128.947708,101.532921,415.32196,81.664825,70.915047,287.282715,-168.558731,478.412537,344.986359,-210.19104,103.853714,248.123795,-314.786713,49.867012,210.852631,-253.594376,59.946838,260.832275,170.129456,53.078083,216.189575,113.135132,62.131889,344.545197,53.420105,98.205666,285.093353,-10.641765,466.733643
242,0,201.024704,-216.327087,926.615662,221.923798,38.033165,924.483398,388.097443,-129.210526,968.939758,394.81311,-49.219849,960.816711,284.57019,-261.061005,491.250183,369.276886,-290.061249,97.215424,414.487061,-249.539444,75.438316,288.955475,83.311165,481.059784,378.341003,128.955124,101.542755,415.264496,81.636475,70.873604,287.637177,-168.823502,478.584015,345.25943,-210.313904,103.931938,248.119324,-314.756165,49.863342,210.843643,-253.600296,59.943073,260.838715,170.120483,53.086163,216.19606,113.116951,62.14492,344.60849,53.359043,98.230103,285.095337,-10.680809,466.846741
243,0,200.985123,-216.338013,926.582886,221.728088,38.34259,924.515015,388.10376,-129.215546,968.952271,394.656525,-49.258892,960.70166,284.58551,-261.074036,491.239532,369.2901,-290.035706,97.229973,414.457794,-249.519714,75.460411,289.025177,83.271484,481.050598,378.338348,128.954376,101.546478,415.267792,81.678375,70.872208,287.522522,-168.745224,478.528534,345.223938,-210.32457,103.958626,248.126236,-314.769562,49.848751,210.839828,-253.604141,59.971443,260.833344,170.138718,53.113235,216.195816,113.124664,62.123554,344.569611,53.364826,98.21183,285.04657,-10.704411,466.827057
244,0,200.993362,-216.344345,926.603088,221.689651,38.348606,924.495972,388.0755,-129.215698,968.982056,394.760284,-49.231003,960.848206,284.556946,-261.060608,491.231415,369.290192,-290.051666,97.224396,414.481995,-249.513123,75.479553,288.952515,83.301178,481.052795,378.353058,128.956085,101.56897,415.266327,81.576126,70.674385,287.425171,-168.714951,478.506317,345.238159,-210.330032,103.941246,248.116959,-314.746216,49.846142,210.828293,-253.580841,59.951466,260.774414,170.175613,53.099533,216.19516,113.127235,62.133118,344.57074,53.40789,98.200317,285.089905,-10.70749,466.833405
245,0,200.973282,-216.365677,926.573181,221.688416,38.307858,924.494568,388.102417,-129.255722,968.993225,394.734406,-49.244457,960.838928,284.547272,-261.065979,491.246307,369.254608,-290.049316,97.206505,414.486298,-249.545822,75.421021,288.958862,83.314102,481.057556,378.344635,128.968292,101.556305,415.300537,81.62262,70.786423,287.242645,-168.558945,478.4021,345.242065,-210.322372,103.974602,248.133911,-314.765015,49.849594,210.828918,-253.575974,59.942268,260.788513,170.151443,53.105267,216.180115,113.127731,62.135269,344.5867,53.400768,98.192345,285.097809,-10.722033,466.780853
246,0,200.968567,-216.374878,926.58075,221.846252,38.001579,924.485657,388.043945,-129.236511,968.954773,394.805664,-49.237541,960.917786,284.528656,-261.052368,491.227814,369.317993,-290.061371,97.224487,414.496246,-249.557907,75.428047,288.93042,83.3228,481.050507,378.359589,128.957993,101.547974,415.319458,81.617073,70.784134,287.803101,-169.022705,478.737732,345.001495,-210.2146,103.870247,248.115738,-314.771973,49.845589,210.837372,-253.587784,59.942009,260.822968,170.114197,53.097012,216.188721,113.129364,62.127777,344.583038,53.38345,98.199036,285.079895,-10.715628,466.811218
247,0,200.950302,-216.382996,926.593323,221.852768,37.955502,924.485901,388.045013,-129.228317,968.942139,394.725616,-49.256012,960.826233,284.533142,-261.10791,491.141815,369.320129,-290.059967,97.23053,414.469116,-249.508224,75.488533,288.970703,83.296379,481.051849,378.344391,128.940277,101.517746,415.314423,81.610229,70.807304,287.547821,-168.78476,478.585388,345.224854,-210.300644,103.952728,248.121674,-314.769562,49.876526,210.848099,-253.596191,59.951504,260.813904,170.137772,53.084175,216.17984,113.122154,62.123787,344.520325,53.411026,98.205742,285.080505,-10.757049,466.779541
248,0,200.924072,-216.389923,926.572083,221.666016,38.263084,924.499817,388.028931,-129.261139,968.989136,394.584259,-49.306332,960.682251,284.532837,-261.097687,491.132507,369.311035,-290.064972,97.213669,414.473541,-249.536224,75.456718,288.947571,83.305641,481.046021,378.368225,128.93898,101.514984,415.300018,81.638618,70.906197,287.798981,-169.033768,478.701477,345.214081,-210.325439,103.947365,248.103668,-314.763763,49.859524,210.828751,-253.584869,59.95261,260.792358,170.152634,53.108719,216.192368,113.113945,62.127579,344.594971,53.327827,98.213676,285.085815,-10.730426,466.775208
249,0,200.897278,-216.378632,926.56134,221.617126,38.316437,924.510986,388.012634,-129.277802,968.953247,394.711121,-49.287853,960.852844,284.51001,-261.091553,491.221893,369.311249,-290.084534,97.229218,414.499756,-249.416031,75.613297,288.948242,83.313385,481.042786,378.377045,128.941208,101.537849,415.294037,81.631203,70.874802,287.890015,-169.392365,478.99292,344.966949,-210.189468,103.872307,248.142593,-314.772034,49.830349,210.83963,-253.596008,59.950417,260.821045,170.121185,53.09127,216.198593,113.120468,62.109203,344.559875,53.421864,98.214897,285.070251,-10.755811,466.778168
250,0,200.868011,-216.375595,926.565002,221.809708,37.97554,924.464966,388.031799,-129.243301,969.076782,394.725983,-49.312897,960.892395,284.492279,-261.089417,491.113647,369.290588,-290.043274,97.238495,414.518951,-249.5755,75.383827,288.933807,83.292473,481.041962,378.360107,128.959183,101.567581,415.313232,81.653221,70.911179,287.776917,-169.026947,478.729309,345.199341,-210.328751,103.953102,248.134689,-314.773132,49.832031,210.836823,-253.593918,59.958565,260.799164,170.142731,53.103905,216.184967,113.123055,62.132278,344.525421,53.455441,98.18251,285.063873,-10.74401,466.800659
251,0,200.849991,-216.374771,926.555908,221.650055,38.272808,924.477539,388.00827,-129.238586,969.102112,394.586548,-49.362473,960.691467,284.45755,-261.102936,491.118591,369.287964,-290.055603,97.229073,414.583374,-249.458817,75.499382,288.891418,83.311043,481.055908,378.349884,128.934875,101.545708,415.316254,81.653694,70.935455,287.75946,-169.039429,478.760406,344.939331,-210.189575,103.882401,248.138138,-314.764832,49.841171,210.849075,-253.587997,59.958107,260.809631,170.159424,53.111279,216.196793,113.113991,62.125328,344.565247,53.363346,98.189201,285.047546,-10.760257,466.729797
252,0,200.896317,-216.236435,926.51001,221.791595,38.002571,924.453735,388.034851,-129.262482,969.104187,394.732849,-49.317062,960.916565,284.437256,-261.072266,491.202301,369.279053,-290.031586,97.203697,414.485718,-249.541077,75.445709,288.904663,83.310814,481.052948,378.356598,128.940796,101.558022,415.265839,81.639511,70.874451,287.677551,-168.994385,478.692169,345.206909,-210.323792,103.946884,248.112396,-314.771515,49.858788,210.836197,-253.577835,59.945457,260.806396,170.145798,53.094627,216.183914,113.128456,62.140022,344.536835,53.395065,98.175293,285.032288,-10.704291,466.776184
253,0,200.870667,-216.224686,926.507507,221.800537,37.969509,924.447388,387.963928,-129.29451,969.004028,394.567505,-49.324955,960.713928,284.485626,-261.082733,491.109985,369.309082,-290.070648,97.218361,414.478363,-249.551163,75.442589,288.932312,83.291344,481.049561,378.359436,128.953552,101.563469,415.288788,81.647575,70.894478,287.716919,-169.222946,478.962616,344.953278,-210.188522,103.894333,248.115067,-314.769287,49.838406,210.850861,-253.584381,59.938251,260.828339,170.139526,53.09021,216.179504,113.122353,62.129978,344.570129,53.366684,98.184456,285.059723,-10.732537,466.732117
254,0,200.834137,-216.209656,926.483215,221.625687,38.282768,924.462402,387.999573,-129.279922,969.084229,394.652679,-49.348808,960.846436,284.463287,-261.070801,491.125488,369.275391,-290.045166,97.210373,414.483429,-249.393875,75.638039,288.935425,83.265221,481.051117,378.364014,128.931076,101.561928,415.27359,81.574409,70.771095,287.789185,-169.084717,478.697876,344.96167,-210.219513,103.864174,248.104599,-314.784027,49.866322,210.842728,-253.603546,59.930901,260.795807,170.14006,53.098236,216.187973,113.127213,62.123226,344.572968,53.348133,98.182732,285.038696,-10.747963,466.763977
255,0,200.826294,-216.189941,926.492188,221.577255,38.33276,924.483154,387.927734,-129.317825,968.95752,394.617004,-49.356552,960.837219,284.433899,-261.065948,491.203308,369.295288,-290.047241,97.233833,414.502441,-249.543457,75.461502,288.913635,83.275864,481.04245,378.360352,128.922195,101.532356,415.261017,81.634048,70.883362,287.45163,-168.772858,478.559875,344.931915,-210.167221,103.867783,248.127136,-314.764252,49.847572,210.842285,-253.59169,59.924366,260.798218,170.149689,53.109913,216.195511,113.098442,62.11993,344.493988,53.459133,98.179016,285.0354,-10.714942,466.803925
256,0,200.802704,-216.299896,926.571106,221.649094,38.229729,924.471985,387.928375,-129.319656,968.968567,394.63858,-49.372147,960.869812,284.444489,-261.075989,491.219086,369.274811,-290.043152,97.235336,414.494659,-249.569336,75.413475,288.916656,83.2733,481.040283,378.366364,128.941559,101.567924,415.333832,81.629539,70.928673,287.532043,-168.896545,478.574493,344.946747,-210.165298,103.881134,248.110764,-314.776703,49.860439,210.834366,-253.582092,59.936016,260.79364,170.156219,53.114124,216.193207,113.111534,62.124836,344.572815,53.373459,98.195946,285.008087,-10.739343,466.872345
257,0,200.757172,-216.291229,926.534912,221.604431,38.298508,924.468323,387.979401,-129.310471,969.09375,394.60498,-49.360168,960.799988,284.418518,-261.05835,491.220093,369.285583,-290.039246,97.228081,414.467438,-249.515839,75.487221,288.924774,83.286835,481.058319,378.344727,128.93602,101.557259,415.336151,81.5998,70.808556,287.774506,-169.08812,478.690094,344.981262,-210.206589,103.873932,248.10733,-314.775024,49.853916,210.835602,-253.582687,59.948521,260.821381,170.123489,53.087975,216.193954,113.120071,62.113991,344.601288,53.343395,98.214371,285.031036,-10.757855,466.86972
258,0,200.771011,-216.296387,926.546936,221.593307,38.289013,924.481506,387.924835,-129.318542,969.068848,394.52301,-49.382805,960.707153,284.431244,-261.055969,491.188599,369.303741,-290.07016,97.233078,414.508057,-249.53038,75.452751,288.923767,83.29641,481.05191,378.375336,128.946487,101.571205,415.276031,81.653137,70.927116,287.532104,-168.818909,478.580536,344.923767,-210.182571,103.859024,248.136627,-314.750397,49.839893,210.831268,-253.592468,59.936287,260.814423,170.141724,53.098392,216.187561,113.117241,62.13456,344.575897,53.408234,98.178062,285.076508,-10.731641,466.79071
