,,Lowerbody:LIAS,,,Lowerbody:RIAS,,,Lowerbody:LIPS,,,Lowerbody:RIPS,,,Lowerbody:LFLE,,,Lowerbody:LFAL,,,Lowerbody:LFCC,,,Lowerbody:RFLE,,,Lowerbody:RFAL,,,Lowerbody:RFCC,,,Lowerbody:LFME,,,Lowerbody:LTAM,,,Lowerbody:LFM5,,,Lowerbody:LFM1,,,Lowerbody:RFM5,,,Lowerbody:RFM1,,,Lowerbody:RTAM,,,Lowerbody:RFME,,
1,0,216.689743,-197.499542,949.567566,226.733551,27.853785,949.188904,382.447723,-131.081406,984.066467,385.623535,-46.030281,987.984253,299.728363,-262.243286,483.754486,367.318115,-287.358368,87.801529,410.986176,-248.16777,70.007484,300.225647,95.537277,489.208099,372.985931,140.284378,94.16703,412.492462,98.410782,73.301186,321.790436,-176.150192,468.245636,351.037659,-210.620316,93.070488,255.491699,-308.192566,52.690239,213.64267,-240.189804,57.746067,256.088104,165.372192,53.413063,219.866226,98.728218,61.412312,348.350922,65.083946,99.775459,322.310272,3.591488,465.885315
2,0,216.700409,-197.496826,949.564758,226.737747,27.850494,949.184998,382.435089,-131.067093,984.062256,385.62854,-46.014839,987.994812,299.714844,-262.236816,483.750763,367.167847,-287.292786,87.863205,410.985626,-248.024643,69.952217,300.216095,95.541161,489.212158,372.974701,140.28595,94.157234,412.443237,98.3591,73.36335,321.791382,-176.169586,468.258179,351.068604,-210.628372,93.030205,255.488129,-308.192566,52.690327,213.630356,-240.202072,57.75948,256.087006,165.367905,53.422848,219.871201,98.728172,61.430943,348.34729,65.087555,99.789413,322.280701,3.618353,465.853119
3,0,216.646027,-197.592926,949.56427,226.727325,27.869516,949.183472,382.409729,-131.066956,984.06012,385.608429,-46.005436,987.990051,299.73111,-262.240997,483.739502,367.097565,-287.325104,87.872627,411.018158,-248.151093,70.021736,300.230835,95.548477,489.203644,373.00296,140.328491,94.159615,412.495422,98.415695,73.313499,321.796478,-176.128677,468.255859,351.037659,-210.589539,93.061806,255.486191,-308.194336,52.695808,213.629379,-240.199799,57.748692,256.143372,165.304337,53.276711,219.872421,98.72438,61.424477,348.346039,65.081604,99.784874,322.281586,3.609803,465.857452
4,0,216.685059,-197.489517,949.558777,226.707153,27.862507,949.174011,382.418213,-131.034775,984.089294,385.601471,-46.002125,987.984802,299.701385,-262.252319,483.73291,367.144867,-287.289978,87.878265,411.015961,-248.152283,70.016502,300.198242,95.571625,489.200592,373.003937,140.30304,94.151848,412.482513,98.42437,73.278717,321.805481,-176.120621,468.267914,351.040497,-210.549347,93.070747,255.486191,-308.191345,52.697128,213.594254,-240.189941,57.767025,256.062317,165.365936,53.411552,219.867706,98.726425,61.440193,348.337708,65.110535,99.76519,322.261627,3.606902,465.861023
5,0,216.665665,-197.502731,949.567627,226.706345,27.84724,949.170654,382.41333,-131.064728,984.088989,385.585571,-45.993393,987.972595,299.682068,-262.25058,483.749237,367.139404,-287.292847,87.87516,410.991791,-248.012695,69.969955,300.198883,95.540749,489.199799,372.975067,140.299438,94.147522,412.479767,98.423828,73.292892,321.735596,-176.138321,468.258392,351.031189,-210.536255,93.112114,255.491562,-308.194672,52.683605,213.607773,-240.199799,57.769032,256.083008,165.367416,53.394035,219.880722,98.724312,61.417099,348.34256,65.115944,99.800598,322.300537,3.626256,465.864685
6,0,216.65329,-197.486267,949.569397,226.697678,27.865578,949.163025,382.395416,-131.038986,984.075378,385.57135,-45.975395,987.985718,299.69104,-262.239716,483.751068,367.389984,-287.393768,87.786865,410.991547,-248.140167,70.036392,300.185455,95.532478,489.181641,372.990967,140.291656,94.141472,412.488495,98.414665,73.293625,321.735657,-176.145401,468.259827,351.113007,-210.609116,93.051079,255.496109,-308.181,52.696133,213.613358,-240.195908,57.784328,256.138519,165.301971,53.28204,219.888092,98.726105,61.414989,348.335693,65.09642,99.792725,322.231689,3.57798,465.840881
7,0,216.653839,-197.480637,949.561829,226.68512,27.863714,949.168457,382.397217,-131.049911,984.062866,385.538971,-45.979721,987.970947,299.718689,-262.252167,483.722656,367.159668,-287.312592,87.877922,411.010223,-248.134216,70.031662,300.17511,95.516716,489.181519,372.985596,140.293732,94.16861,412.485687,98.436241,73.3013,321.712921,-176.153976,468.254883,351.082428,-210.609634,93.058815,255.51358,-308.178314,52.691383,213.583099,-240.224823,57.769756,256.099915,165.349884,53.38316,219.884506,98.724762,61.408119,348.408417,65.109764,99.780136,322.243195,3.59393,465.89212
8,0,216.645248,-197.487228,949.559326,226.648422,27.855848,949.175171,382.414093,-131.051163,984.076538,385.536957,-45.970955,987.972717,299.687408,-262.253754,483.739594,367.313629,-287.266815,87.807808,410.938568,-248.015381,69.990273,300.16272,95.524796,489.185944,373.019623,140.2901,94.151115,412.488312,98.415451,73.306511,321.695648,-176.145981,468.260345,351.095032,-210.627869,93.063828,255.4841,-308.172302,52.728706,213.641235,-240.21254,57.78186,256.133484,165.282593,53.290886,219.879242,98.708176,61.40773,348.353882,65.104309,99.811043,322.252258,3.606415,465.901337
9,0,216.652069,-197.475662,949.553284,226.644485,27.854233,949.170105,382.419983,-131.023285,984.100647,385.515198,-45.959541,987.984863,299.707184,-262.230255,483.754608,367.146149,-287.29837,87.879654,410.996307,-248.138382,70.057472,300.150177,95.515968,489.182953,372.972809,140.289719,94.139168,412.29892,98.374069,73.327225,321.724182,-176.142548,468.263794,351.099548,-210.601807,93.088326,255.508698,-308.151886,52.714115,213.630051,-240.220184,57.756821,256.111023,165.334106,53.394302,219.874329,98.694817,61.42263,348.385376,65.093689,99.818184,322.245758,3.600929,465.866119
10,0,216.65657,-197.476303,949.559814,226.637009,27.832579,949.168335,382.402191,-131.032471,984.088013,385.50531,-45.963081,988.015259,299.692261,-262.249603,483.753082,367.152344,-287.305756,87.860718,410.976685,-248.137726,70.054337,300.12207,95.508575,489.170441,372.963715,140.272217,94.133751,412.453186,98.414925,73.304054,321.733185,-176.12648,468.264374,351.167053,-210.560593,93.057671,255.522842,-308.15686,52.714314,213.621414,-240.208618,57.773048,256.102264,165.335831,53.400787,219.880371,98.698929,61.403496,348.388794,65.083046,99.807068,322.220093,3.615155,465.908752
11,0,216.626511,-197.477325,949.56781,226.614044,27.837168,949.16803,382.370239,-131.018066,984.080139,385.502441,-45.962051,987.974792,299.706177,-262.234314,483.743378,367.128754,-287.305511,87.863831,410.979553,-248.113342,70.039055,300.136139,95.4888,489.177643,372.960052,140.261856,94.127602,412.449432,98.418602,73.301033,321.715881,-176.132401,468.270264,351.165802,-210.593201,93.052292,255.485504,-308.158173,52.725422,213.611221,-240.229675,57.773251,256.143951,165.29631,53.295406,219.873047,98.711487,61.413933,348.391296,65.080078,99.824478,322.212921,3.60677,465.895447
12,0,216.640381,-197.488998,949.543335,226.601639,27.842505,949.172791,382.376984,-131.003021,984.06073,385.518707,-45.946484,987.989746,299.724487,-262.228119,483.738159,367.100342,-287.372742,87.800377,410.966492,-248.115372,70.025986,300.131195,95.511597,489.169891,372.952942,140.270218,94.114182,412.445038,98.427986,73.309387,321.729645,-176.140976,468.262543,351.155365,-210.640778,93.058807,255.523499,-308.159271,52.723392,213.62764,-240.209534,57.760094,256.143036,165.283524,53.291214,219.87384,98.708725,61.429123,348.369202,65.086319,99.824211,322.25116,3.621933,465.884216
13,0,216.612183,-197.483597,949.569031,226.558823,27.856661,949.180847,382.389587,-130.990479,984.105957,385.481293,-45.938011,987.99884,299.684509,-262.237946,483.737244,367.233459,-287.290894,87.879021,411.000763,-248.125671,70.0513,300.114014,95.500381,489.170654,372.942627,140.256729,94.126801,412.441315,98.416634,73.329262,321.732056,-176.136337,468.27124,351.166321,-210.645035,93.055481,255.531754,-308.143921,52.720146,213.63092,-240.211044,57.790939,256.085602,165.31897,53.389977,219.880966,98.715675,61.397362,348.380951,65.078384,99.85939,322.210693,3.604416,465.917603
14,0,216.606705,-197.487259,949.571228,226.576187,27.831795,949.18457,382.362183,-131.020538,984.076599,385.47345,-45.956783,987.986755,299.707977,-262.211914,483.741638,367.170471,-287.327911,87.852051,410.974335,-248.099503,70.058144,300.134979,95.494034,489.172943,372.970947,140.288101,94.154045,412.422607,98.370743,73.362602,321.713165,-176.140915,468.280731,351.192047,-210.594131,93.074684,255.520966,-308.141266,52.73782,213.632843,-240.216217,57.737129,256.106354,165.311966,53.369225,219.878723,98.705246,61.423992,348.377472,65.07515,99.818054,322.20752,3.64013,465.91153
15,0,216.583298,-197.49791,949.563354,226.566849,27.841684,949.178528,382.387909,-131.005142,984.102478,385.461182,-45.950253,988.012512,299.633759,-262.242188,483.73526,367.166412,-287.289612,87.880356,410.989655,-248.097183,70.062172,300.115692,95.472794,489.151703,372.962372,140.277176,94.135994,412.417816,98.361824,73.359329,321.682739,-176.121765,468.270844,351.193542,-210.566147,93.080162,255.486847,-308.117554,52.741943,213.632904,-240.228882,57.760643,256.102753,165.31572,53.369267,219.875427,98.703506,61.38966,348.377228,65.090462,99.856804,322.164764,3.616951,465.9263
16,0,216.586365,-197.50264,949.575012,226.552505,27.851337,949.175598,382.380493,-131.025635,984.094055,385.462799,-45.942623,987.979919,299.647095,-262.22702,483.748047,367.155975,-287.30542,87.883202,410.964874,-248.098099,70.04583,300.076874,95.498802,489.182007,372.94104,140.252136,94.120705,412.441559,98.394424,73.302277,321.656219,-176.130875,468.269104,351.392365,-210.783035,93.027763,255.501663,-308.127808,52.735878,213.60907,-240.213806,57.770924,256.164368,165.290115,53.296875,219.872971,98.683388,61.403893,348.370453,65.069077,99.845436,322.191559,3.616903,465.915222
17,0,216.586945,-197.49939,949.570679,226.556808,27.846884,949.169983,382.346832,-130.999481,984.096252,385.43512,-45.962654,987.99823,299.614838,-262.228699,483.731323,367.187317,-287.290741,87.827461,410.997955,-248.120651,70.051704,300.078766,95.480324,489.174011,372.970856,140.24501,94.131363,412.433899,98.364021,73.358154,321.655518,-176.133652,468.254059,351.277191,-210.633453,93.053299,255.510803,-308.156982,52.756214,213.652863,-240.202393,57.786068,256.132294,165.267593,53.290874,219.867706,98.700317,61.402088,348.355896,65.066681,99.859764,322.172638,3.625901,465.922638
18,0,216.53154,-197.496216,949.576416,226.547134,27.873394,949.151917,382.34671,-131.011993,984.090942,385.447327,-45.958202,987.977783,299.640289,-262.208771,483.733307,367.132172,-287.310486,87.89579,410.942474,-248.083618,70.044685,300.085266,95.482536,489.148834,372.945831,140.258057,94.107773,412.435608,98.357552,73.355583,321.632874,-176.122467,468.262451,351.30072,-210.672958,93.029205,255.509949,-308.140503,52.765049,213.635101,-240.219711,57.766548,256.14267,165.295853,53.306705,219.88269,98.705139,61.414776,348.352539,65.077126,99.838905,322.122559,3.655118,465.932404
19,0,216.495697,-197.572037,949.584045,226.542862,27.896868,949.161621,382.287476,-131.022339,984.083252,385.4263,-45.956707,987.975342,299.599945,-262.221771,483.743042,367.141602,-287.275635,87.8759,410.974762,-248.05896,70.060478,300.067657,95.49884,489.164703,372.958923,140.251038,94.112999,412.433289,98.362892,73.360481,321.616486,-176.101135,468.275055,351.273987,-210.680801,92.981873,255.50238,-308.124298,52.730106,213.629669,-240.195053,57.783024,256.145874,165.284988,53.29705,219.887039,98.68969,61.421909,348.391541,65.09359,99.832619,322.117096,3.631933,465.935242
20,0,216.491837,-197.466858,949.545532,226.539734,27.895443,949.153748,382.290039,-130.998352,984.062134,385.427002,-45.977158,987.984985,299.582977,-262.21875,483.736206,367.356781,-287.238129,87.813919,410.946381,-248.095917,70.066666,300.102936,95.518295,489.162598,372.972046,140.262909,94.136658,412.470825,98.393394,73.310173,321.603302,-176.11763,468.261261,351.240784,-210.647217,93.040627,255.505478,-308.134491,52.721836,213.644928,-240.213715,57.743629,256.127136,165.343399,53.367012,219.899063,98.704636,61.40427,348.369904,65.103348,99.847504,322.107269,3.596219,465.94812
21,0,216.464401,-197.45015,949.551453,226.525986,27.901098,949.169189,382.228149,-131.028091,984.079834,385.400543,-45.971844,987.987488,299.577484,-262.23111,483.728302,367.189453,-287.264221,87.836792,410.989563,-248.100204,69.965851,300.081238,95.510178,489.169861,372.969421,140.267242,94.12442,412.432953,98.382385,73.372147,321.592072,-176.120895,468.263428,351.191833,-210.679138,93.061493,255.485855,-308.13028,52.759571,213.613754,-240.216248,57.748737,256.154541,165.296173,53.294857,219.882034,98.70417,61.40963,348.36261,65.087875,99.846039,322.12384,3.641284,465.8974
22,0,216.442017,-197.434616,949.553772,226.50264,27.903868,949.156738,382.246918,-131.061035,984.065674,385.39859,-45.980988,987.958313,299.543884,-262.244263,483.735291,367.137482,-287.335724,87.821297,410.964172,-248.119049,70.033669,300.123138,95.491577,489.164581,372.992188,140.252716,94.14743,412.439819,98.370804,73.335503,321.595581,-176.126877,468.255646,351.250397,-210.645142,93.06694,255.513931,-308.143341,52.746513,213.64949,-240.20961,57.787804,256.154083,165.27356,53.28931,219.893616,98.701744,61.401043,348.371857,65.055275,99.8293,322.181335,3.667414,465.926605
23,0,216.407043,-197.466904,949.558472,226.318481,28.135525,949.206543,382.230225,-131.042648,984.058105,385.402954,-45.987526,987.979797,299.5242,-262.229034,483.741058,367.126312,-287.298218,87.885849,410.986664,-248.115234,70.071342,300.102997,95.504601,489.169525,372.976227,140.278168,94.15004,412.461182,98.401955,73.31601,321.594788,-176.105347,468.27356,351.21875,-210.626312,93.05748,255.501205,-308.124847,52.744305,213.620285,-240.206635,57.792923,256.159943,165.282761,53.295963,219.888397,98.707848,61.397461,348.368408,65.076149,99.837891,322.165833,3.611916,465.902008
24,0,216.399384,-197.431747,949.547607,226.498322,27.932154,949.157471,382.231873,-131.051666,984.068909,385.37738,-45.989124,988.00647,299.476074,-262.18988,483.755157,367.182922,-287.260254,87.866707,410.996521,-248.088867,70.067207,300.126617,95.515526,489.166138,372.945526,140.25177,94.128304,412.32843,98.390358,73.293602,321.565796,-176.087479,468.261993,351.228638,-210.623596,93.051414,255.518677,-308.125732,52.744293,213.636459,-240.230209,57.751011,256.130463,165.322876,53.356327,219.88237,98.714142,61.415668,348.364502,65.078941,99.853111,322.154266,3.63442,465.946808
25,0,216.365097,-197.441284,949.542053,226.306595,28.157274,949.210449,382.222473,-131.028336,984.068298,385.343353,-45.99802,987.990051,299.50528,-262.200684,483.730255,367.159241,-287.336548,87.812645,410.992889,-248.093811,70.072792,300.126678,95.538445,489.172546,372.968689,140.271805,94.126328,412.447784,98.401276,73.33226,321.53714,-176.109406,468.262573,351.24176,-210.625534,93.010185,255.485916,-308.130432,52.760101,213.642303,-240.197754,57.773098,256.10733,165.322556,53.354305,219.893005,98.746071,61.429127,348.363586,65.102463,99.839226,322.170441,3.63735,465.897125
26,0,216.329269,-197.428284,949.53009,226.471146,27.941313,949.160278,382.134277,-131.040527,984.054321,385.346466,-45.988419,988.003296,299.465363,-262.202942,483.731445,367.149017,-287.274292,87.856819,410.973511,-248.121994,70.045387,300.117188,95.542328,489.168182,372.977417,140.27626,94.131851,412.424744,98.43277,73.320938,321.54245,-176.105728,468.260559,351.23175,-210.564697,93.052284,255.509048,-308.126831,52.736465,213.625244,-240.193924,57.774269,256.119019,165.324982,53.380501,219.889099,98.719704,61.404423,348.377136,65.08786,99.837196,322.169098,3.646055,465.945618
27,0,216.309082,-197.403152,949.533142,226.447525,27.94243,949.150818,382.125122,-131.04805,984.064758,385.316528,-45.991631,987.978577,299.438995,-262.212952,483.723419,367.143494,-287.268463,87.866035,410.965118,-248.101639,70.05883,300.104309,95.543579,489.173737,372.968719,140.269073,94.158104,412.41925,98.362144,73.34333,321.504303,-176.109299,468.265381,351.188843,-210.590912,93.105881,255.504074,-308.13446,52.745377,213.663391,-240.225098,57.753101,256.1427,165.287704,53.294182,219.888824,98.700897,61.428398,348.360413,65.097725,99.852318,322.150146,3.647321,465.936401
28,0,216.282166,-197.410645,949.528503,226.25415,28.168402,949.182861,382.07782,-131.038834,984.04834,385.301361,-46.008549,988.002319,299.401398,-262.217224,483.712646,367.160492,-287.275909,87.869644,410.948853,-248.102814,70.053108,300.102814,95.527534,489.15332,372.945801,140.249023,94.13253,412.444763,98.396645,73.323685,321.535248,-176.102676,468.276794,351.214722,-210.589706,93.020058,255.51915,-308.125,52.746918,213.637039,-240.214142,57.765621,256.140778,165.285019,53.28743,219.880051,98.702599,61.409195,348.365601,65.061783,99.858444,322.11734,3.637937,465.924713
29,0,216.224258,-197.396606,949.528992,226.241989,28.180264,949.196289,382.042542,-131.053635,984.057495,385.234283,-46.005074,988.019836,299.395721,-262.171082,483.734985,367.132751,-287.265442,87.909271,410.980988,-248.112198,70.045471,300.063171,95.533417,489.152405,372.94635,140.245132,94.117424,412.434906,98.392273,73.30938,321.523163,-176.102585,468.248535,351.164856,-210.553452,93.097282,255.492294,-308.142944,52.749516,213.62117,-240.211899,57.767914,256.140564,165.284027,53.300327,219.882278,98.715981,61.41766,348.382538,65.088226,99.839897,322.100983,3.614667,465.946442
30,0,216.206741,-197.386398,949.522949,226.196609,28.190256,949.170044,382.056213,-131.068558,984.081787,385.218384,-46.010612,988.028381,299.404266,-262.216034,483.709045,367.170227,-287.254425,87.87706,410.944733,-248.14006,70.042206,300.062195,95.520485,489.15033,372.972382,140.249802,94.141685,412.450531,98.371414,73.317574,321.534058,-176.098633,468.271637,351.221069,-210.575043,93.043221,255.510025,-308.135254,52.768906,213.636688,-240.189957,57.766769,256.10965,165.324005,53.360737,219.885788,98.703873,61.40892,348.367615,65.057228,99.842377,322.109009,3.650907,465.901337
31,0,216.182892,-197.378708,949.501648,226.184311,28.174217,949.170166,382.003845,-131.042816,984.072754,385.219604,-45.987408,988.009705,299.398987,-262.198761,483.714661,367.148468,-287.269043,87.896683,410.962769,-248.100357,70.084488,300.049652,95.522629,489.150024,372.957397,140.247162,94.125,412.440643,98.421165,73.316696,321.493469,-176.116638,468.268982,351.232422,-210.575256,93.068024,255.506577,-308.126434,52.744625,213.65007,-240.205826,57.765301,256.126556,165.330826,53.371128,219.882675,98.708885,61.410965,348.366241,65.070724,99.834053,322.061615,3.632061,465.950195
32,0,216.159332,-197.375656,949.507629,226.141998,28.193459,949.17627,381.981903,-131.033722,984.093262,385.181,-45.971165,988.030579,299.423431,-262.183502,483.713715,367.254608,-287.23996,87.876953,410.978638,-248.095642,70.072411,300.048553,95.531258,489.160187,372.920715,140.243073,94.12249,412.417999,98.368179,73.362259,321.52182,-176.088776,468.249634,351.218048,-210.56073,93.093796,255.494324,-308.129944,52.732605,213.62207,-240.182404,57.753086,256.121338,165.324615,53.363674,219.866119,98.708038,61.394672,348.407532,65.060898,99.858353,322.018372,3.638415,465.948212
33,0,216.143616,-197.35614,949.494934,226.090302,28.190002,949.164246,381.964386,-131.009613,984.0802,385.173126,-45.947292,988.011658,299.403992,-262.176544,483.718781,367.183289,-287.253937,87.856705,410.968567,-248.07251,70.079231,300.036133,95.546356,489.151306,372.95108,140.274918,94.152527,412.332367,98.409363,73.31163,321.498169,-176.095352,468.257324,351.207062,-210.60585,93.042046,255.492569,-308.116882,52.743763,213.622345,-240.193237,57.776421,256.118927,165.336441,53.37965,219.869629,98.714012,61.418537,348.350952,65.091667,99.862488,322.063232,3.643133,465.938751
34,0,216.097855,-197.375778,949.479004,226.054626,28.184971,949.15509,381.937469,-130.97847,984.053284,385.152863,-45.938984,988.049805,299.44458,-262.177002,483.705872,367.130707,-287.292816,87.899323,410.973358,-248.108963,70.052299,300.037476,95.552574,489.17337,372.927887,140.243134,94.126198,412.431641,98.417824,73.330925,321.496429,-176.098831,468.251862,351.378754,-210.520477,93.095695,255.501358,-308.138489,52.744068,213.628311,-240.200958,57.789227,256.116974,165.323761,53.382469,219.877914,98.717941,61.425938,348.363068,65.104042,99.852356,322.112366,3.66465,465.903687
35,0,216.103989,-197.355331,949.476318,226.009262,28.214182,949.160889,381.919281,-131.014114,984.081726,385.122131,-45.936775,988.029236,299.416473,-262.201447,483.730072,367.154816,-287.335358,87.791145,410.94278,-248.007858,70.027092,300.019592,95.551155,489.161285,372.964539,140.274841,94.117996,412.396454,98.385345,73.355247,321.475311,-176.07724,468.245087,351.223816,-210.542084,93.058151,255.513428,-308.102692,52.739315,213.623199,-240.182129,57.79398,256.142242,165.287811,53.300854,219.877274,98.707016,61.414505,348.375732,65.065048,99.856895,322.021576,3.611889,465.950439
36,0,216.085266,-197.354111,949.470398,225.996277,28.226494,949.158264,381.925659,-130.985336,984.069763,385.106293,-45.917149,988.009155,299.41098,-262.17981,483.703217,367.156952,-287.29306,87.849854,410.953644,-247.99704,70.029198,300.030182,95.558266,489.155731,372.979431,140.28833,94.136337,412.416626,98.362389,73.380501,321.494385,-176.06424,468.246124,351.177826,-210.542191,93.093414,255.502228,-308.120972,52.738205,213.649429,-240.199615,57.769531,256.137756,165.295486,53.315777,219.891403,98.713043,61.409008,348.370972,65.078255,99.858772,322.058197,3.667765,465.928833
37,0,216.028976,-197.360229,949.501404,225.946503,28.227249,949.159851,381.864044,-130.95668,984.034851,385.078857,-45.896175,988.019165,299.414398,-262.165924,483.698578,367.173798,-287.252869,87.875214,410.964722,-248.120697,70.058861,300.011475,95.569847,489.153931,372.95108,140.266113,94.123192,412.428864,98.393867,73.318512,321.485077,-176.063995,468.265442,351.204865,-210.54187,93.100693,255.515045,-308.137878,52.763439,213.628571,-240.20462,57.786541,256.138367,165.28334,53.295944,219.879974,98.688942,61.420208,348.345978,65.103088,99.856941,322.067291,3.671316,465.939789
38,0,216.033173,-197.346191,949.46814,225.903076,28.250795,949.166077,381.824951,-130.912369,984.031494,385.047272,-45.908119,988.014832,299.334137,-262.152069,483.709991,367.155212,-287.248383,87.878754,410.965698,-248.080963,70.04258,300.002106,95.548706,489.136658,372.936249,140.261093,94.110672,412.425903,98.389168,73.331917,321.439392,-176.056686,468.254364,351.233459,-210.544601,93.094955,255.50795,-308.125763,52.735355,213.629486,-240.214691,57.758034,256.142822,165.283783,53.283932,219.870422,98.706573,61.424232,348.392242,65.075188,99.826256,322.041504,3.653676,465.917603
39,0,215.982422,-197.327515,949.475891,225.881653,28.243076,949.156921,381.798401,-130.907211,984.024536,385.021057,-45.87854,988.041992,299.339935,-262.142731,483.730896,367.146362,-287.238159,87.906776,410.976349,-248.065842,70.073387,299.996918,95.560944,489.158844,372.946594,140.276886,94.147324,412.430847,98.386345,73.323677,321.44342,-176.081375,468.25177,351.252716,-210.514801,93.07782,255.516205,-308.118439,52.73497,213.623184,-240.215378,57.765564,256.150452,165.284363,53.294895,219.884338,98.702675,61.417198,348.368408,65.098373,99.840858,322.014862,3.670715,465.93158
40,0,215.977295,-197.319443,949.480591,225.831512,28.270267,949.161377,381.809204,-130.893494,984.026123,384.977753,-45.8638,987.989502,299.372589,-262.117035,483.709534,367.157471,-287.265747,87.837326,410.954712,-248.099579,70.08609,299.99408,95.592636,489.168091,372.947968,140.275375,94.126945,412.425232,98.359856,73.367821,321.429169,-176.060379,468.242432,351.226807,-210.529572,93.064034,255.501419,-308.13031,52.733135,213.619781,-240.210129,57.78265,256.133698,165.296082,53.306488,219.86084,98.690384,61.413471,348.35907,65.077385,99.864395,322.016296,3.651178,465.95517
41,0,215.95694,-197.328079,949.458252,225.796326,28.293957,949.156799,381.747009,-130.890228,984.024597,384.975983,-45.86475,988.027588,299.376526,-262.129059,483.714844,367.111237,-287.256683,87.878654,410.940582,-247.996429,70.030167,300.049744,95.696846,489.200439,372.921234,140.275085,94.129654,412.433716,98.402596,73.340057,321.447479,-176.04007,468.236603,351.182678,-210.5121,93.121536,255.492722,-308.106445,52.728966,213.626251,-240.208878,57.785973,256.138397,165.302719,53.296211,219.858292,98.716019,61.433464,348.349823,65.08638,99.878082,322.020569,3.678178,465.95401
42,0,215.944046,-197.307663,949.468567,225.769882,28.279152,949.16272,381.718323,-130.870682,984.009827,384.940338,-45.841995,988.055603,299.365204,-262.116943,483.693848,367.145264,-287.260071,87.921249,410.945251,-248.001038,70.024078,300.037537,95.749229,489.219025,372.967468,140.294754,94.137672,412.430328,98.39444,73.347801,321.451324,-176.06192,468.270416,351.218719,-210.523315,93.058006,255.495575,-308.092987,52.729408,213.640457,-240.209122,57.751637,256.120667,165.322876,53.367172,219.877243,98.720932,61.42466,348.349243,65.085083,99.84745,322.065033,3.724809,465.939636
43,0,215.905685,-197.311798,949.45166,225.736603,28.295891,949.147644,381.722931,-130.878036,984.041321,384.93396,-45.855461,988.032227,299.348572,-262.143524,483.705963,367.135132,-287.257751,87.893974,410.974487,-248.011871,70.025734,300.090698,95.748825,489.229065,373.005585,140.426666,94.176926,412.449799,98.392731,73.341072,321.461884,-176.054718,468.24115,351.23764,-210.557953,93.024849,255.499298,-308.121735,52.752399,213.611069,-240.205276,57.748344,256.134125,165.276581,53.296535,219.866211,98.713341,61.407787,348.354095,65.082993,99.873001,322.051178,3.713206,465.965607
44,0,215.889801,-197.31012,949.438904,225.70636,28.304218,949.145142,381.687836,-130.872742,984.017151,384.892395,-45.843998,988.061523,299.46759,-262.134857,483.701904,367.306061,-287.272095,87.838837,410.929321,-247.998215,70.040817,300.057892,95.769043,489.241486,372.997223,140.415009,94.183823,412.299744,98.35215,73.362457,321.471863,-176.079926,468.256714,351.219574,-210.555023,93.048225,255.520706,-308.12384,52.751965,213.617172,-240.236099,57.76273,256.135254,165.281677,53.31382,219.879593,98.701355,61.408051,348.346832,65.105293,99.855034,322.072784,3.695395,465.95575
45,0,215.869995,-197.288147,949.426819,225.689926,28.283968,949.126709,381.725494,-130.882034,984.048096,384.867493,-45.83514,988.083496,299.408997,-262.157135,483.694092,367.159363,-287.301117,87.823639,410.95694,-247.99826,70.02005,300.125854,95.714043,489.25708,373.012329,140.439285,94.174751,412.417297,98.352234,73.371185,321.499268,-176.051529,468.25293,351.207031,-210.525681,93.071381,255.507141,-308.134521,52.737034,213.629288,-240.241684,57.749836,256.112244,165.329498,53.369751,219.854004,98.706558,61.414642,348.365082,65.079544,99.871246,322.069641,3.719971,465.97876
46,0,215.848267,-197.277603,949.412964,225.673508,28.301733,949.11438,381.61972,-130.859283,984.036987,384.807068,-45.824753,988.071777,299.376953,-262.148621,483.706879,367.11853,-287.260101,87.898491,410.95166,-248.070511,70.096207,300.125824,95.754288,489.246887,372.98822,140.439102,94.150772,412.429871,98.413788,73.346832,321.4935,-176.037781,468.240631,351.220367,-210.536514,93.040062,255.508392,-308.12326,52.751499,213.627487,-240.198761,57.775845,256.114197,165.335205,53.3689,219.866714,98.731094,61.418961,348.349548,65.071541,99.90654,322.102692,3.725932,465.951294
47,0,215.812363,-197.292984,949.416321,225.648911,28.302191,949.116028,381.632294,-130.84996,984.030701,384.820557,-45.822212,988.062927,299.436768,-262.155182,483.699768,367.142334,-287.242798,87.877304,410.973572,-248.09639,70.078415,300.141418,95.700027,489.240997,373.00885,140.4767,94.190689,412.432007,98.41433,73.341217,321.504669,-176.068054,468.242828,351.159668,-210.605438,93.087601,255.503357,-308.127625,52.736408,213.626785,-240.190674,57.753094,256.147522,165.300217,53.302887,219.873032,98.7192,61.408421,348.338379,65.095718,99.875595,322.142365,3.713716,465.936951
48,0,215.809189,-197.291565,949.401672,225.616135,28.296232,949.112732,381.60199,-130.847946,984.051453,384.794342,-45.848625,988.109131,299.46579,-262.147308,483.703796,367.176208,-287.240814,87.922165,410.940033,-248.089386,70.089539,300.112701,95.67585,489.222961,372.961914,140.304031,94.147942,412.420593,98.41214,73.349251,321.540741,-176.021118,468.225922,351.162903,-210.590851,93.104012,255.52919,-308.11499,52.722237,213.60556,-240.180969,57.781509,256.144043,165.290741,53.28529,219.869095,98.719414,61.420189,348.353485,65.089424,99.872528,322.161377,3.718506,465.969147
49,0,215.769867,-197.272186,949.413635,225.605484,28.290197,949.10791,381.593353,-130.838913,984.063721,384.770142,-45.817982,988.071594,299.460052,-262.172333,483.699585,367.363556,-287.255829,87.807266,410.921082,-248.097244,70.080513,300.085144,95.604538,489.165192,372.954926,140.418289,94.128105,412.411041,98.388947,73.393219,321.524872,-176.057373,468.250488,351.123993,-210.585983,93.098022,255.506073,-308.121979,52.724247,213.608734,-240.204742,57.768566,256.131592,165.298569,53.304436,219.868256,98.731705,61.412922,348.383423,65.076477,99.888206,322.178436,3.713367,465.973267
50,0,215.767853,-197.290009,949.390381,225.567764,28.27269,949.086121,381.575287,-130.860458,984.076172,384.773041,-45.817974,988.074097,299.455444,-262.195984,483.695709,367.28775,-287.218506,87.9272,410.953278,-248.091995,70.086266,300.105377,95.620453,489.163055,373.002411,140.427811,94.169693,412.406403,98.369255,73.367836,321.531372,-176.057709,468.221588,351.203064,-210.580627,93.057838,255.511887,-308.142914,52.762039,213.600235,-240.209106,57.795452,256.125641,165.285797,53.301758,219.860168,98.703209,61.424,348.387451,65.073715,99.882111,322.235657,3.73787,465.979889
51,0,215.754822,-197.309006,949.395142,225.568268,28.264277,949.079224,381.546326,-130.8573,984.079468,384.736389,-45.816132,988.112427,299.43161,-262.183624,483.696045,367.319489,-287.289215,87.892242,410.923431,-248.091583,70.072159,300.095551,95.511444,489.193634,372.992188,140.413361,94.13813,412.422821,98.367508,73.390251,321.52832,-176.056976,468.235291,351.176544,-210.55481,93.047844,255.517151,-308.141998,52.737514,213.615997,-240.204544,57.772835,256.152496,165.291901,53.283241,219.875031,98.710266,61.409832,348.370178,65.090515,99.859932,322.214661,3.735444,465.963562
52,0,215.73381,-197.294189,949.393066,225.584229,28.258926,949.068848,381.539917,-130.833633,984.075439,384.706268,-45.823292,988.105286,299.434998,-262.191803,483.702759,367.241547,-287.24118,87.924271,410.954315,-248.092819,70.072029,300.094727,95.52774,489.176697,372.976166,140.433929,94.143829,412.436768,98.397423,73.348564,321.539886,-176.058151,468.241516,351.197876,-210.566757,93.080292,255.515732,-308.121674,52.74411,213.616989,-240.225922,57.746834,256.134003,165.292511,53.298779,219.868652,98.723679,61.398331,348.358765,65.093834,99.8843,322.174744,3.725275,465.939972
53,0,215.714844,-197.305435,949.385742,225.529892,28.265419,949.075806,381.520325,-130.836746,984.07428,384.708557,-45.81477,988.131775,299.413788,-262.182617,483.689941,367.161438,-287.283142,87.885048,410.936493,-248.073669,70.079361,300.083862,95.483536,489.174164,372.966217,140.434677,94.141365,412.445831,98.382446,73.342911,321.544952,-176.051529,468.240143,351.211243,-210.531662,93.089699,255.512924,-308.129639,52.722195,213.639725,-240.23201,57.769096,256.134918,165.297577,53.293015,219.863739,98.723747,61.423492,348.366028,65.086319,99.890862,322.180756,3.70274,465.945221
54,0,215.697876,-197.323639,949.384705,225.529129,28.256552,949.069275,381.52478,-130.858978,984.093689,384.697021,-45.818718,988.121033,299.417511,-262.207428,483.692352,367.129333,-287.265381,87.891197,410.93924,-248.087112,70.074257,300.040436,95.443184,489.153229,372.972748,140.438477,94.150543,412.430298,98.394142,73.342941,321.485687,-176.070892,468.233887,351.184204,-210.552216,93.059387,255.507172,-308.127075,52.730015,213.645966,-240.205276,57.78241,256.128265,165.301056,53.307617,219.871521,98.715752,61.393265,348.362396,65.079384,99.867264,322.177185,3.72361,465.970551
55,0,215.704803,-197.307281,949.392151,225.534149,28.248419,949.07074,381.49234,-130.861755,984.093872,384.710968,-45.83263,988.144714,299.38681,-262.228363,483.689148,367.15921,-287.264832,87.924995,410.953491,-248.093353,70.087746,300.077179,95.415825,489.169067,372.992828,140.443161,94.13163,412.407562,98.365685,73.39962,321.489716,-176.072586,468.230164,351.382538,-210.786392,93.062164,255.52562,-308.119904,52.732746,213.618301,-240.211472,57.789387,256.148651,165.313522,53.303818,219.857483,98.727768,61.416,348.344177,65.10157,99.892906,322.192963,3.715098,465.940979
56,0,215.689041,-197.323654,949.405823,225.529434,28.230652,949.067993,381.478424,-130.867355,984.083008,384.683411,-45.853748,988.095215,299.399689,-262.203033,483.69278,367.16394,-287.250061,87.873268,410.961578,-248.098862,70.065918,300.045593,95.386971,489.153839,372.985565,140.427429,94.133781,412.447784,98.393921,73.352425,321.479919,-176.062759,468.238556,351.206543,-210.671127,93.075096,255.506958,-308.141968,52.743397,213.584198,-240.19957,57.762077,256.11731,165.289642,53.28756,219.860687,98.714516,61.402046,348.315033,65.071861,99.905006,322.221985,3.725035,465.961975
57,0,215.676956,-197.346893,949.408569,225.515854,28.233217,949.059448,381.45401,-130.877686,984.079041,384.668732,-45.851452,988.130737,299.381439,-262.219971,483.690277,367.113495,-287.285156,87.90107,410.945526,-248.110901,70.076149,300.02124,95.388855,489.156464,373.012604,140.436462,94.148514,412.457886,98.393288,73.36116,321.472748,-176.088715,468.25061,351.235199,-210.652344,93.080147,255.510483,-308.145935,52.733692,213.630356,-240.235962,57.75832,256.102753,165.349228,53.382004,219.862762,98.721565,61.420559,348.337372,65.071114,99.868568,322.254883,3.755603,465.97406
58,0,215.664612,-197.331879,949.403015,225.49826,28.246454,949.056274,381.491852,-130.89946,984.104309,384.65976,-45.869053,988.122192,299.401276,-262.210388,483.689117,367.080078,-287.296295,87.904816,410.957458,-248.106094,70.089439,300.055054,95.385712,489.132233,372.97821,140.456573,94.132904,412.458038,98.382614,73.353172,321.46463,-176.09079,468.24118,351.406342,-210.785156,93.046097,255.517059,-308.149353,52.727486,213.60582,-240.196762,57.773136,256.124176,165.33168,53.355961,219.858704,98.707504,61.410114,348.362976,65.066139,99.875847,322.251556,3.738844,465.942596
59,0,215.677124,-197.322021,949.409912,225.486038,28.223942,949.057861,381.499847,-130.906967,984.085144,384.638916,-45.853825,988.096619,299.403503,-262.21756,483.692169,367.160217,-287.26767,87.881645,410.930969,-248.094788,70.086891,300.05365,95.400261,489.150574,372.986603,140.453003,94.125824,412.42038,98.347076,73.37323,321.460083,-176.089203,468.247223,351.288513,-210.598892,93.055969,255.502319,-308.131805,52.727882,213.637863,-240.219452,57.76445,256.126099,165.343262,53.374836,219.875336,98.718033,61.421131,348.349091,65.080551,99.877228,322.199188,3.700952,465.951141
60,0,215.613708,-197.328629,949.41626,225.472839,28.217319,949.059814,381.508881,-130.874374,984.086243,384.625854,-45.856003,988.113708,299.414307,-262.21814,483.696899,367.230957,-287.264343,87.886955,410.954773,-248.074051,70.100197,300.062958,95.36499,489.147064,372.997559,140.439301,94.125343,412.458588,98.401344,73.36235,321.44754,-176.101166,468.233948,351.25119,-210.61998,93.075119,255.486008,-308.14859,52.710201,213.646286,-240.240723,57.787968,256.137878,165.299789,53.300274,219.862595,98.730232,61.414921,348.370697,65.053627,99.886131,322.215851,3.72313,465.925812
61,0,215.642609,-197.33374,949.406677,225.438858,28.201254,949.040466,381.443726,-130.887024,984.065369,384.614197,-45.858696,988.10199,299.400635,-262.220551,483.697327,367.159119,-287.311249,87.83358,410.925232,-248.098495,70.088768,300.040283,95.36039,489.153839,372.979919,140.444992,94.119553,412.448914,98.377136,73.338341,321.460388,-176.108261,468.240997,351.261993,-210.60463,93.074631,255.507858,-308.15741,52.740036,213.624878,-240.208496,57.773266,256.129761,165.314117,53.299454,219.876297,98.73159,61.417198,348.349792,65.090195,99.89695,322.295715,3.764842,465.926575
62,0,215.621002,-197.344879,949.397583,225.426926,28.180361,949.040894,381.432983,-130.872162,984.082092,384.60553,-45.871861,988.111023,299.366425,-262.245117,483.701447,367.157837,-287.254089,87.868889,410.953278,-248.104431,70.058647,300.023865,95.339722,489.142792,372.9729,140.46376,94.116409,412.43808,98.324135,73.387955,321.48645,-176.08992,468.248383,351.270416,-210.629837,93.049416,255.506729,-308.142456,52.742481,213.590775,-240.269653,57.745129,256.132538,165.299576,53.29694,219.864655,98.715187,61.397995,348.335663,65.089478,99.879379,322.251617,3.7481,465.943634
63,0,215.646774,-197.312607,949.395142,225.419525,28.198526,949.036926,381.402863,-130.873596,984.10199,384.614929,-45.849777,988.092041,299.400299,-262.232941,483.707245,367.173798,-287.247101,87.877335,410.932281,-248.074127,70.081604,300.043823,95.351746,489.158478,372.969971,140.436295,94.108772,412.426575,98.341492,73.374779,321.484314,-176.098434,468.24176,351.231873,-210.625275,93.065102,255.520798,-308.139252,52.729088,213.624252,-240.243088,57.766834,256.12912,165.295547,53.294075,219.859039,98.71627,61.412766,348.324432,65.069656,99.8731,322.206299,3.733749,465.979614
64,0,215.614532,-197.343292,949.404663,225.632385,27.905668,948.959839,381.415802,-130.856873,984.0979,384.590485,-45.822189,988.124878,299.406311,-262.228668,483.682312,367.253357,-287.2547,87.858414,410.946594,-248.09877,70.069389,300.049377,95.318977,489.143982,372.97406,140.439316,94.105606,412.419891,98.34938,73.377815,321.474182,-176.12381,468.236542,351.203491,-210.610718,93.082573,255.532028,-308.147858,52.721615,213.612732,-240.226761,57.756027,256.117737,165.33609,53.365074,219.866928,98.716881,61.420082,348.323425,65.077934,99.900589,322.208954,3.709977,465.958466
65,0,215.617493,-197.332245,949.391907,225.446381,28.133221,949.019714,381.412964,-130.854141,984.083374,384.595734,-45.82708,988.107056,299.420044,-262.21344,483.677734,367.162048,-287.252899,87.874382,410.940216,-248.078049,70.084785,300.024017,95.317833,489.14386,372.993317,140.473373,94.084801,412.446228,98.394104,73.342735,321.479858,-176.114609,468.225067,351.239441,-210.628326,93.019829,255.51384,-308.141907,52.705654,213.612961,-240.237915,57.775799,256.115387,165.32193,53.351669,219.858246,98.718277,61.41013,348.32666,65.070747,99.898323,322.242004,3.741047,465.934113
66,0,215.611481,-197.323425,949.4021,225.441025,28.135176,949.008911,381.40567,-130.849121,984.091553,384.60553,-45.791988,988.099365,299.402954,-262.224152,483.689026,367.192139,-287.231628,87.918686,410.932587,-248.080933,70.087776,300.025513,95.316719,489.15097,372.964966,140.438492,94.103348,412.433075,98.389549,73.323723,321.467194,-176.113281,468.227203,351.219482,-210.591385,93.064178,255.511673,-308.130676,52.73526,213.586075,-240.212433,57.785679,256.141693,165.300034,53.290798,219.847763,98.726837,61.420658,348.355072,65.088264,99.878075,322.217865,3.753181,465.950775
67,0,215.608932,-197.324615,949.385498,225.605469,27.914286,948.948364,381.392242,-130.840408,984.080444,384.580048,-45.81422,988.095764,299.401093,-262.220673,483.712463,367.199677,-287.277954,87.876984,410.937012,-248.105621,70.075684,300.022217,95.340309,489.147522,372.969543,140.44603,94.108635,412.445648,98.394417,73.342712,321.465088,-176.12149,468.242676,351.227112,-210.609726,93.073296,255.527191,-308.148071,52.722393,213.616364,-240.243896,57.757111,256.097534,165.325348,53.362293,219.875824,98.723991,61.417522,348.35965,65.078339,99.887833,322.214386,3.744185,465.934021
68,0,215.593628,-197.333313,949.395752,225.619614,27.903795,948.9552,381.423096,-130.844879,984.095337,384.591827,-45.802525,988.110535,299.347839,-262.24704,483.680634,367.179169,-287.267487,87.84124,410.955048,-248.084991,70.084854,300.046997,95.443466,489.164581,372.9711,140.442474,94.118584,412.433167,98.386185,73.356155,321.451691,-176.110229,468.220795,351.213074,-210.561615,93.067955,255.502487,-308.135223,52.722103,213.59848,-240.240204,57.773888,256.09317,165.346512,53.356529,219.841995,98.750038,61.409416,348.33136,65.090652,99.889832,322.196869,3.741521,465.947662
69,0,215.632782,-197.319244,949.375488,225.613037,27.924385,948.969604,381.425232,-130.83226,984.089417,384.59967,-45.803867,988.123291,299.382996,-262.21402,483.689789,367.221313,-287.269379,87.897354,410.968567,-248.089081,70.07814,300.075378,95.567451,489.168152,372.961884,140.457062,94.090775,412.451263,98.400459,73.356186,321.445068,-176.074219,468.231842,351.184143,-210.534409,93.100227,255.523804,-308.124237,52.725784,213.594925,-240.240265,57.759693,256.102051,165.337433,53.363419,219.853775,98.734955,61.425751,348.326385,65.086021,99.896301,322.243317,3.774546,465.944977
70,0,215.644165,-197.321701,949.392395,225.474365,28.146681,949.029358,381.428497,-130.82547,984.068542,384.62558,-45.795628,988.09906,299.353668,-262.204651,483.681915,367.240479,-287.253845,87.930687,410.926544,-247.987762,70.02327,300.075409,95.633911,489.159546,372.976135,140.445312,94.124336,412.295807,98.359543,73.378212,321.424316,-176.062057,468.218842,351.169067,-210.599304,93.086388,255.526093,-308.13797,52.714615,213.628876,-240.214264,57.783962,256.104706,165.331192,53.345779,219.862732,98.73674,61.423889,348.351501,65.061829,99.889503,322.227631,3.774802,465.961182
71,0,215.620483,-197.310043,949.387329,225.659027,27.928595,948.981384,381.403961,-130.822052,984.052917,384.600677,-45.803669,988.119995,299.304352,-262.181213,483.703033,367.262573,-287.297516,87.880013,410.9151,-248.097351,70.060303,300.057648,95.614799,489.150024,372.969238,140.448227,94.096352,412.378876,98.346054,73.403786,321.409058,-176.065704,468.224182,351.131683,-210.570984,93.079285,255.530716,-308.129303,52.718155,213.618713,-240.222488,57.784241,256.113312,165.341019,53.368721,219.861084,98.731247,61.430984,348.338684,65.096931,99.890228,322.214111,3.773933,465.949921
72,0,215.632446,-197.298996,949.399353,225.682816,27.941782,948.995728,381.431061,-130.816238,984.062683,384.60965,-45.810215,988.118652,299.321259,-262.168335,483.676361,367.341064,-287.261841,87.833328,410.9729,-248.069595,70.06945,300.057892,95.624908,489.138031,372.979462,140.451019,94.100243,412.404663,98.378296,73.349274,321.368774,-176.077957,468.219513,351.165588,-210.535217,93.087181,255.508835,-308.127655,52.728085,213.624542,-240.208847,57.780998,256.138367,165.298645,53.282333,219.857773,98.740501,61.429756,348.307465,65.087318,99.869751,322.196869,3.742106,465.959991
73,0,215.618774,-197.289749,949.397339,225.5224,28.180067,949.051392,381.422089,-130.824814,984.050659,384.654938,-45.819443,988.107849,299.3013,-262.174622,483.693237,367.160736,-287.252197,87.899124,410.963776,-248.089005,70.090469,300.060608,95.61216,489.152466,372.974518,140.424088,94.096428,412.405945,98.383179,73.362534,321.359558,-176.078461,468.248962,351.181122,-210.578384,93.064316,255.497284,-308.115448,52.732735,213.606232,-240.224243,57.765911,256.095551,165.326996,53.364307,219.86499,98.724564,61.403198,348.340729,65.078751,99.901787,322.163971,3.769623,465.94342
74,0,215.605911,-197.283936,949.420532,225.709198,27.979139,948.998474,381.425842,-130.840805,984.084473,384.644653,-45.789581,988.085022,299.264099,-262.180634,483.688232,367.150299,-287.239685,87.889458,410.937836,-247.997772,69.952408,300.062317,95.636955,489.142487,372.963989,140.437469,94.114166,412.414703,98.356064,73.347496,321.351959,-176.083817,468.244202,351.185608,-210.552628,93.090637,255.50235,-308.136871,52.734821,213.590744,-240.233871,57.763077,256.108704,165.345734,53.346107,219.873047,98.742523,61.427528,348.356476,65.086861,99.891632,322.215393,3.767072,465.969086
75,0,215.633789,-197.256531,949.405945,225.55661,28.220274,949.060974,381.466553,-130.830658,984.091187,384.644501,-45.795979,988.079041,299.243042,-262.15448,483.704376,367.105927,-287.289246,87.937843,410.936157,-247.990509,70.021324,300.102356,95.632805,489.136902,372.958527,140.413193,94.088043,412.41275,98.365479,73.347679,321.386322,-176.046967,468.226288,351.156311,-210.574753,93.084648,255.502045,-308.119965,52.742485,213.620438,-240.199097,57.779942,256.133331,165.30217,53.289299,219.860367,98.71981,61.422142,348.337585,65.081078,99.882851,322.187531,3.753188,465.973206
76,0,215.648209,-197.222885,949.407898,225.563812,28.238525,949.062561,381.452484,-130.84465,984.082581,384.630676,-45.82394,988.118042,299.309174,-262.175873,483.69455,367.106232,-287.255829,87.885651,410.965668,-248.092819,70.07579,300.124786,95.648399,489.143585,372.967285,140.423111,94.088493,412.425446,98.364983,73.333565,321.38269,-176.045059,468.222504,351.194183,-210.517227,93.074165,255.522095,-308.144867,52.75404,213.622879,-240.214951,57.77581,256.146423,165.301743,53.284821,219.857971,98.726753,61.405624,348.340881,65.078049,99.888863,322.180328,3.774619,465.954224
77,0,215.597122,-197.247025,949.406128,225.585251,28.241173,949.040283,381.437073,-130.854736,984.077637,384.669281,-45.820827,988.110779,299.275146,-262.195374,483.695465,367.124023,-287.269501,87.882988,410.964722,-248.109695,70.072021,300.107239,95.665993,489.149719,372.953278,140.418762,94.097992,412.420288,98.391571,73.317825,321.389008,-176.049774,468.238892,351.230743,-210.585297,93.036957,255.527313,-308.129578,52.739895,213.631073,-240.2435,57.762852,256.145752,165.313614,53.289745,219.865234,98.728523,61.414215,348.323944,65.093361,99.90757,322.153503,3.766137,465.945007
78,0,215.592606,-197.256516,949.402222,225.598557,28.247635,949.045044,381.41568,-130.87114,984.08313,384.651764,-45.831314,988.08551,299.287445,-262.177216,483.682251,367.152161,-287.327606,87.879066,410.931763,-247.99411,70.047829,300.119751,95.642792,489.158905,372.966827,140.421173,94.08448,412.438507,98.377518,73.330322,321.406067,-176.042862,468.215118,351.165985,-210.545364,93.07872,255.508774,-308.128021,52.718563,213.599976,-240.216141,57.773033,256.111511,165.341293,53.364883,219.8647,98.71991,61.424313,348.343445,65.094795,99.88163,322.149933,3.79478,465.954071
79,0,215.625458,-197.233322,949.403809,225.614075,28.262442,949.038147,381.424927,-130.868378,984.048584,384.677094,-45.828121,988.070374,299.326538,-262.172699,483.689972,367.133331,-287.271759,87.902542,411.015106,-248.095551,70.100792,300.161865,95.675522,489.13858,372.953461,140.439667,94.071587,412.42276,98.384056,73.321198,321.42334,-176.054886,468.22049,351.218262,-210.580032,93.040283,255.531723,-308.134766,52.734138,213.600616,-240.199493,57.784531,256.126129,165.303635,53.289677,219.869858,98.724945,61.414265,348.353607,65.07692,99.886345,322.235474,3.819009,465.94574
80,0,215.583633,-197.225601,949.397034,225.603714,28.27775,949.043396,381.448151,-130.858521,984.074829,384.677887,-45.842888,988.094116,299.289581,-262.151276,483.697418,367.143036,-287.276794,87.865028,410.931244,-248.010513,70.039597,300.187103,95.653969,489.139191,372.977081,140.412338,94.085587,412.43158,98.390999,73.323059,321.439087,-176.048401,468.226807,351.1698,-210.568817,93.057365,255.530304,-308.126221,52.720749,213.608505,-240.207077,57.78471,256.148041,165.315247,53.290615,219.871872,98.742928,61.414303,348.348511,65.093155,99.878731,322.207581,3.764934,465.951996
81,0,215.60347,-197.22525,949.389465,225.610489,28.282225,949.030823,381.451019,-130.848892,984.075134,384.675476,-45.825066,988.102478,299.348663,-262.168579,483.680878,367.102356,-287.265289,87.898491,410.969208,-248.005676,70.042526,300.205811,95.672722,489.161896,372.9841,140.454712,94.086609,412.445343,98.377396,73.327362,321.460236,-176.055588,468.217621,351.196259,-210.542145,93.068176,255.521927,-308.129608,52.726925,213.628098,-240.185318,57.777607,256.131836,165.29216,53.28812,219.86647,98.728714,61.420895,348.382233,65.063637,99.886726,322.283386,3.791843,465.951385
82,0,215.616699,-197.200394,949.386902,225.600708,28.282633,949.031616,381.441711,-130.867615,984.086304,384.685181,-45.843903,988.115845,299.341461,-262.193298,483.695435,367.140137,-287.273071,87.919754,410.975769,-248.116592,70.073425,300.203125,95.697914,489.159027,372.988068,140.440475,94.08194,412.435944,98.377602,73.322113,321.472778,-176.027451,468.218353,351.376984,-210.777252,93.065208,255.515366,-308.124908,52.730862,213.600067,-240.209457,57.784271,256.125793,165.34874,53.369228,219.867966,98.736763,61.392109,348.374298,65.065704,99.910583,322.288025,3.810193,465.96344
83,0,215.627502,-197.201508,949.376709,225.596436,28.262785,949.025818,381.443176,-130.878281,984.099121,384.666351,-45.846531,988.147705,299.385315,-262.17218,483.702301,367.162903,-287.262115,87.877426,410.971527,-248.088593,70.068542,300.203918,95.694298,489.161621,372.956055,140.423676,94.081139,412.451111,98.415138,73.335442,321.450287,-176.048401,468.231049,351.20697,-210.596741,93.112816,255.509827,-308.122131,52.742752,213.623535,-240.213547,57.768658,256.133759,165.311203,53.300705,219.87146,98.736168,61.41399,348.386017,65.092636,99.900505,322.341461,3.786803,465.725311
84,0,215.579926,-197.232681,949.391541,225.560669,28.274588,949.034912,381.457123,-130.884735,984.128418,384.672516,-45.859066,988.148865,299.361298,-262.186432,483.69458,367.13562,-287.252716,87.896431,410.954254,-248.122803,70.063171,300.210632,95.708519,489.171082,373.003723,140.444016,94.120445,412.434448,98.376007,73.378799,321.45639,-176.056183,468.225891,351.229523,-210.679474,93.07798,255.512115,-308.131866,52.749233,213.625305,-240.218277,57.760338,256.148743,165.310089,53.292858,219.861786,98.740318,61.420185,348.374207,65.100304,99.868866,322.308197,3.761869,465.871704
85,0,215.582733,-197.21463,949.37207,225.522705,28.270716,949.033997,381.456726,-130.874786,984.094727,384.656311,-45.841225,988.154175,299.394135,-262.174896,483.690277,367.14209,-287.247375,87.878342,410.973511,-248.083633,70.097878,300.227905,95.66864,489.14801,372.989349,140.457535,94.109802,412.441345,98.359718,73.3675,321.475037,-176.056961,468.21048,351.240356,-210.648407,93.071678,255.548782,-308.135284,52.723545,213.600342,-240.192154,57.797318,256.136536,165.302246,53.301353,219.8806,98.743874,61.424767,348.388672,65.111534,99.86261,322.305786,3.787595,465.849701
86,0,215.593704,-197.218292,949.378601,225.511703,28.281488,949.024109,381.452118,-130.864731,984.115173,384.673035,-45.828938,988.166626,299.339142,-262.210449,483.692688,367.143951,-287.378571,87.804962,410.931488,-248.016602,70.048653,300.208344,95.673302,489.137054,372.980682,140.449005,94.094833,412.446747,98.404366,73.336517,321.453613,-176.048035,468.226898,351.286407,-210.679108,93.066933,255.493668,-308.12738,52.723656,213.610504,-240.214447,57.754208,256.140381,165.295334,53.285759,219.864197,98.72525,61.406376,348.345764,65.074043,99.897835,322.343384,3.811515,465.869263
87,0,215.610336,-197.215668,949.366699,225.706421,28.00074,948.967163,381.461578,-130.864471,984.131165,384.647919,-45.823711,988.179871,299.401978,-262.165619,483.700562,367.310638,-287.29538,87.848282,410.951965,-248.094345,70.081139,300.202759,95.6698,489.15155,372.998627,140.470169,94.106247,412.435211,98.362267,73.368546,321.483978,-176.042877,468.213501,351.256317,-210.632645,93.085258,255.527908,-308.143188,52.742039,213.609818,-240.197708,57.76572,256.135681,165.318329,53.306759,219.886261,98.736176,61.405895,348.371063,65.07885,99.901207,322.33667,3.809839,465.860077
88,0,215.615143,-197.199142,949.392334,225.551071,28.224087,949.01062,381.436249,-130.830444,984.098022,384.664703,-45.796089,988.132324,299.363983,-262.197021,483.694092,367.16629,-287.25882,87.880646,410.974518,-248.004486,70.029297,300.164276,95.643509,489.140472,373.002289,140.426285,94.094124,412.456696,98.400772,73.344505,321.467285,-176.087921,468.236542,351.23645,-210.62175,93.082062,255.500793,-308.134216,52.722305,213.612869,-240.200958,57.778397,256.143738,165.311203,53.301338,219.866638,98.741966,61.429768,348.363525,65.099625,99.888786,322.291992,3.779712,465.887451
89,0,215.634796,-197.195541,949.393982,225.526611,28.204782,949.014404,381.466736,-130.81781,984.106812,384.641937,-45.791203,988.127625,299.407837,-262.157806,483.696808,367.164276,-287.243256,87.872795,410.971954,-247.996338,69.968575,300.158203,95.657486,489.150909,373.010254,140.442307,94.152504,412.448761,98.394516,73.336761,321.471649,-176.071823,468.2117,351.25769,-210.546249,93.069374,255.497925,-308.127136,52.729992,213.606018,-240.225388,57.775112,256.131226,165.298721,53.289261,219.868622,98.730423,61.428036,348.365692,65.083054,99.88842,322.289612,3.784628,465.865631
90,0,215.636658,-197.21048,949.384888,225.690536,27.970196,948.949707,381.461731,-130.819534,984.083496,384.632904,-45.797134,988.147949,299.381104,-262.161316,483.704498,367.151855,-287.273041,87.870972,410.978912,-248.104431,70.071922,300.114899,95.677452,489.135437,372.980988,140.425903,94.113228,412.44101,98.357452,73.375626,321.469421,-176.054947,468.212921,351.221588,-210.592926,93.080475,255.509827,-308.145905,52.741909,213.620224,-240.234619,57.783638,256.143555,165.299316,53.301323,219.879623,98.724121,61.426201,348.329285,65.060074,99.901886,322.274658,3.788605,465.894073
91,0,215.638626,-197.208008,949.382263,225.501266,28.211599,949.014465,381.433136,-130.77359,984.071045,384.671112,-45.763119,988.137207,299.379852,-262.16864,483.689819,367.329865,-287.282074,87.824913,410.921478,-248.076447,70.08992,300.10379,95.665237,489.163849,373.001801,140.440384,94.12291,412.438629,98.397415,73.341553,321.437653,-176.043488,468.234924,351.229218,-210.542847,93.068245,255.525055,-308.146881,52.729641,213.62027,-240.238571,57.753212,256.127014,165.338242,53.362656,219.871582,98.735878,61.408375,348.343903,65.09333,99.883224,322.251129,3.763014,465.911957
92,0,215.672073,-197.194092,949.394531,225.67363,27.983477,948.956116,381.466095,-130.769745,984.090515,384.641357,-45.744354,988.128784,299.395752,-262.144073,483.708252,367.155334,-287.256073,87.91423,410.937317,-247.989212,70.067886,300.105133,95.642426,489.133545,372.970276,140.440674,94.096985,412.463654,98.388512,73.335533,321.442261,-176.019836,468.227783,351.208374,-210.517105,93.061302,255.510361,-308.112335,52.742306,213.632645,-240.194763,57.784527,256.111176,165.346893,53.38335,219.875229,98.71936,61.437012,348.382812,65.091942,99.885399,322.241394,3.794206,465.921936
93,0,215.659317,-197.199905,949.408936,225.487106,28.195871,949.013306,381.467285,-130.766357,984.095947,384.652985,-45.727592,988.139709,299.34552,-262.133911,483.703766,367.164154,-287.250305,87.878586,410.9599,-247.99736,69.986473,300.077881,95.675476,489.145599,372.971161,140.426529,94.09964,412.435272,98.359489,73.380875,321.408661,-176.039688,468.220367,351.20816,-210.561249,93.078346,255.498016,-308.130981,52.725147,213.58754,-240.218506,57.763447,256.096924,165.338776,53.374092,219.883957,98.736473,61.441292,348.369598,65.068962,99.879753,322.263763,3.81681,465.930695
94,0,215.654053,-197.203735,949.400024,225.500931,28.204151,949.018433,381.452393,-130.749649,984.063965,384.622223,-45.742416,988.12323,299.365112,-262.147156,483.695679,367.135742,-287.259216,87.894913,410.970703,-248.076965,70.080986,300.060333,95.683609,489.148804,372.956879,140.430298,94.106041,412.448669,98.398186,73.328644,321.384705,-176.032745,468.197968,351.137024,-210.513,93.09742,255.500793,-308.135559,52.745422,213.594879,-240.199814,57.784081,256.134705,165.317123,53.299706,219.872833,98.72937,61.426052,348.300171,65.121422,99.895958,322.210236,3.77275,465.917755
95,0,215.650162,-197.193314,949.386475,225.660156,27.976702,948.977478,381.481384,-130.746521,984.078247,384.618347,-45.730202,988.086304,299.31601,-262.125366,483.701996,367.160156,-287.233765,87.912048,410.976196,-248.084732,70.069313,300.058289,95.670174,489.135437,372.984558,140.450409,94.109947,412.473938,98.385307,73.333015,321.405457,-176.009445,468.225311,351.206512,-210.570099,93.044411,255.513992,-308.118591,52.753536,213.622421,-240.234528,57.760239,256.138611,165.301514,53.298389,219.864105,98.735718,61.408546,348.344788,65.116989,99.876442,322.175873,3.802151,465.944733
96,0,215.671753,-197.196625,949.390137,225.478027,28.215769,949.016052,381.433655,-130.771866,984.076294,384.628754,-45.71983,988.100952,299.323334,-262.113708,483.708221,367.168182,-287.244385,87.88868,410.94812,-247.986877,70.036095,300.039917,95.673218,489.149078,372.973663,140.445908,94.119095,412.452728,98.386673,73.337288,321.396057,-176.009247,468.203064,351.159149,-210.548691,93.065613,255.506454,-308.138794,52.735287,213.618179,-240.22197,57.776531,256.126038,165.2939,53.290718,219.87764,98.729462,61.413795,348.335541,65.081169,99.894188,322.168152,3.817751,465.962524
97,0,215.649933,-197.196365,949.394958,225.644775,28.018415,948.971619,381.471619,-130.737152,984.062439,384.614197,-45.708843,988.095642,299.339691,-262.098816,483.711487,367.118347,-287.267517,87.897903,410.936981,-247.974197,70.047462,300.033142,95.665543,489.136566,372.968689,140.449188,94.110039,412.28894,98.335739,73.345116,321.353333,-176.0336,468.205933,351.189789,-210.512115,93.061813,255.513245,-308.122711,52.74157,213.616852,-240.244049,57.765446,256.146912,165.296997,53.28479,219.870743,98.723541,61.416115,348.361023,65.082428,99.866425,322.136719,3.820996,465.982422
98,0,215.651337,-197.155533,949.397888,225.634247,28.030931,948.969055,381.460846,-130.736252,984.060303,384.637848,-45.698532,988.109314,299.38974,-262.107635,483.683655,367.14386,-287.312317,87.860847,410.926208,-247.969299,70.034729,300.001862,95.696297,489.142609,372.999329,140.485123,94.140816,412.395599,98.379684,73.381157,321.39386,-175.988876,468.224213,351.195465,-210.525635,93.066322,255.521774,-308.131195,52.723072,213.595993,-240.217026,57.7789,256.131165,165.285355,53.286648,219.871902,98.730019,61.412853,348.352356,65.10569,99.87796,322.134277,3.817341,465.952454
99,0,215.625046,-197.158508,949.405579,225.460739,28.259319,949.047119,381.444519,-130.718216,984.064819,384.62381,-45.690304,988.081848,299.343323,-262.126434,483.696228,367.099457,-287.257141,87.883263,410.944397,-248.087173,70.064774,299.970795,95.700912,489.140717,372.999634,140.485229,94.143723,412.412964,98.377167,73.389191,321.378632,-175.983765,468.216949,351.175537,-210.532394,93.09726,255.503204,-308.131897,52.726704,213.609283,-240.23735,57.749157,256.137024,165.302185,53.290321,219.872192,98.730064,61.433662,348.354156,65.072502,99.876831,322.096405,3.840224,465.963318
100,0,215.614883,-197.13855,949.381104,225.643066,28.0469,948.965332,381.430054,-130.688538,984.038513,384.60141,-45.659805,988.117432,299.341187,-262.088226,483.688232,367.152069,-287.22821,87.894516,410.939178,-248.061813,70.092148,299.984741,95.706177,489.129456,372.955078,140.456329,94.109489,412.395691,98.379608,73.376053,321.40744,-175.994827,468.231873,351.161713,-210.553635,93.065002,255.514862,-308.12738,52.722252,213.618591,-240.210297,57.775173,256.130859,165.299103,53.283455,219.867157,98.744209,61.4147,348.350983,65.104202,99.869537,322.012268,3.814812,466.000092
101,0,215.609207,-197.131668,949.380371,225.614563,28.051661,948.971802,381.439331,-130.690033,984.064087,384.605347,-45.665588,988.102234,299.343597,-262.097595,483.70929,367.135254,-287.259186,87.906281,410.928802,-247.976425,70.051033,299.966248,95.700912,489.134338,373.017914,140.485779,94.131302,412.420898,98.404068,73.329178,321.387177,-175.999969,468.231384,351.125549,-210.574875,93.089874,255.511459,-308.141632,52.736538,213.642578,-240.215485,57.757366,256.132324,165.298492,53.292355,219.865204,98.730209,61.431938,348.338806,65.117424,99.885086,322.049286,3.837341,465.991333
102,0,215.608032,-197.135361,949.379456,225.615555,28.070978,948.971741,381.417999,-130.700668,984.062134,384.594391,-45.656876,988.099304,299.356689,-262.059631,483.679657,367.144257,-287.240967,87.919495,410.979218,-248.072174,70.093269,300.056702,95.657219,489.113434,372.985565,140.467682,94.132843,412.419647,98.404388,73.32045,321.393738,-175.99028,468.232513,351.13327,-210.494415,93.095566,255.493408,-308.147736,52.720921,213.609207,-240.220932,57.749828,256.145416,165.30777,53.294796,219.853043,98.737511,61.41127,348.348236,65.122459,99.871758,322.106201,3.860504,465.909424
103,0,215.607529,-197.111404,949.366211,225.614319,28.043037,948.971191,381.415161,-130.671799,984.059448,384.595001,-45.640091,988.119385,299.314178,-262.0867,483.702087,367.112091,-287.261993,87.916687,410.932953,-248.07132,70.085075,299.984802,95.710609,489.122986,372.984161,140.4953,94.143944,412.31311,98.387756,73.306549,321.401581,-175.979477,468.214722,351.204559,-210.51976,93.020958,255.497299,-308.125031,52.732513,213.610367,-240.215454,57.789646,256.115265,165.345154,53.355148,219.863312,98.729027,61.421013,348.335785,65.098297,99.886635,322.053223,3.834898,465.975891
104,0,215.591019,-197.109314,949.37085,225.606476,28.075171,948.987122,381.411621,-130.693024,984.052734,384.59375,-45.635578,988.10376,299.306976,-262.049744,483.688629,367.147461,-287.234802,87.939651,410.907013,-247.966843,70.023323,300.011322,95.711227,489.126129,372.992004,140.477127,94.132584,412.40332,98.375885,73.388145,321.384491,-175.983231,468.203949,351.150879,-210.505035,93.056473,255.506546,-308.134247,52.729599,213.59758,-240.210327,57.755924,256.143982,165.307816,53.296497,219.863739,98.733131,61.411011,348.384308,65.092453,99.871864,322.126221,3.895792,465.993835
105,0,215.595444,-197.105301,949.374878,225.424515,28.294132,949.036072,381.439819,-130.69043,984.056274,384.574005,-45.637138,988.092834,299.31189,-262.051422,483.676514,367.159027,-287.24588,87.920357,410.966553,-248.074265,69.996056,300.044586,95.708389,489.143311,373.011597,140.493164,94.124138,412.308716,98.394112,73.315193,321.370178,-175.961533,468.179413,351.167053,-210.553009,93.068047,255.513336,-308.136688,52.746571,213.600311,-240.219757,57.781559,256.137451,165.307709,53.301281,219.870361,98.721649,61.410782,348.351471,65.116539,99.892868,322.134308,3.878424,465.979095
106,0,215.605652,-197.112198,949.363159,225.576233,28.070312,948.975525,381.402802,-130.677155,984.040222,384.560211,-45.630939,988.110535,299.341095,-262.060394,483.687225,367.154602,-287.286774,87.857201,410.941437,-248.081329,70.072754,300.053741,95.717705,489.131897,372.990662,140.496231,94.12796,412.415619,98.417618,73.334541,321.368805,-175.993423,468.195465,351.171967,-210.544296,93.060654,255.531998,-308.150909,52.714596,213.60585,-240.229401,57.761715,256.096619,165.329742,53.353966,219.848892,98.731667,61.421383,348.358826,65.089081,99.895874,322.139832,3.87415,465.983063
107,0,215.592712,-197.120605,949.361145,225.41684,28.308542,949.028442,381.406097,-130.673691,984.043945,384.568146,-45.630646,988.110474,299.285797,-262.052551,483.683289,367.091522,-287.263428,87.929573,410.937927,-247.974152,70.036934,300.06778,95.751526,489.14621,373.014771,140.49762,94.13343,412.387787,98.384552,73.377563,321.374115,-175.952011,468.186371,351.184509,-210.527985,93.047134,255.533249,-308.118408,52.717278,213.604675,-240.231049,57.746197,256.106781,165.343002,53.354748,219.881729,98.721779,61.416721,348.327637,65.09359,99.907417,322.16449,3.869352,465.96637
108,0,215.591736,-197.125031,949.378235,225.593246,28.089279,948.979675,381.395935,-130.645477,984.031616,384.568207,-45.633751,988.087708,299.302338,-262.033722,483.679321,367.126984,-287.307312,87.867271,410.93692,-248.059586,70.079346,300.059845,95.751961,489.153107,372.975647,140.496414,94.112015,412.404175,98.370415,73.373932,321.377655,-175.935852,468.181976,351.159454,-210.529236,93.051971,255.515427,-308.11792,52.744015,213.611282,-240.231232,57.76487,256.10965,165.349136,53.350513,219.850861,98.736542,61.424194,348.379211,65.086441,99.894684,322.177521,3.871876,465.979675
109,0,215.567352,-197.132202,949.363403,225.617477,28.088253,948.968323,381.382629,-130.650406,984.021057,384.570557,-45.640282,988.071411,299.312531,-262.03717,483.676422,367.165375,-287.247498,87.879036,410.971558,-248.08403,70.082054,300.071075,95.730194,489.139343,373.016235,140.494568,94.140884,412.409454,98.408432,73.327614,321.35379,-175.959457,468.179047,351.164673,-210.509491,93.059525,255.514954,-308.125183,52.740971,213.589539,-240.215073,57.766041,256.14975,165.303925,53.268833,219.868637,98.721558,61.410248,348.365479,65.09317,99.894264,322.207581,3.856522,465.984985
110,0,215.580368,-197.1185,949.365479,225.589874,28.093142,948.98175,381.397614,-130.65181,984.043091,384.571228,-45.634781,988.092712,299.319946,-262.046875,483.690887,367.168549,-287.226868,87.931107,410.832184,-247.975449,70.066277,300.058655,95.7313,489.160553,372.9888,140.484375,94.13372,412.419434,98.386543,73.32135,321.355804,-175.968109,468.175903,351.215881,-210.497375,93.066757,255.519806,-308.121246,52.722206,213.623398,-240.189285,57.781338,256.139038,165.299927,53.291336,219.872269,98.718781,61.414585,348.3703,65.090034,99.897888,322.170593,3.844102,465.962372
111,0,215.576843,-197.112717,949.358398,225.594223,28.089149,948.986206,381.405121,-130.680771,984.044556,384.597748,-45.628277,988.103821,299.279236,-262.073059,483.683685,367.284851,-287.327393,87.835228,410.927216,-247.974991,70.03788,300.038666,95.713997,489.131989,373.00885,140.477631,94.144867,412.429382,98.400261,73.329498,321.355408,-175.980621,468.198334,351.186859,-210.540649,93.052765,255.527176,-308.140564,52.753956,213.603165,-240.215698,57.756741,256.127655,165.290268,53.2794,219.871735,98.712791,61.412766,348.345215,65.134247,99.906845,322.156708,3.84008,465.958099
112,0,215.590652,-197.123215,949.357727,225.604828,28.084089,948.985962,381.375336,-130.679871,984.028748,384.575562,-45.659622,988.11792,299.284393,-262.078064,483.693024,367.292084,-287.252777,87.873695,410.933502,-248.089462,70.099388,300.044098,95.717628,489.125641,372.988861,140.472336,94.131645,412.429352,98.395813,73.331375,321.339783,-175.963272,468.180634,351.154022,-210.527084,93.06115,255.515579,-308.13623,52.741886,213.608276,-240.206558,57.782825,256.125366,165.288803,53.286133,219.873962,98.715652,61.399792,348.372131,65.107918,99.895897,322.112976,3.835335,465.963806
113,0,215.563843,-197.134979,949.377014,225.617477,28.092865,948.958557,381.381561,-130.678436,984.035522,384.569214,-45.662987,988.13501,299.299988,-262.079071,483.702972,367.172882,-287.255981,87.894455,410.897095,-248.075577,70.080765,299.991913,95.733368,489.132507,372.996948,140.459747,94.118713,412.438202,98.404755,73.345177,321.368988,-175.983521,468.218414,351.184021,-210.515381,93.044159,255.506897,-308.130585,52.729584,213.621597,-240.199142,57.767384,256.129669,165.301331,53.279434,219.853683,98.71862,61.407532,348.338531,65.124687,99.900032,322.123108,3.834725,465.922699
114,0,215.57695,-197.104553,949.382874,225.622742,28.087275,948.970398,381.424591,-130.692245,984.043091,384.576477,-45.658226,988.091858,299.320343,-262.064667,483.683533,367.28006,-287.315186,87.850868,410.952332,-248.071747,70.073288,300.010956,95.734108,489.155304,373.024506,140.483887,94.14785,412.447601,98.413033,73.329781,321.360138,-175.956299,468.172729,351.189117,-210.5681,93.042824,255.509979,-308.136505,52.749249,213.640015,-240.24736,57.77903,256.143311,165.313995,53.309998,219.880478,98.747673,61.424698,348.352356,65.131599,99.881676,322.131561,3.85549,465.963898
115,0,215.569183,-197.117203,949.38855,225.446945,28.309927,949.018433,381.405792,-130.68428,984.044678,384.574524,-45.681503,988.116089,299.320862,-262.063538,483.692841,367.137207,-287.257507,87.892929,410.925629,-247.968979,70.069923,300.024475,95.736816,489.145081,373.002655,140.477844,94.141151,412.424622,98.375977,73.365135,321.380463,-175.959763,468.200775,351.241028,-210.60788,93.013298,255.518829,-308.115173,52.723358,213.614349,-240.226303,57.771915,256.117584,165.348587,53.354763,219.862335,98.740913,61.422138,348.365295,65.082062,99.884697,322.182312,3.899064,465.946686
116,0,215.577744,-197.117844,949.369873,225.639038,28.09771,948.954773,381.41272,-130.704559,984.040283,384.598328,-45.669891,988.104065,299.305359,-262.07016,483.69046,367.143768,-287.234558,87.929153,410.924347,-248.062042,70.105995,300.029541,95.720009,489.152191,373.020966,140.483154,94.160484,412.419495,98.417511,73.3405,321.354431,-175.975601,468.220703,351.17572,-210.539764,93.048203,255.518234,-308.129822,52.730087,213.609116,-240.214447,57.761215,256.10965,165.342728,53.355717,219.874329,98.72065,61.41618,348.344482,65.143784,99.906944,322.14563,3.866545,465.972351
117,0,215.559219,-197.138626,949.379028,225.469727,28.308008,949.014465,381.394104,-130.698654,984.041321,384.590088,-45.671021,988.096863,299.269257,-262.089966,483.700653,367.17926,-287.224091,87.879524,410.946472,-247.980682,69.968979,300.030151,95.751122,489.149841,373.036926,140.496216,94.138718,412.433258,98.393806,73.330826,321.371002,-175.974213,468.197418,351.185394,-210.592346,93.063896,255.540573,-308.118011,52.737411,213.642532,-240.217102,57.756954,256.145844,165.299179,53.279663,219.866882,98.725121,61.41008,348.338287,65.091522,99.895561,322.167969,3.872985,465.943878
118,0,215.566177,-197.122314,949.384033,225.451187,28.317978,949.020691,381.382019,-130.680344,984.066406,384.571716,-45.681496,988.087891,299.298553,-262.062073,483.689972,367.128967,-287.258057,87.904442,410.926514,-248.091904,70.088974,300.06012,95.75901,489.145447,372.99585,140.474777,94.141159,412.44574,98.398117,73.337479,321.367035,-175.993683,468.22348,351.182404,-210.53154,93.070663,255.529404,-308.119965,52.756592,213.642502,-240.192337,57.761673,256.142365,165.303406,53.289936,219.868881,98.719566,61.415524,348.344452,65.085022,99.888664,322.185699,3.865009,465.985199
119,0,215.547882,-197.128113,949.376953,225.451965,28.298162,949.017761,381.390991,-130.684631,984.052002,384.597778,-45.675076,988.117126,299.257111,-262.10788,483.687714,367.137024,-287.257721,87.889725,410.915161,-247.982834,70.032356,300.097168,95.761078,489.143372,372.998901,140.483231,94.138176,412.44101,98.399734,73.34285,321.377625,-176.00914,468.197388,351.15274,-210.492279,93.064789,255.510651,-308.120819,52.72649,213.660904,-240.208969,57.745552,256.119049,165.296768,53.293148,219.845276,98.730377,61.415203,348.339386,65.124527,99.886497,322.193085,3.85577,465.96283
120,0,215.580902,-197.140045,949.365173,225.434479,28.299341,949.032166,381.383118,-130.691101,984.045715,384.5737,-45.681763,988.093811,299.317566,-262.114197,483.676025,367.09494,-287.276337,87.89077,410.895905,-247.961609,70.040154,300.07489,95.786949,489.156128,373.02832,140.472565,94.152077,412.479065,98.419571,73.34713,321.419067,-175.950134,468.208038,351.201111,-210.578232,93.041428,255.510544,-308.125519,52.719036,213.593857,-240.208496,57.767948,256.129578,165.29631,53.289612,219.876862,98.718872,61.405373,348.325531,65.099243,99.901848,322.176697,3.871626,465.986084
121,0,215.571655,-197.142807,949.379089,225.640259,28.076988,948.968018,381.396484,-130.709839,984.049133,384.582123,-45.679577,988.113525,299.328552,-262.069366,483.670074,367.131653,-287.238831,87.895264,410.869659,-248.102692,70.101593,300.067719,95.749916,489.152252,373.002319,140.487656,94.157005,412.43808,98.395882,73.325844,321.396301,-175.99231,468.228271,351.150787,-210.564514,93.062988,255.511963,-308.128265,52.74876,213.604919,-240.21608,57.767281,256.131378,165.293747,53.286762,219.860794,98.722679,61.420673,348.368774,65.083504,99.896614,322.207489,3.852919,465.986176
122,0,215.562576,-197.132797,949.379211,225.456924,28.287256,949.029053,381.396027,-130.694473,984.052917,384.620819,-45.674934,988.10144,299.299835,-262.099335,483.684967,367.145905,-287.261475,87.873146,410.921814,-248.097656,70.078407,300.080292,95.740463,489.146484,373.006775,140.492371,94.152779,412.430878,98.36866,73.366379,321.379761,-176.001724,468.197968,351.187714,-210.552322,93.040154,255.557983,-308.134552,52.738258,213.631821,-240.234695,57.750187,256.104462,165.343155,53.354061,219.863388,98.722305,61.427536,348.320251,65.107239,99.899483,322.146606,3.854887,465.97464
123,0,215.582809,-197.102219,949.376221,225.477524,28.289598,949.023499,381.412018,-130.719437,984.037903,384.601166,-45.692715,988.102295,299.331482,-262.071411,483.682434,367.145844,-287.313446,87.849213,410.930298,-248.073441,70.09021,300.074188,95.744339,489.13623,373.013306,140.501801,94.154205,412.453857,98.405304,73.330666,321.372833,-175.971436,468.208984,351.174927,-210.632416,93.072174,255.514114,-308.140564,52.74902,213.599396,-240.207245,57.757088,256.129242,165.294449,53.295799,219.882965,98.730576,61.403091,348.316833,65.129723,99.880226,322.119934,3.835555,465.968323
124,0,215.558136,-197.149078,949.376221,225.491623,28.295164,949.028748,381.412048,-130.724289,984.046387,384.61853,-45.70422,988.087585,299.324097,-262.104248,483.679688,367.089172,-287.291138,87.893486,410.99118,-248.104584,70.025276,300.089111,95.751534,489.140015,373.02951,140.458221,94.144272,412.435913,98.41507,73.321655,321.376282,-175.994461,468.217102,351.187683,-210.587234,93.049446,255.509735,-308.12384,52.738262,213.638397,-240.22818,57.742817,256.137848,165.308411,53.288193,219.857315,98.731346,61.418427,348.343964,65.081612,99.882385,322.182953,3.843771,465.956329
125,0,215.585495,-197.149063,949.365662,225.497726,28.305639,949.036926,381.409393,-130.746368,984.044617,384.638153,-45.704605,988.112305,299.272858,-262.096405,483.690704,367.127747,-287.23642,87.902443,410.928589,-248.079788,70.064911,300.076721,95.715576,489.14093,373.019806,140.46608,94.146271,412.442535,98.402962,73.328392,321.402161,-175.984741,468.207764,351.235748,-210.600021,93.016747,255.491196,-308.126617,52.761024,213.618027,-240.201385,57.765301,256.095734,165.339325,53.370266,219.87175,98.730309,61.412781,348.335266,65.106262,99.886017,322.120026,3.837133,465.967712
126,0,215.563034,-197.158966,949.385071,225.508606,28.321915,949.045715,381.45105,-130.743607,984.052063,384.633698,-45.714458,988.116455,299.29129,-262.079681,483.682526,367.144379,-287.233215,87.938576,410.938629,-248.077423,70.079292,300.049652,95.752525,489.156616,372.983795,140.473419,94.152527,412.460632,98.404999,73.342712,321.381836,-176.006378,468.201904,351.181458,-210.53476,93.068153,255.513138,-308.110138,52.720917,213.627594,-240.194107,57.773758,256.147308,165.288223,53.282459,219.855118,98.739052,61.432011,348.376556,65.08551,99.882919,322.173553,3.869377,465.978363
127,0,215.554642,-197.150909,949.393188,225.534531,28.298929,949.059875,381.401886,-130.761688,984.058655,384.620117,-45.737831,988.093323,299.269501,-262.091095,483.676849,367.29248,-287.279449,87.842873,410.913483,-247.962311,70.062698,300.062653,95.707458,489.144806,373.010559,140.500504,94.165192,412.314484,98.385254,73.32383,321.376404,-175.986298,468.20285,351.163513,-210.50853,93.056313,255.50914,-308.120178,52.744083,213.630768,-240.213501,57.770977,256.13974,165.305405,53.296871,219.861053,98.728722,61.42646,348.350861,65.092735,99.896866,322.090637,3.829726,466.021271
128,0,215.572769,-197.159683,949.395752,225.554077,28.334139,949.060974,381.428192,-130.759491,984.052307,384.62085,-45.752964,988.095215,299.248596,-262.098694,483.700165,367.328857,-287.263733,87.834358,410.929901,-248.068298,70.086578,300.087921,95.711845,489.147736,373.015015,140.50325,94.149742,412.319366,98.389992,73.322754,321.372437,-175.998169,468.222076,351.217316,-210.550354,93.053879,255.507019,-308.122406,52.743851,213.607498,-240.219116,57.74271,256.122345,165.355438,53.347771,219.866364,98.741447,61.445908,348.330414,65.123505,99.892838,322.144409,3.838175,465.967621
129,0,215.565948,-197.149246,949.395081,225.749054,28.08658,948.990112,381.420471,-130.776337,984.046387,384.645142,-45.756149,988.119751,299.274261,-262.094513,483.693817,367.154388,-287.247162,87.881622,410.931854,-248.029846,70.041115,300.075592,95.721413,489.144989,373.015717,140.48175,94.167061,412.413025,98.40387,73.330589,321.400665,-175.999878,468.231659,351.198242,-210.575974,93.038284,255.504105,-308.123993,52.739281,213.62561,-240.2034,57.761272,256.136139,165.309219,53.280865,219.867722,98.741272,61.416485,348.367401,65.084412,99.885391,322.142914,3.789617,465.993317
130,0,215.579605,-197.153641,949.383606,225.607498,28.300671,949.045776,381.443634,-130.780167,984.05072,384.670166,-45.788261,988.112793,299.234497,-262.125305,483.691925,367.101257,-287.33551,87.853439,410.922791,-247.982834,70.052292,300.104553,95.710121,489.152283,373.007751,140.470093,94.132645,412.405212,98.392395,73.327599,321.36911,-176.016098,468.232208,351.219208,-210.563217,93.052177,255.494034,-308.125458,52.742661,213.580688,-240.209274,57.76231,256.13028,165.309448,53.294323,219.861176,98.736008,61.41732,348.355713,65.101089,99.881638,322.181549,3.785273,465.978699
131,0,215.539597,-197.152832,949.396301,225.785263,28.099445,949.002686,381.471466,-130.813477,984.062195,384.636383,-45.80455,988.096863,299.271545,-262.154541,483.67923,367.146118,-287.269623,87.886833,410.948212,-247.993301,70.025688,300.107025,95.696899,489.134308,373.029755,140.474258,94.147942,412.400452,98.352501,73.35939,321.402802,-176.012497,468.225769,351.179138,-210.55188,93.067703,255.518967,-308.136169,52.721642,213.638367,-240.201218,57.753582,256.130371,165.309296,53.291615,219.865143,98.730965,61.418377,348.335358,65.113533,99.864426,322.228149,3.80049,465.970184
132,0,215.553375,-197.172241,949.369446,225.767075,28.108397,949.014221,381.443909,-130.825882,984.049255,384.664398,-45.814945,988.107239,299.301453,-262.152863,483.672638,367.129944,-287.250732,87.870308,410.943359,-248.009766,70.030411,300.127106,95.69725,489.144714,373.043701,140.53244,94.147224,412.410522,98.38472,73.316528,321.411865,-176.027954,468.205627,351.16803,-210.546738,93.073479,255.510025,-308.126465,52.731705,213.590286,-240.200653,57.77507,256.147369,165.300171,53.289616,219.873657,98.747589,61.417976,348.370239,65.093239,99.877434,322.227356,3.795716,465.945404
133,0,215.553635,-197.189468,949.392273,225.622314,28.312197,949.042297,381.424316,-130.829086,984.03418,384.669586,-45.838596,988.092468,299.277649,-262.137085,483.693939,367.298126,-287.227142,87.890717,410.977081,-248.082199,70.115562,300.147034,95.685204,489.124939,373.009979,140.509048,94.149017,412.427246,98.387848,73.32222,321.415436,-176.005951,468.245331,351.179047,-210.551041,93.068901,255.511292,-308.120026,52.754398,213.597183,-240.236237,57.758175,256.147766,165.313324,53.291367,219.873444,98.738876,61.42474,348.378265,65.080055,99.889816,322.215393,3.782715,465.951904
134,0,215.557434,-197.192642,949.381409,225.630768,28.31921,949.044556,381.475677,-130.849533,984.038513,384.686127,-45.836674,988.098938,299.309448,-262.139954,483.675354,367.134949,-287.281799,87.874863,410.938751,-248.084244,70.087196,300.161682,95.706154,489.137024,373.029022,140.505844,94.155273,412.422363,98.387146,73.328247,321.400391,-176.037399,468.206421,351.182037,-210.544067,93.085991,255.513016,-308.132263,52.727924,213.6362,-240.208954,57.759296,256.139374,165.317734,53.295982,219.856369,98.739418,61.429222,348.370422,65.097992,99.856934,322.238739,3.80673,465.937256
135,0,215.600647,-197.180725,949.400757,225.640839,28.298544,949.039062,381.467896,-130.853302,984.022278,384.688599,-45.831116,988.091125,299.315247,-262.153107,483.667084,367.128937,-287.287964,87.872864,410.952881,-248.112289,70.083267,300.160675,95.702354,489.14151,373.042908,140.532028,94.145058,412.428467,98.400124,73.32901,321.427032,-176.02478,468.203522,351.234497,-210.56636,93.041107,255.515121,-308.123383,52.72736,213.6129,-240.232986,57.752674,256.122559,165.361694,53.359177,219.880859,98.75444,61.410629,348.362671,65.087593,99.882866,322.190948,3.821805,465.948273
136,0,215.568344,-197.196457,949.403687,225.643311,28.301973,949.053955,381.477722,-130.863632,984.040405,384.691803,-45.847153,988.082458,299.255249,-262.18103,483.677277,367.142334,-287.321625,87.836617,410.973633,-248.106018,70.075485,300.133667,95.690453,489.144043,373.036957,140.52919,94.162048,412.434662,98.389221,73.331055,321.428864,-176.042587,468.203796,351.232422,-210.591919,93.052162,255.507492,-308.126312,52.74276,213.625015,-240.21019,57.742355,256.128113,165.340759,53.361446,219.872208,98.753326,61.43235,348.315094,65.127716,99.874176,322.180359,3.786686,465.932587
137,0,215.572189,-197.214996,949.403442,225.652985,28.281128,949.059692,381.485626,-130.882645,984.046814,384.720337,-45.865139,988.112854,299.335358,-262.168152,483.689972,367.117676,-287.275513,87.878426,410.985443,-248.093277,70.103012,300.144257,95.689339,489.153839,373.032379,140.485245,94.144608,412.438263,98.387016,73.329056,321.459961,-176.049377,468.211975,351.197571,-210.619537,93.062584,255.511887,-308.136292,52.738625,213.627228,-240.207153,57.783188,256.137115,165.330994,53.305481,219.87088,98.747528,61.43108,348.357269,65.087906,99.883209,322.178558,3.814353,465.941101
138,0,215.611374,-197.230698,949.397766,225.647324,28.277634,949.048401,381.473816,-130.891006,984.049805,384.736725,-45.890564,988.083984,299.311981,-262.169525,483.690033,367.171326,-287.2883,87.871651,410.954742,-248.01268,70.063972,300.159515,95.672119,489.159943,373.022705,140.486618,94.153137,412.427612,98.370003,73.31028,321.464355,-176.080551,468.213074,351.144745,-210.562241,93.105286,255.499359,-308.131195,52.745422,213.63092,-240.19899,57.775433,256.138855,165.303818,53.295261,219.874161,98.749161,61.427517,348.325928,65.106064,99.887909,322.177856,3.741427,465.968475
139,0,215.603699,-197.228348,949.387329,225.649734,28.257002,949.05957,381.491974,-130.897888,984.046997,384.711151,-45.91568,988.110413,299.31662,-262.211182,483.679077,367.122742,-287.26413,87.886543,410.944458,-248.12323,70.087105,300.163086,95.657433,489.154358,373.046234,140.502823,94.159882,412.44223,98.364815,73.332603,321.469971,-176.075272,468.216949,351.178864,-210.608688,93.064476,255.52771,-308.131866,52.714008,213.62088,-240.235092,57.755184,256.150543,165.304443,53.295441,219.857712,98.73597,61.425808,348.343018,65.078232,99.886307,322.159637,3.752743,465.942657
140,0,215.601288,-197.267273,949.410278,225.615265,28.261583,949.06543,381.494476,-130.916702,984.046814,384.721985,-45.923862,988.116455,299.325378,-262.221405,483.705505,367.146912,-287.323303,87.833504,410.971924,-248.130203,70.083488,300.176941,95.649147,489.152405,373.014465,140.477066,94.15094,412.439117,98.378189,73.317535,321.480469,-176.091324,468.233521,351.219177,-210.576401,93.077141,255.505554,-308.135986,52.744301,213.594055,-240.224091,57.770008,256.140198,165.30661,53.288921,219.874359,98.731209,61.427441,348.344604,65.101128,99.869743,322.20932,3.751887,465.980835
141,0,215.615143,-197.26004,949.421875,225.633316,28.240482,949.072876,381.493958,-130.907837,984.040955,384.712616,-45.915009,988.137939,299.371582,-262.213654,483.695465,367.158325,-287.254913,87.928162,410.967499,-248.102783,70.095703,300.170349,95.643211,489.158081,373.011749,140.482468,94.13224,412.43866,98.341881,73.374596,321.485321,-176.091309,468.222931,351.219849,-210.588211,93.0224,255.527435,-308.126862,52.728577,213.617828,-240.185272,57.777569,256.148621,165.306549,53.276054,219.860382,98.729843,61.425327,348.35849,65.077202,99.887825,322.269043,3.767219,465.95166
142,0,215.651703,-197.275467,949.411621,225.622604,28.222864,949.052124,381.484772,-130.93515,984.067566,384.696167,-45.921295,988.102783,299.401489,-262.223541,483.671753,367.129456,-287.274048,87.884521,410.927124,-248.004654,70.019737,300.152771,95.63192,489.163727,373.033966,140.498627,94.141808,412.437347,98.351448,73.372459,321.486023,-176.098785,468.243042,351.190643,-210.598465,93.113243,255.514526,-308.139679,52.727253,213.640366,-240.212097,57.736618,256.138733,165.30307,53.289337,219.880096,98.726784,61.411362,348.369385,65.077904,99.884842,322.222107,3.736127,465.931732
143,0,215.637802,-197.284607,949.416992,225.608627,28.200672,949.058777,381.545074,-130.921982,984.083435,384.717346,-45.926685,988.113586,299.406525,-262.218231,483.685211,367.142242,-287.27652,87.891479,410.978638,-248.101273,70.104073,300.169067,95.62323,489.147705,373.018585,140.491348,94.136185,412.440308,98.371834,73.326378,321.451019,-176.102463,468.229919,351.204224,-210.53566,93.075394,255.515396,-308.127991,52.753208,213.573898,-240.220306,57.772507,256.155121,165.306046,53.282516,219.85881,98.736374,61.410618,348.369293,65.077003,99.844086,322.249786,3.747275,465.943542
144,0,215.658356,-197.310944,949.424622,225.589066,28.204296,949.062439,381.568909,-130.936905,984.077698,384.714508,-45.918919,988.101257,299.41153,-262.235413,483.671051,367.299072,-287.249054,87.862793,410.968353,-248.087158,70.10141,300.180634,95.591797,489.143707,372.98703,140.489868,94.14267,412.295593,98.345955,73.333595,321.49646,-176.114044,468.23056,351.196075,-210.585892,93.089432,255.512238,-308.14093,52.739502,213.613068,-240.215698,57.77071,256.120758,165.302063,53.291023,219.858566,98.72966,61.431473,348.366241,65.106201,99.85778,322.214844,3.707947,465.96933
145,0,215.695099,-197.309982,949.427673,225.598694,28.185602,949.039124,381.552216,-130.940323,984.058899,384.740936,-45.930767,988.061523,299.421722,-262.218262,483.684753,367.191162,-287.329712,87.845741,410.978851,-248.105804,70.084183,300.141968,95.613113,489.15741,373.020874,140.491058,94.099586,412.39566,98.343262,73.374733,321.471649,-176.114136,468.223572,351.237274,-210.555191,93.03817,255.483536,-308.141266,52.734917,213.628006,-240.215439,57.7519,256.130859,165.287872,53.282547,219.875122,98.731438,61.4249,348.344727,65.089828,99.881149,322.23291,3.723069,465.941559
146,0,215.717392,-197.309662,949.427795,225.572922,28.191355,949.047119,381.554382,-130.929672,984.038391,384.745026,-45.917507,988.087219,299.385437,-262.261169,483.690002,367.136871,-287.270813,87.901947,410.967163,-248.08577,70.08461,300.133636,95.587181,489.148468,372.991119,140.47522,94.136009,412.419617,98.349663,73.367958,321.481262,-176.117722,468.260345,351.248505,-210.567642,93.042831,255.518234,-308.154175,52.740738,213.5952,-240.179977,57.813393,256.131256,165.291443,53.295803,219.880203,98.722038,61.406738,348.365295,65.053795,99.877625,322.224823,3.736658,465.95459
147,0,215.716919,-197.31575,949.448364,225.566437,28.200222,949.060547,381.587921,-130.915009,984.033813,384.778076,-45.919552,988.084656,299.397308,-262.253723,483.687317,367.141266,-287.302551,87.868935,410.96109,-248.107285,70.081192,300.107178,95.593811,489.126465,373.011108,140.483383,94.145836,412.420258,98.376434,73.326683,321.461243,-176.124756,468.226624,351.199127,-210.590164,93.05687,255.496674,-308.131042,52.743916,213.661514,-240.224075,57.759281,256.143799,165.281082,53.281555,219.86821,98.730759,61.39473,348.358978,65.091896,99.913589,322.203278,3.735617,465.945984
148,0,215.727402,-197.331696,949.433472,225.573029,28.205271,949.070496,381.573273,-130.917419,984.041809,384.789398,-45.907856,988.076538,299.426758,-262.229065,483.685883,367.323486,-287.245911,87.823463,410.983887,-248.119034,70.083405,300.070007,95.613823,489.13858,373.000793,140.481262,94.142563,412.411316,98.375801,73.335121,321.474335,-176.126358,468.249054,351.206726,-210.587753,93.073486,255.507584,-308.125824,52.731789,213.628128,-240.217102,57.758217,256.135834,165.301132,53.299194,219.858002,98.724831,61.415817,348.337799,65.098274,99.885117,322.250549,3.76282,465.917084
149,0,215.750519,-197.328217,949.442322,225.579773,28.198578,949.062073,381.58313,-130.899261,984.030334,384.797211,-45.918434,988.034058,299.390625,-262.257172,483.685669,367.141724,-287.330353,87.826866,410.96933,-248.110092,70.080147,300.067444,95.609871,489.146881,372.970764,140.464584,94.110985,412.416473,98.385277,73.338593,321.44931,-176.137466,468.269714,351.206238,-210.550491,93.107475,255.524902,-308.131897,52.749958,213.627014,-240.232315,57.769073,256.132965,165.305359,53.319195,219.880905,98.73201,61.417305,348.333832,65.110382,99.894363,322.14502,3.716149,465.940247
150,0,215.750412,-197.336884,949.458496,225.602051,28.172871,949.070068,381.609619,-130.909775,984.020569,384.787659,-45.91605,988.052307,299.392334,-262.263855,483.701111,367.347046,-287.282318,87.803635,410.950195,-248.118256,70.077835,300.074768,95.597382,489.160339,373.025116,140.495041,94.144028,412.413452,98.382401,73.336098,321.467224,-176.137924,468.237396,351.193512,-210.523651,93.058846,255.513275,-308.145264,52.747448,213.623749,-240.20903,57.762337,256.123322,165.293503,53.286175,219.864426,98.726753,61.417233,348.351349,65.094955,99.863396,322.167114,3.726418,465.916718
151,0,215.765839,-197.328537,949.448608,225.600769,28.205502,949.086243,381.611847,-130.926895,984.02771,384.817322,-45.912102,988.067139,299.435516,-262.22937,483.696899,367.132385,-287.258789,87.882866,410.920013,-248.12442,70.131218,300.095367,95.584984,489.140961,372.996643,140.472488,94.134216,412.412292,98.377762,73.333679,321.491913,-176.131775,468.253052,351.17572,-210.530991,93.086472,255.508209,-308.124207,52.721756,213.597931,-240.221741,57.750992,256.140198,165.303604,53.300705,219.844513,98.720657,61.415134,348.336975,65.097336,99.867104,322.188293,3.726495,465.956299
152,0,215.771698,-197.335785,949.455322,225.597534,28.202627,949.087402,381.615662,-130.929169,984.05127,384.796356,-45.926556,988.077332,299.417114,-262.243256,483.700775,367.124451,-287.271637,87.874886,410.940491,-248.106842,70.085846,300.076721,95.495811,489.174347,372.984619,140.452698,94.126907,412.404266,98.353233,73.386871,321.471466,-176.132202,468.21994,351.169678,-210.500854,93.100372,255.501419,-308.116608,52.718197,213.635757,-240.210236,57.756027,256.144745,165.298111,53.293442,219.848541,98.726196,61.418163,348.379486,65.075417,99.856758,322.181519,3.752007,465.944916
153,0,215.786972,-197.339752,949.449768,225.624634,28.214973,949.101501,381.630646,-130.929779,984.026123,384.830048,-45.921856,988.062744,299.419708,-262.237427,483.713867,367.187225,-287.251404,87.861946,410.953918,-248.121857,70.087646,300.051544,95.463196,489.186859,372.98349,140.436035,94.122406,412.416443,98.353951,73.389496,321.500885,-176.110382,468.247955,351.16687,-210.559784,93.108009,255.501953,-308.114838,52.739655,213.611984,-240.226089,57.789616,256.125214,165.293976,53.302555,219.878204,98.730278,61.429146,348.354034,65.094055,99.883224,322.175262,3.724442,465.922455
154,0,215.806641,-197.320602,949.455811,225.619308,28.220535,949.090637,381.645599,-130.915436,984.021606,384.812073,-45.90086,988.055664,299.417328,-262.221405,483.68454,367.151215,-287.249878,87.881111,410.93924,-248.008575,70.03569,300.069153,95.481918,489.182159,372.97464,140.447861,94.12278,412.418304,98.351074,73.377045,321.487915,-176.100906,468.244202,351.17746,-210.518753,93.082329,255.528122,-308.124908,52.729191,213.624466,-240.213196,57.788628,256.123383,165.294067,53.294823,219.843719,98.734795,61.444466,348.351105,65.101967,99.871109,322.124298,3.719547,465.990479
155,0,215.802246,-197.329727,949.456726,225.630966,28.235991,949.105286,381.669342,-130.928513,984.002197,384.834045,-45.90609,988.045044,299.415344,-262.209106,483.693024,367.400482,-287.22702,87.81356,410.989166,-248.093063,70.104156,300.073242,95.613281,489.158478,372.992004,140.495987,94.11348,412.292694,98.335007,73.349472,321.462036,-176.121033,468.236633,351.165649,-210.585724,93.069572,255.508743,-308.12384,52.733368,213.617096,-240.230331,57.775795,256.140076,165.298553,53.281532,219.857666,98.744911,61.440693,348.339905,65.095673,99.88575,322.178009,3.729419,465.942963
156,0,215.806244,-197.301559,949.454834,225.660858,28.224554,949.098083,381.662689,-130.889328,984.008789,384.848297,-45.88538,988.063416,299.404877,-262.22052,483.683777,367.151581,-287.324554,87.811638,410.965179,-248.09314,70.081856,300.075867,95.63501,489.153931,372.96991,140.47963,94.112991,412.286652,98.353683,73.355789,321.461914,-176.104935,468.208557,351.162842,-210.54071,93.081337,255.503326,-308.150482,52.742126,213.624008,-240.221817,57.751995,256.123596,165.314514,53.291412,219.850815,98.724808,61.400543,348.332275,65.118103,99.885254,322.157013,3.738598,465.954468
157,0,215.813416,-197.277802,949.448853,225.682587,28.232628,949.099426,381.706055,-130.901352,984.029236,384.865479,-45.892597,988.059265,299.392517,-262.217926,483.692749,367.146118,-287.261169,87.850128,410.967041,-248.095322,70.100937,300.083649,95.511749,489.216461,372.969543,140.469162,94.0933,412.414764,98.389511,73.330521,321.452332,-176.083939,468.240112,351.190308,-210.580017,93.060265,255.489655,-308.144135,52.725842,213.608887,-240.210251,57.768631,256.115234,165.340576,53.368736,219.855865,98.745857,61.422718,348.336609,65.114151,99.856529,322.16687,3.746848,465.971252
158,0,215.82991,-197.294373,949.445862,225.705307,28.252886,949.106689,381.689545,-130.889908,983.997009,384.898041,-45.888142,988.047974,299.372131,-262.192078,483.689423,367.198303,-287.254974,87.88578,410.947357,-248.019165,70.043335,300.122498,95.640221,489.14917,372.960968,140.446014,94.091377,412.399933,98.356071,73.376099,321.450317,-176.096039,468.233643,351.198151,-210.584808,93.060318,255.530563,-308.129547,52.743622,213.629654,-240.203735,57.766796,256.150391,165.293884,53.28157,219.845764,98.748566,61.413074,348.344208,65.07312,99.910347,322.173889,3.764641,465.982605
159,0,215.851379,-197.268463,949.45752,225.727081,28.272354,949.115234,381.734467,-130.89444,984.020264,384.903107,-45.901161,988.042969,299.396118,-262.183319,483.689697,367.171936,-287.223633,87.90715,410.964294,-248.118118,70.066589,300.135803,95.671738,489.178833,372.997467,140.481873,94.075981,412.411407,98.371735,73.317421,321.459503,-176.084946,468.23111,351.232056,-210.506256,93.070206,255.522812,-308.138672,52.739716,213.646866,-240.223022,57.75848,256.134369,165.301697,53.281181,219.850494,98.73381,61.431431,348.332397,65.103195,99.873108,322.203613,3.764004,465.963348
160,0,215.833832,-197.256836,949.459351,225.751556,28.271036,949.108704,381.720032,-130.894226,984.004456,384.927643,-45.895245,988.042603,299.34964,-262.155518,483.687378,367.145172,-287.334412,87.839645,410.932251,-248.101181,70.061096,300.137756,95.539406,489.238647,372.972656,140.465073,94.088539,412.389038,98.347717,73.363182,321.444733,-176.075989,468.235046,351.206268,-210.528244,93.05867,255.51358,-308.121124,52.730549,213.617264,-240.209473,57.776016,256.140289,165.298782,53.281963,219.854141,98.734657,61.419937,348.341736,65.077675,99.897514,322.215729,3.774305,465.92804
161,0,215.873734,-197.229706,949.454285,225.767471,28.30175,949.130188,381.733826,-130.885757,983.993347,384.946564,-45.889866,988.035645,299.364685,-262.175049,483.690094,367.128601,-287.331573,87.846992,410.963745,-248.113174,70.082207,300.18689,95.645256,489.167725,372.985504,140.471466,94.076973,412.405334,98.361855,73.31292,321.451477,-176.065842,468.227203,351.226166,-210.53981,93.063217,255.509048,-308.140594,52.758423,213.613342,-240.228699,57.779655,256.113861,165.349976,53.368198,219.881775,98.736824,61.422791,348.351013,65.099319,99.853981,322.264069,3.811832,465.920166
162,0,215.870346,-197.222366,949.471863,225.787155,28.322008,949.137024,381.734924,-130.883179,983.984924,384.946991,-45.883541,988.015259,299.379578,-262.153534,483.705353,367.163452,-287.243347,87.907425,410.968658,-248.10997,70.070335,300.165558,95.67907,489.164948,372.971222,140.474503,94.070236,412.408813,98.378593,73.310585,321.44574,-176.063202,468.236938,351.221741,-210.536713,93.072601,255.49588,-308.128815,52.727505,213.634277,-240.226349,57.763714,256.138123,165.302643,53.277718,219.866714,98.735054,61.418922,348.344757,65.099022,99.863457,322.201416,3.753122,465.973419
163,0,215.909637,-197.204239,949.467529,225.830505,28.334869,949.142578,381.753448,-130.883408,983.971802,384.975891,-45.887283,988.043762,299.414642,-262.140778,483.682434,367.124298,-287.26532,87.870499,410.944672,-248.081085,70.067505,300.167175,95.673538,489.177185,372.980835,140.481628,94.072227,412.429565,98.378235,73.326736,321.433777,-176.046005,468.244324,351.190247,-210.525955,93.053139,255.511017,-308.118134,52.732246,213.629089,-240.217331,57.771343,256.136078,165.315414,53.293018,219.835449,98.746857,61.429443,348.320587,65.120842,99.854919,322.224854,3.76206,465.941772
164,0,215.92923,-197.180603,949.47229,225.890945,28.355013,949.135132,381.782715,-130.907394,983.99353,385.05072,-45.883186,988.030701,299.361847,-262.142212,483.687714,367.140717,-287.234711,87.897552,410.968781,-248.072281,70.063324,300.175903,95.666092,489.168701,372.994263,140.503006,94.076195,412.414459,98.349876,73.370308,321.444031,-176.035324,468.233856,351.234558,-210.565613,93.05088,255.511337,-308.122559,52.745094,213.617584,-240.181641,57.763103,256.137451,165.314102,53.305859,219.866379,98.753777,61.423321,348.338501,65.074181,99.853149,322.278992,3.786887,465.959961
165,0,215.935287,-197.174301,949.49292,225.920685,28.322914,949.161926,381.845642,-130.895065,983.983521,385.039154,-45.898422,987.99707,299.357605,-262.133057,483.685364,367.090088,-287.266052,87.874603,410.956787,-248.08287,70.06926,300.169983,95.646034,489.176361,373.010712,140.462067,94.10659,412.427124,98.373932,73.314018,321.431793,-176.007187,468.222656,351.182343,-210.532501,93.053375,255.498322,-308.112457,52.729877,213.638916,-240.169342,57.781918,256.09668,165.358643,53.374058,219.867615,98.75264,61.423233,348.322113,65.091927,99.874695,322.244171,3.782977,465.941162
166,0,215.974197,-197.201691,949.487427,225.965927,28.339426,949.155823,381.857361,-130.909744,983.990234,385.107971,-45.881424,988.019226,299.342041,-262.128296,483.693085,367.093811,-287.286285,87.882301,411.03006,-248.121582,70.013336,300.153046,95.659286,489.163208,372.990784,140.505157,94.100021,412.415741,98.351212,73.365837,321.435883,-176.038773,468.240082,351.194611,-210.479462,93.040909,255.52034,-308.131378,52.744957,213.613083,-240.203995,57.780052,256.14563,165.312729,53.290863,219.867661,98.741562,61.437496,348.320038,65.108093,99.870506,322.175446,3.776391,465.963776
167,0,215.964691,-197.203842,949.493652,225.989792,28.347223,949.163513,381.882935,-130.898056,983.983093,385.112091,-45.904045,988.029602,299.313538,-262.068115,483.700897,367.081146,-287.274445,87.887863,410.957001,-248.090973,70.065063,300.155975,95.641602,489.157837,372.976929,140.46637,94.058395,412.438446,98.375191,73.29567,321.411194,-176.023239,468.24292,351.176086,-210.533157,93.070557,255.510178,-308.101501,52.736412,213.600464,-240.198044,57.754871,256.13855,165.304489,53.30468,219.872055,98.739983,61.443863,348.332336,65.101204,99.844681,322.14801,3.772698,465.928223
168,0,216.009781,-197.186798,949.504272,226.04512,28.354603,949.161743,381.914276,-130.889465,983.975525,385.132751,-45.896549,988.01825,299.314819,-262.089966,483.708191,367.163452,-287.257233,87.858246,410.948883,-247.993347,70.028526,300.1091,95.546715,489.236359,372.975952,140.436417,94.087906,412.413696,98.360458,73.365128,321.424011,-176.0159,468.225891,351.134583,-210.537872,93.073074,255.516678,-308.126099,52.737007,213.637421,-240.185471,57.767845,256.139832,165.298157,53.287079,219.846786,98.74456,61.413155,348.322784,65.094749,99.849739,322.13147,3.78169,465.915863
169,0,216.025497,-197.174469,949.50885,226.067566,28.347334,949.184021,381.923492,-130.891647,983.968262,385.141296,-45.897404,988.007385,299.273071,-262.093384,483.69989,367.133545,-287.260162,87.900978,410.963959,-248.111252,70.060127,300.115295,95.541756,489.242645,372.932983,140.275406,94.122894,412.434814,98.382126,73.324448,321.397766,-176.02594,468.242126,351.230347,-210.5392,93.039558,255.514084,-308.118652,52.759712,213.599167,-240.189667,57.769268,256.123291,165.30513,53.297661,219.86795,98.752365,61.413868,348.346069,65.065552,99.866364,322.148804,3.794294,465.940979
170,0,216.059418,-197.151413,949.499084,226.102142,28.355019,949.195129,381.97522,-130.878601,983.972229,385.181396,-45.868298,988.007202,299.280396,-262.089417,483.710815,367.235382,-287.228668,87.928932,410.97052,-248.122894,70.049866,300.116486,95.574425,489.245117,372.966125,140.390381,94.07019,412.4422,98.392654,73.310364,321.43158,-175.972977,468.217316,351.182587,-210.543869,93.069374,255.520706,-308.098328,52.726139,213.645157,-240.18045,57.777294,256.131012,165.311523,53.293964,219.867813,98.740784,61.419369,348.343201,65.079948,99.860741,322.146271,3.790013,465.951752
171,0,216.095413,-197.155731,949.5,226.356216,28.094025,949.112305,381.970367,-130.855835,983.975159,385.211212,-45.870338,987.985291,299.288757,-262.088745,483.701538,367.182831,-287.243134,87.846016,410.896576,-248.07843,70.061478,300.14212,95.588188,489.240814,372.975403,140.419083,94.096802,412.441833,98.388985,73.325066,321.417145,-175.973999,468.229095,351.189453,-210.554398,93.045349,255.50351,-308.108856,52.724407,213.643097,-240.183762,57.777283,256.127197,165.29715,53.294735,219.863907,98.752136,61.430355,348.347961,65.097725,99.849091,322.143738,3.814672,465.923279
172,0,216.131622,-197.166061,949.493408,226.177994,28.312704,949.178833,382.008514,-130.871948,983.972595,385.233185,-45.884403,987.975708,299.306549,-262.066681,483.71405,367.116089,-287.236664,87.916473,410.959198,-248.092422,70.072441,300.171326,95.556175,489.247894,372.961243,140.412949,94.06929,412.437195,98.408859,73.317902,321.464478,-175.960114,468.215668,351.217194,-210.483612,93.069702,255.497162,-308.128052,52.730324,213.635803,-240.210495,57.769341,256.138519,165.314194,53.306095,219.871857,98.748703,61.420692,348.34375,65.116127,99.8423,322.118317,3.797883,465.955505
173,0,216.149139,-197.149231,949.510742,226.395752,28.092312,949.127319,382.040253,-130.859604,983.972412,385.246857,-45.866463,987.98877,299.343475,-262.064514,483.714355,367.13562,-287.266785,87.863876,410.930237,-248.079987,70.061829,300.147552,95.570465,489.266693,372.976105,140.282761,94.130531,412.451935,98.379311,73.295967,321.44931,-175.981339,468.229065,351.353943,-210.767502,93.072487,255.511429,-308.132172,52.744335,213.646179,-240.196579,57.793346,256.152985,165.306473,53.276577,219.863174,98.736015,61.407246,348.366669,65.091614,99.847679,322.119843,3.78636,465.94574
174,0,216.160141,-197.139603,949.523071,226.232361,28.291813,949.181213,382.078918,-130.875656,983.987793,385.251953,-45.871037,987.978455,299.340576,-262.06311,483.70462,367.33374,-287.236298,87.849297,410.963562,-248.087143,70.07354,300.145874,95.578903,489.248108,372.975586,140.404678,94.090225,412.447327,98.398392,73.276291,321.475098,-175.997162,468.230591,351.265442,-210.63681,93.025703,255.499451,-308.121063,52.756832,213.620056,-240.212021,57.765781,256.139771,165.312378,53.303162,219.87265,98.750504,61.416679,348.346893,65.099854,99.858704,322.086792,3.790433,465.945282
175,0,216.189651,-197.164719,949.517639,226.252502,28.321384,949.182922,382.094574,-130.852127,983.978027,385.269623,-45.851486,988.015015,299.411346,-262.058228,483.721893,367.166992,-287.237274,87.856773,410.962311,-248.102341,70.038086,300.12149,95.583321,489.278717,372.995209,140.411957,94.106453,412.465881,98.396416,73.295151,321.517731,-175.977097,468.223297,351.231995,-210.659348,93.065666,255.545563,-308.120422,52.726559,213.620178,-240.191238,57.754623,256.143097,165.310486,53.288761,219.882538,98.74321,61.416862,348.377777,65.111038,99.849213,322.15918,3.803582,465.93219
176,0,216.218536,-197.166916,949.499329,226.277512,28.316128,949.206543,382.128113,-130.858902,983.996399,385.285065,-45.859097,987.973267,299.400055,-262.054535,483.701874,367.222321,-287.24353,87.899231,410.956665,-248.115341,70.059761,300.127197,95.535172,489.263672,372.981689,140.415497,94.09314,412.451996,98.402794,73.282082,321.51181,-175.982361,468.222504,351.252441,-210.630569,93.058083,255.513794,-308.119385,52.73983,213.647568,-240.185791,57.772873,256.133392,165.321121,53.288128,219.888809,98.759895,61.42561,348.361298,65.072823,99.856857,322.173737,3.819315,465.91217
177,0,216.213531,-197.15506,949.532349,226.271423,28.318247,949.206177,382.149933,-130.839508,983.999878,385.288849,-45.833462,987.96936,299.392792,-262.076141,483.704498,367.143646,-287.255035,87.879333,410.947266,-248.091003,70.05262,300.132843,95.534149,489.262054,372.963409,140.39975,94.046532,412.44928,98.385696,73.292053,321.516113,-175.969147,468.241302,351.361755,-210.76947,93.026146,255.496475,-308.108643,52.770569,213.639847,-240.16124,57.763302,256.145355,165.310028,53.288208,219.871307,98.72316,61.429924,348.328308,65.095421,99.845818,322.151489,3.798236,465.927216
178,0,216.246521,-197.163712,949.520569,226.270859,28.319569,949.213135,382.138916,-130.871246,983.994385,385.317017,-45.853027,987.980286,299.441315,-262.045074,483.712677,367.182343,-287.266815,87.893372,410.931671,-248.105255,70.06752,300.133209,95.528458,489.269348,372.968384,140.419006,94.068405,412.463074,98.400772,73.301216,321.536713,-175.978104,468.228394,351.235199,-210.559921,93.039597,255.491379,-308.118835,52.738823,213.621094,-240.19429,57.768955,256.154694,165.304947,53.294975,219.884659,98.728477,61.429199,348.339478,65.08535,99.843033,322.11676,3.788991,465.951904
179,0,216.263657,-197.154434,949.531067,226.297226,28.338186,949.214111,382.195221,-130.855606,983.99408,385.325104,-45.848839,987.988831,299.412292,-262.054718,483.708679,367.329407,-287.250336,87.858452,410.959747,-248.11467,70.060181,300.114441,95.542603,489.269043,372.997223,140.438812,94.095177,412.451935,98.39994,73.286438,321.540466,-175.9702,468.237091,351.237579,-210.623703,93.049797,255.523361,-308.123016,52.753334,213.631393,-240.18071,57.776291,256.156281,165.297943,53.283237,219.872574,98.736938,61.431282,348.365753,65.05732,99.840042,322.16864,3.830889,465.936829
180,0,216.29686,-197.177322,949.517212,226.326111,28.322575,949.211243,382.146332,-130.841553,983.968933,385.37384,-45.852535,987.978821,299.389435,-262.061554,483.712463,367.144196,-287.320923,87.809082,410.954773,-248.104919,70.054436,300.173096,95.536034,489.251678,372.984039,140.43544,94.090065,412.319763,98.414459,73.261131,321.515961,-175.96582,468.207092,351.249268,-210.606827,93.041626,255.506607,-308.099091,52.738365,213.611511,-240.210739,57.744411,256.157745,165.304047,53.282391,219.868256,98.718193,61.410988,348.340332,65.108902,99.861221,322.184784,3.839547,465.944275
181,0,216.327515,-197.179749,949.536926,226.366409,28.313547,949.229004,382.216217,-130.868744,983.980835,385.384033,-45.850651,987.980774,299.370728,-262.061829,483.708466,367.303009,-287.28952,87.842026,410.949707,-247.978699,70.016777,300.153778,95.558334,489.255615,372.987488,140.419495,94.097183,412.394562,98.369484,73.322205,321.500244,-175.957184,468.232819,351.251099,-210.583847,93.031174,255.500473,-308.114014,52.736191,213.632874,-240.200394,57.748154,256.139313,165.298813,53.282406,219.884277,98.7314,61.442448,348.331879,65.137001,99.870079,322.154694,3.79694,465.940552
182,0,216.35228,-197.156693,949.553589,226.58461,28.082825,949.172668,382.259766,-130.854233,984.005615,385.41449,-45.851223,987.959534,299.395599,-262.037842,483.692017,367.233826,-287.241028,87.884529,410.936951,-248.106293,70.05909,300.166565,95.594223,489.27887,372.985596,140.446442,94.107506,412.41861,98.370972,73.347992,321.501038,-175.939789,468.235016,351.281067,-210.57341,93.01165,255.503387,-308.121918,52.733318,213.67926,-240.202591,57.775974,256.14328,165.306046,53.2995,219.88588,98.751755,61.415314,348.351715,65.141167,99.847504,322.231567,3.820513,465.945496
183,0,216.355042,-197.193344,949.554749,226.438141,28.317427,949.250854,382.285095,-130.832947,983.991638,385.457733,-45.853855,987.993042,299.399628,-262.015381,483.718079,367.144135,-287.260315,87.86129,410.927856,-248.104797,70.036293,300.177338,95.677208,489.201324,372.998505,140.427353,94.097229,412.42807,98.403557,73.298859,321.485321,-175.939697,468.223572,351.212982,-210.571548,93.06675,255.504013,-308.124756,52.743351,213.622437,-240.183655,57.760181,256.151703,165.305176,53.294418,219.854416,98.736565,61.408665,348.373535,65.091301,99.843491,322.208771,3.80087,465.977142
184,0,216.376785,-197.182068,949.570801,226.652145,28.064785,949.187561,382.288574,-130.852173,984.020386,385.42688,-45.864403,987.93103,299.391937,-262.039398,483.7146,367.144379,-287.250397,87.864235,410.956024,-248.088608,70.057114,300.166687,95.59845,489.244324,372.978088,140.442307,94.081345,412.397156,98.391281,73.287697,321.487457,-175.945038,468.265137,351.184143,-210.569382,93.037209,255.493378,-308.106812,52.748898,213.605591,-240.187653,57.770111,256.125153,165.303864,53.281349,219.875885,98.738617,61.430962,348.359222,65.088264,99.859947,322.230499,3.769003,465.936188
185,0,216.429688,-197.159058,949.574524,226.666275,28.086395,949.194763,382.307617,-130.87326,984.000122,385.495789,-45.870037,987.981506,299.384705,-262.033875,483.711884,367.137177,-287.257538,87.908806,410.901947,-247.999084,70.02433,300.19986,95.607056,489.253052,372.984894,140.446533,94.081726,412.416931,98.385689,73.312172,321.487549,-175.927155,468.232635,351.207855,-210.560135,93.076035,255.488998,-308.130219,52.742889,213.63855,-240.191437,57.771477,256.142578,165.308411,53.286568,219.86174,98.731392,61.424026,348.341095,65.07093,99.86293,322.210785,3.773333,465.923187
186,0,216.428452,-197.185196,949.595276,226.678146,28.091602,949.215454,382.324341,-130.868927,983.979919,385.490692,-45.88871,987.949646,299.397217,-262.051025,483.733063,367.118011,-287.257965,87.862892,410.921936,-248.085281,70.037811,300.191467,95.616982,489.225098,372.975006,140.459137,94.073486,412.424194,98.373611,73.304291,321.504669,-175.949753,468.238098,351.209808,-210.580032,93.059593,255.487915,-308.119202,52.751247,213.648834,-240.210342,57.781761,256.137756,165.306396,53.298325,219.878662,98.756584,61.424122,348.315369,65.091988,99.850784,322.242096,3.772136,465.966156
187,0,216.467056,-197.175385,949.585449,226.716309,28.090239,949.18988,382.341675,-130.909943,983.996826,385.518494,-45.897331,987.958984,299.413513,-262.041412,483.717834,367.149628,-287.249176,87.875328,410.964142,-248.111359,70.050621,300.231812,95.614189,489.239807,372.987427,140.425644,94.072548,412.428528,98.373138,73.290009,321.483948,-175.972214,468.243835,351.290466,-210.59285,92.976532,255.48732,-308.120514,52.763691,213.659607,-240.20253,57.770588,256.107056,165.350342,53.367691,219.884872,98.751678,61.421974,348.368866,65.108253,99.845993,322.234497,3.76687,465.924713
188,0,216.473068,-197.177353,949.575867,226.759171,28.1005,949.192017,382.337921,-130.919357,983.963074,385.53418,-45.91581,987.952087,299.363251,-262.059814,483.720703,367.161774,-287.235687,87.873283,410.953918,-248.089157,70.052307,300.241241,95.623322,489.231049,372.991516,140.465561,94.088074,412.441895,98.383835,73.292854,321.491943,-175.993713,468.222626,351.152222,-210.560287,93.05938,255.493851,-308.113373,52.720085,213.644791,-240.160675,57.75581,256.113892,165.342255,53.359631,219.886124,98.733063,61.409042,348.361847,65.084518,99.832077,322.268799,3.771318,465.938354
189,0,216.483826,-197.18045,949.585754,226.761063,28.100866,949.195984,382.380432,-130.926666,983.976624,385.550903,-45.951,987.927368,299.375549,-262.049866,483.713379,367.115295,-287.266785,87.875618,410.964874,-248.125381,70.044678,300.245819,95.615074,489.236298,373.036957,140.49678,94.089294,412.437561,98.368896,73.279823,321.522827,-175.980896,468.24527,351.198792,-210.570145,93.056435,255.496109,-308.124084,52.745171,213.606689,-240.194473,57.780838,256.141022,165.29216,53.302273,219.901367,98.741287,61.442364,348.353455,65.090576,99.840202,322.235687,3.736522,465.956543
190,0,216.498856,-197.164627,949.565918,226.786377,28.09033,949.191833,382.390625,-130.934998,983.963562,385.566528,-45.965744,987.927002,299.386963,-262.071716,483.709991,367.152771,-287.271057,87.902527,410.930939,-248.082794,70.055733,300.30899,95.605179,489.231415,373.002289,140.476074,94.069237,412.446075,98.400963,73.302818,321.522614,-175.989182,468.21521,351.193268,-210.632141,93.012306,255.508926,-308.122009,52.758938,213.620819,-240.186066,57.761257,256.129974,165.302078,53.299889,219.877655,98.737213,61.424397,348.322845,65.08667,99.855637,322.221497,3.743278,465.933105
191,0,216.501312,-197.187805,949.560608,226.789322,28.093073,949.187134,382.403137,-130.950958,983.965027,385.577606,-45.972767,987.917542,299.403076,-262.06427,483.711853,367.159363,-287.272064,87.897942,410.937897,-248.086609,70.051666,300.286133,95.624084,489.246368,373.013153,140.287476,94.116554,412.455963,98.396385,73.298546,321.554871,-175.972443,468.247803,351.199341,-210.592575,93.005775,255.49144,-308.117035,52.747494,213.622025,-240.197861,57.783539,256.13147,165.306091,53.302528,219.891373,98.745239,61.425434,348.324005,65.121117,99.836617,322.266541,3.774997,465.940521
192,0,216.556793,-197.165115,949.594604,226.826111,28.090054,949.181519,382.492645,-130.958694,983.990234,385.604462,-45.983231,987.939819,299.419708,-262.087433,483.729584,367.354095,-287.23114,87.822693,410.92923,-248.116516,70.027496,300.289459,95.625992,489.229218,373.035706,140.43782,94.104141,412.451477,98.342606,73.346306,321.547119,-176.011078,468.243896,351.184631,-210.562637,93.00753,255.505203,-308.100128,52.744102,213.638153,-240.166656,57.79044,256.147919,165.310425,53.281883,219.88623,98.746506,61.39917,348.362183,65.10849,99.854736,322.315765,3.779804,465.928467
193,0,216.537476,-197.165268,949.588623,226.83107,28.076601,949.196594,382.451813,-130.965622,983.962646,385.628571,-46.002651,987.911133,299.434937,-262.071838,483.718353,367.166351,-287.24823,87.90432,410.970428,-248.082443,70.072144,300.332977,95.603615,489.253815,373.01886,140.425537,94.106453,412.453644,98.382927,73.281898,321.56485,-175.995865,468.265808,351.132874,-210.518158,93.022415,255.513641,-308.109192,52.746315,213.668091,-240.177689,57.764782,256.143463,165.308182,53.30135,219.893478,98.734703,61.413727,348.390991,65.101089,99.852921,322.324799,3.778356,465.914734
194,0,216.570709,-197.20459,949.590881,226.854675,28.062717,949.194885,382.442139,-130.979507,983.966064,385.6203,-46.002701,987.939026,299.492279,-262.096832,483.717712,367.144745,-287.305176,87.892189,410.939606,-248.107071,70.060181,300.371216,95.601021,489.24939,373.016388,140.429016,94.101059,412.461914,98.383888,73.312286,321.598572,-176.022263,468.24295,351.177582,-210.555359,93.071022,255.511642,-308.118927,52.758228,213.640137,-240.163116,57.794006,256.099579,165.349564,53.376514,219.889908,98.741806,61.4193,348.35025,65.102577,99.848732,322.292725,3.758083,465.942139
195,0,216.591705,-197.239304,949.596252,226.853653,28.021551,949.202209,382.479675,-130.992676,984.003967,385.621643,-46.018902,987.941956,299.468079,-262.15152,483.740936,367.145966,-287.284821,87.885002,410.9534,-248.005783,70.003571,300.33551,95.596901,489.254822,373.037537,140.420364,94.11911,412.448334,98.378693,73.28318,321.589203,-176.045837,468.227631,351.358276,-210.503601,93.108025,255.503006,-308.124695,52.766876,213.633041,-240.175858,57.784607,256.127838,165.304047,53.307842,219.883743,98.747139,61.434338,348.345032,65.091347,99.859161,322.266174,3.735123,465.929962
196,0,216.609879,-197.233109,949.597717,226.858856,27.999031,949.21228,382.53186,-130.993515,984.016113,385.622589,-46.02005,987.937622,299.534088,-262.143433,483.715363,367.107544,-287.282898,87.895638,410.901093,-248.017044,70.006081,300.354156,95.591591,489.276093,373.012512,140.404327,94.094429,412.458984,98.388519,73.296936,321.611511,-176.054169,468.261688,351.219299,-210.585251,93.019791,255.504395,-308.10907,52.744816,213.640411,-240.224655,57.788441,256.141479,165.303452,53.29887,219.887558,98.735512,61.438885,348.358307,65.113167,99.856842,322.297913,3.739639,465.937103
197,0,216.636841,-197.265305,949.597412,226.835403,27.999966,949.192017,382.520752,-131.002304,984.003784,385.648346,-46.029224,987.945068,299.548828,-262.135315,483.723694,367.193512,-287.256744,87.891441,410.908325,-248.119553,70.030624,300.33493,95.580688,489.256439,373.022644,140.435349,94.100555,412.465515,98.372398,73.292435,321.60498,-176.041031,468.247498,351.176361,-210.518997,93.077156,255.503799,-308.122223,52.731518,213.65657,-240.242752,57.758526,256.150269,165.306351,53.302986,219.88533,98.738075,61.429657,348.371155,65.132698,99.840981,322.345764,3.730213,465.937195
198,0,216.660583,-197.271484,949.606079,226.863083,27.975784,949.18988,382.51178,-130.985611,983.998352,385.671844,-46.020447,987.974487,299.511597,-262.121796,483.735413,367.158417,-287.27951,87.913361,410.935913,-248.098328,70.057274,300.315735,95.578529,489.245026,373.015991,140.456635,94.100662,412.445282,98.346573,73.330605,321.656372,-176.051743,468.252991,351.189667,-210.539108,93.077057,255.528061,-308.126953,52.739559,213.642685,-240.234695,57.755016,256.147034,165.30542,53.302132,219.894165,98.733757,61.456066,348.358429,65.108551,99.842384,322.309509,3.743376,465.943329
199,0,216.681976,-197.277679,949.604736,226.868423,27.951054,949.196533,382.603302,-130.970047,984.007324,385.673798,-46.004871,987.95459,299.591766,-262.171722,483.715698,367.321686,-287.281586,87.805489,410.961029,-248.11171,70.037926,300.327667,95.567322,489.259338,373.028656,140.471664,94.107803,412.471558,98.384315,73.282082,321.645752,-176.052307,468.269165,351.205048,-210.523422,93.03418,255.505676,-308.131317,52.742271,213.633041,-240.186462,57.771545,256.150146,165.298523,53.318607,219.895172,98.749481,61.434711,348.384827,65.070694,99.845459,322.380035,3.729323,465.882263
200,0,216.721634,-197.311386,949.61145,226.878342,27.924986,949.193604,382.585541,-130.977203,984.011108,385.659058,-46.030918,987.953308,299.583008,-262.172974,483.743134,367.157776,-287.317383,87.81678,410.966248,-248.117371,70.032875,300.338806,95.558708,489.268738,373.025879,140.471542,94.114044,412.337708,98.366043,73.267296,321.670258,-176.063721,468.28775,351.185577,-210.590195,93.047028,255.520248,-308.127838,52.727524,213.633545,-240.20137,57.783405,256.133514,165.289093,53.28722,219.897369,98.721184,61.425026,348.3526,65.081322,99.840965,322.363068,3.765344,465.904236
201,0,216.756683,-197.299088,949.61969,226.862686,27.910505,949.205139,382.605469,-131.019791,984.001831,385.688141,-46.029774,987.968811,299.605438,-262.203491,483.735657,367.211456,-287.25412,87.910095,410.96698,-248.077271,70.058372,300.32019,95.519539,489.248596,373.031799,140.474167,94.107208,412.430786,98.350838,73.317131,321.689941,-176.086349,468.257843,351.214935,-210.592712,93.024277,255.524368,-308.138947,52.74535,213.645355,-240.220596,57.753521,256.13858,165.281113,53.294544,219.879944,98.713448,61.419296,348.392731,65.069809,99.824623,322.34903,3.697981,465.909821
202,0,216.777374,-197.314346,949.617615,226.872986,27.8883,949.181335,382.664764,-130.994781,984.009827,385.70752,-46.01683,987.923584,299.656555,-262.199585,483.736206,367.170807,-287.277679,87.89312,410.958221,-248.109711,70.036247,300.2883,95.526894,489.260834,373.039948,140.48349,94.090561,412.436127,98.377579,73.284836,321.710663,-176.076035,468.254578,351.250824,-210.612305,93.062584,255.510208,-308.142395,52.74654,213.645477,-240.213699,57.786804,256.148407,165.286118,53.309837,219.894897,98.698547,61.423382,348.374969,65.0755,99.849403,322.355286,3.708339,465.930328
203,0,216.784012,-197.350754,949.628784,226.915833,27.876543,949.179626,382.678284,-130.965378,984.004333,385.731812,-46.005226,987.930298,299.646973,-262.185577,483.731781,367.155914,-287.337585,87.842972,410.973114,-248.089233,70.061325,300.271973,95.494186,489.253174,373.034943,140.511826,94.111641,412.440552,98.399239,73.297462,321.700439,-176.100067,468.269989,351.212677,-210.575348,93.062523,255.517838,-308.125702,52.749187,213.650497,-240.20575,57.777882,256.150513,165.302612,53.298927,219.891525,98.710052,61.435036,348.360931,65.112122,99.828148,322.249878,3.682716,465.921539
204,0,216.797379,-197.392487,949.637451,226.908707,27.867046,949.212341,382.67984,-131.005371,983.976746,385.750488,-46.01836,987.901489,299.666351,-262.188965,483.737,367.191956,-287.263245,87.908455,410.973022,-248.088074,70.037552,300.250793,95.491432,489.262268,373.013824,140.510101,94.104591,412.443115,98.393784,73.301743,321.699158,-176.081879,468.271027,351.199677,-210.585678,93.022148,255.514679,-308.133118,52.743038,213.637802,-240.193817,57.794209,256.135468,165.302704,53.310349,219.898666,98.724022,61.446217,348.37326,65.071884,99.859741,322.282379,3.696586,465.925262
205,0,216.841873,-197.367432,949.635498,226.896515,27.845865,949.209534,382.718231,-130.97052,983.992737,385.751495,-46.016144,987.893616,299.6604,-262.205139,483.744293,367.351715,-287.219513,87.893944,410.93399,-248.098373,70.02948,300.260956,95.489265,489.278168,373.000977,140.516708,94.081314,412.429901,98.398605,73.288162,321.670776,-176.094376,468.273132,351.230316,-210.572845,93.032936,255.504913,-308.128601,52.753281,213.616348,-240.211823,57.7738,256.146545,165.288025,53.280499,219.885468,98.737091,61.422695,348.363007,65.090019,99.85862,322.283356,3.696953,465.91983
206,0,216.859146,-197.370697,949.632568,226.927353,27.841557,949.189758,382.716064,-130.976944,983.989441,385.764343,-46.007057,987.927002,299.616241,-262.211884,483.744354,367.166443,-287.356995,87.871132,410.966888,-248.122528,70.03756,300.25238,95.447227,489.291229,373.031006,140.524933,94.108147,412.444427,98.385986,73.286186,321.693695,-176.081665,468.265717,351.198456,-210.568237,93.002708,255.523895,-308.143829,52.73011,213.640717,-240.217117,57.768871,256.122528,165.283554,53.303627,219.884003,98.730415,61.435928,348.388214,65.093124,99.841415,322.277527,3.686224,465.934021
207,0,216.849014,-197.395126,949.644165,226.758743,28.071108,949.256348,382.726074,-130.984512,983.985901,385.781891,-46.011166,987.907593,299.673553,-262.204956,483.742401,367.181824,-287.268616,87.873169,410.974915,-248.091751,70.04911,300.252777,95.447403,489.299652,373.032593,140.530823,94.134605,412.44046,98.399414,73.28775,321.672394,-176.095947,468.270508,351.360138,-210.806244,93.016304,255.525024,-308.127472,52.758846,213.641647,-240.22702,57.780895,256.143463,165.292175,53.304775,219.875626,98.714966,61.417683,348.333923,65.100227,99.84317,322.277527,3.679958,465.911957
208,0,216.891266,-197.362198,949.640503,226.950287,27.833344,949.185791,382.753967,-130.995407,983.994141,385.797058,-46.033779,987.925842,299.684662,-262.195099,483.743317,367.182709,-287.273346,87.848862,410.944672,-248.107269,70.062828,300.276001,95.444252,489.29715,373.017975,140.494598,94.094017,412.449921,98.407768,73.299393,321.707031,-176.104279,468.282196,351.218781,-210.662659,93.068001,255.521027,-308.111206,52.729996,213.632172,-240.211853,57.793201,256.150513,165.289719,53.312485,219.88501,98.711258,61.409615,348.385284,65.059143,99.843948,322.288177,3.699807,465.920929
209,0,216.877701,-197.319534,949.647766,226.974655,27.857708,949.203613,382.778717,-130.995605,983.98938,385.810638,-46.031002,987.917419,299.672089,-262.207733,483.736206,367.183838,-287.25827,87.896126,410.976196,-248.009567,70.002815,300.314484,95.446785,489.322144,373.041473,140.506485,94.108734,412.449127,98.389061,73.279564,321.717255,-176.098282,468.26236,351.234161,-210.661438,93.051903,255.518234,-308.114075,52.727165,213.654404,-240.197281,57.774063,256.14624,165.280304,53.308266,219.896378,98.709839,61.416973,348.361664,65.090431,99.822258,322.329498,3.692044,465.919525
210,0,216.88916,-197.33136,949.645813,226.977173,27.856882,949.193176,382.782196,-130.984299,983.997314,385.816803,-46.043682,987.924927,299.658936,-262.216827,483.735382,367.15686,-287.258301,87.862099,410.93222,-247.982651,70.003036,300.29657,95.451477,489.311371,373.061401,140.524399,94.122078,412.466644,98.396111,73.284447,321.723877,-176.07872,468.28125,351.262512,-210.627655,93.016701,255.513901,-308.113617,52.734715,213.619675,-240.181854,57.774971,256.115509,165.334839,53.371254,219.878403,98.725998,61.437126,348.34549,65.104408,99.838715,322.302765,3.700175,465.914398
211,0,216.905579,-197.328781,949.637146,226.995651,27.888042,949.202209,382.795166,-130.989639,984.007141,385.84198,-46.028084,987.960876,299.697327,-262.175598,483.707428,367.134338,-287.280273,87.878036,410.968811,-248.101105,70.050781,300.29361,95.442451,489.322784,373.021149,140.529343,94.099953,412.460846,98.38237,73.274147,321.725159,-176.074509,468.246918,351.255127,-210.666901,93.037659,255.51384,-308.123871,52.747856,213.644028,-240.197495,57.785694,256.12915,165.294418,53.305408,219.885269,98.725853,61.414654,348.360138,65.08477,99.855888,322.28476,3.684569,465.927612
212,0,216.919083,-197.325821,949.633728,227.031128,27.889273,949.212585,382.810364,-130.986847,984.012695,385.84491,-46.049404,987.948975,299.692993,-262.179718,483.736267,367.156799,-287.257477,87.85508,410.956879,-248.087769,70.055008,300.32132,95.457916,489.332092,373.054138,140.51593,94.124611,412.448212,98.393143,73.294418,321.72287,-176.08786,468.247742,351.280731,-210.643326,93.015343,255.524811,-308.137115,52.773468,213.640167,-240.197815,57.787724,256.125641,165.290237,53.291138,219.883194,98.738426,61.423847,348.37384,65.105255,99.843887,322.297821,3.714246,465.909454
213,0,216.907211,-197.307205,949.626038,227.032272,27.894411,949.222839,382.792938,-131.033264,984.001038,385.847168,-46.04594,987.937622,299.676605,-262.182861,483.731384,367.152496,-287.260223,87.868523,410.961792,-248.090271,70.040558,300.354309,95.454468,489.324829,373.029083,140.503067,94.100861,412.452118,98.40493,73.290474,321.713959,-176.083878,468.259338,351.223724,-210.594147,93.036263,255.48703,-308.120911,52.761356,213.647125,-240.211426,57.784721,256.144684,165.287338,53.309914,219.868591,98.723732,61.426517,348.396576,65.056366,99.836197,322.309662,3.710586,465.942719
214,0,216.876556,-197.285599,949.638,227.044571,27.897551,949.206482,382.816132,-131.030884,984.005676,385.863831,-46.06889,987.941162,299.671753,-262.177155,483.725586,367.124756,-287.257507,87.882584,410.98056,-248.10054,70.043221,300.369843,95.457413,489.333252,373.044952,140.519135,94.09359,412.474396,98.394325,73.281395,321.744965,-176.101318,468.26886,351.272247,-210.63382,92.99884,255.497849,-308.112915,52.739491,213.642944,-240.207169,57.746349,256.143311,165.298584,53.291832,219.86525,98.728195,61.436081,348.375153,65.106148,99.840515,322.389374,3.737327,465.932495
215,0,216.882034,-197.286758,949.612732,227.070694,27.926365,949.216003,382.821899,-131.024414,984.012573,385.863098,-46.069538,987.928955,299.714142,-262.169891,483.727814,367.165649,-287.265198,87.864334,410.949371,-248.086807,70.060638,300.400177,95.472946,489.333282,373.005951,140.498642,94.087555,412.475159,98.393852,73.284653,321.742798,-176.070099,468.261139,351.180328,-210.65744,93.081001,255.498917,-308.126648,52.759773,213.609283,-240.185577,57.775749,256.118591,165.279236,53.290173,219.894104,98.7276,61.432621,348.387451,65.053009,99.832306,322.401398,3.747074,465.925629
216,0,216.872162,-197.274597,949.629395,227.09993,27.922426,949.196899,382.810394,-131.021423,984.021851,385.881622,-46.082317,987.912903,299.684631,-262.18338,483.739441,367.136871,-287.268494,87.900223,410.98056,-247.989243,69.937752,300.419006,95.4683,489.32489,373.058258,140.505569,94.097786,412.477783,98.39341,73.276802,321.757416,-176.08168,468.246429,351.190338,-210.626221,93.040596,255.500488,-308.117035,52.775013,213.632202,-240.18692,57.793861,256.130768,165.306244,53.320759,219.886063,98.732079,61.428242,348.374023,65.087708,99.848495,322.404816,3.714776,465.899353
217,0,216.876602,-197.248215,949.629089,227.104721,27.921459,949.221069,382.794159,-131.04599,984.002502,385.892242,-46.09446,987.922058,299.728333,-262.167114,483.735016,367.182465,-287.293854,87.865852,410.953949,-248.120071,70.020912,300.422852,95.447334,489.32016,373.062195,140.530319,94.090599,412.483093,98.389153,73.290741,321.760681,-176.070862,468.24707,351.406342,-210.768997,93.015701,255.50177,-308.107574,52.743439,213.6362,-240.198196,57.7813,256.133514,165.300919,53.29491,219.898178,98.744339,61.425282,348.366608,65.084152,99.856575,322.387756,3.704353,465.948212
218,0,216.875046,-197.251236,949.628052,227.110794,27.955414,949.216797,382.80365,-131.046951,983.996277,385.879608,-46.088421,987.92395,299.721558,-262.154388,483.73584,367.153961,-287.265198,87.856155,410.933868,-248.137527,70.021698,300.467316,95.470444,489.334198,373.045929,140.518951,94.090569,412.455902,98.405304,73.271477,321.784515,-176.072601,468.245758,351.27774,-210.630127,93.033958,255.500137,-308.127014,52.736095,213.609482,-240.220093,57.753143,256.141022,165.291702,53.292511,219.895157,98.744331,61.421928,348.390381,65.084969,99.84407,322.467316,3.741369,465.928467
219,0,216.880157,-197.250854,949.644348,227.110687,27.971518,949.219299,382.791992,-131.046005,984.027222,385.918091,-46.086849,987.954224,299.733612,-262.169342,483.743683,367.176666,-287.242798,87.89872,410.919098,-248.117477,70.04644,300.465302,95.476143,489.33725,373.045074,140.530212,94.088669,412.478088,98.398834,73.277405,321.758789,-176.085587,468.247467,351.221741,-210.677414,93.065323,255.494629,-308.118042,52.746658,213.625702,-240.215698,57.779919,256.148468,165.313614,53.311222,219.890533,98.738075,61.433605,348.375946,65.082169,99.810074,322.464691,3.729838,465.905975
220,0,216.880325,-197.26503,949.618286,227.124084,27.961996,949.206787,382.80899,-131.043488,984.041565,385.886078,-46.090691,987.921143,299.715393,-262.174774,483.736725,367.176025,-287.273956,87.918243,410.967102,-248.116074,70.041618,300.502106,95.597069,489.195526,373.034485,140.48201,94.083237,412.465424,98.393082,73.270004,321.80188,-176.064484,468.254395,351.272919,-210.662613,93.037079,255.496735,-308.119629,52.748444,213.61055,-240.210312,57.769493,256.125793,165.304504,53.308109,219.895676,98.757355,61.425064,348.378082,65.065727,99.852013,322.438843,3.719634,465.946869
221,0,216.889877,-197.24115,949.617554,227.133102,27.957352,949.203857,382.834595,-131.041702,984.020691,385.9086,-46.082699,987.942749,299.724915,-262.165375,483.740082,367.15863,-287.244873,87.928337,410.937653,-248.104935,70.030655,300.467346,95.626381,489.199982,373.054047,140.547165,94.099144,412.476471,98.407448,73.286957,321.833069,-176.057846,468.253204,351.279205,-210.647186,93.012444,255.494293,-308.101318,52.73558,213.636536,-240.19754,57.765141,256.132233,165.308151,53.306095,219.913574,98.73484,61.442436,348.35968,65.113541,99.839874,322.500122,3.745338,465.908295
222,0,216.887985,-197.238724,949.63031,227.133224,27.959875,949.19751,382.811676,-131.042496,984.023987,385.898895,-46.065849,987.967102,299.704773,-262.176178,483.749084,367.181122,-287.276581,87.851349,410.957336,-248.125229,70.0438,300.485596,95.623955,489.198578,373.066376,140.514694,94.094116,412.494659,98.397728,73.272331,321.822784,-176.079956,468.261902,351.285706,-210.644104,93.023773,255.515488,-308.099518,52.740433,213.644241,-240.183197,57.770332,256.144623,165.295181,53.302864,219.906036,98.741714,61.432018,348.37381,65.116272,99.842529,322.48645,3.743849,465.921417
223,0,216.877121,-197.266388,949.62738,227.124847,27.971357,949.199585,382.813721,-131.03479,984.002136,385.886169,-46.077553,987.948547,299.713654,-262.171143,483.738586,367.193146,-287.260437,87.91568,410.950409,-248.10997,70.04052,300.469482,95.590843,489.186829,373.056824,140.509689,94.101898,412.478363,98.39814,73.275368,321.810272,-176.093811,468.243195,351.249451,-210.644135,93.050415,255.500412,-308.134155,52.751656,213.661713,-240.188232,57.794739,256.137207,165.29686,53.312782,219.893692,98.725258,61.436985,348.385864,65.090576,99.85601,322.483459,3.740877,465.905304
224,0,216.902969,-197.256088,949.631653,227.129181,27.953781,949.216675,382.816498,-131.0345,984.02533,385.908264,-46.070377,987.963501,299.742554,-262.166595,483.743683,367.17868,-287.332245,87.811035,410.999207,-248.119904,69.960732,300.461487,95.507759,489.234009,373.071136,140.521133,94.121521,412.469788,98.41526,73.274155,321.801544,-176.079437,468.250092,351.240021,-210.60524,93.066765,255.487411,-308.124634,52.765682,213.645111,-240.197906,57.779984,256.112976,165.358521,53.404423,219.909607,98.731064,61.43536,348.392365,65.099022,99.8172,322.457672,3.750925,465.92334
225,0,216.945358,-197.237656,949.615906,227.127716,27.946301,949.216492,382.800262,-131.03421,984.02179,385.89978,-46.057846,987.971375,299.685913,-262.179199,483.727478,367.247711,-287.230408,87.914337,410.960388,-248.095276,70.034187,300.414764,95.5168,489.269653,373.027222,140.497696,94.11039,412.466614,98.392952,73.264915,321.766144,-176.111435,468.240906,351.240082,-210.616516,93.047813,255.524811,-308.104797,52.761112,213.618057,-240.182495,57.804016,256.142761,165.282852,53.295002,219.88588,98.726746,61.437965,348.381592,65.107193,99.813545,322.485626,3.75472,465.916504
226,0,216.907776,-197.25206,949.63855,227.117844,27.947254,949.210144,382.826416,-131.001068,984.001648,385.901123,-46.047375,987.959351,299.714935,-262.158905,483.727478,367.161102,-287.289948,87.847679,410.941162,-248.104782,70.036697,300.410461,95.519478,489.244263,373.06131,140.517227,94.12101,412.48053,98.388824,73.264412,321.777008,-176.091187,468.25354,351.19989,-210.654037,93.065575,255.491501,-308.124542,52.754589,213.593307,-240.227158,57.760349,256.157135,165.303421,53.307198,219.886414,98.726059,61.41917,348.347839,65.092476,99.82608,322.417755,3.701553,465.920013
227,0,216.931473,-197.256546,949.654175,227.105347,27.960083,949.218567,382.825653,-131.0056,984.007019,385.913818,-46.044506,987.94812,299.724304,-262.16275,483.735931,367.364014,-287.260376,87.870468,410.953857,-248.014771,69.987518,300.393524,95.496765,489.271912,373.066254,140.504547,94.123444,412.475525,98.412392,73.275673,321.786285,-176.057999,468.249786,351.203949,-210.586487,93.063744,255.5047,-308.115814,52.744938,213.630722,-240.187851,57.771816,256.135956,165.304413,53.299007,219.89566,98.732231,61.422478,348.382477,65.084763,99.856987,322.395386,3.696053,465.922821
228,0,216.939835,-197.26593,949.655457,227.08902,27.950764,949.233582,382.844543,-130.985703,983.999939,385.90213,-46.041973,987.952881,299.727692,-262.15152,483.744293,367.408539,-287.246857,87.826607,410.985657,-248.129547,70.038933,300.373901,95.58596,489.194885,373.087219,140.536835,94.134499,412.46109,98.394844,73.274994,321.790955,-176.058136,468.293121,351.230835,-210.621826,93.020103,255.487534,-308.111816,52.746223,213.662918,-240.192535,57.779533,256.146912,165.298248,53.310017,219.870239,98.73877,61.427834,348.353577,65.104645,99.841003,322.403839,3.731339,465.943176
229,0,216.950882,-197.26709,949.659302,227.083191,27.955093,949.21759,382.830597,-130.994781,983.995911,385.886108,-46.031548,987.933594,299.707031,-262.182129,483.758881,367.189545,-287.247406,87.905197,410.971954,-248.091934,70.051247,300.376648,95.49543,489.281403,373.057831,140.508835,94.131493,412.470551,98.40065,73.279526,321.784668,-176.074081,468.264282,351.02713,-210.881424,93.01963,255.500793,-308.11026,52.759083,213.642853,-240.192322,57.772423,256.099884,165.343109,53.38306,219.89209,98.733002,61.424557,348.377899,65.092667,99.825867,322.413239,3.733034,465.894012
230,0,216.947937,-197.268829,949.650269,227.09903,27.956352,949.22229,382.858673,-130.976151,984.004517,385.890991,-46.013443,987.938782,299.729431,-262.168365,483.752258,367.184784,-287.255646,87.893356,410.954651,-248.102905,70.048172,300.373993,95.523117,489.24176,373.081451,140.527405,94.16687,412.460236,98.408928,73.277695,321.79718,-176.065125,468.280975,351.104858,-210.654251,93.059814,255.500946,-308.127197,52.758377,213.611221,-240.213104,57.770245,256.11615,165.319305,53.367722,219.887711,98.715195,61.440311,348.356812,65.100929,99.852394,322.37851,3.718267,465.920258
231,0,216.929367,-197.267883,949.662415,226.916229,28.175802,949.283142,382.83493,-130.961197,983.99823,385.865845,-46.019909,987.898071,299.758972,-262.166138,483.74231,367.171631,-287.236725,87.867195,410.95752,-248.107559,70.028481,300.341278,95.520493,489.275513,373.071014,140.52829,94.148895,412.454712,98.419624,73.269676,321.813782,-176.070999,468.264221,351.109436,-210.687714,93.040161,255.504456,-308.10611,52.740894,213.617538,-240.200363,57.75737,256.112427,165.343857,53.381023,219.891159,98.718933,61.426262,348.382233,65.073402,99.875443,322.36203,3.721088,465.933777
232,0,216.95076,-197.271957,949.641174,227.079834,27.963894,949.235352,382.833313,-130.941177,983.993469,385.900543,-45.980564,987.915833,299.782288,-262.140778,483.751587,367.174652,-287.260742,87.852798,410.977234,-248.073273,70.051178,300.32132,95.557327,489.269531,373.063751,140.518021,94.164978,412.45755,98.401291,73.272987,321.776978,-176.061691,468.278076,351.040649,-210.680649,93.020821,255.548508,-308.146057,52.764439,213.615692,-240.188248,57.777092,256.14267,165.287903,53.290573,219.87117,98.730186,61.431641,348.36264,65.065666,99.883919,322.359131,3.734948,465.952423
233,0,216.938416,-197.274368,949.652649,227.079437,27.966619,949.23938,382.834717,-130.935135,983.985779,385.858582,-45.974838,987.94342,299.769196,-262.147705,483.745026,367.148315,-287.263916,87.871307,410.97052,-248.121384,70.045967,300.305756,95.608963,489.190979,373.052185,140.464951,94.131775,412.461884,98.378799,73.331001,321.751831,-176.052139,468.268005,351.105133,-210.735641,93.053085,255.506836,-308.13913,52.764324,213.612549,-240.203232,57.789894,256.118408,165.331863,53.368359,219.883072,98.735863,61.450066,348.378174,65.096504,99.856628,322.367584,3.740452,465.965668
234,0,216.932297,-197.263168,949.657471,227.053635,27.964993,949.227295,382.823273,-130.949921,983.99115,385.867371,-45.973942,987.90448,299.73761,-262.116791,483.75946,367.176697,-287.253937,87.907845,410.939301,-248.11055,70.048592,300.312195,95.611519,489.185516,373.05246,140.476593,94.141457,412.465637,98.398026,73.293335,321.756683,-176.05687,468.282043,351.124725,-210.713959,93.004227,255.49176,-308.128693,52.75322,213.610031,-240.231781,57.763515,256.139679,165.315399,53.315281,219.894394,98.741631,61.441654,348.367371,65.085426,99.862717,322.341858,3.730561,465.944275
235,0,216.935898,-197.271072,949.647644,227.040192,27.962835,949.236633,382.841766,-130.903625,984.009644,385.875183,-45.956184,987.963257,299.764557,-262.129517,483.742554,367.140808,-287.25177,87.857185,410.944153,-248.090073,70.049858,300.316162,95.540237,489.265686,373.032166,140.467804,94.124023,412.471191,98.382965,73.290024,321.789825,-176.029297,468.245239,351.135925,-210.678284,93.038338,255.532974,-308.12262,52.742329,213.630508,-240.207581,57.767441,256.130524,165.297195,53.283615,219.892944,98.726662,61.432255,348.369141,65.089027,99.857643,322.365692,3.734107,465.953308
236,0,216.94017,-197.262115,949.660278,227.050186,27.969946,949.235229,382.816376,-130.91391,984.005188,385.862274,-45.964157,987.919128,299.775177,-262.117188,483.760315,367.136932,-287.25119,87.879631,410.95401,-248.108261,70.009392,300.329773,95.606674,489.194702,373.062622,140.491241,94.145523,412.453369,98.393211,73.27684,321.779633,-176.031998,468.268951,351.170227,-210.696136,93.005127,255.512238,-308.140717,52.739033,213.616058,-240.22113,57.746773,256.140656,165.287231,53.291489,219.881073,98.72776,61.439308,348.373718,65.08429,99.861938,322.377075,3.761591,465.939941
237,0,216.932175,-197.24147,949.644714,227.044235,27.975721,949.231812,382.829224,-130.927429,984.009521,385.882141,-45.93895,987.910034,299.720917,-262.132416,483.743622,367.120728,-287.285919,87.86731,410.964844,-248.082062,70.038155,300.328583,95.540939,489.28006,373.059021,140.495132,94.143654,412.463074,98.397881,73.288643,321.770721,-176.037918,468.267365,351.12735,-210.674347,93.033958,255.501297,-308.142395,52.742111,213.618973,-240.188797,57.782261,256.147827,165.298279,53.297287,219.874527,98.726028,61.430058,348.365082,65.095032,99.870293,322.387787,3.76038,465.923492
238,0,216.93483,-197.240372,949.64386,226.883194,28.198853,949.29657,382.791199,-130.935349,983.995422,385.841675,-45.951187,987.935425,299.706329,-262.111511,483.752838,367.185913,-287.267761,87.863335,410.971649,-248.088196,70.047821,300.339111,95.564621,489.268738,373.023468,140.486237,94.131882,412.460541,98.412102,73.297691,321.791016,-176.011322,468.262115,351.152618,-210.662582,93.041702,255.487289,-308.097504,52.73312,213.601974,-240.195694,57.75901,256.139069,165.308365,53.307213,219.866287,98.730904,61.412445,348.325409,65.119896,99.855682,322.358765,3.79117,465.924194
239,0,216.940369,-197.241318,949.644714,226.883652,28.200796,949.279297,382.801178,-130.922516,984.011963,385.867035,-45.928848,987.935181,299.713226,-262.098297,483.761475,367.181763,-287.255463,87.874184,410.93338,-248.114532,70.027588,300.343506,95.58284,489.282562,373.064423,140.503326,94.131187,412.463562,98.399414,73.276665,321.771942,-176.022507,468.257233,351.126831,-210.529449,93.024445,255.512024,-308.124451,52.748131,213.630417,-240.201447,57.772644,256.144104,165.305008,53.291698,219.869125,98.749763,61.435074,348.352173,65.100594,99.882187,322.395142,3.751111,465.923706
240,0,216.914185,-197.24408,949.640991,226.910507,28.24198,949.298767,382.827545,-130.901688,984.014343,385.843262,-45.953655,987.910156,299.720642,-262.117676,483.749969,367.136658,-287.345764,87.826653,410.972534,-248.098953,70.051437,300.348541,95.562912,489.283264,373.05481,140.473358,94.131592,412.465668,98.414032,73.308273,321.76358,-176.006348,468.258942,351.198395,-210.605377,93.006683,255.501984,-308.119141,52.74295,213.619385,-240.198685,57.765266,256.138947,165.301224,53.294411,219.887512,98.733086,61.444794,348.37149,65.105759,99.833412,322.37915,3.793776,465.933258
241,0,216.902023,-197.222687,949.64093,226.901047,28.248129,949.304626,382.796112,-130.914505,984.032104,385.859192,-45.953232,987.963196,299.716766,-262.112427,483.748474,367.134979,-287.250366,87.861252,410.954315,-248.102249,70.055168,300.336853,95.602028,489.299225,373.054871,140.472183,94.160057,412.478363,98.397873,73.281013,321.749603,-176.034073,468.245453,351.183807,-210.554535,93.0326,255.512024,-308.101196,52.743336,213.619629,-240.205154,57.760651,256.125153,165.35553,53.378483,219.895142,98.727997,61.420135,348.355164,65.101936,99.855095,322.396301,3.755961,465.926636
242,0,216.891724,-197.218552,949.636475,226.919006,28.230791,949.306946,382.806091,-130.946136,984.022583,385.856873,-45.976307,987.936829,299.626648,-262.102203,483.739258,367.200287,-287.234039,87.901009,410.931366,-248.099564,70.057648,300.364471,95.582222,489.266449,373.064392,140.492142,94.156853,412.452789,98.404045,73.264679,321.740845,-176.032745,468.259155,351.207825,-210.605469,93.053856,255.524094,-308.114075,52.763367,213.632324,-240.222916,57.784588,256.11969,165.295517,53.317074,219.895432,98.724571,61.422626,348.370911,65.101105,99.841583,322.414429,3.781894,465.954254
243,0,216.899567,-197.207642,949.641296,227.098831,28.044088,949.244995,382.816437,-130.929611,984.025085,385.871796,-45.972675,987.935547,299.63678,-262.07016,483.72821,367.243988,-287.301361,87.816711,410.962555,-248.076233,70.038757,300.367218,95.590813,489.266052,373.059052,140.474045,94.116463,412.464661,98.387238,73.263222,321.733582,-176.012741,468.231506,351.225922,-210.562592,93.042198,255.511612,-308.128632,52.750885,213.630554,-240.198227,57.802937,256.116058,165.291397,53.30621,219.891312,98.720276,61.43029,348.349121,65.136238,99.842041,322.398926,3.75398,465.94632
244,0,216.90596,-197.205811,949.639587,226.957352,28.262232,949.296509,382.818115,-130.940216,984.003113,385.893768,-45.968929,987.929871,299.625122,-262.059021,483.753418,367.154602,-287.262543,87.892349,410.949158,-248.133926,70.032646,300.372711,95.575806,489.278076,373.078125,140.485916,94.146652,412.47934,98.394447,73.273392,321.723969,-175.990616,468.244873,351.215332,-210.584488,93.039162,255.504959,-308.1138,52.752575,213.635101,-240.192093,57.765739,256.142212,165.310562,53.308067,219.893921,98.736641,61.428616,348.354095,65.101349,99.816635,322.439514,3.785006,465.929108
245,0,216.889328,-197.193008,949.632019,226.950943,28.282719,949.288269,382.786407,-130.961777,983.995483,385.889526,-45.97683,987.941101,299.651001,-262.074158,483.738678,367.148224,-287.286957,87.875687,410.960602,-248.113632,70.066208,300.411377,95.593719,489.268982,373.05246,140.464981,94.132874,412.477295,98.399132,73.268311,321.71228,-175.997635,468.24884,351.150269,-210.485443,93.049271,255.501389,-308.131439,52.749966,213.638824,-240.210007,57.747784,256.151398,165.311356,53.294716,219.881317,98.743614,61.427292,348.376678,65.121635,99.804924,322.413757,3.764934,465.918701
246,0,216.894302,-197.182999,949.647827,227.126587,28.072058,949.245239,382.813782,-130.937912,983.995667,385.902771,-45.993664,987.916382,299.603119,-262.100433,483.745087,367.15506,-287.274841,87.852852,410.934052,-248.112076,70.029114,300.407532,95.582565,489.27594,373.034637,140.489166,94.135117,412.460785,98.376915,73.329376,321.694458,-176.005371,468.252594,351.228485,-210.598068,92.991135,255.485886,-308.126556,52.752602,213.598373,-240.192001,57.790894,256.132843,165.302658,53.312096,219.893356,98.741211,61.422615,348.376312,65.105782,99.853256,322.356659,3.766441,465.926697
247,0,216.889359,-197.176514,949.644043,227.148361,28.095716,949.235413,382.825409,-130.943314,984.007141,385.886108,-46.006798,987.892151,299.626221,-262.101471,483.725586,367.187042,-287.237946,87.87059,410.913422,-248.097992,70.050354,300.386566,95.692184,489.196503,373.0625,140.487198,94.138939,412.454315,98.386971,73.261208,321.706787,-176.00206,468.249329,351.212524,-210.569046,93.018082,255.515839,-308.12854,52.764946,213.624268,-240.19751,57.771397,256.140015,165.307159,53.291195,219.885284,98.744423,61.420147,348.373932,65.100227,99.847809,322.409058,3.792603,465.928345
248,0,216.893265,-197.176926,949.644409,227.144699,28.101345,949.247864,382.83493,-130.955078,983.979614,385.898956,-45.992268,987.925964,299.630066,-262.091492,483.72583,367.084442,-287.294342,87.87867,410.885681,-248.110641,70.045929,300.389862,95.657974,489.200073,373.051239,140.473846,94.118866,412.453461,98.395615,73.282433,321.684662,-176.006638,468.242706,351.222382,-210.588364,93.00795,255.494324,-308.105194,52.737968,213.625916,-240.185043,57.796852,256.156494,165.30925,53.296219,219.881805,98.739517,61.418522,348.349854,65.116043,99.818893,322.391785,3.771365,465.91803
249,0,216.89122,-197.171768,949.648193,227.157181,28.097605,949.256042,382.818695,-130.942673,983.960083,385.922363,-46.02879,987.894531,299.658752,-262.086426,483.745605,367.383453,-287.222015,87.831169,410.929382,-248.105286,70.075203,300.381714,95.618988,489.27124,373.059235,140.481476,94.127304,412.45993,98.411247,73.27343,321.686646,-176.014114,468.242279,351.202698,-210.579773,93.027016,255.518341,-308.110016,52.746494,213.63295,-240.180008,57.782505,256.145477,165.317703,53.309235,219.892822,98.737144,61.427357,348.362305,65.101791,99.815742,322.431702,3.793071,465.926147
250,0,216.882782,-197.196381,949.640869,227.154022,28.080973,949.258606,382.829346,-130.963608,983.980591,385.927582,-45.993889,987.916504,299.617279,-262.089844,483.743866,367.1297,-287.330109,87.874092,410.920166,-248.098557,70.04911,300.405609,95.613243,489.284515,373.044067,140.455124,94.136765,412.487,98.387115,73.278961,321.718567,-175.9953,468.253448,351.188568,-210.575928,93.067299,255.499725,-308.106842,52.769264,213.630737,-240.208557,57.761963,256.127533,165.298172,53.291473,219.898499,98.732849,61.423542,348.388031,65.104469,99.843712,322.378204,3.783434,465.953552
251,0,216.879425,-197.201691,949.642395,227.147781,28.068903,949.246948,382.83606,-130.962738,983.983398,385.91452,-46.011932,987.919495,299.596924,-262.104858,483.735718,367.161194,-287.279205,87.862915,410.921722,-247.988068,70.014755,300.412079,95.611015,489.277802,373.054138,140.470261,94.12709,412.332581,98.39006,73.244255,321.714935,-176.014893,468.244385,351.208984,-210.575943,93.062561,255.503235,-308.10556,52.763145,213.62738,-240.175797,57.760117,256.135925,165.294479,53.304829,219.892899,98.736664,61.451679,348.386627,65.106117,99.840462,322.381592,3.782956,465.949677
252,0,216.885712,-197.193146,949.635498,227.131058,28.072666,949.249207,382.819519,-130.950317,983.992981,385.903809,-46.026768,987.915344,299.606201,-262.066406,483.73764,367.185211,-287.26416,87.860962,410.944611,-248.088562,70.063271,300.399963,95.573853,489.278503,373.038239,140.458832,94.128082,412.44046,98.387436,73.272018,321.717529,-176.01622,468.252197,351.217987,-210.601898,93.009583,255.501419,-308.103699,52.749252,213.59285,-240.211044,57.751911,256.138153,165.303024,53.307007,219.907578,98.756821,61.439316,348.354248,65.09478,99.863213,322.402191,3.753122,465.921875
253,0,216.874451,-197.20784,949.647827,227.112595,28.058134,949.239685,382.82962,-130.953369,983.988892,385.898285,-46.015465,987.922058,299.579285,-262.075806,483.731537,367.139862,-287.281158,87.867706,410.967682,-248.104218,70.07444,300.383728,95.596619,489.301575,373.055847,140.464722,94.145988,412.432526,98.381058,73.264511,321.678467,-176.001297,468.235443,351.208771,-210.586411,93.049171,255.490692,-308.126099,52.761726,213.621109,-240.179718,57.776276,256.144775,165.297028,53.2841,219.895172,98.75322,61.441822,348.33609,65.128273,99.863312,322.361847,3.736382,465.965729
254,0,216.880234,-197.224884,949.635925,227.110489,28.037806,949.254272,382.793762,-130.951324,983.989746,385.860352,-46.022274,987.906982,299.586487,-262.081512,483.721344,367.170319,-287.320801,87.804535,410.924744,-248.100693,70.049805,300.320587,95.668297,489.19519,373.042603,140.461884,94.138718,412.436157,98.394165,73.269524,321.671509,-176.006897,468.229889,351.171478,-210.599106,92.998344,255.525772,-308.111389,52.771046,213.594421,-240.198669,57.78886,256.154968,165.301575,53.280407,219.896759,98.739616,61.452602,348.357513,65.11116,99.866295,322.359833,3.7871,465.924469
255,0,216.895737,-197.209091,949.644226,227.097458,28.02899,949.238281,382.77475,-130.950684,983.97583,385.860779,-46.005241,987.894958,299.593079,-262.082611,483.738129,367.131104,-287.252228,87.870514,410.960205,-248.090851,70.056404,300.36319,95.575371,489.285156,373.038971,140.449188,94.127167,412.428406,98.392593,73.265678,321.679108,-176.006546,468.253418,351.22406,-210.56218,93.019966,255.498016,-308.13446,52.745701,213.644424,-240.183456,57.774612,256.147858,165.296387,53.29932,219.886398,98.736465,61.423275,348.3927,65.095757,99.824677,322.315063,3.760769,465.944733
256,0,216.87677,-197.2146,949.636475,227.105118,28.011215,949.255371,382.798706,-130.945145,983.998779,385.859161,-45.988472,987.92749,299.568115,-262.089233,483.73703,367.143066,-287.256378,87.910309,410.959503,-248.108871,70.052383,300.324432,95.649345,489.186432,373.071533,140.476974,94.157745,412.447174,98.410019,73.267479,321.69693,-176.01384,468.270874,351.200928,-210.580673,93.032951,255.515152,-308.120239,52.759403,213.645218,-240.202545,57.769466,256.122314,165.299393,53.317921,219.888229,98.740685,61.437199,348.360046,65.103653,99.831291,322.354218,3.773496,465.924164
257,0,216.88327,-197.213928,949.648438,227.077408,28.009306,949.25293,382.801208,-130.941162,983.992004,385.852173,-45.997795,987.909851,299.65271,-262.103149,483.738495,367.237579,-287.325592,87.835236,410.951904,-248.109772,70.050056,300.324127,95.594566,489.302673,373.045044,140.471405,94.154221,412.421631,98.368805,73.308563,321.685608,-176.021637,468.264954,351.184998,-210.610947,93.047234,255.488602,-308.109589,52.734116,213.623291,-240.189224,57.759956,256.130493,165.301544,53.320709,219.902832,98.736938,61.448105,348.367096,65.084358,99.849709,322.32019,3.760245,465.920166
258,0,216.870255,-197.218262,949.652771,227.067108,28.006329,949.255554,382.845367,-130.923569,983.977966,385.8591,-45.986488,987.940125,299.630188,-262.073822,483.731232,367.13681,-287.255005,87.916031,410.916168,-248.09848,70.040924,300.265015,95.580666,489.308044,373.046509,140.471008,94.143089,412.44873,98.403214,73.279526,321.676697,-176.016205,468.249023,351.210083,-210.555588,93.021286,255.508514,-308.13446,52.759872,213.642303,-240.198135,57.759254,256.134216,165.312149,53.301449,219.869461,98.725075,61.428368,348.36792,65.096519,99.834778,322.296631,3.755398,465.936646
259,0,216.896301,-197.217453,949.645142,227.081711,28.011318,949.248047,382.793274,-130.940643,983.959839,385.875305,-45.9706,987.930603,299.653595,-262.093781,483.7435,367.159912,-287.241241,87.872025,410.948517,-248.08876,70.06398,300.274017,95.560226,489.287231,373.014404,140.476913,94.13604,412.32608,98.403297,73.26754,321.700439,-176.016434,468.239471,351.235596,-210.540161,93.00135,255.518707,-308.119965,52.768951,213.654083,-240.213821,57.75494,256.145813,165.313049,53.309177,219.899002,98.733696,61.452702,348.357117,65.096016,99.848129,322.277527,3.746,465.917419
260,0,216.894974,-197.229706,949.647522,227.063095,28.005501,949.256531,382.790314,-130.916306,983.974365,385.86673,-45.981438,987.935791,299.601471,-262.103241,483.739563,367.115784,-287.254211,87.871193,410.969696,-248.116211,70.026657,300.255646,95.565231,489.274078,373.012604,140.466537,94.128853,412.428741,98.404869,73.264793,321.698059,-176.035934,468.252899,351.174225,-210.550018,93.069862,255.516891,-308.126465,52.742653,213.653641,-240.202316,57.771107,256.118561,165.310852,53.334839,219.889725,98.725922,61.429146,348.376526,65.083252,99.827667,322.260651,3.750799,465.934204
261,0,216.887573,-197.202301,949.664185,227.075897,27.990444,949.249329,382.805511,-130.916534,983.976807,385.884827,-45.944443,987.903564,299.618958,-262.090637,483.741699,367.150116,-287.274841,87.89637,410.959869,-248.0979,70.061905,300.248688,95.573586,489.293243,373.049469,140.481094,94.151718,412.425323,98.419533,73.273331,321.711731,-176.024521,468.27713,351.193756,-210.552856,93.066864,255.510391,-308.117188,52.741528,213.641525,-240.213501,57.772362,256.133545,165.301178,53.305161,219.879883,98.724602,61.440773,348.354797,65.107887,99.833282,322.268799,3.760731,465.952332
262,0,216.898911,-197.202927,949.642944,227.067093,28.012697,949.256653,382.772369,-130.939072,983.958984,385.855774,-45.964695,987.875305,299.605652,-262.107208,483.747498,367.242798,-287.281952,87.829224,410.961212,-248.101135,70.055748,300.237488,95.579056,489.290344,373.043945,140.482285,94.133217,412.445251,98.40274,73.266243,321.696381,-176.006119,468.263855,351.253326,-210.539017,92.998337,255.532288,-308.144073,52.750309,213.613144,-240.217804,57.748806,256.108704,165.328812,53.378273,219.900864,98.740639,61.430073,348.357544,65.106224,99.816734,322.239227,3.744673,465.920837
263,0,216.890182,-197.204987,949.629517,227.06163,28.001173,949.250732,382.829895,-130.921341,983.943481,385.85025,-45.97966,987.887817,299.606445,-262.076508,483.734589,367.362305,-287.321167,87.7435,410.940125,-248.116577,70.044334,300.230682,95.565697,489.274811,373.018158,140.460037,94.12114,412.347015,98.399719,73.262962,321.690186,-175.988373,468.254303,351.136719,-210.521606,93.031517,255.530869,-308.11203,52.74226,213.6483,-240.231277,57.765652,256.139771,165.297134,53.297279,219.90213,98.728889,61.43996,348.388367,65.069138,99.831062,322.281219,3.767444,465.921906
264,0,216.895416,-197.202591,949.628052,226.890747,28.216639,949.31012,382.787659,-130.942902,983.928711,385.850311,-45.967762,987.901062,299.573944,-262.088013,483.733307,367.137695,-287.269928,87.849121,410.93631,-248.086609,70.061905,300.193542,95.583496,489.290253,373.022369,140.465469,94.137733,412.411957,98.370911,73.329132,321.651337,-176.032486,468.246857,351.150208,-210.57518,93.052605,255.522339,-308.108276,52.75449,213.626266,-240.16217,57.794384,256.138702,165.307053,53.326675,219.887131,98.719368,61.430637,348.380249,65.089439,99.843864,322.247284,3.758954,465.961884
265,0,216.894058,-197.198288,949.637512,227.063004,27.998859,949.258728,382.801361,-130.922195,983.960022,385.85022,-45.968956,987.891968,299.577423,-262.08667,483.740265,367.150391,-287.273773,87.847954,410.954834,-248.106415,70.053001,300.200958,95.567764,489.293884,373.026245,140.487976,94.140785,412.43866,98.405846,73.277855,321.654175,-176.004654,468.276276,351.220306,-210.578949,93.018349,255.482559,-308.10556,52.767548,213.634689,-240.18515,57.782429,256.144836,165.313156,53.326305,219.915207,98.72541,61.443417,348.365875,65.101486,99.838509,322.207458,3.749995,465.941437
266,0,216.891647,-197.191559,949.629333,227.059586,28.00691,949.251099,382.766968,-130.907288,983.956238,385.866516,-45.957825,987.929199,299.590576,-262.072418,483.75473,367.146545,-287.307709,87.792175,410.971863,-248.116913,70.053001,300.185974,95.62928,489.17868,373.064667,140.470993,94.134712,412.427185,98.406212,73.280357,321.662354,-175.981995,468.249146,351.236542,-210.571609,93.001633,255.496796,-308.112518,52.744801,213.618103,-240.165039,57.792107,256.143921,165.307098,53.308079,219.899796,98.743843,61.420288,348.362,65.096581,99.816544,322.188995,3.730162,465.942596
267,0,216.880203,-197.187744,949.638123,227.049301,28.017548,949.254272,382.780334,-130.92691,983.960449,385.853607,-45.968784,987.908264,299.56424,-262.063873,483.743744,367.152863,-287.307251,87.843674,410.979584,-248.086807,70.063011,300.204468,95.598305,489.296936,373.034821,140.486282,94.120872,412.427734,98.399612,73.289207,321.642578,-176.014801,468.245514,351.183746,-210.535553,93.052002,255.479507,-308.108185,52.748421,213.622055,-240.203522,57.755783,256.144318,165.295135,53.301971,219.897263,98.744293,61.445099,348.358154,65.09024,99.818817,322.184021,3.778393,465.910156
268,0,216.89212,-197.192062,949.618713,227.05014,28.00658,949.263977,382.799347,-130.904999,983.979248,385.851044,-45.969715,987.900513,299.601654,-262.061676,483.746155,367.147095,-287.262756,87.87928,410.964569,-248.120789,70.026939,300.169006,95.638969,489.184692,373.021881,140.448685,94.132515,412.43396,98.401405,73.286568,321.644226,-175.991974,468.236816,351.209778,-210.564438,93.027939,255.492294,-308.120697,52.78236,213.650146,-240.19249,57.777691,256.106384,165.345612,53.374825,219.885574,98.727768,61.411724,348.35437,65.118851,99.845345,322.140076,3.747001,465.94696
269,0,216.862106,-197.192825,949.631348,226.878784,28.231552,949.300537,382.782104,-130.924057,983.970703,385.819427,-45.964409,987.88562,299.585938,-262.063293,483.741852,367.141815,-287.276093,87.86853,410.956207,-248.111145,70.037819,300.189148,95.594185,489.311859,373.033783,140.458374,94.139915,412.43924,98.411568,73.283806,321.664032,-176.011795,468.237823,351.188263,-210.542267,93.052055,255.517029,-308.114563,52.762592,213.648895,-240.171463,57.79697,256.117554,165.336807,53.381763,219.89183,98.735764,61.423733,348.349518,65.074013,99.844879,322.1492,3.771568,465.940735
270,0,216.868073,-197.190674,949.622253,227.042313,28.010698,949.263123,382.783447,-130.93782,983.967773,385.818878,-45.970425,987.90625,299.633911,-262.087433,483.733582,367.171021,-287.237213,87.883217,410.980011,-248.07486,70.039024,300.202179,95.580841,489.293671,373.023529,140.471405,94.154022,412.430542,98.387207,73.283127,321.656708,-176.005951,468.231323,351.165192,-210.541031,93.05294,255.485596,-308.109985,52.726654,213.665009,-240.215897,57.785183,256.138977,165.302124,53.313847,219.879257,98.723679,61.434254,348.380341,65.090317,99.823669,322.126312,3.750062,465.928589
271,0,216.84523,-197.193771,949.621643,227.037338,28.026463,949.257996,382.75705,-130.917328,983.965027,385.843536,-45.96825,987.909973,299.59021,-262.079468,483.748749,367.148102,-287.32547,87.838676,410.960907,-248.029877,69.937149,300.20578,95.650734,489.201385,372.991058,140.452957,94.133865,412.445984,98.426598,73.296806,321.672272,-176.021255,468.242798,351.207764,-210.558731,93.049133,255.483154,-308.123108,52.757469,213.634216,-240.208191,57.760849,256.128052,165.294647,53.313438,219.874115,98.718483,61.429111,348.375061,65.097679,99.829811,322.254547,3.771711,465.957184
272,0,216.840836,-197.200958,949.616394,226.857574,28.245836,949.309814,382.763763,-130.928986,983.974609,385.858856,-45.962967,987.930054,299.63913,-262.087036,483.736511,367.122223,-287.269287,87.908684,410.996429,-248.078598,70.071144,300.250031,95.605316,489.317719,373.056519,140.484085,94.166512,412.446838,98.38765,73.272209,321.690948,-176.001297,468.255371,351.204102,-210.593597,93.011345,255.486282,-308.123444,52.752739,213.600647,-240.180603,57.759083,256.143555,165.30278,53.317715,219.884537,98.735077,61.424839,348.342438,65.105278,99.833542,322.275909,3.785469,465.921936
273,0,216.827194,-197.195908,949.60083,226.845062,28.240755,949.296448,382.751099,-130.94339,983.987183,385.812134,-45.966053,987.940125,299.607361,-262.106873,483.740692,367.154877,-287.265198,87.903114,410.935486,-248.012054,69.996567,300.281403,95.654221,489.201477,373.035431,140.478378,94.132172,412.460022,98.391968,73.271111,321.753448,-175.998688,468.249725,351.190125,-210.549164,93.030128,255.499985,-308.108673,52.747673,213.646317,-240.188812,57.788265,256.108276,165.330978,53.37281,219.900177,98.732063,61.435932,348.377014,65.108551,99.837296,322.268677,3.751626,465.942627
274,0,216.820999,-197.168396,949.591248,227.037735,28.025679,949.241516,382.745056,-130.916122,983.987854,385.810547,-45.988346,987.92749,299.666656,-262.100922,483.742004,367.165497,-287.249695,87.883102,410.940704,-248.118408,70.04084,300.320404,95.655724,489.200775,373.041656,140.470825,94.120888,412.462769,98.413841,73.27523,321.742554,-176.014603,468.252045,351.220764,-210.567551,93.030952,255.512054,-308.147003,52.746052,213.640945,-240.18811,57.760239,256.141144,165.306396,53.301777,219.882736,98.731934,61.425766,348.364502,65.126549,99.835747,322.307434,3.765523,465.914948
275,0,216.789688,-197.186722,949.598083,227.005478,28.026007,949.240601,382.742859,-130.952972,984.005981,385.799042,-45.989571,987.930603,299.699158,-262.118652,483.742737,367.147644,-287.299591,87.824669,410.95575,-248.130066,70.01329,300.322052,95.659348,489.20929,373.052795,140.491333,94.141853,412.461029,98.406448,73.287872,321.757599,-176.037201,468.271942,351.188538,-210.556595,93.031448,255.50354,-308.136871,52.759579,213.631454,-240.189133,57.781986,256.134796,165.308868,53.309196,219.879715,98.716896,61.435558,348.380859,65.104408,99.848679,322.307861,3.75168,465.936279
276,0,216.795227,-197.198822,949.567566,226.972656,28.020384,949.223267,382.733154,-130.942322,984.00824,385.783447,-45.985977,987.976929,299.716522,-262.131378,483.744934,367.153412,-287.272522,87.915062,410.974792,-248.07576,70.054565,300.326813,95.662956,489.212402,373.037354,140.47702,94.140114,412.451111,98.391716,73.288025,321.742676,-176.060043,468.262512,351.186493,-210.597855,93.064407,255.498886,-308.100677,52.738796,213.647202,-240.185349,57.781254,256.097443,165.346664,53.387993,219.88176,98.743614,61.443478,348.321777,65.12249,99.850212,322.392731,3.811927,465.899811
277,0,216.754791,-197.213913,949.579468,226.986008,28.011908,949.221985,382.723907,-130.969894,984.003662,385.810577,-45.977169,987.982361,299.707214,-262.125,483.738556,367.168945,-287.264038,87.857376,410.952789,-248.108231,70.027901,300.383331,95.643738,489.201385,372.998901,140.444565,94.115135,412.436493,98.360291,73.332474,321.76236,-176.050903,468.249817,351.21521,-210.55307,93.06311,255.485626,-308.106079,52.746002,213.620789,-240.210449,57.748314,256.134674,165.317307,53.319534,219.893555,98.73555,61.438915,348.376556,65.114723,99.819115,322.39505,3.755391,465.954895
278,0,216.77063,-197.238281,949.568359,226.988068,27.996218,949.221985,382.674957,-130.972595,984.010864,385.771698,-45.98798,987.992432,299.741058,-262.140869,483.734467,367.22757,-287.239258,87.861252,410.955719,-248.094025,70.068169,300.399506,95.639496,489.198273,373.05423,140.478973,94.137123,412.457153,98.386749,73.2938,321.768463,-176.056778,468.24411,351.238556,-210.571808,93.028625,255.493942,-308.124786,52.742035,213.630081,-240.187729,57.765278,256.116058,165.30069,53.309708,219.883911,98.74102,61.427086,348.360931,65.119843,99.841484,322.470795,3.801566,465.90451
279,0,216.757584,-197.238495,949.580383,226.819565,28.209839,949.265198,382.669464,-130.975281,984.029968,385.75412,-45.992134,987.971375,299.731598,-262.151489,483.747375,367.129425,-287.299072,87.881058,411.007782,-248.091034,70.041252,300.45755,95.592957,489.298309,373.071106,140.471573,94.163673,412.447449,98.354332,73.319885,321.801453,-176.03891,468.247162,351.252899,-210.523056,93.044586,255.493607,-308.116089,52.72702,213.629288,-240.196945,57.765079,256.14328,165.309784,53.317329,219.892578,98.748863,61.42495,348.380096,65.083809,99.838379,322.473938,3.783967,465.863098
280,0,216.762329,-197.233063,949.572449,226.989578,27.992172,949.19928,382.657104,-130.997131,984.020996,385.768402,-46.016171,987.974609,299.720337,-262.158752,483.738495,367.17804,-287.289032,87.892883,410.97171,-248.108566,70.023651,300.449982,95.643677,489.176025,373.05304,140.462845,94.132111,412.449493,98.38987,73.274666,321.798035,-176.082809,468.209015,351.21701,-210.552048,93.068138,255.517578,-308.10083,52.737297,213.642517,-240.209564,57.764355,256.13382,165.2939,53.300449,219.896164,98.732918,61.428421,348.378235,65.102081,99.847229,322.489349,3.783656,465.906281
281,0,216.763031,-197.238037,949.575378,226.983612,27.986683,949.203552,382.675262,-131.004013,984.048645,385.753784,-46.012653,988.003052,299.738739,-262.175293,483.733398,367.152954,-287.303925,87.87339,410.944702,-248.093231,70.051399,300.478088,95.603531,489.298096,373.059967,140.480011,94.142632,412.467377,98.39576,73.285225,321.794647,-176.064606,468.250427,351.237854,-210.636551,93.011246,255.484909,-308.106628,52.752369,213.65062,-240.216888,57.762825,256.139374,165.294312,53.303013,219.903732,98.714027,61.431194,348.360382,65.095047,99.838638,322.491425,3.775616,465.928619
282,0,216.773361,-197.265121,949.573181,226.811371,28.19244,949.249329,382.673157,-131.013306,984.047729,385.751648,-46.016296,987.998413,299.732758,-262.150787,483.743958,367.179932,-287.291229,87.831078,410.968048,-248.091812,70.031906,300.436493,95.635452,489.195312,373.089691,140.474258,94.146667,412.460022,98.382736,73.268661,321.809753,-176.066574,468.24231,351.127991,-210.594528,93.084114,255.484283,-308.121429,52.755672,213.637085,-240.205399,57.780159,256.138275,165.298676,53.318794,219.875671,98.721809,61.424393,348.396637,65.09507,99.833687,322.483459,3.759583,465.939606
283,0,216.762009,-197.257828,949.571777,227.007004,27.971062,949.193176,382.685059,-131.023743,984.025146,385.758667,-46.041996,987.979492,299.741913,-262.162964,483.728027,367.151154,-287.300476,87.820023,410.970123,-248.121368,70.038239,300.488434,95.577431,489.304016,373.051971,140.441895,94.144821,412.455933,98.404053,73.268654,321.804779,-176.072266,468.247772,351.205536,-210.569412,93.034515,255.511368,-308.113708,52.736706,213.631561,-240.208618,57.75753,256.15976,165.30838,53.303848,219.88324,98.737915,61.421688,348.374451,65.113838,99.838104,322.460785,3.713073,465.92276
284,0,216.762451,-197.249496,949.564392,226.832184,28.195374,949.238098,382.674286,-131.009445,984.039001,385.758392,-46.059826,987.975281,299.71759,-262.184875,483.730774,367.138367,-287.299835,87.851021,410.943146,-248.115646,70.047958,300.48288,95.566895,489.285248,373.071289,140.452377,94.141289,412.445221,98.364281,73.325829,321.801086,-176.053406,468.255402,351.212677,-210.547302,93.045258,255.512115,-308.131683,52.739609,213.632187,-240.193604,57.760906,256.141815,165.293747,53.304375,219.876068,98.742439,61.436192,348.334167,65.105156,99.837692,322.504852,3.733226,465.918213
285,0,216.758514,-197.248901,949.575928,227.016403,27.989918,949.185303,382.696747,-131.036255,984.046814,385.764343,-46.065407,987.969421,299.749664,-262.167328,483.732269,367.172058,-287.31601,87.8545,410.966583,-248.104156,70.061417,300.47113,95.591583,489.272583,373.071899,140.46788,94.133011,412.463348,98.391174,73.268524,321.794647,-176.058716,468.227966,351.225128,-210.629715,92.997505,255.509888,-308.11673,52.761101,213.621338,-240.20932,57.735874,256.138245,165.298126,53.298435,219.891861,98.720825,61.442337,348.38504,65.104637,99.827805,322.472076,3.733056,465.902588
286,0,216.773788,-197.253525,949.568298,226.852066,28.187204,949.25,382.676544,-131.018951,984.065125,385.775085,-46.054523,987.977478,299.711212,-262.183624,483.724304,367.264832,-287.265442,87.859848,410.970306,-248.136917,70.033928,300.477112,95.566208,489.26889,373.073792,140.468292,94.159004,412.473511,98.378487,73.27198,321.789429,-176.083969,468.249603,351.244202,-210.577103,93.016357,255.482376,-308.114319,52.751987,213.594131,-240.188278,57.775398,256.134094,165.303314,53.312191,219.885803,98.737953,61.432652,348.357666,65.126266,99.850815,322.416321,3.706935,465.942047
287,0,216.757706,-197.249954,949.593201,226.833176,28.201984,949.251465,382.649261,-131.074127,984.024475,385.779694,-46.061985,987.984558,299.695007,-262.178894,483.734528,367.196625,-287.348785,87.788918,410.968903,-248.10231,70.053642,300.400299,95.533295,489.28656,373.044281,140.478165,94.143173,412.481842,98.398186,73.298637,321.81543,-176.066025,468.255585,351.247192,-210.601105,93.02256,255.503296,-308.114349,52.733845,213.674362,-240.220154,57.780376,256.137451,165.303345,53.315777,219.881088,98.749031,61.442547,348.349701,65.096115,99.857254,322.428497,3.750832,465.911987
288,0,216.752625,-197.24234,949.591248,226.839386,28.18222,949.247314,382.699554,-131.047333,984.035461,385.751068,-46.063869,987.986389,299.680542,-262.175293,483.749023,367.159882,-287.302307,87.851814,410.969666,-248.118347,70.073296,300.450012,95.501183,489.288422,373.06665,140.452789,94.135445,412.451355,98.350883,73.323517,321.791168,-176.111267,468.265381,351.194153,-210.557388,93.052254,255.511169,-308.113892,52.730949,213.617752,-240.201385,57.788078,256.137817,165.290314,53.296204,219.874283,98.725662,61.414631,348.353058,65.119331,99.831268,322.423279,3.747121,465.919739
289,0,216.743027,-197.258163,949.575562,227.009018,27.950623,949.211609,382.651428,-131.053558,984.052063,385.753937,-46.068058,987.995972,299.699219,-262.178802,483.736816,367.322327,-287.318817,87.817757,410.946533,-248.102997,70.037369,300.433472,95.502533,489.280853,373.060089,140.459045,94.145966,412.457977,98.384445,73.267189,321.771973,-176.107407,468.254486,351.364349,-210.807831,93.051834,255.490219,-308.13089,52.766994,213.63385,-240.191727,57.788067,256.13974,165.302216,53.312244,219.881607,98.733185,61.441055,348.3815,65.11496,99.819023,322.363617,3.714633,465.919525
290,0,216.731567,-197.265213,949.581055,226.815002,28.196976,949.252197,382.645325,-131.041458,984.047729,385.718903,-46.071968,987.973267,299.697052,-262.180756,483.717133,367.289978,-287.36676,87.796959,410.967163,-248.09613,70.050522,300.410156,95.597298,489.192932,373.057953,140.461472,94.163322,412.445618,98.382919,73.277565,321.764679,-176.094498,468.236267,351.235046,-210.645233,93.085037,255.505585,-308.115814,52.734055,213.632263,-240.203186,57.752186,256.111969,165.347061,53.362457,219.880051,98.738464,61.433865,348.34375,65.09153,99.831375,322.400543,3.738865,465.912903
291,0,216.689331,-197.262848,949.589111,226.99173,27.96763,949.20874,382.648376,-131.03183,984.06604,385.716675,-46.069443,988.007568,299.672791,-262.18573,483.729889,367.188446,-287.324188,87.856834,410.99588,-248.091187,70.073578,300.412872,95.550095,489.274811,373.035065,140.440338,94.136505,412.468628,98.400551,73.291626,321.779968,-176.054337,468.248962,351.266754,-210.7173,93.004288,255.499237,-308.12326,52.752201,213.650604,-240.18898,57.780792,256.134918,165.310822,53.322617,219.874374,98.741234,61.440247,348.372772,65.115829,99.838898,322.414886,3.762299,465.917542
292,0,216.700043,-197.247833,949.592102,226.974869,27.963589,949.204285,382.619385,-131.044693,984.063049,385.730988,-46.072803,987.984985,299.693237,-262.169067,483.725342,367.173309,-287.277588,87.850342,410.982208,-248.075089,70.069778,300.401794,95.510941,489.265533,373.04599,140.43985,94.143501,412.441589,98.353004,73.329727,321.786438,-176.057129,468.273895,351.261505,-210.659378,93.045731,255.490906,-308.116974,52.762249,213.635559,-240.189301,57.79612,256.127411,165.301361,53.302284,219.888931,98.740891,61.441097,348.374481,65.116486,99.830673,322.402191,3.736019,465.913116
293,0,216.65744,-197.303131,949.569153,227.001663,27.943054,949.19458,382.553284,-131.082245,984.055542,385.738312,-46.060108,988.023499,299.684174,-262.19873,483.723083,367.162079,-287.303375,87.881126,410.977478,-248.118912,70.039177,300.41745,95.538712,489.248199,373.055389,140.455215,94.162399,412.466644,98.393799,73.297768,321.804657,-176.076004,468.247986,351.26181,-210.709579,93.003128,255.520645,-308.119995,52.754261,213.622223,-240.191605,57.778976,256.1492,165.310776,53.317413,219.867401,98.725166,61.413803,348.361145,65.087181,99.853622,322.387329,3.72542,465.921051
294,0,216.658829,-197.26535,949.556091,226.988373,27.948811,949.198669,382.571136,-131.064041,984.065002,385.724762,-46.068661,988.011841,299.647369,-262.18158,483.730042,367.335846,-287.312561,87.82946,410.939941,-248.153351,70.01947,300.407471,95.510353,489.246887,373.051666,140.468307,94.150032,412.478607,98.399719,73.295998,321.778656,-176.098923,468.249817,351.272003,-210.642136,93.017471,255.50386,-308.128448,52.750217,213.644409,-240.198242,57.799332,256.09906,165.270767,53.304222,219.895096,98.722435,61.438118,348.389435,65.078636,99.846046,322.399628,3.744627,465.922638
295,0,216.614563,-197.267166,949.553772,227.00647,27.957258,949.202393,382.54126,-131.062164,984.073059,385.72757,-46.085411,988.034302,299.669342,-262.18335,483.716461,367.181305,-287.282959,87.869354,410.94104,-248.039307,70.016129,300.391083,95.488907,489.2659,373.030914,140.473358,94.132622,412.443115,98.37561,73.342842,321.776794,-176.114807,468.234253,351.382507,-210.825851,93.043488,255.509369,-308.127777,52.740982,213.627426,-240.206833,57.765545,256.116913,165.2771,53.300507,219.878571,98.728035,61.439491,348.376587,65.088577,99.832512,322.452209,3.748692,465.927948
296,0,216.596741,-197.221786,949.558105,226.856766,28.166813,949.258423,382.565552,-131.063614,984.066833,385.723572,-46.083237,988.029114,299.676239,-262.177795,483.724091,367.199371,-287.248749,87.898506,410.957367,-248.13002,69.963646,300.322784,95.464508,489.242554,373.019897,140.475418,94.157715,412.45816,98.411949,73.302536,321.783051,-176.116196,468.237488,351.262817,-210.663773,93.03511,255.513275,-308.114044,52.74955,213.659256,-240.209259,57.773659,256.108917,165.341187,53.376049,219.862305,98.72641,61.435989,348.353088,65.083458,99.860672,322.472504,3.776366,465.906921
297,0,216.562119,-197.22731,949.561523,226.881195,28.206966,949.247986,382.48288,-131.074738,984.075317,385.724426,-46.086182,988.051331,299.6716,-262.175842,483.727112,367.177856,-287.259796,87.855469,410.973633,-248.11998,70.072449,300.334656,95.48555,489.279419,373.035706,140.49617,94.134682,412.459229,98.416267,73.314629,321.800171,-176.093109,468.242737,351.266541,-210.616989,93.064377,255.496765,-308.135651,52.747509,213.623734,-240.16098,57.753735,256.088715,165.339432,53.384018,219.889877,98.728935,61.427765,348.367493,65.093948,99.868065,322.470978,3.772598,465.88797
298,0,216.528229,-197.187744,949.547974,226.886826,28.239708,949.268188,382.488434,-131.094513,984.059875,385.713226,-46.106403,988.049866,299.636627,-262.189148,483.720764,367.156555,-287.35318,87.797028,410.964874,-248.135635,70.058655,300.340515,95.461159,489.26712,373.011627,140.475159,94.145172,412.429688,98.373589,73.347374,321.78891,-176.099457,468.248535,351.299622,-210.621216,93.044037,255.516373,-308.114563,52.739681,213.617767,-240.156769,57.779167,256.131348,165.30574,53.320026,219.861465,98.726746,61.439526,348.327057,65.102592,99.871727,322.442413,3.780112,465.91806
299,0,216.533585,-197.175888,949.551331,227.088699,28.034288,949.210144,382.546173,-131.106903,984.100586,385.758148,-46.110329,988.073669,299.642273,-262.189636,483.727051,367.153992,-287.327667,87.866005,410.959381,-248.143753,70.056992,300.357788,95.441978,489.264862,373.021698,140.484741,94.15152,412.437958,98.417152,73.296303,321.782501,-176.071671,468.253937,351.284058,-210.617111,93.047096,255.512802,-308.116028,52.750751,213.654892,-240.160553,57.775612,256.134186,165.299454,53.309566,219.873032,98.713875,61.404594,348.393616,65.092545,99.858231,322.468872,3.765614,465.947418
300,0,216.508133,-197.147964,949.554138,227.116119,28.052765,949.212463,382.473389,-131.165161,984.088867,385.743683,-46.157986,988.034302,299.587524,-262.197815,483.704132,367.140381,-287.387543,87.8256,410.977875,-248.154129,70.036652,300.388062,95.449142,489.222839,373.013977,140.452332,94.138222,412.453156,98.418533,73.308022,321.798859,-176.07489,468.243988,351.39212,-210.814957,93.002975,255.49939,-308.127747,52.754063,213.622391,-240.189941,57.745747,256.105164,165.336578,53.377129,219.869263,98.714722,61.419582,348.363556,65.107841,99.86348,322.509125,3.793222,465.900604
301,0,216.510391,-197.139496,949.552551,227.134628,28.0828,949.201294,382.491302,-131.159622,984.090515,385.762177,-46.170094,988.062988,299.556274,-262.171204,483.687317,367.125793,-287.37561,87.81546,410.967834,-248.171722,70.029907,300.438873,95.419823,489.262909,373.043518,140.475754,94.150887,412.444519,98.366135,73.343498,321.754608,-176.080429,468.23233,351.277222,-210.649872,93.037804,255.4841,-308.11142,52.757607,213.666473,-240.194626,57.734238,256.125214,165.306992,53.308662,219.875183,98.718971,61.419991,348.409271,65.095695,99.836594,322.461761,3.755367,465.908234
302,0,216.448883,-197.141296,949.537964,227.156204,28.109921,949.204895,382.481506,-131.168945,984.091431,385.765564,-46.191357,988.07196,299.529663,-262.162476,483.68985,367.159973,-287.335541,87.801819,410.955078,-248.043732,70.002396,300.5065,95.43573,489.299652,373.043274,140.466904,94.152924,412.455139,98.3993,73.303024,321.745026,-176.068924,468.2276,351.24469,-210.608261,93.06987,255.484848,-308.109833,52.749325,213.612793,-240.141235,57.7673,256.125671,165.303909,53.302536,219.858551,98.722031,61.424427,348.383179,65.10022,99.873383,322.48877,3.773607,465.912079
303,0,216.449432,-197.11554,949.522644,227.179901,28.12537,949.208618,382.450348,-131.19902,984.094971,385.751465,-46.210682,988.062683,299.483612,-262.13858,483.680054,367.138733,-287.380829,87.826408,410.965057,-248.161392,70.044594,300.513458,95.395309,489.303802,373.057373,140.456833,94.151031,412.446564,98.391533,73.298126,321.723877,-176.057358,468.229218,351.299316,-210.644791,93.032738,255.50351,-308.098816,52.740402,213.642731,-240.164871,57.773136,256.122406,165.292587,53.312382,219.875488,98.74025,61.43697,348.352692,65.116066,99.845833,322.537903,3.738408,465.907471
304,0,216.450729,-197.105774,949.528992,227.188202,28.131855,949.209717,382.425568,-131.219879,984.094604,385.753174,-46.225708,988.049805,299.454376,-262.14209,483.68634,367.356934,-287.269287,87.796593,411.003204,-248.129929,70.071526,300.565948,95.404175,489.298676,373.043854,140.459946,94.141632,412.465363,98.397026,73.297653,321.705902,-176.04924,468.225494,351.327271,-210.636627,93.036636,255.495728,-308.121216,52.77177,213.652252,-240.149689,57.767464,256.126923,165.312164,53.329746,219.874054,98.728806,61.423904,348.404694,65.101509,99.876823,322.601807,3.754386,465.909241
305,0,216.438293,-197.091736,949.522461,227.203049,28.150105,949.220886,382.431213,-131.214706,984.094238,385.770264,-46.228111,988.050476,299.456787,-262.129456,483.678375,367.151642,-287.28537,87.84243,410.970154,-248.17215,70.040367,300.618774,95.399071,489.333832,373.068573,140.472916,94.150963,412.456848,98.370071,73.337784,321.7005,-176.063156,468.214142,351.301819,-210.602966,93.061226,255.506165,-308.125488,52.754391,213.636642,-240.192032,57.751312,256.10611,165.360352,53.376148,219.868683,98.737991,61.43943,348.375641,65.098976,99.860596,322.61264,3.75552,465.936127
306,0,216.390381,-197.092026,949.539673,227.244232,28.15589,949.209351,382.440002,-131.226303,984.080261,385.772339,-46.254345,988.076599,299.444366,-262.126343,483.698608,367.140228,-287.292419,87.860016,410.985229,-248.127579,70.05777,300.637573,95.418449,489.305573,373.071014,140.476608,94.155045,412.48053,98.39843,73.302376,321.677094,-176.066696,468.208679,351.222198,-210.644455,93.084618,255.49823,-308.083099,52.758121,213.689453,-240.194321,57.752399,256.136658,165.321686,53.293846,219.871429,98.744293,61.434696,348.378418,65.105537,99.86528,322.636566,3.757222,465.904785
307,0,216.383057,-197.075394,949.528442,227.271957,28.165264,949.221497,382.417542,-131.2621,984.090637,385.782043,-46.259846,988.068359,299.374786,-262.117706,483.68866,367.11911,-287.290558,87.873817,410.993835,-248.138779,70.037857,300.863281,95.13562,489.239014,373.070343,140.471466,94.131523,412.455353,98.362473,73.335205,321.667877,-176.061829,468.245972,351.277283,-210.548752,93.052368,255.507889,-308.095947,52.774765,213.653381,-240.165131,57.786663,256.136475,165.3134,53.297634,219.867432,98.741409,61.467777,348.343933,65.105354,99.886292,322.658081,3.780052,465.925262
308,0,216.351807,-197.043961,949.524231,227.0896,28.415869,949.279907,382.406006,-131.262115,984.091064,385.804932,-46.296104,988.060974,299.430054,-262.121094,483.69986,367.116028,-287.320343,87.865677,410.949371,-248.155167,70.028,300.740234,95.362823,489.26828,373.065582,140.454865,94.14344,412.465729,98.388046,73.29998,321.687164,-176.042984,468.22879,351.268097,-210.618042,93.052399,255.49704,-308.112305,52.753525,213.684387,-240.18219,57.758518,256.127686,165.307877,53.302494,219.879807,98.748421,61.435783,348.34024,65.10405,99.876503,322.645355,3.753033,465.878448
309,0,216.313324,-197.059677,949.516846,227.281982,28.18696,949.225098,382.36972,-131.284607,984.066833,385.798706,-46.302616,988.090942,299.386841,-262.130096,483.696747,367.1633,-287.28537,87.854393,410.990326,-248.141006,69.987778,300.90509,95.159279,489.234985,373.079559,140.452164,94.140129,412.487732,98.387115,73.2985,321.666748,-176.046127,468.239044,351.283783,-210.622986,93.056824,255.503235,-308.103912,52.763813,213.65741,-240.173935,57.753799,256.136749,165.301285,53.29353,219.861664,98.74894,61.442986,348.347504,65.108505,99.869247,322.603149,3.756946,465.952087
310,0,216.282532,-197.027893,949.50592,227.309631,28.201221,949.219055,382.345886,-131.320633,984.082764,385.763153,-46.309982,988.06604,299.399536,-262.106781,483.692169,367.140289,-287.314423,87.846283,411.027893,-248.174957,69.961029,300.878265,95.229561,489.258545,373.079224,140.426178,94.130501,412.432587,98.352539,73.33342,321.662048,-176.059525,468.231293,351.265228,-210.62178,93.055878,255.530869,-308.13208,52.764317,213.655151,-240.175064,57.770088,256.131531,165.303436,53.296005,219.857269,98.751671,61.440483,348.338348,65.089676,99.880692,322.605469,3.729907,465.959564
311,0,216.244476,-197.026779,949.496338,227.314911,28.228388,949.222717,382.3815,-131.304352,984.102234,385.759033,-46.329288,988.093384,299.417694,-262.138428,483.686646,367.179993,-287.318176,87.873177,410.949219,-248.140533,70.050842,300.747833,95.368141,489.311676,373.081268,140.429886,94.139885,412.457977,98.336372,73.313522,321.651154,-176.035141,468.224823,351.35202,-210.49437,93.126297,255.510086,-308.125793,52.776306,213.659225,-240.186417,57.742271,256.158813,165.301605,53.292618,219.863358,98.76088,61.450859,348.336639,65.145317,99.869705,322.628815,3.751008,465.923737
312,0,216.225861,-197.001419,949.506287,227.298309,28.238922,949.241089,382.311523,-131.314743,984.108093,385.779694,-46.327187,988.105469,299.380219,-262.111938,483.689362,367.150177,-287.327179,87.817863,410.934387,-248.046753,70.014038,300.711517,95.360115,489.279572,373.098877,140.438965,94.129501,412.437561,98.350075,73.333992,321.648499,-176.042252,468.218872,351.222717,-210.612549,93.087891,255.512711,-308.103729,52.751865,213.666,-240.203461,57.746758,256.161011,165.305603,53.298157,219.875916,98.732254,61.439095,348.356354,65.087753,99.858543,322.623993,3.768605,465.911194
313,0,216.188492,-197.025314,949.477051,227.277191,28.243488,949.229553,382.322906,-131.315125,984.115845,385.763947,-46.334,988.128662,299.348053,-262.130463,483.700134,367.154541,-287.245575,87.86763,410.912415,-248.018127,69.992767,300.713257,95.376007,489.241272,373.056427,140.446793,94.130676,412.463043,98.363312,73.28447,321.615112,-176.024292,468.213776,351.240784,-210.560089,93.065224,255.505203,-308.105133,52.75613,213.661469,-240.181168,57.767498,256.102173,165.352478,53.382679,219.887314,98.757324,61.460384,348.34079,65.092636,99.892288,322.613373,3.762423,465.937714
314,0,216.185638,-196.99707,949.464539,227.267471,28.258108,949.218994,382.29895,-131.316208,984.112854,385.758911,-46.342716,988.123291,299.437836,-262.126617,483.682312,367.105011,-287.28714,87.87384,410.97821,-248.12149,70.066063,300.845917,95.119392,489.196655,373.047028,140.442749,94.133179,412.453369,98.374001,73.289574,321.575775,-176.036118,468.219147,351.223724,-210.575531,93.071083,255.530655,-308.130249,52.753666,213.637772,-240.199585,57.780975,256.156403,165.317108,53.305355,219.878479,98.739601,61.468353,348.322021,65.091835,99.867813,322.601959,3.759396,465.925262
315,0,216.138351,-196.972412,949.478271,227.275558,28.225693,949.20813,382.268524,-131.342941,984.114868,385.736298,-46.332138,988.125,299.397919,-262.106964,483.690704,367.165314,-287.284241,87.87896,410.952179,-248.130524,70.04245,300.718781,95.45887,489.198425,373.06311,140.444092,94.124222,412.480652,98.363548,73.283936,321.58963,-176.011673,468.200195,351.239197,-210.563141,93.077255,255.517639,-308.120941,52.753429,213.666718,-240.18631,57.765724,256.117004,165.338013,53.370464,219.881805,98.749458,61.448467,348.365631,65.079094,99.860764,322.63385,3.746809,465.899261
316,0,216.141891,-196.968414,949.448364,227.237137,28.260424,949.22583,382.269379,-131.321335,984.11554,385.702942,-46.331184,988.143799,299.414856,-262.122589,483.68454,367.13205,-287.251007,87.888496,410.892914,-248.15126,70.065971,300.824097,95.176537,489.165344,373.068207,140.444275,94.125092,412.455292,98.320007,73.327942,321.587128,-176.009415,468.222961,351.26474,-210.56691,93.050919,255.519684,-308.117371,52.755962,213.640335,-240.180038,57.757046,256.141296,165.307526,53.296803,219.859772,98.74617,61.445686,348.337372,65.118912,99.861084,322.610321,3.739547,465.897736
317,0,216.092728,-196.971085,949.475159,227.078445,28.458254,949.266785,382.232391,-131.307159,984.102295,385.733429,-46.336361,988.122803,299.394592,-262.088104,483.678375,367.324951,-287.278473,87.841255,410.966949,-248.108017,70.078423,300.770752,95.211624,489.13208,373.059906,140.433929,94.129196,412.470581,98.361839,73.289841,321.578308,-176.032776,468.216553,351.249847,-210.587265,93.040489,255.502426,-308.128204,52.729656,213.663269,-240.183807,57.765228,256.142639,165.314468,53.297165,219.882706,98.747719,61.443897,348.333069,65.111229,99.88163,322.628723,3.782501,465.926758
318,0,216.08284,-196.962357,949.467285,227.228149,28.233528,949.225952,382.214172,-131.29187,984.096985,385.697021,-46.30661,988.093506,299.379211,-262.115967,483.71759,367.14267,-287.2966,87.897209,410.940521,-248.114655,70.077499,300.682343,95.516914,489.184753,373.090942,140.455704,94.111473,412.454987,98.379333,73.300247,321.59613,-176.005371,468.227173,351.204956,-210.563644,93.07946,255.52121,-308.125336,52.731049,213.654419,-240.18045,57.773674,256.118073,165.343018,53.382767,219.862625,98.726006,61.438263,348.381348,65.097778,99.87368,322.60556,3.774846,465.916504
319,0,216.073029,-196.946701,949.469543,227.205154,28.267853,949.239197,382.217682,-131.289993,984.092651,385.661255,-46.293701,988.115417,299.396759,-262.082031,483.691345,367.127716,-287.285583,87.890427,410.962677,-248.117371,70.058456,300.656311,95.518753,489.194977,373.072784,140.454117,94.119179,412.448608,98.379333,73.294876,321.580658,-176.02388,468.217834,351.271332,-210.534851,93.028809,255.484375,-308.109741,52.755024,213.66098,-240.200745,57.760448,256.136749,165.302963,53.29707,219.886078,98.749702,61.454628,348.361603,65.089371,99.881882,322.594727,3.754542,465.939209
320,0,216.035187,-196.924805,949.455444,227.048386,28.483433,949.276733,382.181854,-131.271759,984.082214,385.684509,-46.282993,988.096985,299.354858,-262.112274,483.695801,367.172882,-287.238647,87.868439,410.98468,-248.160172,70.078651,300.680176,95.586281,489.155823,373.061493,140.440308,94.118286,412.471283,98.374161,73.288177,321.577545,-175.991333,468.213074,351.202515,-210.558319,93.057037,255.513992,-308.110626,52.758217,213.641525,-240.170334,57.736801,256.13385,165.314926,53.304024,219.885239,98.737366,61.425743,348.354523,65.112457,99.864792,322.573975,3.749214,465.928192
321,0,216.033279,-196.924881,949.445435,227.17778,28.274605,949.226318,382.167328,-131.284195,984.093323,385.671173,-46.277451,988.108704,299.354401,-262.113342,483.686401,367.156525,-287.332977,87.836121,410.97934,-248.11113,70.080162,300.661621,95.578827,489.159546,373.051941,140.437897,94.139427,412.44812,98.329849,73.338966,321.576385,-175.996841,468.224457,351.244415,-210.555115,93.063431,255.512024,-308.126801,52.749462,213.62674,-240.161301,57.776199,256.132965,165.305054,53.30389,219.878143,98.745285,61.45813,348.349884,65.088387,99.847298,322.550476,3.772012,465.919373
322,0,216.027695,-196.90387,949.434814,227.175797,28.264238,949.214233,382.16684,-131.26857,984.083008,385.634125,-46.284157,988.0849,299.347778,-262.100128,483.697449,367.137604,-287.285858,87.872795,410.961334,-248.123932,70.083183,300.652435,95.612823,489.157898,373.052826,140.436951,94.104935,412.47464,98.38279,73.302467,321.532593,-176.011902,468.211334,351.228394,-210.567352,93.034111,255.509354,-308.111145,52.743832,213.649139,-240.160049,57.780933,256.149567,165.313751,53.307369,219.872345,98.741661,61.423809,348.365417,65.082535,99.848495,322.502167,3.758908,465.929138
323,0,215.998413,-196.913452,949.432922,227.180237,28.286806,949.205872,382.163696,-131.246765,984.090027,385.632202,-46.261314,988.105957,299.318909,-262.086426,483.676422,367.153503,-287.270752,87.907364,410.969177,-248.132355,69.970665,300.616669,95.525169,489.172638,373.043701,140.435654,94.115616,412.432678,98.342644,73.334801,321.547577,-176.012131,468.187592,351.220306,-210.57193,93.058594,255.488037,-308.095093,52.738949,213.604416,-240.156509,57.765141,256.129791,165.31424,53.297329,219.869781,98.739273,61.431885,348.37616,65.106972,99.866776,322.496613,3.780252,465.910522
324,0,215.956406,-196.904373,949.43689,227.143799,28.303112,949.217224,382.144867,-131.255478,984.089233,385.614868,-46.250244,988.117554,299.306305,-262.062897,483.661133,367.120056,-287.293182,87.882805,410.96701,-248.102356,70.064003,300.638763,95.610069,489.160522,373.017059,140.444733,94.110504,412.442566,98.370178,73.31443,321.554535,-175.986359,468.239838,351.194397,-210.542191,93.058601,255.498856,-308.123352,52.775177,213.630768,-240.19165,57.74831,256.141968,165.31636,53.306141,219.866333,98.731178,61.426418,348.309692,65.104446,99.86367,322.501831,3.799132,465.913696
325,0,215.916733,-196.890549,949.435181,227.10434,28.333506,949.210999,382.04953,-131.240387,984.058167,385.595551,-46.265408,988.100708,299.320465,-262.069366,483.655884,367.149506,-287.255005,87.884918,410.959961,-248.109482,70.075424,300.594452,95.648476,489.174744,373.027466,140.432709,94.112961,412.456207,98.355202,73.2808,321.540344,-175.968094,468.195404,351.220093,-210.586029,93.039513,255.503357,-308.108704,52.748623,213.648865,-240.158752,57.784107,256.148254,165.322037,53.320171,219.861237,98.734108,61.442596,348.329681,65.129601,99.891197,322.484894,3.806866,465.944397
326,0,215.906204,-196.871017,949.415771,227.127197,28.348326,949.209839,382.042572,-131.250183,984.076599,385.576813,-46.272884,988.133789,299.328613,-262.059204,483.684387,367.135986,-287.261902,87.847107,410.956635,-248.123444,70.055367,300.627808,95.749939,489.152649,373.068207,140.451645,94.116203,412.430939,98.344894,73.330833,321.519989,-175.963745,468.196869,351.223663,-210.555252,93.032944,255.509796,-308.128784,52.754486,213.640182,-240.170074,57.769436,256.133179,165.315277,53.302292,219.883255,98.739182,61.440113,348.348907,65.102844,99.861565,322.491943,3.809175,465.914246
327,0,215.893692,-196.85231,949.406494,227.121552,28.35997,949.19397,382.015991,-131.23262,984.078247,385.567902,-46.249771,988.140808,299.30899,-262.053833,483.664948,367.148712,-287.275269,87.903481,410.965546,-248.142197,70.045555,300.546936,95.671768,489.155182,373.025848,140.446213,94.089996,412.460419,98.387215,73.283997,321.514191,-175.945374,468.208405,351.216095,-210.521545,93.069618,255.49295,-308.111755,52.741993,213.611435,-240.167496,57.76202,256.123108,165.301865,53.303928,219.895844,98.736771,61.413521,348.340454,65.110069,99.872421,322.450653,3.807787,465.925049
328,0,215.849426,-196.835892,949.418091,227.130356,28.372952,949.194824,382.041779,-131.245468,984.107056,385.540222,-46.256496,988.132874,299.277679,-262.053711,483.686279,367.141754,-287.288635,87.883408,410.991364,-248.102768,70.09655,300.507812,95.676636,489.148163,373.035492,140.484192,94.117043,412.447601,98.402702,73.287743,321.502747,-175.945541,468.210541,351.232086,-210.542389,93.023056,255.493546,-308.107666,52.758766,213.658844,-240.199142,57.740025,256.163727,165.314041,53.308495,219.890228,98.7397,61.434917,348.380859,65.118484,99.847214,322.416138,3.778735,465.95166
329,0,215.823318,-196.803146,949.411682,227.116425,28.428164,949.189026,382.029602,-131.236603,984.114197,385.539124,-46.245186,988.127441,299.298798,-262.036224,483.676178,367.148254,-287.285706,87.889732,410.96759,-248.122818,70.06633,300.480194,95.681984,489.157715,372.986542,140.447083,94.091026,412.425903,98.368248,73.326065,321.540466,-175.963516,468.203857,351.195892,-210.515564,93.04142,255.483658,-308.111694,52.769901,213.656586,-240.156952,57.775639,256.145386,165.31459,53.318382,219.898849,98.729622,61.448013,348.360474,65.126976,99.837875,322.433777,3.802367,465.92572
330,0,215.784027,-196.75618,949.377747,227.112228,28.44647,949.157654,381.945709,-131.207138,984.073608,385.526123,-46.227943,988.146484,299.301575,-262.0336,483.686676,367.151855,-287.296753,87.854248,410.957825,-248.121597,70.065948,300.461426,95.701614,489.155518,373.013763,140.448517,94.092918,412.458069,98.360466,73.318863,321.525208,-175.980957,468.183136,351.220154,-210.619644,93.030846,255.486069,-308.096802,52.757977,213.673431,-240.187698,57.769611,256.13504,165.309402,53.304356,219.880569,98.72522,61.424126,348.373535,65.120399,99.868935,322.492188,3.826231,465.912445
331,0,215.753464,-196.753738,949.380676,227.116241,28.461229,949.155518,381.926483,-131.194641,984.096619,385.504028,-46.239872,988.139465,299.290375,-262.031952,483.683777,367.35733,-287.295929,87.832916,410.972229,-248.145081,69.976143,300.462158,95.863815,489.11496,372.999481,140.452698,94.098442,412.45108,98.409012,73.280853,321.512177,-175.976974,468.190552,351.220673,-210.563766,93.040115,255.506363,-308.129883,52.741676,213.619293,-240.157486,57.771187,256.124603,165.309006,53.31292,219.881607,98.735886,61.424541,348.386505,65.098251,99.851624,322.476013,3.829706,465.922119
332,0,215.75145,-196.72319,949.375732,227.091019,28.49704,949.177185,381.88736,-131.192062,984.058777,385.505341,-46.212265,988.134338,299.322174,-262.029419,483.653442,367.105896,-287.27005,87.848854,410.980713,-248.113663,70.052841,300.452667,95.873894,489.114868,372.997559,140.411514,94.08638,412.472656,98.416145,73.278587,321.539581,-175.960251,468.201141,351.204407,-210.55542,93.042793,255.508148,-308.118103,52.737144,213.677216,-240.179779,57.768692,256.130005,165.290131,53.315498,219.874695,98.727386,61.425606,348.38147,65.088417,99.851097,322.360809,3.828639,465.963165
333,0,215.741104,-196.70137,949.36908,227.086212,28.529173,949.154602,381.840149,-131.176682,984.070618,385.454193,-46.179443,988.130249,299.313202,-262.034332,483.6828,367.304901,-287.28241,87.838943,410.958038,-248.12265,70.062721,300.452271,95.852318,489.091431,372.980072,140.426422,94.095978,412.488525,98.414719,73.293465,321.556,-175.969849,468.178253,351.216431,-210.592224,93.030983,255.518372,-308.127686,52.74416,213.639969,-240.18103,57.784168,256.13385,165.294769,53.293522,219.891907,98.734589,61.425224,348.378052,65.103043,99.843964,322.475464,3.883656,465.950836
334,0,215.692444,-196.700272,949.360901,227.05542,28.534916,949.163025,381.832489,-131.156891,984.079407,385.457367,-46.159691,988.178101,299.358795,-262.028687,483.682587,367.158447,-287.271301,87.927048,410.975647,-248.118591,70.070892,300.446838,95.851822,489.09314,372.977783,140.387375,94.064857,412.467499,98.406769,73.292458,321.553925,-175.961838,468.178955,351.193726,-210.550018,93.062584,255.515549,-308.119934,52.734623,213.677536,-240.200394,57.753376,256.126709,165.292191,53.311882,219.880051,98.729263,61.42149,348.38916,65.123428,99.844398,322.447479,3.84849,465.942444
335,0,215.689697,-196.692551,949.359741,227.018173,28.547863,949.153687,381.849823,-131.138565,984.10614,385.429901,-46.153084,988.148865,299.348175,-262.009857,483.689758,367.166748,-287.300354,87.854836,410.967743,-248.107178,70.094986,300.452576,95.865341,489.077393,372.975433,140.304932,94.102699,412.467072,98.40863,73.288895,321.573517,-175.925232,468.165436,351.193298,-210.55098,93.063812,255.496323,-308.111633,52.74548,213.650803,-240.168381,57.784904,256.123016,165.298264,53.313419,219.881256,98.727379,61.45023,348.375458,65.085854,99.861809,322.46106,3.892183,465.931152
336,0,215.680008,-196.675629,949.3526,226.993317,28.564487,949.14447,381.834106,-131.116211,984.112854,385.42041,-46.159935,988.156677,299.354065,-262.014313,483.656708,367.14032,-287.272766,87.897598,410.949799,-248.099335,70.067406,300.4375,95.84938,489.054657,372.97168,140.311569,94.053688,412.458221,98.407242,73.275887,321.569519,-175.915665,468.174744,351.217255,-210.512009,93.057663,255.505508,-308.108856,52.733093,213.631348,-240.207108,57.763771,256.128204,165.286636,53.286079,219.882874,98.731255,61.450939,348.377228,65.098351,99.876289,322.468201,3.873221,465.956726
337,0,215.667252,-196.688477,949.345947,226.970612,28.560329,949.132324,381.819702,-131.091003,984.101685,385.390747,-46.109386,988.184753,299.35321,-262.002747,483.681152,367.182678,-287.256653,87.904869,410.965546,-248.125748,70.07885,300.441223,95.820847,489.046692,372.910492,140.298859,94.026886,412.448181,98.376091,73.317062,321.566925,-175.907562,468.161652,351.202118,-210.556686,93.056427,255.514679,-308.124023,52.743462,213.636993,-240.159775,57.773521,256.134583,165.282959,53.300404,219.880951,98.71347,61.415771,348.387329,65.106529,99.850052,322.486572,3.866679,465.947144
338,0,215.674484,-196.663162,949.337463,226.76387,28.803179,949.180359,381.768402,-131.046051,984.102417,385.328247,-46.077908,988.171143,299.325592,-261.996277,483.677979,367.387665,-287.227661,87.829628,410.976318,-248.107758,70.0774,300.462463,95.913361,489.11261,372.920532,140.256912,94.031525,412.479156,98.420341,73.309174,321.571289,-175.895935,468.160309,351.191254,-210.583603,93.046936,255.519119,-308.128265,52.757027,213.646317,-240.165009,57.784863,256.129242,165.293152,53.320911,219.889694,98.719437,61.429943,348.38443,65.104073,99.879593,322.509979,3.911753,465.943512
339,0,215.671066,-196.652817,949.339172,226.730072,28.795282,949.175293,381.808838,-131.043365,984.127441,385.340759,-46.035095,988.197998,299.375366,-261.971649,483.674866,367.166443,-287.258667,87.919807,410.985504,-248.069489,70.086983,300.476227,95.792389,489.161621,372.876312,140.235123,93.977844,412.446808,98.397705,73.349243,321.584229,-175.901428,468.166077,351.204529,-210.547318,93.083435,255.493469,-308.129608,52.740688,213.690842,-240.162766,57.767799,256.135315,165.289612,53.300777,219.899063,98.729126,61.429344,348.388702,65.135056,99.877769,322.522339,3.911103,465.945099
340,0,215.632812,-196.656418,949.339539,226.692505,28.822241,949.171936,381.775391,-131.02916,984.150452,385.325745,-46.025082,988.200134,299.386871,-261.972778,483.671844,367.152374,-287.270111,87.879585,410.969391,-248.075546,70.076225,300.538788,96.01107,489.215179,372.850372,140.210037,93.956032,412.454468,98.386627,73.339897,321.561279,-175.893448,468.162933,351.202942,-210.521271,93.041626,255.503265,-308.118774,52.740402,213.640732,-240.187576,57.75034,256.140259,165.30275,53.302711,219.892609,98.732399,61.41951,348.431885,65.126068,99.864372,322.527771,3.950797,465.957825
341,0,215.636871,-196.63414,949.335266,226.678467,28.815823,949.160034,381.721985,-130.976929,984.133545,385.282623,-45.976288,988.21759,299.386963,-261.973602,483.654083,367.169891,-287.271667,87.927292,410.953094,-248.09967,70.056381,300.564362,95.99691,489.241669,372.904663,140.178894,93.985153,412.461151,98.402908,73.334465,321.549835,-175.883591,468.139252,351.195709,-210.532349,93.044037,255.522781,-308.128937,52.723175,213.657364,-240.203873,57.750336,256.130829,165.296112,53.309715,219.882019,98.7351,61.446537,348.397369,65.168549,99.894012,322.539124,3.979967,465.943909
342,0,215.60289,-196.629547,949.309021,226.638565,28.855631,949.153137,381.733032,-130.959793,984.159424,385.289032,-45.937119,988.21875,299.375549,-261.969391,483.659058,367.154236,-287.322083,87.852654,410.963165,-248.115479,70.04287,300.547668,96.001396,489.232178,372.885315,140.226151,93.967606,412.445679,98.39904,73.330742,321.545776,-175.865494,468.144104,351.195648,-210.550491,93.051712,255.50592,-308.130585,52.750996,213.639755,-240.210358,57.772839,256.128754,165.289459,53.314331,219.90538,98.734261,61.419823,348.3992,65.158211,99.829193,322.553436,3.978302,465.965851
343,0,215.575317,-196.613815,949.310852,226.595779,28.876741,949.155823,381.699341,-130.914124,984.149902,385.203064,-45.938782,988.236206,299.440887,-261.955505,483.679871,367.130524,-287.269257,87.876289,410.947876,-248.08667,70.058235,300.555237,95.98056,489.235046,372.972473,140.326035,94.090004,412.477295,98.443306,73.316048,321.552704,-175.864761,468.147736,351.238831,-210.547882,93.022499,255.516144,-308.123444,52.745899,213.656204,-240.185486,57.753483,256.130859,165.346329,53.372097,219.88855,98.726936,61.419369,348.394623,65.132835,99.877121,322.550476,3.967297,465.942383
344,0,215.599762,-196.564545,949.292725,226.550369,28.90822,949.154663,381.676361,-130.851288,984.138977,385.198578,-45.880817,988.212585,299.412354,-261.929626,483.677368,367.160828,-287.238861,87.908035,410.944519,-248.080139,70.075905,300.570007,96.023911,489.233765,373.001831,140.334534,94.104889,412.488861,98.441544,73.313698,321.5271,-175.839203,468.136047,351.179108,-210.56575,93.065147,255.502518,-308.124023,52.735287,213.636734,-240.223145,57.748158,256.137817,165.303864,53.323135,219.901199,98.736389,61.445473,348.391327,65.145615,99.867699,322.594879,4.021142,465.930511
345,0,215.563629,-196.55014,949.289124,226.543076,28.949007,949.149597,381.639252,-130.826904,984.142151,385.158722,-45.865631,988.2229,299.389526,-261.892151,483.665558,367.146759,-287.257202,87.864456,410.896576,-248.104813,69.983459,300.556244,96.068428,489.243958,372.988312,140.341202,94.092422,412.493805,98.458183,73.324188,321.565979,-175.790878,468.148956,351.213104,-210.567413,93.006241,255.500229,-308.129974,52.755291,213.619553,-240.182587,57.759655,256.129822,165.294281,53.296524,219.898346,98.729141,61.448978,348.384338,65.165901,99.89637,322.588837,4.028685,465.964386
346,0,215.554672,-196.525284,949.283569,226.529846,28.980726,949.156128,381.583038,-130.787964,984.145081,385.171539,-45.831142,988.2547,299.394562,-261.867371,483.643951,367.155853,-287.245667,87.898125,410.937683,-248.092361,70.070206,300.559631,96.105469,489.254791,372.986908,140.354568,94.09446,412.476898,98.440392,73.307449,321.51004,-175.784195,468.117523,351.190216,-210.542725,93.009521,255.526779,-308.12265,52.758152,213.634827,-240.187317,57.742535,256.126068,165.299393,53.307392,219.899658,98.744553,61.436691,348.41217,65.159424,99.891617,322.589294,4.03336,465.955811
347,0,215.53685,-196.506622,949.282593,226.506302,28.989489,949.142761,381.618805,-130.770752,984.149841,385.134888,-45.797523,988.268677,299.36911,-261.858368,483.665649,367.162079,-287.221802,87.881668,410.947357,-248.056992,70.073746,300.591095,96.066711,489.246002,372.973724,140.351303,94.089684,412.467316,98.456802,73.302834,321.516022,-175.779419,468.106171,351.221802,-210.544373,93.023033,255.522491,-308.126709,52.742981,213.632538,-240.182556,57.769482,256.119568,165.342545,53.372929,219.904968,98.723656,61.42984,348.384491,65.153168,99.903259,322.564087,4.043182,465.993042
348,0,215.487427,-196.475311,949.2724,226.47084,28.993217,949.126282,381.591217,-130.736649,984.154358,385.104584,-45.783333,988.285889,299.345215,-261.857635,483.656494,367.123627,-287.262421,87.891853,410.958038,-248.080933,70.048111,300.508484,96.116798,489.263,372.980042,140.35849,94.095848,412.471466,98.452637,73.308609,321.480438,-175.731201,468.112518,351.222839,-210.508942,92.978348,255.505554,-308.116425,52.748989,213.625854,-240.195999,57.766575,256.13678,165.297043,53.28923,219.891403,98.7127,61.439938,348.38678,65.164009,99.918915,322.59256,4.090159,465.96228
349,0,215.486801,-196.447739,949.25415,226.479279,29.043253,949.141724,381.568817,-130.725372,984.162903,385.105652,-45.740704,988.265137,299.346924,-261.841583,483.662628,367.148407,-287.2435,87.888435,410.941315,-248.090546,70.074127,300.536896,96.083817,489.264618,373.003235,140.355576,94.093781,412.459351,98.432938,73.348289,321.424896,-175.736679,468.091644,351.212708,-210.528351,92.993225,255.512558,-308.110107,52.745197,213.619553,-240.173676,57.787235,256.133484,165.303986,53.306377,219.90303,98.722717,61.415737,348.41983,65.166512,99.904602,322.587738,4.091978,465.970459
350,0,215.464325,-196.39798,949.24884,226.422424,29.074301,949.153931,381.520142,-130.692368,984.169067,385.0672,-45.725113,988.266052,299.297638,-261.802032,483.65033,367.330109,-287.248779,87.88604,410.93158,-248.069504,70.050186,300.525452,96.07283,489.259247,372.975128,140.357544,94.071411,412.464813,98.466171,73.306534,321.43338,-175.714172,468.057861,351.221954,-210.522018,93.004494,255.522873,-308.094666,52.739468,213.622696,-240.176895,57.754025,256.147797,165.30928,53.282829,219.897797,98.736671,61.415157,348.399078,65.172607,99.904099,322.583679,4.140888,466.003387
351,0,215.445297,-196.371567,949.251099,226.421906,29.109123,949.153931,381.489197,-130.662094,984.141235,385.021667,-45.698402,988.265503,299.275391,-261.776184,483.658051,367.152283,-287.241241,87.899498,410.936005,-248.067734,70.07531,300.525543,96.066261,489.25882,372.987274,140.350266,94.087372,412.473358,98.466164,73.313469,321.417023,-175.705978,468.081085,351.244812,-210.494614,92.983849,255.530212,-308.107727,52.765938,213.595718,-240.190567,57.765484,256.145569,165.306107,53.285851,219.918472,98.742401,61.41188,348.407898,65.198112,99.892113,322.577728,4.1306,465.994751
352,0,215.378845,-196.348511,949.233704,226.626755,28.88068,949.088623,381.475647,-130.640945,984.137268,385.018677,-45.664917,988.282532,299.268951,-261.742798,483.644836,367.146301,-287.268097,87.867409,410.952179,-248.050583,70.068054,300.521393,96.111069,489.280182,373.047089,140.534058,94.138306,412.466675,98.468727,73.299911,321.39798,-175.667038,468.078522,351.238922,-210.50795,92.98761,255.535278,-308.116302,52.729076,213.612381,-240.184067,57.75983,256.149536,165.311615,53.28413,219.906021,98.733765,61.426075,348.402435,65.147888,99.912491,322.538757,4.149302,466.021698
353,0,215.362885,-196.297241,949.221069,226.613571,28.909796,949.099609,381.404266,-130.604736,984.144714,385.004761,-45.648941,988.256897,299.238068,-261.740143,483.658905,367.146637,-287.273224,87.87896,410.935303,-248.079041,70.082397,300.510834,96.116814,489.28833,373.020447,140.512604,94.074768,412.472137,98.468842,73.334717,321.408661,-175.637405,468.081116,351.182861,-210.495605,92.985596,255.510635,-308.109497,52.75592,213.622147,-240.198685,57.738361,256.10614,165.347321,53.352184,219.902039,98.72995,61.413239,348.395905,65.182884,99.920723,322.55188,4.176962,466.010986
354,0,215.343155,-196.252975,949.224487,226.432571,29.154982,949.161316,381.427521,-130.591278,984.173035,384.99472,-45.6376,988.305176,299.215118,-261.708984,483.657135,367.371124,-287.20401,87.915649,410.921844,-248.058075,70.086472,300.477112,96.158463,489.301544,373.042145,140.542023,94.129425,412.453644,98.420509,73.345985,321.401428,-175.611755,468.09082,351.144745,-210.467987,92.99955,255.512619,-308.11261,52.756454,213.619278,-240.18782,57.77301,256.110474,165.351913,53.369789,219.893951,98.747467,61.454716,348.408844,65.158722,99.902763,322.514191,4.160793,466.029266
355,0,215.298187,-196.222717,949.215698,226.410049,29.203041,949.16571,381.376465,-130.593262,984.168152,384.931061,-45.621181,988.31073,299.227081,-261.686737,483.651581,367.353699,-287.21524,87.87886,410.927155,-248.067719,70.081039,300.529541,96.158134,489.295837,373.01001,140.504837,94.09481,412.467743,98.445526,73.307175,321.399292,-175.571167,468.0755,351.212372,-210.469391,93.004044,255.503571,-308.088318,52.742668,213.634796,-240.16362,57.773388,256.139771,165.36882,53.370983,219.885178,98.736244,61.436455,348.388123,65.154442,99.900276,322.506775,4.209293,466.015594
356,0,215.255936,-196.171265,949.202148,226.394257,29.24942,949.151855,381.355377,-130.56073,984.154236,384.909546,-45.599842,988.27417,299.196991,-261.693665,483.643127,367.161285,-287.199371,87.952614,410.922607,-248.054489,70.067947,300.517242,96.177475,489.291779,373.033508,140.521652,94.096489,412.483368,98.455894,73.313057,321.374298,-175.571152,468.063782,351.203186,-210.477264,92.968399,255.50708,-308.10788,52.751366,213.649323,-240.1819,57.736313,256.109497,165.386597,53.338787,219.8927,98.736862,61.431381,348.393036,65.176186,99.8993,322.502167,4.21737,466.019928
357,0,215.247681,-196.143082,949.202454,226.54631,29.059954,949.100952,381.31369,-130.569962,984.198242,384.899811,-45.604149,988.301392,299.19223,-261.674896,483.63089,367.292023,-287.207458,87.900253,410.938446,-248.036926,70.069084,300.520813,96.180679,489.287354,373.002655,140.499084,94.076508,412.477905,98.445465,73.30899,321.361511,-175.564011,468.088409,351.195343,-210.48967,92.982376,255.517059,-308.090973,52.747406,213.648804,-240.163101,57.760117,256.133301,165.332718,53.269852,219.889893,98.75605,61.4277,348.385406,65.172195,99.889565,322.483276,4.23883,466.037567
358,0,215.184906,-196.124374,949.20105,226.525177,29.100311,949.087769,381.263947,-130.534851,984.169495,384.875793,-45.590954,988.327454,299.200989,-261.634583,483.643005,367.146179,-287.212555,87.89167,410.92981,-248.069672,70.078537,300.514648,96.164864,489.275391,372.987518,140.485229,94.059593,412.45163,98.405769,73.342896,321.335938,-175.551529,468.072174,351.19455,-210.452499,93.001198,255.494293,-308.102051,52.752029,213.629822,-240.19664,57.75293,256.121948,165.315323,53.290718,219.911606,98.740097,61.442139,348.394104,65.181892,99.881355,322.505402,4.267652,465.99408
359,0,215.149857,-196.086121,949.184082,226.49971,29.132584,949.079651,381.244812,-130.504684,984.178894,384.8125,-45.55928,988.32251,299.189209,-261.616943,483.626312,367.186249,-287.251892,87.916077,410.940948,-248.00914,70.09845,300.525513,96.192833,489.261871,372.988983,140.450943,94.053825,412.460724,98.448761,73.316002,321.341675,-175.521545,468.063934,351.16095,-210.463043,93.005501,255.495453,-308.093231,52.725719,213.635452,-240.180344,57.749695,256.156219,165.389236,53.264923,219.874115,98.752296,61.415451,348.383453,65.151009,99.903244,322.482758,4.232831,466.031799
360,0,215.099289,-196.088501,949.165161,226.451767,29.160425,949.06543,381.194977,-130.497604,984.188232,384.795349,-45.544163,988.323853,299.194397,-261.623383,483.63446,367.191681,-287.25882,87.878616,410.962982,-248.034775,70.068016,300.569794,96.216232,489.268372,372.941711,140.452881,94.03492,412.454987,98.431046,73.368889,321.350555,-175.521881,468.060822,351.224121,-210.49411,92.968864,255.493103,-308.085236,52.737957,213.621658,-240.183014,57.745205,256.127594,165.43541,53.338772,219.914642,98.765129,61.430462,348.370636,65.174141,99.915718,322.537567,4.27585,466.029358
361,0,215.085037,-196.042969,949.161499,226.420898,29.164526,949.066772,381.158722,-130.502747,984.177185,384.724243,-45.525402,988.333252,299.19458,-261.625946,483.62973,367.14505,-287.26062,87.912003,410.907928,-247.963272,70.026611,300.591553,96.300957,489.283325,372.957611,140.430527,94.03434,412.447845,98.455933,73.309578,321.321564,-175.523849,468.060852,351.206512,-210.489594,92.957954,255.493378,-308.101105,52.758636,213.625229,-240.202347,57.749416,256.172943,165.424316,53.238636,219.904007,98.751114,61.448235,348.34787,65.193069,99.915154,322.523254,4.288438,466.01828
362,0,215.040924,-196.00647,949.141968,226.388031,29.190058,949.050903,381.126404,-130.475784,984.183777,384.697449,-45.497345,988.343933,299.170288,-261.630951,483.626343,367.154724,-287.217407,87.926506,410.977203,-248.017151,70.088905,300.642029,96.325066,489.302795,372.961212,140.450073,94.006966,412.459473,98.410156,73.369858,321.351837,-175.492783,468.069977,351.178833,-210.441742,93.011261,255.506195,-308.106567,52.745388,213.600571,-240.200256,57.750584,256.172699,165.414429,53.239822,219.901108,98.76033,61.443939,348.375854,65.217178,99.889557,322.570465,4.289386,466.018799
363,0,214.998169,-196.007187,949.133057,226.35228,29.223221,949.041687,381.080475,-130.453217,984.201294,384.671692,-45.45911,988.35675,299.206329,-261.599915,483.618195,367.154633,-287.242615,87.955521,411.01358,-248.050598,70.023911,300.64502,96.339561,489.310974,373.005066,140.495605,94.037094,412.480255,98.444954,73.314751,321.349762,-175.513809,468.074097,351.143799,-210.457794,93.024323,255.51239,-308.106812,52.740635,213.644424,-240.179214,57.740578,256.178833,165.456619,53.24015,219.918594,98.750916,61.437805,348.355164,65.183853,99.945427,322.580322,4.292417,466.034576
