,,Lowerbody:LIAS,,,Lowerbody:RIAS,,,Lowerbody:LIPS,,,Lowerbody:RIPS,,,Lowerbody:LFLE,,,Lowerbody:LFAL,,,Lowerbody:LFCC,,,Lowerbody:RFLE,,,Lowerbody:RFAL,,,Lowerbody:RFCC,,,Lowerbody:LFME,,,Lowerbody:LTAM,,,Lowerbody:LFM5,,,Lowerbody:LFM1,,,Lowerbody:RFM5,,,Lowerbody:RFM1,,,Lowerbody:RTAM,,,Lowerbody:RFME,,
1,0,250.297668,-213.024506,935.680237,236.07132,64.429962,941.736694,428.061096,-97.53347,1016.074524,425.29538,-32.245163,1013.192078,307.376373,-255.187393,476.085327,381.903076,-295.778534,94.358322,415.738464,-257.241516,72.025772,296.948181,110.699768,481.459564,394.73584,141.837845,100.251015,421.682556,98.55162,68.748863,304.537598,-153.125656,460.371582,344.364838,-218.909363,99.700584,261.073517,-318.799927,53.731644,219.240616,-252.458038,63.864857,265.058716,165.256714,58.866364,226.203506,104.342247,67.016502,353.543579,70.638031,98.082741,313.977875,12.784854,459.863525
2,0,250.285294,-213.028854,935.667236,236.093231,64.41893,941.725708,428.038727,-97.470108,1015.480774,425.361359,-32.251999,1013.246643,307.354645,-255.199875,476.030731,381.888702,-295.758942,94.305336,415.258575,-256.940643,72.77623,296.715546,110.588943,481.58078,394.642548,141.919052,100.318024,421.623291,98.519844,68.760147,304.536346,-153.129898,460.364655,344.374084,-218.893173,99.708969,260.947784,-318.618896,53.906826,219.261154,-252.464294,63.858799,265.057526,165.261856,58.853886,226.194672,104.343781,67.008255,353.601013,70.478928,97.842232,313.974487,12.772425,459.852417
3,0,250.301743,-213.042267,935.682251,236.092606,64.398605,941.713135,428.176514,-97.613167,1016.112671,425.299164,-32.319473,1013.118408,307.367737,-255.230759,476.087463,381.896362,-295.772919,94.278557,415.303528,-257.018372,72.709915,296.689484,110.547722,481.573975,394.780579,141.825455,100.241333,421.616028,98.507637,68.759064,304.503357,-153.151062,460.364899,344.374176,-218.913361,99.706169,260.920776,-318.643402,53.885189,219.249588,-252.490067,63.851254,265.038452,165.218765,58.861244,226.194275,104.371078,67.017395,353.575836,70.482307,97.924393,313.982697,12.752895,459.832581
4,0,250.341324,-213.075439,935.71106,236.131393,64.356415,941.726807,428.187164,-97.606339,1016.174927,425.319061,-32.350868,1013.147461,307.347687,-255.234268,476.081024,382.029633,-295.848389,94.470901,415.055481,-257.043365,72.129326,296.658844,110.536285,481.587769,394.628967,141.857269,100.236992,421.614929,98.500557,68.762642,304.483643,-153.161301,460.394379,344.36026,-218.906174,99.706223,260.957031,-318.642487,53.876587,219.253662,-252.47699,63.873581,265.062042,165.240295,58.879742,226.206665,104.345428,67.011345,353.58017,70.495148,97.868561,313.502747,12.441251,459.783661
5,0,250.368744,-213.077637,935.700928,236.16098,64.36734,941.708557,428.181458,-97.624344,1015.952087,425.350769,-32.364189,1013.097046,307.352478,-255.232635,476.073883,381.842957,-295.802216,94.405708,415.282288,-257.005402,72.705765,296.858978,110.60627,481.462921,394.916229,142.042221,100.249756,421.609467,98.489052,68.766266,304.488068,-153.193756,460.374207,344.349243,-218.933685,99.723648,260.963165,-318.619568,53.896385,219.242142,-252.488525,63.859993,265.025238,165.261887,58.868977,226.196075,104.364685,67.017082,353.632111,70.527153,97.847763,314.695312,13.450175,459.747955
6,0,250.427658,-213.104843,935.684326,236.185471,64.337601,941.721619,427.70578,-97.403267,1015.026917,425.516846,-32.338398,1013.273376,307.371155,-255.245514,476.057739,381.991699,-295.872559,94.536339,415.080597,-257.059174,72.056282,296.828583,110.59285,481.443878,394.634949,141.905243,100.342026,421.589081,98.472755,68.751923,304.491791,-153.212753,460.373322,344.349182,-218.916214,99.705917,260.965149,-318.627075,53.864296,219.252502,-252.479874,63.856312,265.032837,165.28006,58.865437,226.19957,104.380096,67.021034,353.646454,70.515961,97.812988,314.717346,13.467984,459.698883
7,0,250.434753,-213.138748,935.667847,236.232895,64.341599,941.738831,427.859131,-97.398781,1015.116821,425.433716,-32.39296,1013.158936,307.375702,-255.234299,476.045258,381.863617,-295.824097,94.384651,415.376556,-257.093079,72.528214,296.631256,110.492043,481.577667,394.812012,141.835983,100.266602,421.614685,98.48996,68.748947,304.511871,-153.204254,460.378784,344.350067,-218.906235,99.745728,261.00119,-318.628723,53.895889,219.249893,-252.460175,63.862568,265.062469,165.289017,58.859398,226.206116,104.351601,66.994873,353.633484,70.533493,97.865898,314.002686,12.790247,459.842865
8,0,250.457794,-213.145142,935.687073,236.263306,64.338142,941.728088,428.238434,-97.545151,1015.374451,425.624146,-32.309551,1013.267151,307.410278,-255.281204,475.997284,381.934448,-295.891754,94.530815,415.170258,-257.106781,71.954781,296.84259,110.559364,481.473419,394.750916,141.834686,100.263321,421.591949,98.497711,68.759102,304.524689,-153.201675,460.399506,344.354736,-218.899353,99.724991,261.006561,-318.665894,53.815552,219.248093,-252.467758,63.870689,265.01123,165.321396,58.845314,226.207169,104.387756,66.982567,353.59433,70.535927,97.83905,314.01947,12.765052,459.852325
9,0,250.518616,-213.177841,935.692688,236.29425,64.352074,941.702454,427.895294,-97.456543,1015.143738,425.65802,-32.317413,1013.266418,307.428101,-255.266998,476.024475,381.80603,-295.828003,94.432144,415.436768,-257.137848,72.468513,296.834595,110.546814,481.465088,394.712952,141.848618,100.2939,421.576447,98.484406,68.754524,304.545654,-153.211746,460.405243,344.328857,-218.922958,99.734444,261.004852,-318.641052,53.854885,219.244858,-252.469208,63.855061,265.067902,165.307159,58.856152,226.228729,104.362617,66.997658,353.651062,70.526558,97.834511,314.7211,13.401478,459.737152
10,0,250.568207,-213.167847,935.721985,236.275162,64.30941,941.723755,427.90506,-97.390236,1014.965271,425.512878,-32.362118,1013.138184,307.460205,-255.318283,475.969025,381.82251,-295.825623,94.531281,415.444672,-257.138062,72.418137,296.845245,110.561493,481.473053,394.852356,141.818008,100.301888,421.570648,98.47522,68.751488,304.557129,-153.226517,460.414795,344.347687,-218.926849,99.729973,261.032745,-318.666901,53.809078,219.234695,-252.473648,63.868843,265.028992,165.304214,58.819435,226.241119,104.375366,67.004303,353.663666,70.523956,97.810219,314.635132,13.321696,459.752899
11,0,250.567917,-213.209915,935.70575,236.313171,64.328979,941.692383,427.96698,-97.405853,1014.945251,425.613464,-32.362267,1013.21698,307.486847,-255.32251,475.961334,381.838043,-295.836609,94.401497,415.469086,-257.14801,72.361374,296.683594,110.449036,481.582031,394.76236,141.833954,100.268539,421.565186,98.450523,68.743942,304.55423,-153.253204,460.4245,344.358704,-218.759766,100.080986,261.034271,-318.644806,53.870708,219.212479,-252.460159,63.861309,265.044617,165.344879,58.831165,226.173752,104.343208,66.974358,353.675232,70.567734,97.828102,314.714722,13.391021,459.738403
12,0,250.598816,-213.231689,935.691528,236.313873,64.310097,941.7005,427.950134,-97.415176,1014.986023,425.67572,-32.344402,1013.34259,307.498016,-255.310242,475.949249,381.953949,-295.901917,94.470444,415.253357,-257.178223,71.860756,296.869232,110.529602,481.50592,395.022278,142.053757,100.236275,421.567047,98.463799,68.764771,304.58316,-153.243484,460.443817,344.339722,-218.88829,99.808998,261.031982,-318.649078,53.865238,219.222061,-252.468643,63.879059,265.031342,165.348358,58.824497,226.220093,104.373817,66.954422,353.74234,70.602211,97.751633,314.679443,13.352373,459.758698
13,0,250.616257,-213.205551,935.703308,236.362274,64.315361,941.675964,428.062286,-97.405205,1015.006409,425.727203,-32.347527,1013.352722,307.513123,-255.316589,475.953766,381.779114,-295.825012,94.419571,415.501282,-257.161194,72.307617,296.87207,110.532364,481.49054,394.839844,141.792038,100.237083,421.557983,98.470329,68.727417,304.602661,-153.240295,460.440704,344.343658,-218.883499,99.816208,261.015656,-318.683044,53.826218,219.227066,-252.467361,63.845871,265.03717,165.328934,58.858334,226.210663,104.347191,66.900955,353.704681,70.597778,97.796684,314.161316,12.883524,459.776306
14,0,250.651535,-213.202759,935.704468,236.321899,64.262253,941.691833,427.999939,-97.407806,1015.008118,425.713135,-32.334179,1013.342957,307.575775,-255.324875,475.954041,381.827484,-295.804321,94.361603,415.501862,-257.137177,72.265991,296.705872,110.469658,481.553772,394.893707,141.767166,100.249474,421.540955,98.46611,68.733627,304.616943,-153.241638,460.461304,344.346497,-218.876724,99.841331,261.044861,-318.652557,53.859119,219.225174,-252.453156,63.856594,265.021912,165.327942,58.837105,226.195572,104.315781,66.93457,353.720215,70.62059,97.780922,314.225189,12.929708,459.77298
15,0,250.654663,-213.254425,935.71167,236.346481,64.283173,941.689453,428.243469,-97.500336,1015.847534,425.704926,-32.375233,1013.372192,307.567841,-255.332794,475.985809,381.810791,-295.866821,94.44355,415.436615,-257.16098,72.309433,296.736328,110.456123,481.561249,394.906189,141.799255,100.271919,421.566833,98.471481,68.749596,304.625885,-153.254227,460.480194,344.36319,-218.726074,100.093781,261.035065,-318.664673,53.824646,219.224106,-252.445541,63.860298,265.049774,165.371399,58.84531,226.239914,104.291618,66.9487,353.662994,70.645248,97.828873,314.669861,13.331801,459.750885
16,0,250.660263,-213.244568,935.719116,236.3918,64.275024,941.66449,428.065216,-97.451096,1015.000488,425.779877,-32.3839,1013.343079,307.627625,-255.311249,476.027435,381.909424,-295.906433,94.624718,415.240265,-257.151306,71.995964,296.751404,110.445274,481.555664,394.934662,141.784744,100.219803,421.536133,98.462051,68.772926,304.657715,-153.26741,460.483765,344.342773,-218.881287,99.847305,261.029846,-318.64447,53.850731,219.221878,-252.459198,63.859142,265.067841,165.359375,58.861965,226.215469,104.189919,66.985992,353.705902,70.603355,97.808678,314.235016,12.896402,459.826752
17,0,250.654037,-213.262955,935.704895,236.385971,64.239578,941.673218,428.05835,-97.431122,1015.004272,425.7901,-32.402,1013.355957,307.615479,-255.356216,475.954315,381.792328,-295.858398,94.383118,415.453156,-257.217926,72.335663,296.792664,110.468918,481.568878,394.806824,141.817551,100.262962,421.56781,98.476944,68.730209,304.670532,-153.287445,460.472565,344.325745,-218.874268,99.870667,261.184937,-318.823181,53.648148,219.215408,-252.462631,63.874817,265.033508,165.365356,58.853073,226.174347,104.12709,67.007179,353.677429,70.555992,97.859238,314.713654,13.335689,459.773621
18,0,250.679108,-213.244125,935.690979,236.397858,64.220734,941.665649,428.044495,-97.439491,1015.101196,425.729736,-32.400574,1013.348206,307.660828,-255.340515,475.957855,381.875641,-295.907104,94.748672,415.265228,-257.127106,71.930389,296.798035,110.458611,481.579559,394.8862,141.756973,100.224976,421.552246,98.487602,68.723907,304.722992,-153.262756,460.493286,344.311951,-218.885971,99.845863,261.063721,-318.69754,53.774406,219.223633,-252.460663,63.86607,265.052032,165.400635,58.851528,226.170227,104.15976,67.006943,353.670837,70.535545,97.880119,313.943756,12.63181,459.800201
19,0,250.72316,-213.249008,935.678711,236.387283,64.199951,941.647949,428.136047,-97.49617,1015.123108,425.802032,-32.436398,1013.38446,307.680481,-255.359238,475.980835,381.824677,-295.814911,94.415894,415.519745,-257.149139,72.307632,296.858093,110.458595,481.581299,394.848907,141.778214,100.214127,421.576141,98.510368,68.720856,304.762054,-153.259033,460.489532,344.341949,-218.883636,99.860855,261.230682,-318.832001,53.628254,219.212463,-252.447754,63.851902,265.044617,165.358704,58.871475,226.195648,104.138,67.002731,353.632324,70.550453,97.838745,314.376343,12.901101,459.845856
20,0,250.732544,-213.277481,935.709717,236.446014,64.23262,941.619568,428.058716,-97.463577,1015.022522,425.813873,-32.43293,1013.382568,307.749573,-255.363251,476.012848,381.803314,-295.822876,94.503799,415.44809,-257.168488,72.388023,296.871704,110.450325,481.572418,395.092316,141.718842,100.202065,421.565369,98.480141,68.741127,304.793945,-153.258316,460.505859,344.325714,-218.903229,99.849106,261.116058,-318.713257,53.805359,219.2276,-252.458633,63.858112,265.041138,165.358963,58.834324,226.20163,104.154564,67.017174,353.682587,70.515953,97.839348,314.372772,12.879951,459.821167
21,0,250.735306,-213.301895,935.674561,236.456772,64.221855,941.640625,428.157806,-97.520615,1015.061279,425.741669,-32.425564,1013.373962,307.763031,-255.376755,475.955017,381.785706,-295.821106,94.547165,415.480225,-257.151215,72.341553,296.872711,110.448395,481.586853,394.719879,141.865601,100.377228,421.580719,98.481606,68.773743,304.802124,-153.273209,460.492462,344.330627,-218.898575,99.855148,261.09317,-318.673401,53.807224,219.225967,-252.467667,63.882843,265.056335,165.305695,58.855251,226.201157,104.131783,67.002274,353.697052,70.503769,97.827934,314.791687,13.304057,459.771667
22,0,250.714569,-213.34346,935.677856,236.491684,64.19648,941.641174,428.126617,-97.487831,1015.02063,425.752502,-32.427593,1013.372681,307.715027,-255.362091,475.925018,381.811157,-295.830566,94.517586,415.470123,-257.159149,72.350937,296.870544,110.416428,481.601868,394.863434,141.808594,100.292969,421.555664,98.486595,68.734871,304.800842,-153.292831,460.497955,344.341461,-218.893051,99.842934,261.101654,-318.674927,53.829098,219.234146,-252.469482,63.846386,264.998016,165.238007,58.870197,226.181396,104.13063,67.007378,353.668854,70.496803,97.868065,314.387451,12.886782,459.815125
23,0,250.723892,-213.365433,935.685486,236.473511,64.13324,941.671692,428.041901,-97.447144,1014.975281,425.874176,-32.419216,1013.374329,307.676147,-255.387222,475.967957,381.779938,-295.841522,94.507858,415.487823,-257.14978,72.361244,296.900909,110.410194,481.6138,394.821747,141.802979,100.286621,421.569427,98.470901,68.749664,304.759399,-153.284103,460.513916,344.358673,-218.759354,100.062225,261.055847,-318.699188,53.802551,219.197266,-252.448196,63.868896,265.040619,165.263885,58.896221,226.188446,104.124687,66.976357,353.672882,70.531181,97.844475,314.053101,12.582505,459.758118
24,0,250.764816,-213.356766,935.711243,236.489365,64.122963,941.678772,428.187408,-97.457352,1015.143372,425.915039,-32.469711,1013.337952,307.649994,-255.364685,475.985992,381.764526,-295.833984,94.562782,415.290192,-257.039154,72.633156,296.862427,110.402153,481.578156,394.776276,141.80278,100.276062,421.545959,98.483589,68.742134,304.778717,-153.294571,460.503326,344.329468,-218.883667,99.863235,261.104553,-318.692322,53.795258,219.224976,-252.472519,63.86351,265.051208,165.253113,58.87648,226.210922,104.133133,67.002632,353.675659,70.502884,97.881508,314.397522,12.852564,459.778442
25,0,250.779419,-213.395004,935.759155,236.591141,64.195404,941.65686,427.945129,-97.421013,1014.762756,425.959839,-32.480598,1013.300781,307.664795,-255.378403,475.966187,381.833405,-295.829224,94.49424,415.558258,-257.205139,72.295952,297.095459,110.494225,481.510803,394.823975,141.857437,100.311707,421.550079,98.480667,68.738968,304.760956,-153.307358,460.507874,344.330048,-218.87413,99.869858,261.124786,-318.696075,53.768597,219.216415,-252.480743,63.868069,265.041779,165.236679,58.859413,226.21965,104.137421,67.024391,353.703979,70.520508,97.79554,314.503662,12.895098,459.807831
26,0,250.791992,-213.403809,935.733887,236.601181,64.169174,941.663757,428.181305,-97.552208,1014.945007,425.903717,-32.574459,1013.227722,307.612976,-255.396851,476.028625,381.913422,-295.937073,94.68586,415.249115,-257.190277,71.917618,297.109863,110.481773,481.490112,394.816406,141.81987,100.259048,421.539856,98.467384,68.750496,304.759674,-153.325165,460.515839,344.345734,-218.892639,99.87001,261.084015,-318.66745,53.857128,219.234009,-252.460388,63.865177,265.013672,165.251328,58.866844,226.196716,104.116814,67.004707,353.698273,70.565758,97.804596,314.090759,12.538183,459.752228
27,0,250.784882,-213.425797,935.735352,236.642899,64.146576,941.672058,427.983124,-97.57988,1014.810669,426.024323,-32.546047,1013.330078,307.581696,-255.406677,475.991608,381.801605,-295.872192,94.463806,415.474152,-257.19751,72.355644,296.921814,110.371376,481.576843,394.992798,141.830109,100.289711,421.568085,98.474625,68.721512,304.725128,-153.345825,460.518372,344.324646,-218.897293,99.865433,261.064178,-318.694305,53.820499,219.214188,-252.458481,63.88673,264.991089,165.206406,58.84037,226.185364,104.147667,67.013382,353.722992,70.580856,97.768387,314.502502,12.86511,459.773315
28,0,250.811661,-213.407501,935.771057,236.661606,64.122734,941.664246,428.185089,-97.596848,1014.917114,425.931366,-32.607159,1013.201721,307.577576,-255.44873,475.979645,381.771423,-295.880981,94.541557,415.515625,-257.156982,72.299774,297.074829,110.441277,481.50415,394.87851,141.8004,100.232613,421.576019,98.489174,68.728966,304.703369,-153.357773,460.524109,344.342346,-218.893906,99.865074,261.05014,-318.678497,53.833378,219.218094,-252.476089,63.886574,265.015564,165.23584,58.84351,226.200089,104.13546,67.01461,353.731506,70.575623,97.765289,314.063934,12.521545,459.775177
29,0,250.825882,-213.414154,935.760132,236.681732,64.130333,941.663879,428.128906,-97.571404,1014.934082,426.058319,-32.606739,1013.216858,307.556335,-255.432343,476.000244,381.925751,-295.942413,94.696472,415.257904,-257.201508,71.88887,296.906189,110.340324,481.58667,395.004059,141.794113,100.253868,421.608429,98.467911,68.711655,304.712433,-153.349701,460.52002,344.332397,-218.924393,99.848732,261.043121,-318.684387,53.812527,219.219299,-252.468521,63.880497,265.026489,165.223633,58.845673,226.195953,104.131973,67.017372,353.730499,70.588593,97.754608,314.073456,12.498079,459.771851
30,0,250.856247,-213.438309,935.765381,236.729874,64.105232,941.658997,428.070007,-97.489029,1014.904968,426.089966,-32.605713,1013.218018,307.581787,-255.42128,475.978119,381.767426,-295.882538,94.589706,415.357544,-257.09259,72.558411,296.916107,110.344902,481.582825,394.70285,141.849167,100.206871,421.581482,98.48188,68.745865,304.729706,-153.345154,460.531921,344.350464,-218.922852,99.844154,261.060944,-318.669922,53.807602,219.220062,-252.474762,63.875175,265.024017,165.233932,58.868546,226.195068,104.143753,66.999352,353.740875,70.589973,97.743088,314.030548,12.500176,459.787292
31,0,250.831512,-213.458374,935.730347,236.740616,64.112312,941.660461,428.120148,-97.563095,1014.838562,426.13559,-32.629124,1013.211975,307.594238,-255.442673,475.970337,381.808746,-295.875549,94.458199,415.480652,-257.135406,72.359512,296.921875,110.336517,481.581512,394.957275,141.799896,100.224335,421.561249,98.454346,68.712112,304.706848,-153.355545,460.525787,344.319,-218.776962,100.076622,261.019287,-318.662964,53.825382,219.233017,-252.46846,63.850761,264.997803,165.213974,58.844673,226.221191,104.139214,67.021706,353.721985,70.586334,97.797882,314.065826,12.486466,459.77005
32,0,250.843994,-213.465012,935.730652,236.781494,64.126335,941.652161,428.18399,-97.54348,1014.850281,426.241028,-32.647293,1013.158813,307.537994,-255.451736,476.002899,381.751251,-295.892242,94.561829,415.420471,-257.09137,72.470879,296.921265,110.340042,481.577911,394.93576,141.809708,100.254204,421.599945,98.469299,68.731537,304.709991,-153.382324,460.523895,344.345276,-218.783356,100.09626,261.026642,-318.668549,53.794529,219.224594,-252.469772,63.877895,265.023285,165.225098,58.833233,226.204666,104.139465,66.978981,353.750275,70.595917,97.738533,313.974823,12.412898,459.839752
33,0,250.903244,-213.448212,935.774048,236.800629,64.082207,941.680847,428.149567,-97.600136,1014.825684,426.190247,-32.624962,1013.198364,307.518372,-255.462112,475.968872,381.808655,-295.859863,94.390602,415.477051,-257.208557,72.324486,296.863983,110.327126,481.596893,394.801605,141.814224,100.26236,421.559998,98.464981,68.712677,304.671692,-153.404343,460.524353,344.349823,-218.917816,99.853859,261.00058,-318.674713,53.898712,219.226868,-252.46286,63.881374,265.04126,165.221359,58.858616,226.19281,104.141754,67.016396,353.652191,70.64695,97.796814,314.399445,12.785381,459.788025
34,0,250.921906,-213.47258,935.805725,236.839325,64.097954,941.662781,428.388306,-97.687195,1015.014893,426.239655,-32.655819,1013.13269,307.528992,-255.485474,475.989777,381.775543,-295.897034,94.535118,415.490082,-257.207825,72.295616,296.846985,110.317467,481.568237,394.918335,141.789139,100.201607,421.574646,98.462318,68.737938,304.658539,-153.423904,460.527374,344.357025,-218.889252,99.848457,261.026184,-318.676117,53.825714,219.232224,-252.465195,63.873745,265.010406,165.198059,58.879082,226.183258,104.127655,67.0121,353.6875,70.61898,97.80938,313.976593,12.460361,459.739044
35,0,250.93869,-213.465179,935.820007,236.863785,64.094154,941.665771,428.175598,-97.553757,1014.617432,426.247131,-32.686916,1013.012634,307.499817,-255.495483,476.00531,381.779724,-295.885223,94.503403,415.371674,-257.118439,72.496254,296.858643,110.305656,481.588318,395.098083,141.851929,100.153954,421.60788,98.454636,68.736778,304.643494,-153.417068,460.531372,344.33786,-218.913925,99.857491,261.159454,-318.825836,53.705956,219.228165,-252.464539,63.87183,264.992798,165.178955,58.860519,226.206528,104.118736,67.035774,353.648895,70.629051,97.798912,313.974915,12.468189,459.756287
36,0,250.970032,-213.49678,935.835571,236.879623,64.107513,941.655701,428.088531,-97.586121,1014.606567,426.295502,-32.649338,1013.099915,307.507812,-255.48616,475.981201,381.830017,-295.879608,94.390518,415.417694,-257.124023,72.447853,296.99472,110.379601,481.49884,394.719727,141.855896,100.315025,421.58786,98.46788,68.709038,304.630432,-153.429077,460.528198,344.32962,-218.915924,99.867912,261.068817,-318.672607,53.830589,219.245361,-252.47345,63.865677,265.015167,165.20842,58.867882,226.181717,104.197388,67.008339,353.713989,70.60215,97.765915,313.954285,12.436718,459.738342
37,0,250.988571,-213.50499,935.817139,236.943283,64.115601,941.664612,428.198364,-97.59565,1014.707581,426.275269,-32.730778,1013.030029,307.477509,-255.52681,475.961182,381.818054,-295.883636,94.334023,415.301147,-257.137665,72.167442,296.890045,110.310028,481.593933,394.835999,141.810806,100.25795,421.573975,98.481445,68.731979,304.622314,-153.4431,460.52356,344.340973,-218.933395,99.864983,261.051514,-318.721252,53.783131,219.246735,-252.449692,63.86681,265.031982,165.234665,58.846779,226.191971,104.202866,66.984421,353.71228,70.584808,97.7621,313.851868,12.431955,459.767578
38,0,250.983978,-213.548706,935.809326,236.942581,64.071205,941.695862,428.419556,-97.68042,1014.630188,426.407654,-32.698143,1013.097778,307.441101,-255.539749,475.960052,381.844574,-295.862183,94.273849,415.496979,-257.174347,72.325592,296.846863,110.277283,481.601044,394.756531,141.780182,100.263504,421.597168,98.464424,68.706787,304.623657,-153.457092,460.511353,344.328827,-218.902695,99.839561,261.048523,-318.693787,53.826218,219.21347,-252.454407,63.880138,265.023315,165.239182,58.902691,226.206635,104.216995,66.980019,353.720947,70.581291,97.706665,314.728882,13.162805,459.720367
39,0,251.016266,-213.543503,935.818298,236.9431,64.018768,941.691406,428.122498,-97.636513,1014.560608,426.491913,-32.7416,1013.019775,307.461273,-255.538345,475.972443,381.933411,-295.948364,94.728012,415.31723,-257.220123,71.846581,296.85379,110.273857,481.613953,394.878113,141.78157,100.272476,421.550293,98.447266,68.708412,304.58844,-153.477402,460.536224,344.347809,-218.941681,99.825302,261.045013,-318.712036,53.812172,219.24231,-252.474243,63.858242,265.053772,165.232681,58.876221,226.205505,104.211304,67.004997,353.70639,70.56926,97.741402,313.943817,12.444407,459.774628
40,0,251.069336,-213.533981,935.862122,236.997345,64.033852,941.68512,428.441986,-97.673729,1014.607666,426.480072,-32.733459,1012.977356,307.44281,-255.528427,476.028229,381.81073,-295.869904,94.494865,415.451691,-257.210846,72.44767,296.807617,110.272774,481.594482,394.896301,141.775589,100.260544,421.560486,98.44899,68.728561,304.585907,-153.471725,460.540466,344.351044,-218.919205,99.820488,261.042694,-318.702423,53.814205,219.238419,-252.458481,63.873947,265.036926,165.235046,58.857422,226.230576,104.221672,66.996796,353.662689,70.611008,97.774132,314.284515,12.705225,459.808167
41,0,251.07312,-213.533661,935.859558,237.016617,64.039284,941.707642,428.336029,-97.593994,1014.633789,426.538788,-32.782494,1012.838501,307.463806,-255.52243,476.014862,381.805023,-295.883209,94.403282,415.565186,-257.220245,72.237183,296.948456,110.353668,481.527893,394.813995,141.840408,100.253426,421.583466,98.457695,68.717827,304.577789,-153.479202,460.54071,344.330292,-218.930283,99.810303,261.0802,-318.698273,53.808559,219.229431,-252.444031,63.874157,265.031128,165.209229,58.844997,226.241791,104.262138,66.988945,353.709595,70.672348,97.709541,314.30365,12.751095,459.799133
42,0,251.10144,-213.560959,935.844971,237.072723,64.061272,941.692383,428.326508,-97.580605,1014.647705,426.526276,-32.750759,1012.826416,307.457397,-255.528839,475.979156,381.759216,-295.901428,94.484268,415.490753,-257.191742,72.281174,296.776215,110.265976,481.595795,394.828827,141.81163,100.257561,421.576355,98.458504,68.7099,304.582611,-153.469284,460.554626,344.345581,-218.931763,99.797371,261.034271,-318.679749,53.809551,219.235535,-252.444687,63.863792,265.031036,165.241959,58.843277,226.249695,104.251183,66.975983,353.72345,70.591591,97.73175,314.341339,12.764873,459.762665
43,0,251.117676,-213.569778,935.83313,237.097443,64.031784,941.716064,428.491089,-97.620392,1014.654419,426.632477,-32.769791,1012.852295,307.448669,-255.524658,475.957489,381.818237,-295.892548,94.37252,415.541534,-257.197021,72.247223,296.751801,110.260139,481.589661,394.879333,141.795853,100.239441,421.584564,98.472588,68.71701,304.576569,-153.49321,460.540192,344.328217,-218.927567,99.773964,261.05249,-318.649078,53.869801,219.224152,-252.468948,63.881321,265.038818,165.234497,58.905132,226.225861,104.26368,66.975685,353.724213,70.567757,97.72963,314.3367,12.775561,459.775848
44,0,251.187439,-213.569839,935.90155,237.138184,64.041107,941.706238,428.479279,-97.600227,1014.633057,426.663452,-32.74807,1012.815735,307.449097,-255.532974,475.998016,381.80423,-295.880341,94.411301,415.535767,-257.211609,72.241508,296.960266,110.328865,481.520386,394.937592,141.780975,100.238289,421.565125,98.45797,68.698349,304.598633,-153.487579,460.541412,344.336273,-218.944229,99.782295,261.08902,-318.684845,53.800777,219.229385,-252.480453,63.883835,265.012512,165.266754,58.841312,226.25383,104.227448,66.99263,353.719666,70.588722,97.74102,313.969421,12.433153,459.797485
45,0,251.214447,-213.55629,935.876526,237.154144,64.02668,941.729492,428.390686,-97.577995,1014.498962,426.655121,-32.779034,1012.702209,307.483734,-255.532715,476.007446,381.805084,-295.876984,94.517319,415.563385,-257.23465,72.206062,296.800934,110.256592,481.600403,394.952759,141.738525,100.216316,421.57489,98.493782,68.677452,304.608124,-153.500748,460.541626,344.322784,-218.95723,99.756561,261.061432,-318.68808,53.848778,219.222,-252.461609,63.87925,265.018127,165.237091,58.870686,226.25589,104.196793,66.991081,353.722565,70.559685,97.751915,314.36557,12.751525,459.795258
46,0,251.237625,-213.604889,935.869446,237.178757,64.009766,941.747986,428.652924,-97.637215,1014.886047,426.720306,-32.777241,1012.792847,307.482056,-255.522095,475.981384,381.85318,-295.874207,94.364624,415.556824,-257.257538,72.27652,296.94165,110.321709,481.507507,394.756439,141.832657,100.190323,421.578613,98.458977,68.692513,304.616089,-153.502213,460.543152,344.330353,-218.933807,99.761993,261.028656,-318.670837,53.864582,219.243027,-252.466766,63.877247,265.010925,165.199295,58.88974,226.2491,104.170082,66.996483,353.751495,70.596222,97.682289,314.331085,12.73964,459.764038
47,0,251.28421,-213.612305,935.884583,237.19017,64.011246,941.747253,428.608521,-97.627884,1014.81488,426.749847,-32.769997,1012.759705,307.485046,-255.528625,476.006409,381.79068,-295.875061,94.37764,415.441223,-257.169891,72.396538,296.788086,110.236359,481.608704,394.847412,141.814453,100.220421,421.575439,98.483154,68.689438,304.61853,-153.491562,460.549255,344.328217,-218.947067,99.749153,260.995972,-318.662201,53.873676,219.236588,-252.463425,63.889957,264.99588,165.266373,58.872787,226.22084,104.13047,67.005806,353.708588,70.589378,97.748184,314.350189,12.750936,459.775238
48,0,251.318039,-213.617691,935.882507,237.24498,64.030418,941.723572,428.612579,-97.598846,1014.574036,426.648773,-32.784634,1012.631653,307.506989,-255.558014,475.982056,381.845703,-295.871277,94.293274,415.492035,-257.175598,72.30088,296.958923,110.307281,481.527771,394.885315,141.776794,100.180511,421.590607,98.483681,68.661598,304.672089,-153.490204,460.55896,344.335693,-218.952042,99.737663,261.002014,-318.655853,53.869595,219.24382,-252.451508,63.875942,265.013123,165.276535,58.862778,226.253845,104.133301,67.014252,353.76474,70.576393,97.698181,314.376282,12.73803,459.802734
49,0,251.350433,-213.610626,935.914978,237.280685,64.021187,941.7323,428.590424,-97.594452,1014.610901,426.61734,-32.791603,1012.603149,307.504303,-255.546326,476.05835,381.851593,-295.863403,94.350578,415.535675,-257.212799,72.296951,296.799316,110.249939,481.592743,395.046234,141.750565,100.163002,421.575867,98.48996,68.69239,304.669922,-153.490387,460.553406,344.352325,-218.963318,99.743004,261.021484,-318.685516,53.81728,219.257675,-252.449661,63.880959,265.042603,165.288223,58.86134,226.20285,104.136108,67.001389,353.726105,70.527321,97.742912,313.965546,12.429575,459.730316
50,0,251.42514,-213.580032,935.927063,237.307724,64.01696,941.734009,428.907562,-97.659691,1014.818787,426.599884,-32.825775,1012.595886,307.598022,-255.540695,476.001343,381.834015,-295.880554,94.464943,415.449829,-257.190765,72.365265,296.98645,110.312553,481.525543,395.010162,141.801056,100.200775,421.593292,98.510452,68.657776,304.69342,-153.494461,460.561615,344.35434,-218.960892,99.744232,261.03653,-318.676361,53.828808,219.250046,-252.458878,63.879082,265.016998,165.259155,58.82402,226.227631,104.137543,67.023842,353.729218,70.528969,97.741081,314.366455,12.72252,459.777405
51,0,251.48436,-213.592377,935.909912,237.330688,63.989208,941.753662,428.56662,-97.56517,1014.469727,426.613434,-32.804367,1012.579468,307.650635,-255.539246,476.013214,381.828705,-295.884369,94.381752,415.529144,-257.2211,72.261017,296.842377,110.240395,481.635468,395.002167,141.757935,100.166862,421.600708,98.473801,68.659447,304.706787,-153.48288,460.550812,344.401184,-218.789352,100.066902,261.081696,-318.662354,53.803448,219.240387,-252.460098,63.879257,265.026337,165.213348,58.837715,226.231644,104.117729,66.994118,353.725861,70.535187,97.7631,314.807983,13.159616,459.688171
52,0,251.503113,-213.616302,935.921936,237.347656,63.981136,941.758972,428.654297,-97.599464,1014.58252,426.63031,-32.819401,1012.533325,307.646362,-255.550568,476.022736,381.861938,-295.853058,94.285393,415.493134,-257.163879,72.40876,296.886902,110.269386,481.621857,395.198517,141.867828,100.14492,421.602386,98.499573,68.666733,304.734467,-153.494202,460.556396,344.364716,-218.920349,99.864082,261.011932,-318.656036,53.908184,219.237213,-252.450821,63.875072,265.069305,165.263199,58.871475,226.220764,104.118629,66.977402,353.727203,70.524406,97.780647,314.825012,13.174551,459.711884
53,0,251.545883,-213.595398,935.911316,237.427658,64.028343,941.744995,428.782532,-97.608124,1014.695312,426.726624,-32.755459,1012.606628,307.660492,-255.541779,476.001099,381.840759,-295.882385,94.337723,415.516327,-257.234344,72.26252,297.00885,110.331177,481.5495,395.093109,141.747299,100.135292,421.601746,98.493248,68.682808,304.742371,-153.479919,460.556244,344.383942,-218.920166,99.854332,260.997711,-318.665253,53.848335,219.240845,-252.459076,63.867325,265.0065,165.253159,58.879463,226.241409,104.10022,67.012199,353.755402,70.543167,97.76577,314.44812,12.765059,459.80127
54,0,251.591629,-213.587326,935.934265,237.434891,64.039413,941.746765,428.964355,-97.646255,1014.713257,426.709259,-32.791023,1012.488953,307.673584,-255.559387,476.004242,381.829865,-295.870911,94.393028,415.460815,-257.172333,72.375084,296.862793,110.255936,481.610565,395.081573,141.852631,100.150467,421.589539,98.483192,68.685471,304.769379,-153.48024,460.5513,344.374359,-218.804947,100.057968,261.080353,-318.711914,53.786133,219.243118,-252.467072,63.885517,265.024902,165.227554,58.890678,226.240341,104.112709,67.010246,353.735352,70.535904,97.775139,314.036835,12.459388,459.77594
55,0,251.657104,-213.561249,935.964783,237.48175,64.033279,941.773743,429.005066,-97.628746,1014.565796,426.832489,-32.777302,1012.52948,307.688263,-255.584839,476.016479,381.773987,-295.873596,94.586403,415.461273,-257.162262,72.345619,296.878052,110.249672,481.621338,395.024933,141.737091,100.149002,421.582306,98.48188,68.663216,304.779327,-153.465012,460.560333,344.382263,-218.923462,99.822647,261.0448,-318.6586,53.875969,219.251221,-252.464767,63.878796,265.026154,165.246338,58.855968,226.231079,104.102539,66.995026,353.737122,70.517311,97.766167,314.808807,13.169726,459.740082
56,0,251.716858,-213.580948,935.950012,237.560471,64.070534,941.7677,428.870361,-97.510612,1014.623169,426.744629,-32.798168,1012.461426,307.701019,-255.560333,476.001495,381.846466,-295.860596,94.429474,415.54071,-257.288422,72.207932,297.069214,110.338928,481.55246,394.755127,141.887985,100.295998,421.58786,98.489204,68.675232,304.781036,-153.464523,460.554962,344.409088,-218.777985,100.094376,261.046967,-318.660156,53.842979,219.263901,-252.447067,63.876747,265.0578,165.267288,58.863865,226.225342,104.139046,67.002075,353.764404,70.534027,97.75193,314.056946,12.466166,459.818726
57,0,251.745789,-213.580994,935.935059,237.593796,64.07193,941.783936,429.053558,-97.570312,1014.686584,426.753296,-32.805702,1012.393616,307.695374,-255.543976,475.996857,381.846069,-295.884857,94.376678,415.555847,-257.244293,72.186882,296.923859,110.26667,481.644012,394.922028,141.812317,100.254951,421.598511,98.491653,68.703362,304.780334,-153.468002,460.554413,344.358521,-218.809448,100.060135,261.016663,-318.681427,53.825954,219.252899,-252.446686,63.874683,265.051239,165.251144,58.862667,226.234634,104.114975,67.000931,353.732086,70.542839,97.785583,314.521729,12.813128,459.784882
58,0,251.801102,-213.561035,935.967651,237.618103,64.052803,941.802551,428.756042,-97.448181,1014.564636,426.765045,-32.814335,1012.4328,307.716766,-255.539505,476.012543,381.964417,-295.941101,94.460617,415.315704,-257.208771,71.823929,296.929596,110.279091,481.630981,394.784332,141.843567,100.226715,421.595245,98.488503,68.689804,304.809967,-153.465485,460.575317,344.361847,-218.926407,99.850052,261.02063,-318.706818,53.83213,219.242554,-252.469086,63.877769,265.000031,165.22789,58.896954,226.205276,104.142204,66.980507,353.736328,70.504089,97.789383,314.084229,12.486571,459.78183
59,0,251.835312,-213.557388,935.986145,237.625824,64.042709,941.829407,428.988098,-97.49144,1014.66156,426.966888,-32.713459,1012.519836,307.774353,-255.524994,476.062805,381.863922,-295.881622,94.389153,415.408264,-257.164764,72.365944,296.941284,110.287834,481.631226,395.058411,141.93692,100.242447,421.578003,98.492104,68.670937,304.810333,-153.452271,460.574158,344.365143,-218.797226,100.069656,261.056335,-318.656372,53.866879,219.251678,-252.466507,63.87151,265.024567,165.23201,58.882114,226.22319,104.099747,67.016006,353.730408,70.551025,97.78772,314.07724,12.47895,459.762878
60,0,251.877899,-213.553589,936.004395,237.68457,64.090393,941.824707,429.000122,-97.448738,1014.553894,426.944061,-32.772457,1012.371887,307.78595,-255.530151,476.039398,381.854218,-295.880005,94.438583,415.546051,-257.211121,72.239578,296.945801,110.30127,481.615051,394.831268,142.020782,100.277573,421.588226,98.499428,68.667778,304.826965,-153.45343,460.589569,344.366852,-218.806396,100.076439,261.199799,-318.812744,53.680458,219.251755,-252.436905,63.863239,265.016418,165.274734,58.87484,226.253769,104.10022,67.023476,353.752747,70.528397,97.772728,314.495728,12.794255,459.846588
61,0,251.962219,-213.530518,936.01355,237.744644,64.094406,941.798706,429.025391,-97.436577,1014.522583,427.005981,-32.733372,1012.438782,307.801544,-255.531403,476.048004,381.830536,-295.878113,94.440056,415.477631,-257.201843,72.305756,297.107086,110.357101,481.557587,394.8396,141.866119,100.284164,421.580231,98.480629,68.674934,304.831421,-153.449783,460.556152,344.403961,-218.788757,100.068428,261.051788,-318.690552,53.823071,219.256897,-252.455627,63.888229,265.021179,165.258865,58.840721,226.246826,104.118042,67.02253,353.751373,70.519493,97.763222,314.150269,12.473414,459.759155
62,0,251.985428,-213.548706,935.984375,237.759521,64.100273,941.813354,429.128143,-97.376648,1014.50885,426.983673,-32.72892,1012.380127,307.774475,-255.522018,476.01239,381.818573,-295.859833,94.388451,415.311829,-257.010223,72.635651,296.952759,110.302261,481.659607,394.852356,142.059708,100.312973,421.591003,98.500359,68.672714,304.849304,-153.451324,460.555542,344.404938,-218.784561,100.053902,261.056458,-318.703339,53.803493,219.253723,-252.44632,63.867359,265.02356,165.287292,58.854572,226.259918,104.105507,67.016174,353.713501,70.53933,97.82515,314.093201,12.475975,459.828552
63,0,252.041794,-213.529709,935.992065,237.784241,64.082062,941.849548,429.169556,-97.4039,1014.427429,427.085632,-32.69651,1012.422791,307.793365,-255.502289,476.041962,381.815674,-295.876587,94.480209,415.515198,-257.187561,72.297226,296.939789,110.325363,481.657654,394.891602,142.016418,100.282242,421.583282,98.503632,68.659462,304.836456,-153.449463,460.582092,344.373596,-218.918442,99.850876,261.050354,-318.671478,53.827187,219.25206,-252.453293,63.866161,265.013153,165.223892,58.863132,226.241074,104.114601,67.019417,353.750977,70.571068,97.777275,314.040497,12.473565,459.833405
64,0,252.077576,-213.519897,936.012573,237.842239,64.100403,941.839539,429.202362,-97.437683,1014.424561,427.126312,-32.684612,1012.42627,307.765472,-255.508865,476.039368,381.791718,-295.872192,94.466644,415.403198,-257.135803,72.376091,296.964935,110.315475,481.648956,394.987427,141.799515,100.256813,421.595001,98.521507,68.661766,304.829987,-153.44751,460.57486,344.40387,-218.81842,100.055328,261.054718,-318.707336,53.829109,219.245239,-252.446777,63.861862,265.030548,165.232681,58.888302,226.222443,104.113129,67.039345,353.686218,70.543686,97.848671,314.095642,12.465714,459.796722
65,0,252.160721,-213.551285,936.021362,237.857422,64.06971,941.890869,429.327209,-97.439804,1014.382507,427.161407,-32.727032,1012.396484,307.779449,-255.485352,476.03894,381.849823,-295.8797,94.467842,415.504791,-257.238403,72.265556,296.942535,110.312462,481.63913,395.013428,141.989944,100.202141,421.597046,98.500427,68.68,304.81543,-153.451721,460.584961,344.397552,-218.910431,99.817223,261.027344,-318.684814,53.835644,219.239227,-252.444595,63.875198,265.047943,165.284607,58.898907,226.259628,104.125839,67.018456,353.783264,70.517418,97.790276,314.066406,12.427878,459.82959
66,0,252.201736,-213.534317,936.00354,237.888992,64.042343,941.911987,429.839691,-97.531433,1014.755615,427.202454,-32.672215,1012.436768,307.79303,-255.498352,476.093628,381.947418,-295.951874,94.63414,415.297729,-257.223358,71.785667,297.095917,110.413979,481.556396,394.938354,141.851273,100.248276,421.583557,98.507874,68.655182,304.844513,-153.421127,460.575714,344.412384,-218.901001,99.836922,261.070496,-318.688232,53.828945,219.271378,-252.436188,63.871601,265.003052,165.208664,58.901062,226.229126,104.131325,67.032806,353.740509,70.546021,97.814034,314.040649,12.405634,459.838806
67,0,252.244415,-213.512512,935.996216,237.914276,64.053749,941.917297,429.531219,-97.455475,1014.440796,427.293457,-32.64151,1012.458069,307.770691,-255.506821,476.048645,381.958649,-295.941345,94.514122,415.314453,-257.236328,71.777214,296.971588,110.328896,481.668213,395.001373,141.998993,100.199707,421.607239,98.511147,68.670647,304.798279,-153.441635,460.580811,344.394806,-218.898468,99.804169,261.070526,-318.686462,53.866745,219.260941,-252.44603,63.874481,265.048615,165.30191,58.899937,226.249252,104.118584,67.029396,353.808929,70.583374,97.841553,314.015045,12.40082,459.831207
68,0,252.271927,-213.515533,936.027161,237.985107,64.086678,941.929871,429.946075,-97.482658,1014.658936,427.319702,-32.612423,1012.446167,307.819214,-255.492416,476.055664,381.831757,-295.873962,94.47728,415.543427,-257.208069,72.279686,296.941315,110.325066,481.637726,394.841766,141.879135,100.18911,421.605927,98.530785,68.669357,304.830658,-153.433517,460.577301,344.413818,-218.924606,99.834267,261.063599,-318.644318,53.864464,219.246613,-252.457169,63.872822,265.067627,165.319321,58.876492,226.239197,104.130783,67.027451,353.768555,70.519386,97.774399,314.393188,12.692943,459.926117
69,0,252.308105,-213.522766,936.017578,238.005264,64.086403,941.933472,429.623291,-97.416878,1014.531494,427.365082,-32.646908,1012.440308,307.784149,-255.516495,476.064636,381.865448,-295.839081,94.451622,415.597992,-257.234985,72.209,296.948914,110.324379,481.647003,394.898804,141.870193,100.242973,421.607147,98.5299,68.646202,304.80249,-153.451767,460.572845,344.40509,-218.922607,99.810547,261.15451,-318.773743,53.739555,219.253296,-252.458633,63.874744,265.083954,165.285965,58.935135,226.27037,104.119728,67.038612,353.80777,70.534859,97.815048,314.084595,12.419806,459.874115
70,0,252.349579,-213.508423,936.038391,238.037979,64.090256,941.926697,430.092804,-97.574112,1014.777039,427.479187,-32.617592,1012.488342,307.798981,-255.465393,476.077454,381.873444,-295.877289,94.377029,415.457581,-257.098511,72.41951,296.951874,110.321968,481.64389,394.882477,141.821381,100.193306,421.587585,98.512642,68.651367,304.83139,-153.430252,460.580475,344.438293,-218.791199,100.038757,261.075958,-318.6716,53.852962,219.269547,-252.4496,63.881466,265.075104,165.28299,58.893509,226.279327,104.104584,67.029205,353.771759,70.532242,97.776169,314.048981,12.404467,459.897827
71,0,252.393066,-213.538895,936.028381,238.085678,64.092239,941.922668,430.149689,-97.545715,1014.704346,427.446075,-32.609264,1012.453064,307.862122,-255.472427,476.159851,381.868591,-295.89325,94.468201,415.495087,-257.181396,72.349358,296.966553,110.324409,481.66568,394.997833,141.795013,100.196846,421.612152,98.523949,68.651848,304.852753,-153.423538,460.577393,344.394257,-218.909103,99.829506,261.057495,-318.686432,53.851192,219.282532,-252.465012,63.881672,265.047791,165.24762,58.915604,226.263428,104.112152,67.01841,353.812988,70.575142,97.757401,314.606018,12.840793,459.885742
72,0,252.397217,-213.545044,936.036804,238.099701,64.08812,941.940918,430.259338,-97.613342,1014.781738,427.4711,-32.646664,1012.403259,307.847504,-255.492661,476.07019,381.809753,-295.887299,94.530685,415.521332,-257.207214,72.222473,296.958923,110.334518,481.674866,395.060913,141.806442,100.185425,421.609802,98.533653,68.650368,304.860077,-153.417389,460.587463,344.440887,-218.827591,100.044724,261.07724,-318.672363,53.823818,219.282227,-252.457474,63.864521,265.059875,165.296173,58.895588,226.263535,104.099487,67.010483,353.82608,70.618881,97.75042,314.143768,12.516416,459.836853
73,0,252.439255,-213.548477,936.040039,238.163589,64.116234,941.927429,430.393066,-97.530571,1015.021423,427.543854,-32.594662,1012.436279,307.866852,-255.499756,476.02829,381.868774,-295.880127,94.360649,415.514679,-257.197845,72.324997,296.968445,110.320229,481.664246,395.048431,141.963348,100.126663,421.602875,98.528954,68.642395,304.858185,-153.421844,460.582275,344.418671,-218.905762,99.814323,261.06723,-318.659424,53.848701,219.253616,-252.437592,63.872612,265.046875,165.279388,58.903206,226.229996,104.103416,67.031784,353.779083,70.641663,97.707527,314.513153,12.764245,459.901672
74,0,252.499191,-213.554993,936.014038,238.195343,64.126129,941.927246,430.399475,-97.621162,1014.804932,427.675232,-32.586391,1012.505554,307.845581,-255.493698,476.039978,381.82962,-295.875641,94.418068,415.456818,-257.199036,72.313072,297.118561,110.427086,481.575592,394.981842,141.802322,100.160446,421.596405,98.541664,68.651024,304.868439,-153.396271,460.5755,344.414185,-218.896576,99.836861,261.061646,-318.698242,53.824036,219.260468,-252.441971,63.879169,265.071472,165.291489,58.843903,226.246902,104.099747,67.033897,353.778137,70.656441,97.754883,314.118164,12.488251,459.885559
75,0,252.535019,-213.551605,936.05896,238.227036,64.095276,941.925293,430.525055,-97.656837,1014.774109,427.741608,-32.586296,1012.518311,307.881378,-255.460648,476.056213,381.868774,-295.830414,94.383316,415.34549,-256.972412,72.53746,296.985596,110.324554,481.656586,395.051483,141.782944,100.148682,421.588867,98.530212,68.654663,304.882233,-153.415222,460.583466,344.428345,-218.794189,100.025436,261.043427,-318.648468,53.883148,219.26976,-252.458038,63.869633,265.055023,165.283569,58.867649,226.26004,104.124321,67.042068,353.822876,70.67334,97.722176,314.475708,12.787521,459.850922
76,0,252.571045,-213.571045,936.058594,238.269608,64.110176,941.961975,430.524536,-97.684395,1014.794617,427.722168,-32.57325,1012.473816,307.875,-255.482651,476.072205,381.822754,-295.861115,94.475067,415.501251,-257.16864,72.340065,296.966858,110.336739,481.657928,395.002411,141.853622,100.141884,421.600739,98.546913,68.630386,304.861084,-153.414185,460.593353,344.42453,-218.814285,100.018379,261.059082,-318.688416,53.831493,219.269836,-252.448853,63.882851,265.049866,165.269241,58.918976,226.252029,104.098701,67.008148,353.839783,70.629608,97.743805,314.138885,12.523873,459.826508
77,0,252.605591,-213.580124,936.042786,238.30925,64.089516,941.987366,430.641327,-97.712173,1014.835144,427.824677,-32.561943,1012.450195,307.833038,-255.490631,476.038818,381.833405,-295.891663,94.458,415.56311,-257.257538,72.200462,296.978851,110.327843,481.681152,395.133759,141.797333,100.18515,421.600494,98.532089,68.66021,304.858124,-153.436279,460.587311,344.426239,-218.924469,99.813004,261.046936,-318.660034,53.842194,219.25943,-252.451324,63.882748,265.011383,165.17836,58.889072,226.259918,104.10202,67.003822,353.832886,70.620026,97.777435,314.450073,12.738688,459.896393
78,0,252.658127,-213.589752,936.081238,238.352524,64.117737,941.998596,430.63443,-97.669708,1014.76239,427.896942,-32.583141,1012.511108,307.875061,-255.492691,476.047516,381.840851,-295.873627,94.377098,415.411469,-257.121094,72.442177,296.987122,110.32296,481.680328,395.055786,141.790833,100.136086,421.604248,98.532822,68.662376,304.860901,-153.422318,460.585815,344.445068,-218.89949,99.816841,261.081055,-318.652008,53.808048,219.251785,-252.453415,63.879921,265.072327,165.286545,58.915554,226.265656,104.123238,67.016357,353.783752,70.634026,97.803185,314.142029,12.508272,459.819794
79,0,252.716446,-213.566513,936.081848,238.408737,64.105698,941.977722,430.78067,-97.767654,1014.885071,427.898132,-32.634907,1012.401367,307.877747,-255.4841,476.065704,381.885284,-295.860535,94.360588,415.485138,-257.208557,72.350418,296.9841,110.329445,481.680634,395.201782,141.74472,100.113823,421.596008,98.545601,68.643097,304.8862,-153.432526,460.583893,344.420288,-218.922241,99.801544,261.044647,-318.643402,53.83704,219.262207,-252.456543,63.877724,265.067413,165.242676,58.878525,226.249496,104.137177,67.029076,353.808197,70.624489,97.770515,314.049316,12.475956,459.897186
80,0,252.747559,-213.581436,936.079163,238.477646,64.138084,941.976929,430.907684,-97.843414,1014.968628,427.93161,-32.603954,1012.374512,307.88028,-255.491638,476.104279,381.835938,-295.882263,94.521881,415.522858,-257.188019,72.323647,296.970093,110.32235,481.678619,395.135895,141.773788,100.154144,421.599304,98.54335,68.639603,304.873688,-153.438721,460.596313,344.430267,-218.798965,100.011017,261.083771,-318.654755,53.854301,219.273483,-252.447006,63.881672,265.04483,165.230286,58.904846,226.294907,104.123932,67.077911,353.797241,70.625366,97.765312,314.229706,12.625641,459.917084
81,0,252.750549,-213.592239,936.059326,238.48642,64.113228,942.015808,431.010315,-97.902725,1014.931091,428.040497,-32.610451,1012.444153,307.931,-255.510895,476.076172,381.869263,-295.890167,94.318001,415.522491,-257.217651,72.311356,296.982391,110.325066,481.675995,394.672699,141.897263,100.230957,421.611847,98.538071,68.628319,304.896149,-153.428467,460.605011,344.428528,-218.931915,99.806587,261.028748,-318.632721,53.888954,219.271378,-252.452911,63.898212,265.0354,165.217422,58.935337,226.279785,104.111115,67.023918,353.82193,70.636566,97.76004,314.966125,13.253216,459.783386
82,0,252.807831,-213.596313,936.066528,238.531998,64.118042,942.005432,430.877136,-97.794205,1014.824524,427.960175,-32.62434,1012.344238,307.948486,-255.480942,476.11908,381.868011,-295.911377,94.351326,415.574371,-257.251038,72.166893,296.971893,110.316566,481.703461,394.851929,141.861862,100.157867,421.597656,98.52639,68.654495,304.903992,-153.442429,460.608429,344.44281,-218.82074,100.005325,261.016388,-318.656036,53.861332,219.258698,-252.461136,63.891872,265.077972,165.247192,58.983295,226.234573,104.111984,67.012146,353.852661,70.628136,97.778969,314.921875,13.205065,459.813965
83,0,252.84729,-213.590286,936.077454,238.589218,64.112106,941.972412,430.299866,-97.474762,1014.281616,428.02301,-32.613781,1012.357971,307.947906,-255.486008,476.065308,381.831818,-295.906769,94.472076,415.561646,-257.220917,72.244926,296.955994,110.304039,481.704803,394.972992,141.829819,100.205994,421.601715,98.538986,68.665665,304.930908,-153.44606,460.614349,344.435913,-218.93335,99.848633,261.032501,-318.663757,53.877708,219.265045,-252.436783,63.891247,265.029877,165.244476,58.889832,226.284958,104.113449,67.022247,353.869171,70.6157,97.74279,314.917786,13.165654,459.847565
84,0,252.870026,-213.60965,936.065918,238.650467,64.096535,942.029968,431.082123,-97.889465,1014.942078,428.158539,-32.637848,1012.387146,307.936676,-255.507233,476.10434,381.912811,-295.908417,94.283989,415.39325,-257.139221,72.468353,296.965973,110.29129,481.705505,394.98587,141.861908,100.210945,421.59671,98.536263,68.619957,304.937775,-153.446121,460.608765,344.447571,-218.915802,99.827179,261.083801,-318.662476,53.860603,219.266541,-252.449097,63.893616,265.061615,165.249405,58.921402,226.263535,104.111275,67.034912,353.82547,70.539581,97.808449,314.153076,12.488253,459.854767
85,0,252.924713,-213.619553,936.063416,238.687378,64.094063,941.997559,430.448456,-97.533821,1014.332397,428.338867,-32.594913,1012.578979,307.968536,-255.537384,476.10611,381.903992,-295.870361,94.312103,415.566772,-257.193481,72.293694,296.975189,110.301346,481.738586,394.977661,141.861282,100.19133,421.615814,98.523705,68.649323,304.989899,-153.456009,460.607819,344.440094,-218.923462,99.81366,261.241425,-318.821075,53.651638,219.261475,-252.439499,63.881508,265.065399,165.248138,58.910831,226.249481,104.130096,67.031319,353.792084,70.494911,97.857811,314.155426,12.496873,459.875366
86,0,252.994949,-213.654846,936.033875,238.72464,64.08432,942.019165,431.179901,-97.930565,1014.969971,428.36145,-32.595398,1012.495544,307.992371,-255.5159,476.078888,381.889954,-295.898987,94.337479,415.502167,-257.141205,72.319771,296.990723,110.2929,481.707794,394.836578,141.920944,100.266045,421.620026,98.522621,68.642197,304.988373,-153.45076,460.612915,344.457062,-218.915909,99.822044,261.069214,-318.681244,53.836266,219.269852,-252.446259,63.880241,265.061951,165.259171,58.919975,226.277756,104.114693,67.037125,353.771393,70.503662,97.81765,314.983917,13.2085,459.831451
87,0,253.011108,-213.659348,936.048645,238.768204,64.060272,942.008179,431.149902,-97.883575,1014.886719,428.372955,-32.639118,1012.543213,307.966492,-255.510086,476.08548,381.911865,-295.911682,94.330826,415.509033,-257.225983,72.297798,296.988098,110.283226,481.710663,394.991638,141.88858,100.293175,421.61615,98.54277,68.636185,305.004059,-153.449142,460.606903,344.462921,-218.824158,100.016563,261.076324,-318.681122,53.851105,219.276031,-252.442993,63.879311,265.034576,165.222061,58.917667,226.248749,104.127129,66.982719,353.775574,70.445,97.834496,314.640747,12.819227,459.875061
88,0,253.013855,-213.675507,936.057495,238.802185,64.060661,942.023254,431.192871,-97.934464,1014.980347,428.419952,-32.641224,1012.545227,307.98526,-255.53978,476.073303,381.898071,-295.912537,94.265312,415.569092,-257.316406,72.209183,297.005493,110.278648,481.739319,394.979736,141.868103,100.180145,421.605591,98.551826,68.642151,304.977203,-153.459839,460.623077,344.485199,-218.830994,100.027214,261.095978,-318.688263,53.864288,219.265961,-252.450226,63.881344,265.085846,165.255768,58.967613,226.266418,104.097847,67.02446,353.801025,70.456177,97.828568,314.265442,12.461172,459.883575
89,0,253.055008,-213.663498,936.071594,238.840927,64.038246,942.027466,430.492432,-97.500336,1014.244446,428.519501,-32.674843,1012.525085,307.964935,-255.557236,476.113861,381.933105,-295.899414,94.384232,415.549347,-257.19455,72.283981,297.040833,110.266365,481.756744,394.902344,142.046768,100.179459,421.631683,98.539192,68.635071,304.979706,-153.476288,460.625031,344.480499,-218.78894,100.054192,261.096008,-318.688782,53.869915,219.266113,-252.453918,63.881813,265.05777,165.228531,58.942154,226.288116,104.083817,67.014,353.818115,70.507584,97.799377,315.079865,13.165019,459.809753
90,0,253.092621,-213.701584,936.066467,238.896042,64.007393,942.015503,431.266785,-97.939018,1014.878845,428.506195,-32.678669,1012.547485,307.9776,-255.554108,476.141327,381.929108,-295.898956,94.282715,415.515625,-257.165375,72.276344,297.065155,110.26693,481.74469,394.723724,141.896683,100.210548,421.637299,98.525513,68.656319,304.979645,-153.496872,460.613892,344.469696,-218.829742,100.008171,261.093903,-318.660431,53.878693,219.269501,-252.446472,63.894436,265.077118,165.264511,58.931927,226.290085,104.107376,67.03035,353.858398,70.558647,97.757217,314.312042,12.46188,459.824219
91,0,253.102036,-213.709106,936.050171,238.977615,64.035934,942.033752,430.863037,-97.633484,1014.507996,428.525574,-32.679028,1012.565735,307.956818,-255.577179,476.072723,381.938599,-295.88504,94.290565,415.553375,-257.214661,72.233604,297.274963,110.347343,481.64389,394.970398,141.84227,100.220032,421.625488,98.544968,68.638611,304.971161,-153.504898,460.611511,344.472687,-218.842743,100.028282,261.09848,-318.680634,53.849747,219.286087,-252.436279,63.872971,265.110474,165.273285,58.937847,226.2603,104.1157,67.031342,353.83139,70.587006,97.777382,314.293121,12.437871,459.869415
92,0,253.120361,-213.741226,936.038574,239.010605,64.040413,942.025635,430.960907,-97.671318,1014.529114,428.606323,-32.718464,1012.560608,307.930267,-255.585342,476.077972,381.863861,-295.92691,94.343887,415.59375,-257.263763,72.197952,297.144836,110.262894,481.702301,394.90451,141.851013,100.194,421.62619,98.524796,68.652275,304.967651,-153.499527,460.61792,344.467529,-218.819397,100.029503,261.094757,-318.693024,53.790852,219.290771,-252.435867,63.874191,265.06778,165.23877,58.951298,226.276886,104.114128,67.03331,353.797089,70.626923,97.727608,314.699158,12.768841,459.893982
93,0,253.139145,-213.712845,936.060852,239.045074,64.001991,942.052185,431.046753,-97.752831,1014.516968,428.645355,-32.751431,1012.480957,307.934601,-255.597946,476.06723,381.842407,-295.933929,94.324791,415.539551,-257.187744,72.279282,297.44931,110.177986,481.749695,394.782196,141.915085,100.24659,421.636566,98.530838,68.636635,304.976562,-153.514374,460.608063,344.472443,-218.824219,100.008492,261.087646,-318.671692,53.86948,219.275513,-252.454575,63.892567,265.065063,165.248825,58.936798,226.274124,104.097198,67.014809,353.827667,70.687492,97.680435,314.300385,12.426534,459.879425
94,0,253.156311,-213.737625,936.073303,239.097092,64.033676,942.030579,431.08374,-97.771492,1014.493103,428.681061,-32.764713,1012.49469,307.953186,-255.584122,476.066742,381.880127,-295.940552,94.335373,415.473511,-257.237122,72.32901,297.67688,110.249672,481.669647,394.868164,141.86203,100.247429,421.608826,98.514091,68.658119,304.975189,-153.532806,460.610657,344.464966,-218.829178,100.05265,261.104645,-318.684692,53.853687,219.285583,-252.453354,63.881493,265.059357,165.198959,58.917164,226.258179,104.135422,67.026192,353.771057,70.695038,97.691132,314.715759,12.76114,459.886414
95,0,253.180893,-213.722244,936.077759,239.165726,64.05394,942.024353,431.198822,-97.833122,1014.585632,428.748779,-32.807655,1012.486572,307.983032,-255.575211,476.109894,381.892242,-295.898712,94.260582,415.557434,-257.322601,72.158264,297.475372,110.181992,481.744568,394.898071,142.049057,100.225685,421.629852,98.547195,68.62693,304.98172,-153.528046,460.631439,344.481506,-218.830109,100.03894,261.071564,-318.674835,53.875504,219.290192,-252.440781,63.876293,265.060822,165.24118,58.940319,226.286591,104.111282,67.038483,353.826233,70.672958,97.674545,314.703979,12.726344,459.878723
96,0,253.18396,-213.723038,936.066467,239.174698,64.019493,942.058594,431.184784,-97.854889,1014.489075,428.801147,-32.825943,1012.467285,307.975067,-255.582397,476.100067,381.894196,-295.945618,94.299301,415.57077,-257.332397,72.203522,297.506866,110.190163,481.746704,395.052338,141.985703,100.196533,421.598724,98.509895,68.639305,305.005035,-153.540756,460.623322,344.473999,-218.824951,100.026176,261.092316,-318.674347,53.821758,219.287094,-252.446503,63.885815,265.074921,165.271286,58.940147,226.284088,104.100891,67.035492,353.854218,70.661972,97.662117,314.629333,12.634091,459.980255
97,0,253.173828,-213.722549,936.052124,239.246689,64.053719,942.036133,431.191711,-97.822533,1014.468689,428.874603,-32.881466,1012.446899,307.98056,-255.605042,476.096466,381.931366,-295.928741,94.239731,415.591339,-257.32196,72.129578,297.529205,110.172684,481.746277,395.115631,141.963821,100.138298,421.627228,98.50029,68.635506,305.021851,-153.530685,460.639191,344.449768,-218.940445,99.816658,261.117645,-318.6763,53.850014,219.295151,-252.436722,63.889175,265.077789,165.248001,58.943066,226.300491,104.075905,67.046356,353.853668,70.64444,97.673103,314.778076,12.723953,459.873962
98,0,253.198303,-213.701263,936.061523,239.280212,64.054131,942.049866,431.274933,-97.873566,1014.434448,428.884491,-32.921555,1012.462036,307.956604,-255.615509,476.103516,381.933411,-295.927246,94.148201,415.561096,-257.332275,72.226158,297.524139,110.168343,481.741302,394.787018,141.87323,100.212067,421.630768,98.508064,68.647804,305.044525,-153.542358,460.613342,344.469391,-218.943466,99.817993,261.096283,-318.68811,53.816517,219.280136,-252.444595,63.88755,265.044525,165.218826,58.924839,226.297821,104.090851,67.024315,353.857117,70.649406,97.678818,314.291382,12.365989,459.948303
99,0,253.223923,-213.697342,936.098267,239.323273,64.069351,942.047729,431.278412,-97.932343,1014.531738,428.901703,-32.925369,1012.489075,307.949738,-255.608322,476.045074,381.932373,-295.920197,94.290237,415.628967,-257.356628,72.115005,297.503235,110.135376,481.742218,395.079224,141.930862,100.168564,421.682343,98.511299,68.640175,305.032684,-153.54541,460.622894,344.472382,-218.835815,100.021782,261.06424,-318.653717,53.864712,219.28801,-252.450226,63.883705,265.108734,165.264694,58.959614,226.306885,104.075089,67.039948,353.796631,70.619865,97.760262,314.693146,12.723781,459.93219
100,0,253.249969,-213.712753,936.093628,239.361404,64.048767,942.082886,431.364288,-98.014862,1014.588806,428.96048,-32.951588,1012.473206,307.95694,-255.60051,476.12561,381.922089,-295.925476,94.332405,415.61261,-257.381134,72.110573,297.516418,110.157494,481.74292,394.944946,141.832077,100.173355,421.63031,98.517197,68.628227,305.039429,-153.547424,460.625122,344.448303,-218.955582,99.833939,261.080933,-318.650421,53.868668,219.285004,-252.44191,63.88195,265.075531,165.208282,58.945766,226.294601,104.085747,67.015823,353.820068,70.671455,97.680061,314.28595,12.396748,459.890228
101,0,253.227737,-213.713913,936.09082,239.40094,64.024826,942.115662,431.447388,-98.064552,1014.624023,428.967377,-32.943317,1012.481689,307.921234,-255.605972,476.102539,381.881226,-295.959442,94.294472,415.617401,-257.281158,72.137619,297.504822,110.149826,481.753021,395.081421,141.827393,100.195152,421.632141,98.512177,68.629074,305.036743,-153.53479,460.643677,344.473999,-218.831741,100.032562,261.029785,-318.638855,53.914959,219.2892,-252.439499,63.878769,265.086639,165.235977,58.936253,226.318985,104.095627,67.072075,353.883728,70.63755,97.659584,314.238647,12.37949,459.910095
102,0,253.28743,-213.70874,936.078613,239.422165,64.042046,942.080566,431.451324,-98.046402,1014.559753,429.019196,-32.973648,1012.426025,307.925293,-255.60733,476.123077,381.935791,-295.93158,94.200356,415.638489,-257.393127,72.048187,297.483246,110.126785,481.748413,395.06604,141.819244,100.246552,421.686432,98.519997,68.632675,305.017059,-153.542404,460.649139,344.479431,-218.831528,100.023056,261.060547,-318.669098,53.887775,219.290192,-252.43071,63.878529,265.100189,165.241196,58.952419,226.301437,104.098259,67.035492,353.869843,70.662422,97.6856,314.242676,12.38217,459.882996
103,0,253.292435,-213.709595,936.09314,239.473511,64.051323,942.083557,431.464691,-98.068069,1014.559875,429.088257,-32.979122,1012.515076,307.907013,-255.611633,476.090973,381.946869,-295.94342,94.229179,415.616028,-257.370819,72.109612,297.498444,110.100601,481.756897,394.932129,141.833939,100.190689,421.649475,98.518799,68.619446,305.009735,-153.548721,460.649384,344.452698,-218.936966,99.827339,261.05838,-318.67041,53.886677,219.296066,-252.429184,63.880966,265.094818,165.264206,58.923962,226.28653,104.097466,67.01297,353.868591,70.704788,97.638298,314.585602,12.612561,459.912384
104,0,253.319717,-213.725098,936.087463,239.496277,64.026108,942.09613,431.065582,-97.89827,1014.178284,429.051117,-33.006573,1012.44104,307.903046,-255.631561,476.126221,381.935211,-295.933136,94.181328,415.605164,-257.296967,72.148636,297.516571,110.099678,481.772675,394.803131,141.863876,100.24015,421.634247,98.521751,68.603416,305.002686,-153.561966,460.618469,344.488556,-218.83345,100.020981,261.094696,-318.693024,53.877003,219.28537,-252.441879,63.888454,265.102661,165.259277,58.954735,226.289673,104.091751,67.034492,353.880707,70.623573,97.702522,314.258911,12.358579,459.879333
105,0,253.374939,-213.721329,936.08728,239.524597,64.011497,942.101868,431.113892,-97.940605,1014.250732,429.134247,-33.01321,1012.485046,307.93396,-255.631653,476.07489,381.921783,-295.947266,94.279648,415.671082,-257.358704,72.048492,297.157135,110.204239,481.764709,394.963654,142.026733,100.237228,421.633789,98.508728,68.623344,305.028778,-153.542709,460.647156,344.473663,-218.841415,100.027954,261.19278,-318.831482,53.724689,219.280899,-252.449387,63.893452,265.065063,165.203995,58.924206,226.28627,104.091187,67.03315,353.863586,70.654091,97.73069,314.168823,12.253343,460.052948
106,0,253.402893,-213.737457,936.078796,239.574188,64.053185,942.091614,431.616577,-98.087921,1014.506226,429.199768,-33.023907,1012.476074,307.927521,-255.620178,476.086029,381.910583,-295.948669,94.249763,415.532837,-257.289673,72.23468,297.43631,110.12043,481.793945,395.000732,141.998352,100.153122,421.611511,98.524849,68.60466,305.016235,-153.562164,460.641724,344.502411,-218.845749,100.037231,261.088928,-318.717346,53.807102,219.284027,-252.448883,63.899242,265.091187,165.229889,58.918793,226.30632,104.095581,67.037682,353.910339,70.663528,97.671196,314.24707,12.355116,459.886749
107,0,253.429855,-213.749176,936.052307,239.59285,64.010933,942.104065,431.207886,-97.856094,1014.211182,429.213074,-32.958637,1012.514343,307.901917,-255.630585,476.068481,381.981323,-295.936249,94.084572,415.656128,-257.402405,72.122269,297.147278,110.197701,481.767944,394.996094,141.84314,100.145119,421.674255,98.511101,68.630539,305.012299,-153.567764,460.64151,344.505554,-218.849564,100.041496,261.100433,-318.699219,53.81485,219.291229,-252.449982,63.892223,265.071442,165.247101,58.958279,226.323227,104.094398,67.031136,353.87204,70.629135,97.714996,314.249939,12.318595,459.879852
108,0,253.45784,-213.712082,936.089294,239.612122,64.000359,942.119629,431.203094,-97.81562,1014.130615,429.233093,-32.997738,1012.448303,307.897003,-255.633148,476.055115,381.933411,-295.958496,94.212593,415.64389,-257.352448,72.056168,297.10849,110.165909,481.777313,394.896851,141.874298,100.21933,421.655487,98.530701,68.610199,305.011353,-153.557236,460.63916,344.473877,-218.945267,99.806328,261.116272,-318.707886,53.841156,219.300705,-252.432373,63.891323,265.112915,165.271576,58.948444,226.306183,104.109901,67.023285,353.859619,70.630196,97.730713,314.673218,12.675778,459.851746
109,0,253.464218,-213.755798,936.079651,239.644302,63.991085,942.122559,431.715515,-98.078621,1014.541992,429.262085,-32.957325,1012.500427,307.897583,-255.651978,476.067291,381.924622,-295.945404,94.241837,415.649567,-257.384766,72.043999,297.362122,110.086609,481.785889,394.975281,141.805252,100.163322,421.632629,98.516891,68.630638,305.01413,-153.551132,460.650574,344.506256,-218.8591,100.027557,261.09082,-318.681519,53.869129,219.284164,-252.440216,63.881046,265.071136,165.248306,58.929943,226.322845,104.10099,67.038742,353.888367,70.669899,97.70295,314.194183,12.33479,459.858429
110,0,253.531372,-213.780319,936.097839,239.692368,64.012016,942.118591,431.667084,-97.919518,1014.305725,429.291565,-32.959507,1012.479309,307.917053,-255.621994,476.125793,381.943756,-295.921051,94.255585,415.565216,-257.318176,72.169197,297.332916,110.076279,481.787537,394.836426,141.867691,100.150848,421.628418,98.529747,68.610352,304.99646,-153.564331,460.639069,344.495117,-218.837128,100.01812,261.120697,-318.706543,53.847927,219.305359,-252.453598,63.856827,265.085236,165.231476,58.932819,226.306686,104.142426,67.00811,353.860687,70.606392,97.75367,314.168884,12.321423,459.920746
111,0,253.578568,-213.77034,936.082703,239.704178,64.001938,942.136292,431.309143,-97.786621,1014.182434,429.330353,-32.959789,1012.470581,307.951385,-255.593033,476.119995,381.941406,-295.931854,94.243698,415.6745,-257.315491,72.087135,297.047424,110.156548,481.76593,394.876495,141.876831,100.157303,421.643158,98.537941,68.616211,304.966888,-153.573059,460.611267,344.507782,-218.835281,100.016106,261.060242,-318.694885,53.885941,219.288147,-252.431396,63.867802,265.079681,165.256821,58.917618,226.321747,104.127419,67.018242,353.862732,70.591805,97.762451,314.62204,12.671591,459.881958
112,0,253.597855,-213.808167,936.093933,239.705078,63.981773,942.135681,431.69046,-97.926971,1014.332031,429.328583,-32.958885,1012.444397,307.920227,-255.625748,476.092316,381.927032,-295.952637,94.149918,415.547546,-257.285645,72.277565,297.04715,110.129707,481.780457,394.919434,141.85173,100.169609,421.664917,98.527313,68.599319,304.914734,-153.603439,460.602936,344.496429,-218.834824,100.005287,261.100983,-318.688873,53.886185,219.279846,-252.435272,63.879475,265.09024,165.214478,58.909184,226.293015,104.074425,67.013397,353.881226,70.609711,97.787392,314.207245,12.337643,459.84259
113,0,253.646408,-213.782959,936.080566,239.695221,63.949429,942.147888,431.316528,-97.796097,1014.065002,429.367981,-32.943443,1012.49585,307.923157,-255.631531,476.134247,381.961731,-295.951202,94.131523,415.580322,-257.321136,72.197243,297.306763,110.054871,481.779663,394.80896,141.887985,100.231995,421.663757,98.520203,68.586159,304.896088,-153.580032,460.627441,344.509949,-218.845474,100.008904,261.077057,-318.683258,53.857021,219.287949,-252.449844,63.884995,265.059723,165.221252,58.923401,226.305267,104.06987,67.038872,353.885742,70.568848,97.772263,314.189819,12.300554,459.895294
114,0,253.681274,-213.810349,936.081055,239.721512,63.973663,942.134949,431.728546,-97.892006,1014.254578,429.404236,-32.9184,1012.530823,307.934723,-255.628647,476.144165,381.9664,-295.931976,94.159294,415.626953,-257.31015,72.170685,297.583527,110.162361,481.71637,395.190155,142.010483,100.210091,421.646027,98.539124,68.609978,304.900482,-153.555588,460.643707,344.495239,-218.837631,99.986755,261.085999,-318.668732,53.859131,219.284088,-252.428299,63.886391,265.069336,165.233627,58.914486,226.29718,104.0709,67.054565,353.850311,70.545609,97.80468,314.20932,12.306096,459.842987
115,0,253.679962,-213.828476,936.115723,239.731857,63.981003,942.1427,431.721802,-97.881294,1014.312744,429.358826,-32.914753,1012.484924,307.925262,-255.637619,476.150574,381.987183,-295.938049,94.211296,415.628052,-257.330872,72.159523,297.408295,110.10051,481.789948,394.76059,141.913818,100.223694,421.692383,98.549255,68.601364,304.946411,-153.556686,460.637543,344.478027,-218.854141,100.016594,261.080597,-318.683228,53.849159,219.289261,-252.42186,63.875244,265.064636,165.226639,58.911663,226.353775,104.082687,67.056679,353.834747,70.512299,97.821075,314.227417,12.310844,459.841278
116,0,253.694885,-213.818451,936.106995,239.707184,63.965565,942.123169,431.427856,-97.806091,1014.100891,429.417206,-32.902351,1012.536499,307.939972,-255.609131,476.120056,381.938538,-295.937744,94.208229,415.588226,-257.295563,72.277824,297.402924,110.122208,481.771912,394.789978,141.893097,100.236885,421.657959,98.551979,68.596138,304.963745,-153.540512,460.62384,344.490997,-218.824432,100.009453,261.059509,-318.661621,53.922806,219.294891,-252.435928,63.887676,265.06601,165.184052,58.907051,226.310242,104.074539,67.015808,353.842712,70.562202,97.797256,314.147003,12.298461,459.880096
117,0,253.680237,-213.820435,936.085083,239.724152,64.015663,942.124634,431.554352,-97.791977,1014.508118,429.383575,-32.8787,1012.576721,307.945343,-255.633835,476.045471,381.932526,-295.952393,94.201248,415.535645,-257.269531,72.300117,297.424194,110.103302,481.748169,394.98172,141.856003,100.255516,421.630219,98.541702,68.611351,305.003021,-153.549072,460.629089,344.490753,-218.830353,100.022156,261.091705,-318.686157,53.846821,219.300827,-252.440475,63.858681,265.085236,165.17099,58.94281,226.271011,104.078438,67.025085,353.81369,70.677711,97.692635,314.174866,12.274822,459.852722
118,0,253.684341,-213.799622,936.083191,239.694626,63.977867,942.127319,431.472229,-97.748573,1014.196655,429.38208,-32.876083,1012.544861,308.011505,-255.625732,476.100037,381.946594,-295.941345,94.157326,415.531189,-257.229736,72.310287,297.447601,110.106888,481.775116,394.927338,141.854813,100.134209,421.655823,98.535042,68.643227,305.018524,-153.560669,460.635101,344.48642,-218.834686,100.019707,261.025421,-318.677002,53.852135,219.282791,-252.464142,63.86908,265.036621,165.193527,58.933445,226.291611,104.076279,67.041031,353.848328,70.671875,97.669403,314.186676,12.278138,459.873077
119,0,253.675079,-213.818024,936.097168,239.719009,64.000404,942.112061,431.726044,-97.855324,1014.348633,429.376373,-32.882454,1012.590515,308.035583,-255.613602,476.120575,382.026733,-295.912292,94.12133,415.560394,-257.312714,72.198822,297.45163,110.109253,481.776886,395.031158,141.815048,100.162224,421.634094,98.521049,68.613289,305.046631,-153.527756,460.630798,344.497223,-218.844009,100.021912,261.050049,-318.651581,53.892151,219.288559,-252.444656,63.870163,265.072968,165.211166,58.950783,226.260391,104.10099,67.045563,353.80484,70.586502,97.783508,314.10083,12.26738,459.876129
120,0,253.711105,-213.786652,936.086853,239.739594,64.031601,942.111877,431.82193,-97.942528,1014.435547,429.357849,-32.846245,1012.584595,308.028595,-255.611984,476.123749,381.992706,-295.910126,94.177849,415.556854,-257.339417,72.227577,297.201263,110.215553,481.766785,394.888824,141.884979,100.2342,421.659088,98.567261,68.611359,305.077332,-153.530518,460.634521,344.497162,-218.843765,100.008194,261.066101,-318.66507,53.897297,219.316772,-252.452011,63.883804,265.077393,165.238556,58.943493,226.307602,104.06282,67.011208,353.830444,70.576355,97.767548,314.651825,12.650225,459.873901
121,0,253.702545,-213.778275,936.102661,239.71637,64.040939,942.100647,431.50296,-97.786774,1014.243347,429.342499,-32.88409,1012.581116,308.064575,-255.596695,476.100098,381.962494,-295.911316,94.174011,415.526947,-257.306519,72.232979,297.465271,110.123528,481.780426,394.931458,141.884796,100.241287,421.644928,98.526093,68.602402,305.091248,-153.524551,460.639496,344.477142,-218.833923,100.028915,261.056732,-318.638672,53.895649,219.293198,-252.445038,63.866913,265.10733,165.271729,58.934238,226.314453,104.055656,67.032867,353.876984,70.607719,97.74894,314.635773,12.669316,459.883881
122,0,253.677994,-213.768448,936.070129,239.740875,64.109009,942.09906,431.460083,-97.798431,1014.24469,429.310089,-32.852638,1012.626404,308.059387,-255.593872,476.11673,381.983612,-295.919373,94.121712,415.533203,-257.263885,72.28392,297.175323,110.217003,481.762024,394.92511,141.893356,100.231827,421.650543,98.558983,68.604927,305.12146,-153.492981,460.631714,344.486267,-218.820206,100.026527,261.029785,-318.670624,53.880928,219.303879,-252.439026,63.867004,265.083984,165.220078,58.917957,226.314865,104.091919,66.991531,353.865326,70.594719,97.776199,314.639252,12.69389,459.862549
123,0,253.668304,-213.760193,936.083252,239.679672,64.028664,942.125244,431.489716,-97.757416,1014.319092,429.367035,-32.859215,1012.589355,308.098969,-255.583527,476.064972,381.945587,-295.924896,94.207703,415.515381,-257.246643,72.2855,297.182739,110.215851,481.761322,394.89212,141.935257,100.258545,421.638611,98.534302,68.598145,305.13089,-153.496048,460.6138,344.478607,-218.937347,99.813232,261.080353,-318.666809,53.879341,219.298492,-252.434967,63.879395,265.086823,165.243881,58.963123,226.306046,104.169495,66.989273,353.853302,70.530861,97.767418,314.208923,12.333885,459.900116
124,0,253.686005,-213.723297,936.069214,239.688721,64.076073,942.114624,431.746246,-97.884956,1014.488098,429.32193,-32.815872,1012.562134,308.098022,-255.588715,476.110291,381.949249,-295.906708,94.20858,415.46283,-257.180298,72.47168,297.486389,110.141396,481.772003,394.936218,142.065201,100.19088,421.624573,98.535316,68.603912,305.140472,-153.491394,460.618683,344.476562,-218.96376,99.791138,261.072144,-318.645813,53.904484,219.293839,-252.440628,63.89048,265.071533,165.243179,58.92062,226.291946,104.141762,66.974442,353.852631,70.566818,97.767281,314.240906,12.321987,459.917786
125,0,253.693222,-213.73735,936.080078,239.674301,64.078041,942.078125,431.767456,-97.923111,1014.500854,429.302307,-32.843277,1012.573608,308.107605,-255.572556,476.078949,381.927277,-295.920441,94.308693,415.490753,-257.229004,72.321915,297.482727,110.149635,481.788147,394.958191,141.888641,100.249214,421.672272,98.509018,68.598396,305.143097,-153.47258,460.630829,344.480682,-218.936478,99.805672,261.040161,-318.653015,53.942005,219.300339,-252.438721,63.863293,265.078857,165.251785,58.888382,226.330673,104.142792,67.021332,353.858124,70.667534,97.710373,314.288818,12.341376,459.84903
126,0,253.695129,-213.72847,936.083496,239.701553,64.113869,942.073059,431.8797,-97.96093,1014.593506,429.26413,-32.811211,1012.535217,308.082489,-255.568619,476.082306,381.959778,-295.917206,94.199081,415.536499,-257.230347,72.252586,297.212067,110.236641,481.784912,394.852844,141.915237,100.222542,421.650604,98.560715,68.596497,305.114014,-153.476425,460.633545,344.518646,-218.823532,100.033997,261.05722,-318.63559,53.906509,219.299637,-252.436218,63.88784,265.057068,165.273788,58.953316,226.319687,104.142921,67.005867,353.823822,70.651512,97.750114,314.258972,12.321577,459.900543
127,0,253.673248,-213.716461,936.079468,239.696533,64.116867,942.060974,431.83136,-97.965134,1014.584778,429.241638,-32.787926,1012.584595,308.053711,-255.585037,476.093719,381.948517,-295.934998,94.301582,415.639679,-257.368744,72.133392,297.350525,110.305641,481.670227,394.932465,141.890274,100.228592,421.648224,98.547943,68.611275,305.101135,-153.479767,460.642517,344.486053,-218.846344,99.98912,261.037842,-318.661591,53.891579,219.312515,-252.447128,63.867546,265.080902,165.248505,58.949516,226.312881,104.130211,67.017036,353.866669,70.668701,97.693993,314.258514,12.31828,459.894958
128,0,253.61731,-213.713043,936.073547,239.654465,64.085373,942.067017,431.81192,-97.937019,1014.63678,429.250641,-32.812786,1012.581238,308.006226,-255.555832,476.141449,381.905609,-295.943726,94.318901,415.625458,-257.37561,72.144043,297.472778,110.165604,481.755676,395.013611,141.977615,100.207397,421.661285,98.549217,68.619957,305.089142,-153.482513,460.640076,344.485352,-218.921646,99.829666,261.059784,-318.628754,53.906239,219.317093,-252.442383,63.879169,265.076019,165.20433,58.926266,226.290283,104.09816,66.994827,353.852936,70.652206,97.751991,314.281982,12.325789,459.873199
129,0,253.616577,-213.740463,936.062073,239.644272,64.087601,942.077454,431.839905,-98.046059,1014.687988,429.244171,-32.791634,1012.596008,308.029816,-255.546326,476.125885,381.949371,-295.927063,94.274475,415.532562,-257.280334,72.295006,297.198944,110.244499,481.742737,394.980591,142.02594,100.207809,421.647827,98.541336,68.628197,305.072845,-153.485703,460.639374,344.490692,-218.84169,100.010719,261.066071,-318.641693,53.888741,219.281647,-252.440659,63.875572,265.086151,165.238708,58.914944,226.295425,104.137566,67.012123,353.835175,70.610619,97.807838,314.218445,12.328724,459.877533
130,0,253.613113,-213.701538,936.062622,239.63324,64.084145,942.063477,431.41333,-97.786385,1014.444214,429.208405,-32.803898,1012.563843,308.024811,-255.541779,476.119263,381.920746,-295.914886,94.229652,415.563751,-257.323639,72.27166,297.50705,110.188042,481.780792,395.014862,141.908936,100.262245,421.712128,98.532471,68.618408,305.068329,-153.483032,460.643005,344.454041,-218.939682,99.823357,261.047363,-318.629578,53.890717,219.281357,-252.425964,63.888298,265.078522,165.271393,58.926693,226.319183,104.152878,67.026459,353.805023,70.56942,97.848907,314.151947,12.289491,459.903076
131,0,253.620529,-213.680511,936.04364,239.624481,64.095299,942.075989,431.828674,-98.082474,1014.808289,429.204437,-32.783329,1012.608032,308.018799,-255.556702,476.090851,381.922333,-295.944519,94.326698,415.597351,-257.336823,72.12851,297.518951,110.19252,481.762634,395.198334,141.942764,100.165276,421.639709,98.55687,68.63298,305.054443,-153.496597,460.641785,344.470337,-218.822296,100.01828,261.056885,-318.644684,53.889927,219.285995,-252.43959,63.879662,265.049988,165.237244,58.959347,226.328232,104.117485,67.056564,353.849823,70.557426,97.7939,314.145782,12.258434,459.915253
132,0,253.570053,-213.746658,936.023499,239.61937,64.108452,942.046631,431.347809,-97.843056,1014.38092,429.179352,-32.804893,1012.627502,308.020172,-255.560547,476.113342,381.964325,-295.902008,94.115883,415.566345,-257.271484,72.217377,297.717224,110.290421,481.712494,395.067291,141.999084,100.18808,421.633484,98.557495,68.618721,305.057434,-153.490051,460.629395,344.444397,-218.913773,99.829613,261.044189,-318.649475,53.878269,219.295593,-252.439117,63.894085,265.065216,165.190231,58.947079,226.295944,104.116829,67.031906,353.807739,70.520294,97.804108,314.735626,12.702865,459.862244
133,0,253.562515,-213.718414,936.029602,239.56012,64.114845,942.030945,431.795258,-98.015938,1014.706848,429.134766,-32.813187,1012.554993,307.977448,-255.573837,476.091156,381.928345,-295.923248,94.268021,415.585968,-257.349548,72.100189,297.475616,110.167252,481.757751,395.0867,141.973572,100.20813,421.655945,98.569084,68.624573,305.054962,-153.475937,460.625397,344.47644,-218.837723,100.016586,261.063599,-318.658447,53.890842,219.28476,-252.426559,63.884727,265.061218,165.216095,58.904564,226.297363,104.076729,67.048126,353.837402,70.511444,97.794556,314.248047,12.34888,459.918549
134,0,253.575775,-213.699203,936.03241,239.554886,64.128716,942.021606,431.731812,-98.007881,1014.722351,429.102539,-32.815826,1012.589905,307.976959,-255.571014,476.085419,381.874054,-295.944672,94.376831,415.649384,-257.345337,72.096619,297.500824,110.184975,481.759552,395.101257,141.829803,100.188347,421.730255,98.564514,68.628212,305.040588,-153.491638,460.626831,344.459137,-218.921387,99.807617,261.059845,-318.613342,53.932652,219.276901,-252.4328,63.888004,265.044617,165.242554,58.902088,226.301834,104.093346,67.062012,353.817291,70.481941,97.77179,314.257233,12.360252,459.917816
135,0,253.543198,-213.723816,936.031616,239.521378,64.106277,942.029602,431.779083,-98.105286,1014.787537,429.063568,-32.827305,1012.610107,308.018066,-255.552078,476.136383,381.979553,-295.914429,94.25621,415.587036,-257.318268,72.188187,297.530579,110.175026,481.761139,395.185974,141.95755,100.159409,421.730896,98.561554,68.616516,305.053772,-153.494858,460.63623,344.473572,-218.831497,100.007309,261.04248,-318.655975,53.907642,219.287628,-252.438934,63.879116,265.081116,165.228775,58.923611,226.300934,104.080521,67.044472,353.800934,70.495682,97.831329,314.674408,12.69006,459.978027
136,0,253.487198,-213.734818,935.993958,239.51091,64.126549,942.015259,431.748077,-98.050362,1014.718628,429.0849,-32.830841,1012.614014,308.021362,-255.573242,476.111725,382.067322,-295.976532,94.354645,415.383392,-257.357635,71.884018,297.555695,110.190956,481.764343,394.998596,141.905151,100.263283,421.713837,98.572868,68.616196,305.065521,-153.483597,460.641632,344.469818,-218.804092,100.03688,261.019958,-318.626678,53.899689,219.282898,-252.429779,63.882446,265.063843,165.182251,58.927269,226.313263,104.065948,67.045303,353.772675,70.456024,97.843971,314.361115,12.437737,459.907043
137,0,253.47197,-213.727173,936.030029,239.480194,64.130058,942.019348,431.590515,-98.006012,1014.710876,429.046143,-32.816402,1012.584595,308.047516,-255.562576,476.077484,381.936951,-295.914764,94.32869,415.68457,-257.359497,72.0224,297.545502,110.184105,481.751526,394.992828,141.901169,100.268982,421.628845,98.554535,68.617477,305.081299,-153.482483,460.613617,344.456604,-218.929764,99.820702,261.039093,-318.637909,53.88139,219.306961,-252.443161,63.902325,265.094757,165.238205,58.928467,226.293839,104.096992,67.035301,353.802246,70.45903,97.816368,314.363403,12.434068,459.881134
138,0,253.439453,-213.74144,936.016846,239.428101,64.082664,941.99585,431.584595,-97.976349,1014.690063,428.982758,-32.793304,1012.652893,308.047058,-255.574677,476.091919,381.936066,-295.92276,94.274155,415.570496,-257.335144,72.133759,297.542847,110.190598,481.740173,395.145325,142.051376,100.151428,421.653931,98.546585,68.633591,305.062347,-153.486618,460.628784,344.454132,-218.928558,99.81852,261.067719,-318.655151,53.903831,219.287643,-252.438217,63.884163,265.086365,165.191696,58.954811,226.27327,104.08567,67.031815,353.836212,70.475517,97.822762,314.304718,12.401867,459.90506
139,0,253.426468,-213.718704,936.028809,239.397141,64.094337,941.985657,430.939545,-97.7034,1014.254944,428.931488,-32.782589,1012.582642,308.016846,-255.579086,476.068848,381.928955,-295.915741,94.276367,415.51767,-257.200439,72.2882,297.735657,110.259895,481.680511,395.115723,142.013046,100.153526,421.637299,98.556114,68.618027,305.059418,-153.485886,460.604309,344.442322,-218.941589,99.802864,261.065216,-318.646851,53.895115,219.289902,-252.429245,63.885891,265.064575,165.222641,58.902767,226.280441,104.098885,67.024956,353.777069,70.458519,97.835953,314.816071,12.777572,459.883698
140,0,253.390793,-213.731674,936.048096,239.363861,64.078735,941.972412,431.54068,-98.004044,1014.776245,428.850677,-32.795895,1012.583252,308.066406,-255.561523,476.133148,381.931,-295.90567,94.273193,415.588379,-257.206055,72.20771,297.556671,110.166801,481.748047,394.985718,141.863007,100.177467,421.606659,98.557961,68.600929,305.053619,-153.506744,460.621063,344.465424,-218.805649,100.044853,261.054291,-318.661316,53.912449,219.283066,-252.441528,63.89352,265.071045,165.255829,58.913273,226.289001,104.071693,67.051285,353.790527,70.487892,97.808807,314.301941,12.403781,459.886383
141,0,253.343307,-213.720444,936.00946,239.327194,64.080185,941.96875,431.183868,-97.775185,1014.526123,428.848511,-32.839771,1012.566101,308.052795,-255.560898,476.113007,381.891174,-295.932617,94.290924,415.59845,-257.275146,72.192764,297.209869,110.271492,481.76474,395.035675,142.044617,100.205711,421.629608,98.543427,68.614632,305.074524,-153.499756,460.628815,344.474152,-218.831757,100.034897,261.175629,-318.819336,53.689568,219.282455,-252.448593,63.888447,265.033295,165.199554,58.932446,226.307968,104.061073,67.034714,353.82016,70.527618,97.782646,314.748901,12.73577,459.891296
142,0,253.319321,-213.723816,936.012573,239.299545,64.107048,941.947449,431.119141,-97.741783,1014.522339,428.809784,-32.797508,1012.525696,308.038391,-255.585648,476.067413,381.885681,-295.912292,94.213135,415.568817,-257.245667,72.243118,297.46402,110.174065,481.753784,395.005615,142.042374,100.227196,421.627838,98.532326,68.626701,305.065033,-153.491898,460.630219,344.444733,-218.931351,99.829323,261.201416,-318.861176,53.684334,219.299332,-252.435745,63.889271,265.046387,165.217911,58.9375,226.286255,104.070663,67.019165,353.842468,70.55265,97.76355,314.244232,12.414781,459.854553
143,0,253.284775,-213.738434,936.015198,239.260666,64.06958,941.965271,430.820129,-97.702705,1014.358154,428.754791,-32.813221,1012.599854,308.001038,-255.576157,476.055084,381.872223,-295.92334,94.27211,415.595001,-257.289032,72.154289,297.642975,110.269463,481.677917,395.015961,142.010086,100.249741,421.626801,98.553131,68.643074,305.070435,-153.492371,460.630463,344.462433,-218.809097,100.04631,261.088348,-318.701843,53.830856,219.276993,-252.437469,63.889847,265.115326,165.299377,58.94339,226.271545,104.080925,67.041679,353.822662,70.565384,97.797951,314.236328,12.392614,459.861694
144,0,253.249557,-213.727707,936.006958,239.231354,64.102585,941.93573,431.153534,-97.831871,1014.608765,428.744843,-32.820919,1012.548706,307.997101,-255.576523,476.075836,381.902496,-295.909973,94.241104,415.575043,-257.27359,72.221718,297.435791,110.161461,481.733765,395.087921,141.819656,100.175514,421.630463,98.539719,68.632957,305.08783,-153.497345,460.623169,344.488831,-218.811249,100.046791,261.085358,-318.6875,53.86248,219.272522,-252.437347,63.884602,265.06427,165.177826,58.95747,226.290741,104.113785,67.01033,353.82431,70.625633,97.778404,314.229553,12.383564,459.871887
145,0,253.232178,-213.75177,936.017212,239.156067,64.073975,941.935608,431.055084,-97.811501,1014.648315,428.66864,-32.814548,1012.590881,308.047363,-255.562302,476.123535,381.884094,-295.899292,94.345444,415.549225,-257.209351,72.237427,297.585968,110.233101,481.663422,394.896606,141.888092,100.26384,421.628387,98.528976,68.643471,305.090332,-153.503006,460.613159,344.439606,-218.947342,99.821571,261.098816,-318.643311,53.865509,219.279297,-252.448135,63.898994,265.059052,165.21347,58.925411,226.287201,104.154076,67.015228,353.826813,70.65593,97.753738,314.956177,12.954537,459.882629
146,0,253.199783,-213.741165,935.997131,239.148849,64.074692,941.937378,430.982727,-97.809082,1014.696106,428.659363,-32.800667,1012.613281,307.959198,-255.577438,476.06308,381.918884,-295.929108,94.283035,415.615295,-257.336334,72.203423,297.390686,110.13488,481.733795,395.005432,141.859833,100.19413,421.706909,98.538513,68.633568,305.05481,-153.495667,460.642853,344.480438,-218.926575,99.840111,261.09201,-318.679749,53.87677,219.276291,-252.427185,63.880287,265.096069,165.236206,58.955456,226.300156,104.192184,67.003746,353.866882,70.661591,97.703835,314.977783,12.959169,459.873657
147,0,253.116791,-213.769775,935.990479,239.076233,64.041611,941.958984,431.058563,-97.906578,1014.781372,428.55365,-32.774345,1012.561584,307.95575,-255.591248,476.06601,381.894989,-295.926422,94.254883,415.541901,-257.328125,72.221504,297.598389,110.246254,481.671387,395.04425,141.985886,100.186752,421.665527,98.54171,68.6418,305.0513,-153.497665,460.607208,344.477753,-218.82695,100.027237,261.068298,-318.672333,53.844479,219.290268,-252.443588,63.88863,265.054718,165.225784,58.937206,226.263824,104.078896,67.01873,353.828461,70.724449,97.686386,314.266968,12.383326,459.877045
148,0,253.101913,-213.746765,935.997742,239.041534,64.041496,941.941528,430.484283,-97.69062,1014.381653,428.532745,-32.794262,1012.575134,307.913788,-255.612167,476.023712,381.874268,-295.934052,94.311874,415.667725,-257.313904,72.128036,297.079987,110.212624,481.726685,394.95932,142.027557,100.227127,421.615875,98.547623,68.625267,305.03653,-153.510635,460.606903,344.438843,-218.946686,99.819038,261.06192,-318.680023,53.812489,219.282181,-252.442627,63.882149,265.050537,165.198959,58.954708,226.284317,104.20594,66.985924,353.885529,70.689278,97.689369,314.693726,12.732231,459.834167
149,0,253.050812,-213.749069,935.986572,239.016388,64.085175,941.89325,431.061188,-97.96524,1014.840576,428.494537,-32.779873,1012.649292,307.946045,-255.59169,476.055511,381.891602,-295.92337,94.338615,415.63208,-257.316345,72.100136,297.072052,110.22834,481.702454,394.94574,142.029572,100.232201,421.630798,98.547668,68.65522,305.028381,-153.505798,460.591949,344.451477,-218.932495,99.832268,261.033478,-318.658386,53.929638,219.277832,-252.432251,63.891491,265.0896,165.219711,58.92672,226.282501,104.240913,66.978554,353.875458,70.687645,97.670113,314.248169,12.3929,459.835602
150,0,253.017395,-213.75975,935.976135,238.944489,64.065483,941.900696,430.916077,-97.91407,1014.804932,428.45993,-32.80648,1012.648682,307.92099,-255.593689,476.074066,381.87326,-295.9104,94.279915,415.571106,-257.232422,72.300507,297.088898,110.240288,481.70813,394.983551,142.028915,100.231239,421.628784,98.54216,68.623283,305.012024,-153.505676,460.578583,344.474152,-218.821503,100.028061,261.083984,-318.689789,53.854824,219.286591,-252.438004,63.874104,265.054413,165.199585,58.92244,226.303101,104.240143,66.987862,353.826843,70.678764,97.721077,314.673676,12.767839,459.842224
151,0,252.981781,-213.742554,935.974854,238.890045,64.077118,941.892334,431.013062,-98.050781,1014.937073,428.335754,-32.779274,1012.613037,307.909485,-255.57724,476.056213,381.891571,-295.915466,94.262817,415.637512,-257.30603,72.094696,297.35318,110.161888,481.707642,394.938721,142.051697,100.214989,421.631531,98.552895,68.650352,304.964142,-153.493866,460.596283,344.450073,-218.824722,100.050613,261.098511,-318.647583,53.89957,219.281174,-252.438034,63.905075,265.087738,165.208344,58.938904,226.293518,104.204208,66.983521,353.859009,70.677917,97.724991,314.654358,12.737849,459.841156
152,0,252.922241,-213.764297,935.923645,238.840851,64.090721,941.880371,430.929352,-97.997002,1014.898071,428.259338,-32.795898,1012.632019,307.900574,-255.589157,476.055603,382.032562,-295.990784,94.3582,415.404938,-257.287109,71.728073,297.349976,110.173607,481.709625,395.053741,142.056564,100.184128,421.622772,98.531967,68.651276,304.93869,-153.511795,460.578217,344.464966,-218.834915,100.036026,261.052765,-318.65741,53.856621,219.269119,-252.445663,63.884125,265.066864,165.224625,58.920399,226.302551,104.226433,66.97345,353.840515,70.653725,97.741638,314.250244,12.396076,459.828278
153,0,252.860931,-213.761063,935.937317,238.79216,64.098969,941.880798,430.269073,-97.689476,1014.3974,428.209778,-32.7966,1012.656433,307.891754,-255.567764,476.051849,381.861816,-295.921112,94.301506,415.598877,-257.324738,72.160873,297.062073,110.232918,481.706604,394.742676,141.911484,100.221672,421.628937,98.531372,68.662498,304.907196,-153.523697,460.579376,344.451202,-218.824982,100.046135,261.025726,-318.656403,53.888626,219.259842,-252.43869,63.891216,265.068878,165.210205,58.947674,226.272385,104.215012,66.956299,353.831909,70.653694,97.729523,314.196899,12.407598,459.84198
154,0,252.804733,-213.753143,935.934692,238.749527,64.093697,941.894226,430.940857,-98.11805,1015.062805,428.162262,-32.773411,1012.644775,307.892731,-255.572433,476.094574,381.859619,-295.929657,94.301819,415.397583,-257.120483,72.547699,297.081573,110.23259,481.708801,394.972229,142.076889,100.251244,421.62735,98.536095,68.638031,304.884674,-153.503937,460.59436,344.472656,-218.825806,100.020569,261.056244,-318.637482,53.89616,219.267853,-252.440399,63.881813,265.077576,165.208878,58.923763,226.316681,104.215736,67.013855,353.846527,70.64653,97.711044,314.56189,12.679748,459.87085
155,0,252.780075,-213.740891,935.943665,238.693359,64.101746,941.888977,430.826172,-98.075111,1015.083679,428.095642,-32.792995,1012.66156,307.904724,-255.57605,476.098022,381.876251,-295.933319,94.409386,415.416931,-257.199188,72.481323,297.046295,110.229126,481.697083,394.885162,141.878891,100.22757,421.618042,98.543823,68.654289,304.884308,-153.520767,460.584961,344.458679,-218.919556,99.845734,261.020905,-318.638062,53.883152,219.276474,-252.440903,63.880367,265.074951,165.226746,58.950035,226.331635,104.234207,67.014969,353.842926,70.607964,97.719376,314.643951,12.733857,459.861969
156,0,252.683914,-213.724457,935.915894,238.654388,64.165039,941.846619,430.178497,-97.709244,1014.589294,427.987,-32.750046,1012.618164,307.827759,-255.552917,476.053986,381.850403,-295.944244,94.345886,415.670227,-257.343048,72.050308,297.048309,110.249847,481.719788,395.094879,141.910934,100.177872,421.645966,98.544662,68.645111,304.884796,-153.505569,460.569824,344.452148,-218.926666,99.822189,261.038635,-318.646332,53.823708,219.270905,-252.435181,63.884392,265.025513,165.20784,58.907169,226.304733,104.198486,67.010239,353.773529,70.608299,97.791382,314.615448,12.769001,459.836426
157,0,252.625671,-213.687653,935.90094,238.600266,64.150719,941.84668,430.658783,-98.033875,1015.048767,427.932648,-32.768242,1012.637146,307.808838,-255.564957,476.043884,381.83017,-295.913788,94.283463,415.497559,-257.157684,72.365028,297.036896,110.251266,481.723785,394.818329,141.920746,100.283134,421.648499,98.54039,68.646278,304.886078,-153.509979,460.552032,344.424835,-218.818222,100.069893,261.009369,-318.657471,53.88818,219.270569,-252.444778,63.890198,265.070374,165.233643,58.900566,226.280014,104.130928,67.010635,353.754059,70.563568,97.803146,314.631042,12.781158,459.870178
158,0,252.589615,-213.663803,935.892883,238.515823,64.145531,941.880859,430.733368,-98.128105,1015.354065,427.851196,-32.759094,1012.600281,307.821442,-255.571991,476.065277,381.863586,-295.91684,94.266022,415.540985,-257.201538,72.302795,297.013733,110.263321,481.711456,395.068756,141.86113,100.203125,421.613007,98.530518,68.652443,304.887421,-153.492371,460.578735,344.435028,-218.92482,99.819969,261.035065,-318.671814,53.885365,219.256317,-252.439713,63.875034,265.023193,165.237747,58.928699,226.258118,104.054169,67.002724,353.758453,70.555374,97.795372,314.091766,12.406357,459.911163
159,0,252.541962,-213.65239,935.872375,238.454224,64.117592,941.846985,430.704102,-98.140694,1015.227295,427.855743,-32.761616,1012.641052,307.769897,-255.562515,475.990936,381.880219,-295.898651,94.328712,415.582153,-257.322144,72.173164,296.988312,110.272591,481.709778,395.011261,141.852127,100.232933,421.621643,98.549599,68.631203,304.88858,-153.488876,460.536499,344.424713,-218.917603,99.830627,261.025482,-318.677246,53.833778,219.271652,-252.434586,63.880615,265.039215,165.263947,58.914906,226.295242,104.097847,67.046165,353.812317,70.485611,97.76989,314.606567,12.784402,459.796814
160,0,252.490677,-213.613632,935.880249,238.392365,64.116302,941.867065,430.143127,-97.882004,1014.803528,427.749268,-32.799377,1012.598267,307.778351,-255.546249,476.046539,381.868439,-295.928741,94.395226,415.64389,-257.39032,72.109062,296.987915,110.285919,481.697174,395.053497,141.829102,100.221947,421.616241,98.535828,68.626556,304.862671,-153.459946,460.559387,344.411072,-218.924683,99.83046,261.017578,-318.644501,53.856983,219.266434,-252.437241,63.888638,265.023987,165.283737,58.921169,226.278305,104.081001,66.986031,353.778625,70.498878,97.843735,314.095795,12.473343,459.836456
161,0,252.431335,-213.609634,935.840027,238.358673,64.1632,941.838867,430.527924,-98.129921,1015.366577,427.598083,-32.815407,1012.541626,307.766815,-255.512833,476.019501,381.887909,-295.915924,94.350571,415.562164,-257.292999,72.175377,296.982452,110.303513,481.713257,394.789581,141.914688,100.258163,421.601898,98.524513,68.647644,304.873016,-153.448685,460.555176,344.441986,-218.82019,100.044044,261.020966,-318.653656,53.844341,219.263641,-252.441589,63.883499,265.056854,165.229233,58.894394,226.272034,104.087502,67.019592,353.79538,70.457855,97.818092,314.149719,12.475849,459.784454
162,0,252.356445,-213.595871,935.820129,238.293182,64.149666,941.84259,429.82489,-97.76004,1014.748352,427.507324,-32.80307,1012.565247,307.747192,-255.493546,475.997284,381.874023,-295.909698,94.330505,415.477386,-257.214417,72.350174,296.962402,110.306709,481.70224,394.825073,141.924957,100.262779,421.632751,98.537231,68.662788,304.865112,-153.44632,460.555176,344.447357,-218.805634,100.021721,260.975159,-318.640717,53.838657,219.262054,-252.424088,63.880482,265.029083,165.249039,58.924942,226.271973,104.070999,67.025375,353.692413,70.500664,97.889153,314.113098,12.427871,459.823975
163,0,252.30658,-213.590393,935.801941,238.234665,64.15136,941.820557,429.674591,-97.721359,1014.771729,427.410492,-32.839046,1012.498596,307.733307,-255.508484,475.963318,381.827911,-295.898834,94.409325,415.605316,-257.312469,72.167061,296.965149,110.300087,481.709259,394.990204,141.831619,100.216858,421.612946,98.54808,68.655251,304.820099,-153.444992,460.548523,344.403046,-218.914658,99.808929,261.032745,-318.621552,53.85503,219.256454,-252.421326,63.860565,265.036835,165.244476,58.970619,226.272568,104.077591,67.009918,353.68573,70.427895,97.896667,314.106079,12.455465,459.804626
164,0,252.238541,-213.571564,935.813477,238.145111,64.159554,941.834778,429.746246,-97.609108,1014.764282,427.360596,-32.84465,1012.488037,307.697968,-255.494324,476.020172,381.848969,-295.901794,94.387726,415.239075,-257.138824,72.119568,296.967773,110.306351,481.704865,394.705017,141.944244,100.253784,421.614075,98.532341,68.654663,304.815491,-153.447815,460.539276,344.442291,-218.821777,100.044395,261.010284,-318.653717,53.861061,219.250275,-252.416229,63.860306,265.043152,165.206024,58.884663,226.258865,104.117065,67.037422,353.673492,70.446922,97.92292,314.542755,12.783092,459.825165
165,0,252.164154,-213.591843,935.803406,238.109528,64.177452,941.81134,429.306885,-97.5784,1014.910095,427.202606,-32.895317,1012.384155,307.710663,-255.498825,476.012085,381.846832,-295.884277,94.539032,415.596283,-257.188721,72.202126,296.956787,110.323952,481.712616,394.759674,141.932037,100.272293,421.644592,98.527596,68.647354,304.814667,-153.417252,460.558838,344.430511,-218.899994,99.847847,261.019165,-318.645447,53.860783,219.267319,-252.417984,63.875004,265.027313,165.219147,58.914154,226.260391,104.1119,67.028221,353.704346,70.458481,97.856255,314.101013,12.435678,459.826263
166,0,252.105148,-213.589355,935.757019,238.06311,64.19371,941.802307,429.37381,-97.611732,1014.809875,427.220032,-32.846455,1012.440796,307.679169,-255.499664,476.022705,381.847107,-295.881683,94.412971,415.631012,-257.32486,72.155273,297.189575,110.451065,481.618622,394.837708,141.84993,100.201256,421.627167,98.543114,68.604599,304.818542,-153.418945,460.539124,344.430084,-218.911972,99.832962,261.060333,-318.634705,53.837414,219.248779,-252.42778,63.869476,265.064789,165.257706,58.900196,226.287231,104.100082,67.029144,353.704163,70.458542,97.842865,314.106079,12.460839,459.807159
167,0,252.011841,-213.594818,935.758423,238.011215,64.225067,941.77771,429.255615,-97.630638,1014.724121,427.106049,-32.872189,1012.488953,307.670502,-255.499573,476.01474,381.983734,-295.978424,94.61824,415.292297,-257.240875,71.865532,296.987,110.347427,481.688416,394.74707,142.002548,100.228638,421.630035,98.547134,68.65152,304.822113,-153.405762,460.534607,344.43454,-218.800385,100.038704,261.016785,-318.636261,53.877266,219.24884,-252.431808,63.882858,265.033752,165.205505,58.912205,226.262115,104.11132,67.015518,353.725098,70.420387,97.886765,314.460114,12.734888,459.858765
168,0,251.940094,-213.59729,935.746826,237.945724,64.225479,941.76355,429.363129,-97.708359,1014.873047,426.995483,-32.870708,1012.461426,307.564056,-255.501389,475.959381,381.833649,-295.906647,94.373245,415.58783,-257.310516,72.198288,297.142303,110.438019,481.626923,395.052948,141.931778,100.188812,421.605652,98.53614,68.652245,304.772827,-153.402466,460.514008,344.404205,-218.907272,99.822952,261.041779,-318.651306,53.827118,219.261642,-252.431213,63.885292,265.014191,165.224777,58.90023,226.28006,104.090401,67.023575,353.688812,70.424873,97.860611,314.114563,12.501818,459.877655
169,0,251.911224,-213.575119,935.741394,237.912033,64.224487,941.754272,429.160889,-97.620087,1014.801636,426.977692,-32.866245,1012.485596,307.559937,-255.479156,475.981506,381.857147,-295.901489,94.378448,415.596649,-257.308563,72.140045,296.961975,110.361786,481.694641,394.77002,141.892517,100.271339,421.611725,98.537346,68.643616,304.745758,-153.410919,460.505707,344.420013,-218.914856,99.824623,261.002716,-318.664032,53.885609,219.254959,-252.428497,63.884377,265.038239,165.258133,58.929668,226.27684,104.1138,67.047836,353.725464,70.448212,97.802826,314.058716,12.443511,459.899475
170,0,251.846008,-213.574402,935.723511,237.885986,64.241096,941.767029,428.986572,-97.600677,1014.674927,426.882935,-32.900494,1012.436523,307.559265,-255.489288,475.983795,381.880768,-295.890778,94.327797,415.600433,-257.287018,72.15696,296.942902,110.360146,481.693695,394.882385,141.863754,100.218208,421.615967,98.551018,68.648033,304.717224,-153.406143,460.510742,344.423279,-218.917419,99.81591,261.070801,-318.656494,53.878819,219.252899,-252.429031,63.879967,265.063538,165.276749,58.92469,226.283524,104.109497,67.020302,353.709564,70.341461,97.887512,314.45813,12.855133,459.876129
171,0,251.801483,-213.572723,935.718567,237.834946,64.23848,941.758301,429.180298,-97.676781,1014.943481,426.91922,-32.867989,1012.559631,307.510834,-255.469299,476.013428,381.842346,-295.905426,94.456726,415.574738,-257.320068,72.186859,296.903412,110.353165,481.664185,394.821899,141.892334,100.190239,421.61499,98.546089,68.632736,304.681458,-153.417709,460.517029,344.437073,-218.907227,99.828209,261.007874,-318.643463,53.846294,219.261414,-252.430206,63.860722,265.078674,165.237579,58.942497,226.266495,104.102043,67.02301,353.671021,70.374382,97.849716,314.074677,12.531687,459.793243
172,0,251.749603,-213.55835,935.711426,237.761215,64.229408,941.756165,428.923401,-97.625809,1014.668457,426.877563,-32.873745,1012.532593,307.469421,-255.486786,475.982788,381.97406,-295.979034,94.508789,415.315491,-257.266602,71.741852,296.864471,110.34111,481.66687,394.807251,141.905075,100.25988,421.605469,98.541138,68.638702,304.640289,-153.427475,460.52475,344.425903,-218.886978,99.835648,261.025665,-318.661957,53.823631,219.26767,-252.423019,63.876732,265.048096,165.233856,58.927711,226.265518,104.098213,67.041237,353.667175,70.376114,97.854637,313.999451,12.483866,459.885406
173,0,251.696594,-213.569962,935.687683,237.721756,64.238968,941.756287,428.93454,-97.645424,1014.760132,426.787079,-32.92535,1012.475586,307.468567,-255.479126,475.999115,381.879608,-295.891357,94.341805,415.591766,-257.323608,72.11599,296.847382,110.360985,481.672516,394.915833,141.860291,100.229797,421.616241,98.512901,68.660202,304.60437,-153.422928,460.503082,344.427277,-218.776749,100.029198,261.02652,-318.669586,53.860603,219.2724,-252.410294,63.854874,265.065094,165.236847,58.894703,226.25827,104.098427,67.029266,353.671356,70.370583,97.82782,313.995941,12.515577,459.838684
174,0,251.664337,-213.5495,935.689941,237.682251,64.251259,941.735596,429.048828,-97.712555,1014.86969,426.771179,-32.929661,1012.466797,307.415985,-255.475342,476.030182,381.800751,-295.894196,94.399818,415.423035,-257.187866,72.369179,296.822052,110.349663,481.658234,394.79718,141.856049,100.222908,421.614014,98.524597,68.672165,304.605255,-153.414398,460.492432,344.422485,-218.893097,99.834778,261.013977,-318.668091,53.807655,219.239731,-252.434097,63.875652,265.045929,165.214081,58.908325,226.256866,104.111984,67.026192,353.650513,70.437943,97.848831,314.320251,12.812303,459.860077
175,0,251.618622,-213.578156,935.71875,237.662613,64.242157,941.731384,428.888184,-97.682442,1014.672729,426.758392,-32.906269,1012.493042,307.39563,-255.47493,476.009918,381.844452,-295.89624,94.390602,415.543213,-257.224457,72.247093,296.786743,110.359215,481.658234,394.780182,141.883469,100.262741,421.603455,98.537979,68.648445,304.583344,-153.421188,460.478302,344.391388,-218.904892,99.81987,261.01181,-318.611176,53.888824,219.254044,-252.41893,63.873596,265.060516,165.202011,58.912819,226.245911,104.094666,66.979088,353.718689,70.446846,97.785843,313.900635,12.519575,459.843811
176,0,251.561279,-213.577515,935.695435,237.55394,64.211357,941.733215,428.725433,-97.568497,1014.602295,426.702667,-32.9142,1012.512695,307.368866,-255.44754,476.009979,381.831665,-295.911896,94.426109,415.576782,-257.32782,72.152161,296.786713,110.341537,481.659668,394.863892,141.866776,100.235458,421.59314,98.511681,68.676224,304.566589,-153.41925,460.490112,344.407715,-218.892868,99.831322,261.02005,-318.642059,53.852402,219.248627,-252.4375,63.856922,265.044525,165.249359,58.947029,226.233154,104.091431,66.998474,353.703247,70.474472,97.811249,314.41333,12.842375,459.803772
177,0,251.521973,-213.59166,935.695557,237.506683,64.210251,941.722534,428.706879,-97.577126,1014.655212,426.839874,-32.830482,1012.726074,307.329468,-255.488068,475.988098,381.87146,-295.877869,94.274689,415.453522,-257.200378,72.343399,296.898834,110.403526,481.569763,394.945099,141.851868,100.279243,421.595795,98.540276,68.668205,304.534088,-153.411545,460.497894,344.404266,-218.871658,99.824745,261.037689,-318.661835,53.872993,219.266006,-252.428177,63.891647,265.054108,165.217102,58.905029,226.25235,104.080635,67.011375,353.764648,70.544739,97.764763,314.338898,12.846638,459.821564
178,0,251.462219,-213.561951,935.689453,237.439865,64.185066,941.746765,428.643768,-97.613747,1014.564636,426.653809,-32.882183,1012.63678,307.335632,-255.460083,476.001099,381.83252,-295.896179,94.277489,415.519592,-257.261597,72.310692,296.755829,110.333405,481.651978,394.857086,141.830765,100.235672,421.612701,98.52298,68.655838,304.522491,-153.404373,460.506195,344.408417,-218.883072,99.836212,261.017792,-318.662262,53.881397,219.23938,-252.422241,63.872181,265.007385,165.219818,58.932087,226.248032,104.085663,66.984428,353.776154,70.537064,97.76886,314.341492,12.843266,459.826508
179,0,251.415497,-213.595001,935.66925,237.421066,64.251602,941.693115,428.497925,-97.659111,1014.507996,426.674194,-32.838379,1012.662537,307.322174,-255.468842,476.023987,381.819153,-295.879761,94.420387,415.168091,-257.07309,72.294731,296.755432,110.349678,481.639404,394.901978,141.829376,100.220779,421.577667,98.514244,68.662155,304.526581,-153.404907,460.486237,344.397888,-218.901459,99.807587,261.028137,-318.652557,53.863598,219.243011,-252.420746,63.864941,265.056854,165.243973,58.929317,226.277344,104.1008,67.038681,353.757874,70.540276,97.808083,313.922302,12.528955,459.793396
180,0,251.410995,-213.573502,935.649292,237.318756,64.198486,941.696899,428.555359,-97.697388,1014.603943,426.592377,-32.838531,1012.678406,307.313629,-255.493484,475.956879,381.818634,-295.905121,94.408119,415.532196,-257.232544,72.257477,296.74115,110.354301,481.639679,395.185394,142.00177,100.295616,421.60675,98.53286,68.675262,304.514282,-153.414413,460.493134,344.394348,-218.888,99.813499,261.022888,-318.635834,53.895374,219.24646,-252.410141,63.86058,265.048798,165.25116,58.917027,226.242615,104.122208,67.029755,353.749695,70.535194,97.843124,314.583832,13.080407,459.830933
181,0,251.325577,-213.551865,935.647644,237.263275,64.173401,941.690186,428.450897,-97.628342,1014.53363,426.581482,-32.827271,1012.697449,307.32785,-255.478973,475.975159,381.792175,-295.891663,94.433601,415.518646,-257.189148,72.339745,296.85611,110.443611,481.556,394.95285,141.827148,100.255493,421.589294,98.535797,68.637604,304.49231,-153.402115,460.474609,344.374817,-218.889359,99.819008,261.039825,-318.655212,53.825363,219.236862,-252.421555,63.867741,265.020447,165.240097,58.943996,226.258286,104.09259,67.036461,353.728363,70.524231,97.849686,314.331573,12.864106,459.776947
182,0,251.286148,-213.574509,935.633179,237.240387,64.193947,941.6745,428.333313,-97.602112,1014.52301,426.513,-32.789539,1012.819519,307.297546,-255.482819,475.970856,381.864166,-295.869446,94.32827,415.489899,-257.238403,72.322449,296.711365,110.391449,481.637848,394.914917,141.834869,100.198792,421.595154,98.541176,68.668739,304.513794,-153.415161,460.480072,344.388794,-218.895645,99.806015,260.9935,-318.668274,53.876156,219.231552,-252.420456,63.850044,265.033875,165.231079,58.905388,226.256668,104.072807,67.013245,353.734131,70.557625,97.804466,314.328278,12.880374,459.807312
183,0,251.219482,-213.561462,935.634155,237.18306,64.20578,941.633362,428.389771,-97.581688,1014.720947,426.53949,-32.760891,1012.887146,307.33902,-255.447006,475.969849,381.778473,-295.896759,94.425606,415.457489,-257.134033,72.454987,296.701569,110.387276,481.629913,394.935486,141.846512,100.226509,421.56955,98.524971,68.668625,304.543915,-153.421875,460.464935,344.369507,-218.927277,99.788681,261.004913,-318.672424,53.840637,219.237,-252.423264,63.867336,265.012085,165.250809,58.907028,226.258499,104.095558,67.025146,353.696808,70.501198,97.778793,314.32251,12.898776,459.807037
184,0,251.19841,-213.585495,935.62561,237.120819,64.195152,941.654724,428.337982,-97.627243,1014.645813,426.337006,-32.788841,1012.848999,307.313507,-255.46434,475.944031,381.822144,-295.8927,94.344772,415.469666,-257.157806,72.369682,296.728668,110.381958,481.654114,395.069611,141.803116,100.213791,421.57077,98.507736,68.683662,304.542725,-153.42038,460.4711,344.389923,-218.890945,99.77459,261.028931,-318.635925,53.865967,219.24469,-252.443375,63.89027,265.001648,165.247238,58.897419,226.248077,104.100945,67.042313,353.652161,70.385773,97.779686,314.279938,12.880087,459.791901
185,0,251.151886,-213.534134,935.608765,237.083145,64.191429,941.642395,428.290833,-97.608177,1014.646667,426.361786,-32.748116,1012.89917,307.355408,-255.472122,475.972473,381.788605,-295.903168,94.557617,415.521881,-257.248566,72.349388,296.707581,110.385841,481.63678,395.032135,141.93399,100.175224,421.580353,98.527008,68.662865,304.548889,-153.409546,460.479126,344.375092,-218.925156,99.795509,261.055664,-318.669312,53.850552,219.240921,-252.412674,63.868969,265.028137,165.230911,58.950684,226.257111,104.107979,67.037483,353.598572,70.342079,97.851921,314.298248,12.894589,459.805817
186,0,251.092102,-213.536591,935.609375,237.062912,64.232712,941.627686,428.390869,-97.613159,1014.667419,426.048279,-32.832413,1012.747192,307.362793,-255.494003,476.008606,381.832977,-295.886993,94.346558,415.504211,-257.244476,72.278114,296.703156,110.392326,481.634583,395.022858,141.946259,100.208725,421.596832,98.537796,68.662056,304.563782,-153.376602,460.467743,344.38678,-218.922089,99.750862,261.017578,-318.66156,53.851185,219.237152,-252.433929,63.86208,265.01709,165.220627,58.915432,226.24617,104.101387,67.02536,353.655243,70.360344,97.824837,313.877838,12.544467,459.781097
187,0,251.046921,-213.515808,935.608521,236.991669,64.188133,941.653992,428.246094,-97.605934,1014.681213,426.444,-32.678791,1013.100891,307.324677,-255.481445,475.989655,381.804504,-295.908173,94.447098,415.46225,-257.188538,72.37886,296.675995,110.359627,481.639069,394.837402,142.029495,100.305389,421.625763,98.51368,68.689743,304.523407,-153.383682,460.498047,344.37561,-218.915253,99.764557,261.031799,-318.6362,53.865833,219.251877,-252.426895,63.866199,265.035461,165.253021,58.926613,226.257858,104.083107,67.024635,353.62439,70.428123,97.789375,314.286438,12.863537,459.810425
188,0,251.017838,-213.514343,935.582764,236.980377,64.234138,941.639709,428.335815,-97.603325,1014.808777,426.165466,-32.732578,1012.912048,307.292175,-255.484344,476.010132,381.961853,-295.932861,94.562759,415.317444,-257.247253,71.862343,296.692688,110.394051,481.64328,394.991516,141.94548,100.227798,421.599213,98.491821,68.69429,304.507599,-153.382935,460.486572,344.372772,-218.898788,99.758308,261.031189,-318.655548,53.84124,219.25444,-252.431213,63.870766,265.029053,165.221115,58.940628,226.259048,104.094765,67.020866,353.662872,70.43264,97.766502,313.868011,12.554268,459.775879
189,0,250.975311,-213.517563,935.599365,236.9048,64.221848,941.631714,428.319336,-97.626717,1014.727478,426.256378,-32.667267,1013.103699,307.317871,-255.436249,476.004272,381.832123,-295.883423,94.418243,415.446625,-257.190063,72.339233,296.65152,110.368797,481.626862,394.875214,141.851151,100.366562,421.620087,98.536278,68.695007,304.493225,-153.359055,460.480377,344.399536,-218.916641,99.746925,261.054657,-318.658081,53.852402,219.251892,-252.433182,63.886688,265.049438,165.225983,58.929165,226.24855,104.103409,67.009369,353.660126,70.475197,97.797516,314.255646,12.876201,459.803406
190,0,250.955276,-213.522919,935.576233,236.904495,64.229294,941.632996,428.021362,-97.583389,1014.672729,426.218323,-32.684338,1013.108704,307.23349,-255.438828,476.00885,381.775818,-295.897125,94.494926,415.474243,-257.222168,72.343529,296.817108,110.476982,481.539764,395.002228,141.821396,100.265556,421.582611,98.519615,68.671082,304.470947,-153.367249,460.485168,344.386719,-218.916718,99.730782,261.05011,-318.680176,53.82589,219.223053,-252.420868,63.867531,265.079254,165.224365,58.919403,226.240936,104.099525,66.999153,353.679901,70.491837,97.7994,313.845947,12.524806,459.798737
191,0,250.905182,-213.492035,935.562195,236.87999,64.239349,941.615295,427.931396,-97.633125,1014.522339,426.190674,-32.687229,1013.117065,307.241394,-255.421844,475.984192,381.813354,-295.874268,94.403801,415.583344,-257.261719,72.21299,296.799377,110.474579,481.529114,394.881165,142.059921,100.302277,421.616638,98.510986,68.673286,304.431885,-153.382965,460.48703,344.373993,-218.90303,99.739052,260.992157,-318.667786,53.867531,219.238708,-252.443161,63.852451,265.041504,165.256378,58.93148,226.259247,104.095421,67.020576,353.645813,70.496498,97.799721,314.27121,12.875569,459.786621
192,0,250.885422,-213.45285,935.590393,236.829224,64.258224,941.587952,428.051849,-97.58638,1014.635925,426.184601,-32.690678,1013.156982,307.246948,-255.438416,475.957581,381.834808,-295.880981,94.363724,415.471619,-257.194214,72.394035,296.63504,110.415474,481.623566,394.908722,141.861816,100.246078,421.610901,98.515366,68.668678,304.432159,-153.394272,460.454712,344.370361,-218.903091,99.747856,261.12915,-318.806183,53.734669,219.247177,-252.432312,63.879459,265.055298,165.254135,58.902668,226.244217,104.081909,67.01165,353.678131,70.517639,97.767441,314.238861,12.8595,459.838348
193,0,250.861374,-213.462463,935.565308,236.745575,64.201317,941.615601,428.052399,-97.526031,1014.664429,426.15921,-32.652012,1013.197083,307.254028,-255.442017,475.98764,381.77771,-295.911591,94.516327,415.202026,-257.120148,72.302574,296.73877,110.448151,481.532532,394.793732,141.860901,100.24733,421.606964,98.534698,68.693405,304.437622,-153.391876,460.460754,344.361237,-218.919113,99.761169,261.086639,-318.663452,53.829243,219.25325,-252.42627,63.872665,265.040894,165.222565,58.904415,226.262833,104.071449,67.001717,353.678406,70.375587,97.814171,314.190308,12.862124,459.795593
194,0,250.83786,-213.459366,935.559814,236.781662,64.262619,941.595215,428.135223,-97.594276,1014.752502,426.170654,-32.663982,1013.189087,307.25528,-255.421066,475.951965,381.834839,-295.889526,94.403793,415.528839,-257.232025,72.361526,296.617401,110.38987,481.618958,394.726227,141.921875,100.303375,421.587219,98.542336,68.669899,304.439301,-153.378479,460.465485,344.363525,-218.929901,99.742836,261.076447,-318.667938,53.837879,219.260727,-252.42775,63.863354,265.037018,165.232193,58.907944,226.257523,104.097488,67.012398,353.623108,70.333214,97.839348,314.252106,12.874729,459.799591
195,0,250.820999,-213.445541,935.536011,236.682083,64.230019,941.599121,427.93399,-97.573105,1014.652588,426.117371,-32.659729,1013.187866,307.306671,-255.409622,476.012299,381.822235,-295.883331,94.460258,415.500336,-257.225677,72.361237,296.761932,110.479195,481.56131,394.988281,141.831909,100.28331,421.577026,98.522446,68.678986,304.479828,-153.370392,460.439911,344.38504,-218.916138,99.754204,261.061401,-318.704956,53.79623,219.232773,-252.437439,63.861088,265.065277,165.251694,58.913162,226.27269,104.125084,67.023544,353.588593,70.288246,97.880524,314.202911,12.876876,459.77597
196,0,250.777252,-213.457062,935.536011,236.693604,64.266701,941.59906,427.995911,-97.539703,1014.769531,425.937042,-32.660133,1013.159973,307.265961,-255.427338,475.965637,381.829834,-295.892059,94.361191,415.553467,-257.283447,72.288765,296.607513,110.406036,481.629547,394.955322,141.845642,100.238037,421.606323,98.532677,68.69062,304.486115,-153.339279,460.440552,344.394196,-218.918777,99.764595,261.075256,-318.688629,53.824604,219.231979,-252.445541,63.860306,265.036102,165.270386,58.926643,226.264404,104.086128,67.006592,353.643341,70.317474,97.805351,314.106812,12.812998,459.845795
197,0,250.759506,-213.487915,935.520813,236.605072,64.228081,941.599792,427.765564,-97.527138,1014.618164,426.000092,-32.628609,1013.222473,307.27597,-255.41806,475.96344,381.822632,-295.865662,94.34346,415.491699,-257.239136,72.31234,296.783234,110.509186,481.554138,395.041107,141.81723,100.304886,421.577087,98.494606,68.691765,304.501129,-153.329895,460.457397,344.372681,-218.931793,99.740738,261.081024,-318.667755,53.824318,219.251663,-252.419357,63.868179,265.056519,165.26442,58.930489,226.237595,104.106071,67.031174,353.630249,70.383469,97.840744,314.586273,13.332831,459.744995
198,0,250.725861,-213.477081,935.54303,236.560776,64.233551,941.572205,427.979706,-97.508881,1014.825195,425.978149,-32.602547,1013.330688,307.255981,-255.428757,475.993622,381.801086,-295.861816,94.38694,415.477997,-257.171234,72.368103,296.56311,110.408188,481.60788,394.987305,141.812393,100.27774,421.608734,98.524887,68.694176,304.487335,-153.33905,460.458374,344.372955,-218.917664,99.735596,261.034637,-318.660065,53.837292,219.216446,-252.430588,63.88063,264.979309,165.187103,58.91037,226.207397,104.079742,66.984825,353.64566,70.329193,97.906113,314.242798,12.934464,459.824615
199,0,250.711121,-213.477814,935.511475,236.500107,64.216789,941.584839,428.282379,-97.623322,1015.054932,425.920349,-32.57967,1013.209595,307.289185,-255.431946,475.997589,381.818726,-295.877258,94.482361,415.562317,-257.283844,72.220734,296.715576,110.486534,481.51886,395.134338,142.115707,100.213333,421.580048,98.509811,68.712738,304.487488,-153.341507,460.430939,344.367981,-218.927246,99.754173,261.066956,-318.666473,53.796638,219.228729,-252.43187,63.86821,265.019958,165.235443,58.891853,226.250916,104.10804,67.033409,353.630981,70.337105,97.837845,314.284668,12.923013,459.763519
200,0,250.676514,-213.494034,935.499146,236.442139,64.226837,941.580505,427.935822,-97.521614,1014.822693,425.883575,-32.591187,1013.287903,307.264923,-255.416779,475.948975,381.798065,-295.866211,94.460747,415.520294,-257.175507,72.35247,296.73056,110.507607,481.505707,394.828827,141.832214,100.239655,421.613068,98.537064,68.698738,304.474731,-153.331299,460.448181,344.342865,-218.927704,99.766182,261.050629,-318.655823,53.810562,219.219009,-252.424866,63.867607,265.05249,165.241257,58.89716,226.248489,104.107063,67.017189,353.589539,70.345718,97.876541,314.561981,13.283524,459.765594
201,0,250.666534,-213.460693,935.517212,236.37706,64.17897,941.583008,427.856812,-97.48143,1014.777893,425.803864,-32.558929,1013.275391,307.287018,-255.420563,475.965637,381.793518,-295.877441,94.474785,415.470825,-257.203827,72.379654,296.729736,110.512337,481.530151,394.871033,141.812775,100.256813,421.616272,98.507507,68.693886,304.463867,-153.341858,460.435822,344.374725,-218.900497,99.769264,261.046387,-318.684723,53.834816,219.226013,-252.42984,63.875801,265.025513,165.232437,58.893848,226.249405,104.115944,67.033531,353.578064,70.306671,97.916801,313.816772,12.56342,459.83725
202,0,250.609909,-213.486664,935.50293,236.357925,64.219475,941.557007,428.157349,-97.58947,1015.072205,425.771973,-32.570938,1013.312439,307.286041,-255.382355,475.996094,381.939575,-295.934814,94.56543,415.292542,-257.215515,71.835762,296.753967,110.508659,481.514618,394.937653,141.823105,100.254547,421.594818,98.517578,68.698944,304.475525,-153.351669,460.436646,344.367065,-218.929047,99.753815,261.051208,-318.661041,53.846104,219.235382,-252.439499,63.87812,265.051086,165.231628,58.90638,226.244415,104.095932,67.031471,353.601135,70.312691,97.89151,313.808655,12.607916,459.763611
203,0,250.607483,-213.463898,935.526978,236.333084,64.211937,941.550964,428.156372,-97.587807,1015.144592,425.730316,-32.566505,1013.357849,307.304108,-255.409561,475.987152,381.801971,-295.879608,94.466286,415.526428,-257.264893,72.258469,296.72995,110.504883,481.519379,394.976868,141.759048,100.261253,421.606018,98.51915,68.692703,304.469788,-153.359543,460.445831,344.369904,-218.937302,99.752876,261.033569,-318.652222,53.860558,219.235519,-252.426239,63.881561,265.034363,165.217514,58.898315,226.231384,104.120407,67.012123,353.585297,70.283165,97.875031,314.262024,12.933037,459.755768
204,0,250.619049,-213.474319,935.476196,236.286087,64.200294,941.536133,427.925293,-97.510483,1014.93158,425.691803,-32.529869,1013.360352,307.352905,-255.412643,475.973114,381.768036,-295.87088,94.464523,415.464203,-257.20224,72.384346,296.741974,110.498291,481.510498,394.902618,141.816757,100.232445,421.594421,98.52832,68.720879,304.489685,-153.350494,460.447327,344.360413,-218.92453,99.762505,261.031799,-318.641266,53.907612,219.221069,-252.424454,63.862621,265.03418,165.224533,58.907845,226.220123,104.071861,67.015968,353.579498,70.24485,97.899925,313.797607,12.611612,459.797729
205,0,250.618103,-213.491943,935.454285,236.256531,64.187286,941.541565,428.013763,-97.530266,1014.957764,425.627228,-32.528378,1013.296021,307.345337,-255.416245,475.979218,381.781311,-295.850891,94.46772,415.421844,-257.15329,72.436172,296.579498,110.425453,481.595306,395.018341,141.761734,100.236282,421.575562,98.519981,68.69928,304.540985,-153.322571,460.451843,344.370911,-218.919022,99.770515,261.001587,-318.6409,53.896069,219.231735,-252.417206,63.863487,265.047241,165.248962,58.909382,226.265152,104.106407,67.024063,353.583893,70.325523,97.875107,314.577393,13.337851,459.752075
206,0,250.577484,-213.495758,935.490417,236.199982,64.180573,941.525818,427.826782,-97.496048,1014.939087,425.606995,-32.539993,1013.319031,307.363312,-255.414902,475.972198,381.814606,-295.852509,94.351295,415.453949,-257.12851,72.470451,296.752686,110.518723,481.528076,394.955933,141.766647,100.251152,421.574585,98.511635,68.703171,304.566559,-153.310654,460.473511,344.422638,-218.737381,100.082397,261.023163,-318.633942,53.841259,219.23819,-252.434097,63.856915,265.028198,165.227112,58.877563,226.239273,104.126282,67.013428,353.589874,70.355148,97.839561,314.588837,13.348035,459.738037
207,0,250.574387,-213.502914,935.476501,236.173172,64.165665,941.52533,427.815948,-97.482208,1015.01355,425.558868,-32.545101,1013.329529,307.28894,-255.395203,475.970245,381.739136,-295.86908,94.474442,415.473999,-257.177399,72.34214,296.715363,110.497681,481.504333,394.979614,141.779877,100.239464,421.608398,98.509933,68.709564,304.579773,-153.306198,460.467346,344.381805,-218.851944,99.856766,261.013916,-318.670166,53.832878,219.219162,-252.41626,63.843376,265.033691,165.219406,58.899696,226.23175,104.099434,67.016815,353.656769,70.337532,97.841179,314.255493,12.928651,459.77478
208,0,250.553574,-213.502609,935.457092,236.112747,64.152931,941.51239,428.088257,-97.624542,1015.237122,425.513763,-32.499748,1013.287903,307.323914,-255.390793,476.006836,381.740082,-295.879242,94.56765,415.451782,-257.174286,72.396164,296.711975,110.495697,481.507355,394.717438,141.849945,100.310677,421.597931,98.50267,68.712547,304.622131,-153.311401,460.465302,344.387451,-218.873917,99.849495,261.016144,-318.664032,53.838181,219.218109,-252.437683,63.852749,265.029358,165.206665,58.894409,226.19606,104.119049,66.996872,353.603424,70.284859,97.852425,314.668579,13.338444,459.736023
209,0,250.55278,-213.526382,935.475464,236.103058,64.152969,941.471619,427.78891,-97.534386,1015.016907,425.520142,-32.534363,1013.398987,307.350159,-255.385574,475.985168,381.889252,-295.93161,94.656693,415.280945,-257.195282,71.866394,296.558899,110.40638,481.585663,394.926361,141.805954,100.254845,421.581787,98.507919,68.706802,304.648529,-153.299179,460.47699,344.397003,-218.870956,99.847656,260.967865,-318.652618,53.882481,219.210632,-252.407578,63.849285,265.023041,165.221619,58.880867,226.236481,104.097275,67.015167,353.575897,70.244904,97.86525,314.04953,12.650014,459.847321
210,0,250.539185,-213.514603,935.45166,236.096893,64.166832,941.434814,427.698425,-97.455933,1014.902832,425.435333,-32.52906,1013.344421,307.340485,-255.380096,475.989166,381.893829,-295.916901,94.684296,415.268005,-257.242889,71.850616,296.675446,110.483688,481.489075,394.86496,141.820648,100.266327,421.598969,98.499382,68.701309,304.674774,-153.293549,460.470398,344.377502,-218.866318,99.836327,260.98114,-318.642242,53.886162,219.23175,-252.423859,63.882374,265.039246,165.219513,58.907211,226.227936,104.112457,67.012703,353.585266,70.279099,97.858864,314.251312,12.860284,459.892059
211,0,250.57724,-213.515167,935.456482,236.013351,64.073196,941.481201,428.140961,-97.688736,1015.367249,425.395874,-32.487698,1013.309692,307.395294,-255.39035,475.998413,381.780182,-295.827057,94.433449,415.501129,-257.219177,72.361404,296.683746,110.488091,481.475708,394.960449,141.822647,100.274666,421.579285,98.507301,68.694656,304.691132,-153.295395,460.475189,344.384369,-218.864838,99.842995,261.031036,-318.643738,53.80809,219.218216,-252.426331,63.881336,265.052521,165.242813,58.910378,226.23143,104.111977,66.997597,353.587524,70.304062,97.86882,314.626129,13.243686,459.777649
212,0,250.559814,-213.519699,935.482483,236.03273,64.111977,941.450745,427.786438,-97.513077,1015.076416,425.405731,-32.468327,1013.381836,307.377258,-255.386292,475.989899,381.802002,-295.849701,94.391563,415.51236,-257.195557,72.360199,296.676819,110.467331,481.475098,394.831787,141.799377,100.2556,421.602631,98.535728,68.704987,304.695435,-153.316391,460.466827,344.383575,-218.891464,99.827499,261.029297,-318.653381,53.831142,219.254654,-252.425613,63.873032,265.040863,165.21907,58.883202,226.237762,104.080933,67.009865,353.630737,70.305214,97.815941,313.903961,12.58812,459.759766
213,0,250.555283,-213.536728,935.482483,236.011261,64.097481,941.428467,427.727661,-97.49688,1015.062805,425.357239,-32.502144,1013.362183,307.390289,-255.394821,475.991211,381.795898,-295.839539,94.410378,415.244934,-257.117767,72.191666,296.500519,110.377922,481.565491,395.002899,142.020035,100.204308,421.593323,98.526695,68.699623,304.679932,-153.307922,460.495636,344.360809,-218.882858,99.834641,261.014069,-318.650055,53.879436,219.223984,-252.416916,63.861027,265.037476,165.223297,58.908092,226.239258,104.087311,67.033867,353.60437,70.257629,97.86367,314.251099,12.917442,459.76651
214,0,250.569733,-213.555603,935.466797,235.946716,64.042427,941.436279,427.747192,-97.528366,1015.075806,425.394257,-32.480015,1013.441101,307.386993,-255.414062,476.020294,381.792145,-295.830627,94.433365,415.491669,-257.228882,72.313568,296.650879,110.437119,481.489136,394.919617,141.791336,100.286415,421.590942,98.523582,68.703842,304.675659,-153.324203,460.477936,344.373383,-218.895538,99.84726,261.002197,-318.6521,53.859257,219.215714,-252.430557,63.863518,265.027832,165.205231,58.89439,226.202209,104.120682,67.038147,353.587219,70.297974,97.848671,314.239075,12.9195,459.78476
215,0,250.583618,-213.53569,935.518799,235.955063,64.05088,941.417725,427.779419,-97.517311,1015.131592,425.410461,-32.435612,1013.424011,307.405457,-255.401703,475.965698,381.912354,-295.916962,94.72036,415.276794,-257.190063,71.934135,296.652161,110.467346,481.487549,394.881592,141.802841,100.258698,421.626495,98.513557,68.714828,304.683624,-153.335632,460.467834,344.360504,-218.895355,99.804733,261.03418,-318.650909,53.873322,219.222137,-252.425278,63.850544,265.035767,165.217758,58.880489,226.254333,104.091667,67.010239,353.630341,70.331528,97.880974,314.556396,13.202547,459.777496
216,0,250.557877,-213.573608,935.503296,235.937576,64.088882,941.383179,427.730377,-97.49411,1015.228394,425.344727,-32.4272,1013.436218,307.391388,-255.40802,475.961365,381.919891,-295.911713,94.596069,415.354889,-257.204071,71.867928,296.674774,110.45739,481.46817,394.91687,141.784866,100.251503,421.596893,98.528114,68.708778,304.694824,-153.334396,460.478729,344.377747,-218.891083,99.810417,261.043579,-318.654236,53.817051,219.218826,-252.428329,63.875095,265.017273,165.247879,58.876423,226.257156,104.08857,67.024223,353.631866,70.357956,97.807671,314.261444,12.926661,459.761169
217,0,250.598251,-213.540359,935.4729,235.90715,64.068718,941.395386,427.593262,-97.436104,1014.983154,425.319702,-32.438793,1013.461121,307.474762,-255.414276,475.980255,381.795929,-295.836456,94.410103,415.443512,-257.192596,72.410019,296.692902,110.455429,481.4711,395.031067,141.772156,100.244446,421.605469,98.534691,68.723633,304.691284,-153.327881,460.477631,344.358032,-218.905869,99.808426,260.988953,-318.644012,53.886112,219.218826,-252.452347,63.844681,265.066589,165.251328,58.89027,226.23732,104.094223,67.010437,353.653961,70.319481,97.829033,314.516327,13.167276,459.802277
218,0,250.59819,-213.553436,935.463928,235.882568,64.010078,941.410095,427.632782,-97.404732,1015.114563,425.321777,-32.375904,1013.467407,307.453918,-255.408173,475.946808,381.864624,-295.929504,94.623489,415.293304,-257.253174,71.844238,296.68866,110.438339,481.458344,394.913208,141.763397,100.241119,421.605194,98.530472,68.711044,304.688202,-153.331436,460.479736,344.340729,-218.911804,99.790871,261.01297,-318.6521,53.845997,219.228699,-252.422775,63.868031,265.038818,165.216553,58.843197,226.225937,104.069275,67.009102,353.61322,70.416832,97.850525,314.248199,12.890091,459.830505
219,0,250.595566,-213.572128,935.478821,235.871384,64.035614,941.390137,427.97821,-97.526001,1015.370239,425.341034,-32.413841,1013.459534,307.433807,-255.418686,475.983887,381.745514,-295.858887,94.526085,415.49881,-257.233032,72.335632,296.546539,110.372414,481.547943,394.883148,141.781891,100.221519,421.573669,98.505768,68.701332,304.701477,-153.339294,460.483398,344.343536,-218.918854,99.764549,261.01947,-318.650757,53.849812,219.202148,-252.426331,63.862347,265.021393,165.220734,58.89455,226.222214,104.078339,67.011337,353.648102,70.355568,97.865204,314.562622,13.147582,459.831665
220,0,250.603439,-213.598572,935.462524,235.849457,64.022354,941.364807,428.01358,-97.564842,1015.427246,425.225647,-32.409164,1013.415588,307.470276,-255.433319,475.991119,381.788513,-295.8479,94.410713,415.43689,-257.149811,72.431725,296.676666,110.43856,481.454102,394.837189,141.843781,100.32206,421.604126,98.535698,68.674561,304.695984,-153.339188,460.500122,344.368591,-218.902069,99.781258,261.005493,-318.669037,53.87743,219.246887,-252.425873,63.866802,265.04953,165.253128,58.868538,226.238297,104.059685,67.021233,353.648956,70.349388,97.828148,314.363556,12.920401,459.757477
221,0,250.599182,-213.591873,935.441528,235.846939,64.022179,941.376953,428.055573,-97.556084,1015.425659,425.31546,-32.344955,1013.515137,307.490936,-255.408203,475.992737,381.789703,-295.832489,94.452133,415.46344,-257.156647,72.371872,296.693726,110.434944,481.447662,394.878448,141.809158,100.286736,421.597015,98.534363,68.677147,304.695953,-153.362427,460.48465,344.387878,-218.908142,99.777512,261.018829,-318.621094,53.889042,219.234039,-252.423172,63.863224,265.039368,165.217682,58.880409,226.248566,104.075943,67.032883,353.645447,70.411667,97.800735,314.323669,12.90193,459.794647
222,0,250.62912,-213.563019,935.468628,235.837097,64.015694,941.371704,428.023163,-97.530869,1015.448547,425.283295,-32.334965,1013.507507,307.515533,-255.417557,475.911499,381.789032,-295.849823,94.421989,415.465668,-257.158478,72.399544,296.671753,110.434021,481.450836,394.898926,141.782837,100.291519,421.612213,98.522812,68.706749,304.717987,-153.330475,460.480255,344.382477,-218.893066,99.781563,261.029388,-318.643219,53.870121,219.210617,-252.434189,63.875736,265.06897,165.23848,58.879406,226.253586,104.091019,67.002068,353.677399,70.448296,97.752296,314.59494,13.16105,459.84259
223,0,250.627197,-213.580368,935.432312,235.826233,64.037079,941.338806,427.628387,-97.343964,1015.092224,425.237396,-32.326611,1013.441223,307.500122,-255.411926,475.964966,381.913361,-295.921112,94.705666,415.259949,-257.186432,71.958565,296.532562,110.367561,481.534363,394.835114,141.863052,100.343971,421.606964,98.543213,68.709328,304.697418,-153.345627,460.465912,344.364258,-218.895218,99.762627,261.027832,-318.644836,53.874657,219.221207,-252.432877,63.86842,265.021393,165.240326,58.902576,226.248688,104.107979,67.030121,353.695129,70.512657,97.727959,314.617462,13.188437,459.786133
224,0,250.609634,-213.564682,935.472168,235.821487,64.0513,941.339722,427.894226,-97.480392,1015.945923,425.218536,-32.33358,1013.445251,307.504395,-255.412903,475.932861,381.762878,-295.839844,94.475273,415.365692,-257.12674,72.524513,296.704041,110.456413,481.465149,394.980591,141.781586,100.302139,421.599945,98.532288,68.69561,304.700409,-153.345703,460.490021,344.380768,-218.893173,99.776176,261.03714,-318.640778,53.857769,219.219269,-252.430588,63.87458,265.040894,165.234085,58.889179,226.259583,104.071487,67.012024,353.679504,70.483032,97.764496,314.291046,12.902904,459.828796
225,0,250.628799,-213.544907,935.451965,235.818192,64.064766,941.315125,427.950836,-97.475624,1015.459534,425.202972,-32.301785,1013.454651,307.496918,-255.436249,475.974945,381.875336,-295.923096,94.851105,415.210144,-257.17984,71.969559,296.682556,110.461945,481.456482,394.88797,141.806046,100.277603,421.596039,98.533989,68.677689,304.69632,-153.343689,460.466675,344.357025,-218.904572,99.750862,261.040466,-318.657013,53.849075,219.242538,-252.451981,63.88274,265.051117,165.219589,58.867172,226.261505,104.084129,67.036743,353.658813,70.464485,97.772537,314.221283,12.863102,459.822693
226,0,250.618286,-213.554855,935.418518,235.811844,64.077942,941.322632,427.923828,-97.49884,1015.525818,425.185455,-32.294865,1013.497681,307.496155,-255.418213,475.956329,381.880493,-295.923859,94.715851,415.254913,-257.197083,71.954895,296.702484,110.451843,481.453552,394.899902,141.873993,100.21508,421.614929,98.538979,68.724838,304.681,-153.341644,460.469513,344.355591,-218.904022,99.746788,261.001984,-318.642059,53.847588,219.217255,-252.427307,63.863224,265.06778,165.260132,58.890381,226.227051,104.086555,67.024139,353.64325,70.450844,97.788666,314.58725,13.145679,459.809082
227,0,250.598282,-213.545929,935.451782,235.795959,64.050133,941.315247,427.917328,-97.508797,1015.525208,425.167786,-32.287495,1013.527771,307.503448,-255.419342,475.973846,381.915802,-295.906464,94.537666,415.303711,-257.287903,71.843102,296.557739,110.393051,481.532837,394.923553,141.801682,100.276169,421.569855,98.525177,68.716347,304.681854,-153.329712,460.471191,344.369873,-218.897614,99.778,261.015839,-318.640564,53.830868,219.235168,-252.431213,63.859589,265.044983,165.22908,58.884075,226.225555,104.090897,67.022476,353.664581,70.388687,97.778183,314.6026,13.159993,459.782135
228,0,250.599838,-213.513779,935.455688,235.804047,64.093872,941.287415,427.616547,-97.376884,1015.150574,425.227936,-32.272892,1013.575439,307.50235,-255.384918,476.012329,381.890076,-295.920227,94.580338,415.311096,-257.256287,71.909935,296.67041,110.476181,481.455444,394.924438,141.752747,100.275604,421.611359,98.549683,68.737823,304.657715,-153.335236,460.46756,344.360474,-218.919327,99.778862,261.03067,-318.647888,53.831726,219.215637,-252.440063,63.862019,265.026978,165.238953,58.877655,226.251999,104.097206,67.019814,353.666321,70.463318,97.794136,314.352814,12.964035,459.786804
229,0,250.608566,-213.514694,935.458496,235.810165,64.085983,941.306213,427.966919,-97.491241,1015.573486,425.190857,-32.26786,1013.59082,307.495209,-255.398697,476.007507,381.735779,-295.848267,94.471832,415.461639,-257.205872,72.43425,296.719147,110.508179,481.46817,394.877411,141.783386,100.264595,421.573639,98.525543,68.706642,304.658386,-153.341507,460.45752,344.346497,-218.908386,99.776711,260.994843,-318.673431,53.874836,219.218307,-252.442474,63.862549,265.03009,165.232086,58.86647,226.252808,104.071426,67.04586,353.586182,70.290085,97.854752,314.276855,12.880612,459.824524
230,0,250.605225,-213.50383,935.423035,235.774551,64.099541,941.259399,427.982574,-97.48716,1015.586121,425.1297,-32.27895,1013.588684,307.444641,-255.427094,476.008514,381.771271,-295.845123,94.461426,415.444,-257.207764,72.401825,296.736511,110.518021,481.454254,394.868408,141.810715,100.33506,421.610535,98.500267,68.720665,304.66803,-153.332001,460.457947,344.336548,-218.928162,99.795013,260.977631,-318.654236,53.893822,219.218964,-252.424805,63.855907,265.034119,165.237671,58.879955,226.248123,104.073685,67.018936,353.698334,70.387497,97.813316,314.689667,13.17706,459.80838
231,0,250.593338,-213.481064,935.425171,235.746689,64.086685,941.288879,427.963165,-97.463768,1015.626892,425.151581,-32.259083,1013.620361,307.460693,-255.423157,475.966339,381.75592,-295.851654,94.479095,415.450409,-257.167267,72.431,296.766083,110.52169,481.455475,394.805664,141.803833,100.24614,421.598053,98.52002,68.712402,304.653595,-153.324661,460.44693,344.354187,-218.91777,99.787453,261.025116,-318.65033,53.870468,219.208755,-252.434052,63.86319,265.055817,165.237839,58.876087,226.245499,104.09687,67.003555,353.647644,70.462814,97.827332,314.280914,12.89495,459.900909
232,0,250.551468,-213.46022,935.408569,235.769745,64.100586,941.247803,427.925415,-97.492027,1015.621887,425.113525,-32.253681,1013.589722,307.437897,-255.422531,475.933289,381.799866,-295.854706,94.478699,415.219025,-257.096771,72.223503,296.752411,110.540871,481.472748,394.902374,141.799713,100.236946,421.595673,98.513489,68.714561,304.666412,-153.32074,460.450165,344.365417,-218.900635,99.774185,261.014587,-318.668549,53.837101,219.215012,-252.439407,63.865841,265.037964,165.222427,58.831837,226.225067,104.086792,67.007683,353.628448,70.41156,97.832413,314.715942,13.273409,459.802307
233,0,250.547348,-213.457413,935.380676,235.758057,64.114433,941.253174,427.866516,-97.440025,1015.631653,425.135956,-32.211643,1013.621338,307.447174,-255.399261,475.957123,381.856964,-295.955017,94.7062,415.318542,-257.258179,71.88208,296.768951,110.549004,481.470245,395.033691,141.765335,100.229469,421.587036,98.522423,68.743477,304.655884,-153.316071,460.432068,344.35556,-218.915665,99.771545,261.007751,-318.661438,53.843483,219.212479,-252.432465,63.867161,265.049286,165.250565,58.900902,226.244278,104.113441,67.020279,353.654907,70.455406,97.848099,314.673706,13.24764,459.827423
234,0,250.557068,-213.436844,935.403259,235.746628,64.133926,941.221863,427.859283,-97.410583,1015.571838,425.07959,-32.211998,1013.598816,307.475464,-255.378906,475.945526,381.879761,-295.928467,94.721992,415.220306,-257.180145,71.886864,296.753662,110.556557,481.474731,394.964417,141.768784,100.26738,421.58667,98.535156,68.707024,304.658173,-153.282562,460.437042,344.359863,-218.903534,99.774612,261.009064,-318.671326,53.859562,219.212784,-252.420578,63.85038,265.02179,165.232101,58.890583,226.241882,104.091927,67.015442,353.702209,70.454643,97.782455,314.634644,13.251024,459.842834
235,0,250.546341,-213.436432,935.373108,235.744202,64.150986,941.226379,427.8302,-97.369217,1015.544434,425.07431,-32.174629,1013.586731,307.448456,-255.372818,475.941193,381.846741,-295.91803,94.828239,415.290497,-257.240509,71.878746,296.619049,110.500343,481.558716,395.024261,142.013,100.380974,421.591766,98.526497,68.756287,304.649597,-153.293198,460.425171,344.372009,-218.904633,99.803139,261.180939,-318.817535,53.653828,219.210541,-252.425873,63.859211,265.049805,165.263336,58.901264,226.231476,104.103912,67.041069,353.681091,70.450554,97.816498,314.283112,12.931308,459.873566
236,0,250.523026,-213.398972,935.369873,235.77002,64.162056,941.226685,427.924957,-97.462608,1015.619873,425.053925,-32.195545,1013.617371,307.458923,-255.378662,475.975128,381.893097,-295.925568,94.691139,415.25412,-257.210052,71.893196,296.653168,110.513794,481.565918,394.958923,141.797699,100.281082,421.571014,98.507225,68.724426,304.670807,-153.269485,460.419769,344.362366,-218.915756,99.764442,261.029053,-318.672516,53.856953,219.206696,-252.423279,63.858406,265.053223,165.257553,58.865471,226.232071,104.111427,67.008186,353.690399,70.455681,97.830574,314.666321,13.286091,459.834747
237,0,250.508942,-213.349518,935.376221,235.730743,64.210419,941.21106,427.776093,-97.420883,1015.554565,425.075745,-32.170002,1013.61322,307.426666,-255.369461,475.984039,381.729858,-295.869049,94.499969,415.578308,-257.230347,72.247536,296.656647,110.545601,481.570526,394.915924,141.794373,100.254532,421.592621,98.53421,68.71228,304.659363,-153.259735,460.449738,344.340607,-218.910065,99.764107,261.079224,-318.637695,53.850796,219.213028,-252.44281,63.864655,265.057892,165.271683,58.893742,226.245819,104.106758,67.02047,353.683807,70.491898,97.802399,314.727234,13.287254,459.838898
238,0,250.473831,-213.340836,935.354919,235.711319,64.203621,941.225586,427.759155,-97.389351,1015.577698,425.006256,-32.197632,1013.625732,307.431793,-255.328125,475.961121,381.743134,-295.855103,94.52446,415.492584,-257.272705,72.276215,296.677002,110.538528,481.563812,395.003967,141.791092,100.287895,421.589508,98.527367,68.73056,304.650787,-153.230331,460.442169,344.332855,-218.925003,99.770676,261.028198,-318.673157,53.851757,219.21022,-252.448883,63.836521,265.06015,165.248367,58.849617,226.227325,104.113525,67.016983,353.644958,70.470573,97.834976,314.271729,12.977801,459.91748
239,0,250.48587,-213.345551,935.337952,235.71788,64.26207,941.206482,427.811768,-97.367126,1015.663879,425.031342,-32.177639,1013.621826,307.477783,-255.326263,475.987946,381.906158,-295.895508,94.727219,415.284241,-257.204041,71.908318,296.695526,110.576988,481.584351,394.976746,141.791031,100.279808,421.598145,98.527954,68.723366,304.655914,-153.22821,460.432617,344.342407,-218.899963,99.783966,261.056763,-318.670654,53.874924,219.206039,-252.436874,63.846268,265.028168,165.241302,58.865112,226.240601,104.124062,67.002655,353.665771,70.49128,97.850906,314.682953,13.326353,459.888123
240,0,250.483627,-213.300735,935.343323,235.71788,64.244522,941.225647,427.519012,-97.267746,1015.428894,424.993774,-32.109909,1013.645081,307.426788,-255.301773,475.976379,381.869263,-295.899353,94.733116,415.297791,-257.183014,71.957199,296.688721,110.585945,481.578552,395.020264,141.768417,100.273895,421.578094,98.518761,68.74781,304.657623,-153.21698,460.425476,344.351166,-218.92749,99.786591,261.039886,-318.672516,53.824596,219.207001,-252.432831,63.845955,265.021179,165.240936,58.86652,226.244186,104.11644,67.0495,353.720398,70.547028,97.776756,314.311859,13.009856,459.894684
241,0,250.443848,-213.238052,935.338318,235.686234,64.291458,941.19751,427.418243,-97.232025,1015.319336,425.020569,-32.104683,1013.725403,307.441071,-255.266907,475.976715,381.784119,-295.840271,94.47802,415.458191,-257.133301,72.43605,296.711761,110.603813,481.586578,394.7659,141.860703,100.326233,421.562042,98.509003,68.725517,304.655121,-153.202484,460.417175,344.347504,-218.910202,99.779831,261.044281,-318.67865,53.837494,219.209503,-252.427307,63.848339,265.038513,165.248611,58.855415,226.206192,104.115196,67.009895,353.728027,70.567802,97.77494,314.300812,13.029432,459.90036
242,0,250.416611,-213.255676,935.313721,235.690964,64.32756,941.166687,427.411652,-97.216324,1015.3172,424.971466,-32.07428,1013.729675,307.43689,-255.287735,475.959564,381.796844,-295.829132,94.413666,415.528595,-257.223236,72.339668,296.694794,110.626991,481.582672,394.808929,141.86084,100.390205,421.591431,98.524673,68.717033,304.662689,-153.194412,460.429047,344.359131,-218.899689,99.778397,261.04007,-318.683685,53.798439,219.22435,-252.436432,63.852272,264.989044,165.252777,58.852386,226.185669,104.08004,66.980789,353.723816,70.604164,97.765594,314.662903,13.365981,459.886292
243,0,250.392227,-213.242828,935.302612,235.700912,64.319626,941.179199,427.65274,-97.248604,1015.561218,424.986938,-32.077854,1013.648254,307.389832,-255.29274,476.007416,381.903229,-295.908844,94.631889,415.322479,-257.213348,71.860947,296.680481,110.61776,481.570068,395.024017,141.798203,100.275421,421.589233,98.528656,68.73262,304.654083,-153.20079,460.402679,344.385834,-218.895294,99.766815,261.038086,-318.665527,53.858044,219.223831,-252.43428,63.848106,265.027954,165.24585,58.890297,226.235016,104.125381,67.039314,353.749451,70.60434,97.783012,314.650909,13.354115,459.898102
244,0,250.378036,-213.251526,935.310791,235.679794,64.325394,941.166504,427.61322,-97.205147,1015.899658,424.934021,-32.094456,1013.666748,307.444061,-255.26622,475.961761,381.927216,-295.888885,94.666428,415.345612,-257.186737,71.89138,296.63269,110.611229,481.569977,395.09024,142.049744,100.330467,421.598297,98.527328,68.709618,304.637421,-153.182571,460.410156,344.336578,-218.867477,99.78492,261.034241,-318.670227,53.840794,219.203308,-252.431717,63.868725,265.036163,165.244324,58.842323,226.206131,104.125481,67.026047,353.719269,70.636932,97.753571,314.651245,13.371156,459.878967
245,0,250.375061,-213.245697,935.290955,235.636551,64.324585,941.149109,427.736237,-97.291855,1015.645752,424.986847,-32.063099,1013.678528,307.434814,-255.262222,476.014587,381.759644,-295.830353,94.486015,415.544525,-257.191345,72.305557,296.615784,110.632889,481.600555,395.00293,141.794266,100.276581,421.589417,98.515984,68.745201,304.635162,-153.153214,460.45343,344.335205,-218.886597,99.774849,261.033051,-318.64386,53.838028,219.214417,-252.417953,63.854023,265.025757,165.251129,58.867397,226.211319,104.133286,67.010399,353.710632,70.663055,97.742668,313.905457,12.783114,459.829346
246,0,250.399475,-213.254608,935.281494,235.658737,64.300346,941.160095,427.759216,-97.297852,1015.621216,424.899994,-32.072453,1013.63562,307.427368,-255.265656,476.016296,381.779816,-295.825806,94.504883,415.541901,-257.193146,72.295174,296.59845,110.621704,481.584015,394.903015,141.805649,100.290703,421.578918,98.501579,68.742531,304.62323,-153.155518,460.429382,344.347137,-218.894608,99.756081,261.039398,-318.641113,53.840988,219.186813,-252.407944,63.855736,265.044861,165.249939,58.890751,226.212967,104.113861,66.997437,353.763031,70.657646,97.660439,314.273682,13.075753,459.855072
247,0,250.40332,-213.215775,935.295227,235.664413,64.364525,941.152283,427.721527,-97.258034,1015.524048,424.872375,-32.056145,1013.569824,307.373657,-255.266403,475.958771,381.775635,-295.820587,94.512726,415.558502,-257.170349,72.287453,296.583344,110.611931,481.585327,394.950043,141.778229,100.294868,421.598572,98.518433,68.727448,304.634094,-153.146622,460.44223,344.35791,-218.878326,99.787056,261.023468,-318.645538,53.823944,219.195328,-252.401047,63.840149,265.006256,165.238403,58.865437,226.238205,104.11837,67.024391,353.694031,70.675018,97.768547,313.927002,12.77993,459.840302
248,0,250.412292,-213.211823,935.321045,235.658707,64.338013,941.158081,427.684784,-97.223495,1015.550598,424.881561,-32.022636,1013.61084,307.371155,-255.271851,475.980591,381.930511,-295.873962,94.675369,415.238159,-257.180969,71.93824,296.724609,110.696556,481.47229,394.877533,141.797226,100.283455,421.6008,98.526863,68.757607,304.593536,-153.159515,460.422699,344.350922,-218.87233,99.766251,261.010803,-318.628937,53.876801,219.202148,-252.425735,63.870312,265.020996,165.24173,58.863419,226.232452,104.086891,67.002319,353.707336,70.693916,97.731087,314.618652,13.358097,459.862366
249,0,250.424866,-213.196426,935.324585,235.632828,64.30439,941.171021,427.696716,-97.221558,1015.517456,424.91098,-32.011341,1013.539307,307.349915,-255.253967,475.947266,381.767303,-295.822662,94.469734,415.49353,-257.220978,72.375984,296.550842,110.61097,481.571259,394.763367,141.858337,100.339668,421.608673,98.539032,68.735199,304.548492,-153.167007,460.42334,344.321777,-218.866821,99.760513,261.005615,-318.632812,53.834145,219.183624,-252.40773,63.856064,265.033508,165.248199,58.839947,226.212433,104.127335,67.014351,353.747345,70.699585,97.675865,314.202148,13.041999,459.89447
250,0,250.413742,-213.23085,935.325317,235.658875,64.339798,941.148071,427.669922,-97.204109,1015.516052,424.992249,-32.009922,1013.598328,307.367645,-255.263687,475.989441,381.758392,-295.819763,94.545677,415.452911,-257.167694,72.431374,296.697998,110.669289,481.475861,394.575317,141.937576,100.280304,421.594971,98.520126,68.709442,304.55835,-153.181244,460.426422,344.347778,-218.863007,99.783546,261.009613,-318.630676,53.872017,219.185379,-252.418137,63.855633,265.047699,165.263184,58.9076,226.219193,104.133255,67.02523,353.732666,70.690804,97.706841,314.569702,13.333933,459.86673
251,0,250.454666,-213.232208,935.326111,235.612396,64.279121,941.177673,427.30899,-97.0896,1015.209229,424.895844,-32.018581,1013.51355,307.380951,-255.264282,476.00882,381.896576,-295.885529,94.715332,415.31839,-257.165436,72.001289,296.735992,110.683792,481.48764,394.678528,141.870575,100.32692,421.58725,98.520615,68.717705,304.538971,-153.176849,460.440765,344.333344,-218.866058,99.781319,261.029907,-318.655426,53.817894,219.215714,-252.427185,63.860081,265.061554,165.287125,58.877094,226.237564,104.112114,67.024857,353.725677,70.664444,97.705322,314.566772,13.358466,459.882172
252,0,250.422745,-213.244263,935.319519,235.63327,64.282692,941.181335,427.748505,-97.236534,1015.491272,424.973206,-31.970856,1013.602478,307.3508,-255.259872,475.976746,381.771301,-295.818542,94.449303,415.459076,-257.164398,72.380028,296.546844,110.612663,481.555237,394.921906,141.80571,100.305695,421.604126,98.543602,68.742935,304.531311,-153.183273,460.450256,344.325867,-218.892059,99.755684,261.029785,-318.63797,53.830746,219.177994,-252.424805,63.85714,265.042419,165.231812,58.906841,226.214783,104.096199,67.024414,353.741547,70.652161,97.713005,314.170776,13.052991,459.867462
253,0,250.459137,-213.256516,935.357544,235.601517,64.255844,941.161743,427.717773,-97.184967,1015.455627,424.917877,-32.040703,1013.542053,307.317871,-255.270935,475.995636,381.779205,-295.800659,94.4897,415.432251,-257.158264,72.436813,296.656189,110.680222,481.477692,394.933777,141.797684,100.310501,421.590302,98.539238,68.745697,304.539734,-153.178299,460.430206,344.36618,-218.875,99.782639,261.018738,-318.613739,53.876667,219.186996,-252.412949,63.862286,265.040131,165.230835,58.898033,226.212402,104.136169,67.025299,353.740967,70.663467,97.693581,314.521606,13.331595,459.876038
254,0,250.481689,-213.271149,935.337036,235.596207,64.261871,941.154114,427.831665,-97.253685,1015.562439,424.909149,-31.998131,1013.549194,307.333221,-255.266571,475.97467,381.863617,-295.878693,94.813789,415.269653,-257.178375,71.954636,296.634583,110.658272,481.485931,395.239471,142.115051,100.441605,421.602814,98.526535,68.745705,304.543365,-153.187744,460.444916,344.343384,-218.871109,99.759354,261.046967,-318.627167,53.82283,219.199448,-252.420212,63.850479,265.003479,165.250702,58.897282,226.218155,104.125793,67.007439,353.726257,70.653061,97.695023,314.137604,13.01418,459.837036
255,0,250.498779,-213.299255,935.360535,235.610596,64.263565,941.128357,427.809326,-97.212952,1015.54834,424.970123,-31.976473,1013.548706,307.331055,-255.26944,475.960083,381.878113,-295.859406,94.84021,415.268463,-257.207855,71.849747,296.615021,110.65126,481.490112,394.808746,141.819733,100.329498,421.591553,98.536995,68.723389,304.563507,-153.201477,460.430664,344.329132,-218.869278,99.766945,261.044708,-318.63681,53.867226,219.208191,-252.423996,63.859417,265.040436,165.267334,58.912926,226.22049,104.126205,67.064301,353.730774,70.675652,97.710098,314.124969,12.977325,459.892761
256,0,250.499786,-213.322067,935.321289,235.609528,64.239899,941.131775,427.788727,-97.22892,1015.560181,424.998535,-32.00103,1013.61969,307.372559,-255.278259,475.986572,381.884094,-295.881165,94.752472,415.336578,-257.179474,71.934448,296.600647,110.613693,481.493591,394.823944,141.832947,100.292282,421.578094,98.519447,68.709389,304.550354,-153.202316,460.434113,344.349701,-218.886612,99.776108,261.045654,-318.648621,53.836967,219.219757,-252.422119,63.875206,265.066528,165.241516,58.942871,226.246323,104.091469,67.016579,353.693726,70.632141,97.741486,314.509125,13.315387,459.810242
257,0,250.502441,-213.328964,935.334229,235.572708,64.198914,941.14502,427.351959,-97.063324,1015.228394,424.992889,-31.992893,1013.611694,307.307709,-255.289352,475.997131,381.878235,-295.890564,94.734306,415.321747,-257.21524,71.864159,296.584808,110.609993,481.456635,394.692108,141.868942,100.387581,421.571259,98.524185,68.735809,304.533691,-153.207779,460.436829,344.345978,-218.876511,99.771576,261.045166,-318.637909,53.824478,219.22113,-252.432556,63.866692,265.029724,165.231918,58.89476,226.238968,104.088203,67.003151,353.703979,70.606949,97.722977,314.164093,13.024036,459.820709
258,0,250.501846,-213.338913,935.339417,235.591156,64.232986,941.113281,427.791565,-97.212517,1015.545837,424.970306,-31.98399,1013.610474,307.277924,-255.329727,475.963715,381.871918,-295.87793,94.770424,415.274017,-257.231689,71.871613,296.57135,110.582909,481.455933,394.823059,141.802002,100.268646,421.607513,98.520042,68.698219,304.497284,-153.235031,460.437439,344.356415,-218.881912,99.759895,261.014923,-318.653046,53.852726,219.210358,-252.435211,63.852707,265.042511,165.230225,58.875801,226.211487,104.097992,67.018494,353.685303,70.600494,97.77977,314.490692,13.296572,459.801453
259,0,250.514359,-213.334259,935.371338,235.584457,64.228043,941.102234,427.80014,-97.205788,1015.562683,425.0047,-31.988237,1013.579468,307.284515,-255.334076,475.992889,381.788269,-295.847778,94.561096,415.214172,-256.998779,72.327469,296.378052,110.507736,481.536224,394.782074,141.854919,100.337456,421.585968,98.54113,68.722351,304.471832,-153.24968,460.443573,344.348358,-218.902557,99.762802,261.046112,-318.655914,53.855614,219.207687,-252.430023,63.863434,265.066742,165.256409,58.904629,226.228287,104.126137,67.005936,353.731171,70.637054,97.731308,314.50708,13.265592,459.783997
260,0,250.554886,-213.334229,935.375366,235.597656,64.19545,941.109924,427.762299,-97.206169,1015.517456,424.980652,-31.99337,1013.58606,307.266785,-255.332977,476.003052,381.854218,-295.903412,94.88324,415.250397,-257.11792,71.89196,296.517365,110.561882,481.448425,394.886108,141.804398,100.286469,421.59436,98.521439,68.705818,304.446564,-153.279358,460.442902,344.363525,-218.870697,99.7584,261.036224,-318.655212,53.857285,219.197586,-252.433243,63.866989,265.045166,165.246185,58.882313,226.236771,104.107193,67.024384,353.707855,70.628876,97.726013,314.476837,13.26549,459.801727
261,0,250.553482,-213.347549,935.35144,235.611771,64.207199,941.110596,427.848175,-97.251732,1015.547302,424.990753,-32.01387,1013.590088,307.337128,-255.349335,475.989471,381.928162,-295.908142,94.621994,415.182404,-257.179474,71.936203,296.3638,110.486916,481.542603,394.816956,141.81871,100.270782,421.568909,98.512817,68.735435,304.441284,-153.294281,460.440857,344.375427,-218.8983,99.763176,261.003479,-318.66449,53.894268,219.223602,-252.427551,63.860065,265.04245,165.255661,58.904846,226.206161,104.13546,66.999123,353.714539,70.63916,97.748291,314.511414,13.289988,459.776825
262,0,250.562607,-213.354752,935.357727,235.621414,64.199463,941.131165,427.560822,-97.197388,1015.226868,425.035278,-32.015995,1013.598328,307.291199,-255.343414,475.962646,381.782501,-295.835938,94.479156,415.453827,-257.195587,72.393532,296.528015,110.549797,481.476013,394.909424,141.811066,100.276306,421.582581,98.543556,68.714142,304.431427,-153.295807,460.445282,344.316925,-218.890793,99.758949,261.036011,-318.656708,53.866489,219.214142,-252.431961,63.867813,264.99939,165.235413,58.92841,226.244949,104.103035,66.999084,353.756195,70.572807,97.737213,314.157593,13.001458,459.837128
263,0,250.564758,-213.363724,935.363586,235.634537,64.165276,941.113037,427.460754,-97.122307,1015.16571,424.999695,-32.029453,1013.566956,307.320557,-255.367722,476.000824,381.890564,-295.921112,94.621826,415.257599,-257.141022,71.989235,296.536682,110.545578,481.459229,394.961548,141.762711,100.273415,421.596191,98.558167,68.714333,304.43634,-153.294571,460.43576,344.34964,-218.899033,99.776474,260.996094,-318.648468,53.866337,219.218765,-252.432373,63.863091,265.016968,165.21228,58.905762,226.20076,104.107559,66.992996,353.72171,70.553093,97.721024,314.130737,12.987345,459.862946
264,0,250.586487,-213.349609,935.391052,235.616211,64.153252,941.146118,427.888184,-97.243942,1015.541443,425.022491,-32.003166,1013.574585,307.34137,-255.365158,475.972443,381.790527,-295.831818,94.516319,415.511017,-257.21051,72.310486,296.533295,110.539146,481.452148,394.964417,141.794952,100.355141,421.606903,98.541306,68.723206,304.457977,-153.286438,460.457703,344.346832,-218.907547,99.736031,261.061646,-318.660889,53.882282,219.216797,-252.436279,63.860027,265.022095,165.231171,58.898232,226.241821,104.113129,66.997032,353.656494,70.50338,97.818497,314.137054,12.977424,459.866241
265,0,250.613754,-213.340729,935.381104,235.630341,64.166336,941.159424,427.887878,-97.276787,1015.523804,424.982025,-32.028351,1013.487,307.356598,-255.364838,476.011414,381.894775,-295.90097,94.825706,415.219116,-257.188721,71.98735,296.393982,110.502251,481.512085,394.933533,141.800064,100.249474,421.590088,98.535316,68.715706,304.498932,-153.28009,460.423798,344.358337,-218.882782,99.768257,261.062164,-318.643127,53.869396,219.213501,-252.440628,63.863449,265.023926,165.231659,58.876617,226.23468,104.106911,67.00914,353.743317,70.535019,97.791016,314.08374,12.963863,459.834473
266,0,250.607224,-213.366287,935.362183,235.670334,64.171532,941.158325,427.933777,-97.261467,1015.56134,424.976654,-32.036777,1013.54718,307.325897,-255.339081,476.024841,381.771667,-295.823853,94.507965,415.411194,-257.209229,72.451614,296.375244,110.486328,481.520386,394.775848,141.832672,100.322861,421.594635,98.541428,68.700127,304.485809,-153.281311,460.422424,344.360016,-218.890381,99.768951,261.033112,-318.631592,53.863453,219.220093,-252.435089,63.862309,265.035828,165.251999,58.89188,226.238708,104.118378,67.013916,353.666901,70.548553,97.791466,314.086182,12.986303,459.805084
267,0,250.636337,-213.335693,935.371338,235.708649,64.214592,941.134521,427.607941,-97.184547,1015.343079,425.105194,-32.028477,1013.536926,307.306885,-255.347519,475.975586,381.868744,-295.906891,94.695595,415.252563,-257.185852,71.881783,296.360748,110.477104,481.51828,394.872772,141.794861,100.306061,421.591827,98.521927,68.699989,304.491302,-153.287369,460.424164,344.360138,-218.895645,99.773331,261.080231,-318.669495,53.823433,219.211365,-252.438782,63.868099,265.021576,165.263977,58.860977,226.2332,104.089577,66.995544,353.724854,70.562454,97.711418,314.114746,12.955379,459.783417
268,0,250.610703,-213.355362,935.337708,235.726486,64.187805,941.171936,427.970367,-97.29248,1015.573364,425.049866,-32.058716,1013.525818,307.312561,-255.323532,476.022644,381.781921,-295.850372,94.515564,415.511658,-257.263092,72.284073,296.357422,110.476662,481.502258,395.031494,141.764633,100.309189,421.612244,98.520126,68.711792,304.476105,-153.277985,460.432953,344.332855,-218.913544,99.738708,261.033997,-318.660767,53.871403,219.22435,-252.432495,63.877857,264.987122,165.216827,58.910988,226.240891,104.095482,67.007988,353.684753,70.558678,97.774208,314.040131,12.968006,459.849335
269,0,250.659225,-213.312943,935.368835,235.772415,64.240662,941.143494,427.939758,-97.302406,1015.555969,425.198639,-32.038113,1013.555786,307.292175,-255.347961,476.010742,381.746185,-295.863922,94.53701,415.459869,-257.189911,72.372749,296.348114,110.495728,481.52417,394.859467,141.819244,100.322113,421.593292,98.549004,68.731163,304.465668,-153.277618,460.425781,344.343445,-218.910721,99.764473,261.054779,-318.653351,53.848507,219.221741,-252.429779,63.873665,265.049377,165.248001,58.865765,226.214111,104.129593,67.01796,353.677399,70.521217,97.795563,314.024689,12.931366,459.809387
270,0,250.665192,-213.321228,935.367493,235.798569,64.2089,941.183411,427.702301,-97.229797,1015.323425,425.19101,-32.095703,1013.513794,307.32431,-255.328445,475.977448,381.921753,-295.924866,94.691895,415.274017,-257.221924,71.910019,296.546295,110.592598,481.438416,394.828278,141.804596,100.264153,421.591553,98.538231,68.721703,304.48764,-153.284943,460.41214,344.343689,-218.893478,99.762337,261.082611,-318.689484,53.808655,219.212036,-252.450821,63.875919,265.038177,165.256409,58.904865,226.232025,104.108246,67.011002,353.711304,70.51162,97.749596,314.402466,13.270113,459.789276
271,0,250.705597,-213.311859,935.367798,235.858093,64.292076,941.197937,427.825897,-97.205894,1015.450256,425.209808,-32.051762,1013.540405,307.363068,-255.335693,475.957642,381.888702,-295.905273,94.832603,415.323547,-257.24649,71.909927,296.566132,110.59201,481.427979,394.864868,141.82756,100.333893,421.596832,98.537231,68.711868,304.505859,-153.261108,460.418549,344.36557,-218.884399,99.777451,261.057251,-318.654266,53.845791,219.235184,-252.414581,63.859879,265.011536,165.257843,58.903214,226.239792,104.116829,67.036865,353.677765,70.450546,97.792671,314.399841,13.296537,459.776642
272,0,250.682892,-213.318253,935.364075,235.872589,64.291359,941.196838,428.073059,-97.35524,1015.579834,425.199402,-32.097816,1013.503662,307.371552,-255.314224,475.997253,381.856018,-295.927826,94.79493,415.294708,-257.195312,71.83886,296.591125,110.598808,481.446838,395.026337,141.772049,100.261932,421.571411,98.53775,68.701988,304.510559,-153.243118,460.43103,344.353516,-218.890488,99.767639,261.050629,-318.63678,53.882271,219.225296,-252.430115,63.875736,265.020782,165.230469,58.865479,226.22261,104.138145,66.993172,353.684509,70.461922,97.804611,314.090515,13.039733,459.815063
273,0,250.697464,-213.339767,935.369629,235.86702,64.289223,941.205261,427.711914,-97.198563,1015.174011,425.24762,-32.079193,1013.578064,307.370941,-255.32309,475.968719,381.77179,-295.853821,94.487701,415.544678,-257.223389,72.305054,296.596527,110.599327,481.435883,394.950745,141.776672,100.27121,421.602844,98.537865,68.700226,304.508575,-153.261963,460.425842,344.343506,-218.896957,99.739616,261.052094,-318.677155,53.820038,219.234085,-252.432343,63.873856,265.000671,165.219421,58.879673,226.227585,104.084351,67.013115,353.666138,70.404961,97.812531,314.434509,13.352003,459.804749
274,0,250.71907,-213.338638,935.346069,235.91806,64.304855,941.223816,427.685669,-97.209641,1015.290405,425.33844,-32.094734,1013.575928,307.402008,-255.307465,475.985168,381.746307,-295.850769,94.553055,415.456482,-257.193512,72.356369,296.64801,110.613388,481.485901,394.951965,141.768143,100.310577,421.607452,98.549606,68.710571,304.534058,-153.254501,460.424469,344.314423,-218.915466,99.743362,261.01358,-318.635956,53.883507,219.231033,-252.447784,63.873463,264.975464,165.227402,58.889065,226.231049,104.106476,67.002495,353.669739,70.491119,97.826103,314.452148,13.314059,459.828705
275,0,250.757904,-213.340057,935.38446,235.934845,64.286072,941.231323,427.700348,-97.189514,1015.168884,425.39566,-32.084942,1013.661133,307.424927,-255.280289,476.061859,381.88327,-295.911652,94.862076,415.30481,-257.208832,71.895767,296.662781,110.605881,481.442963,394.946381,141.775452,100.297554,421.579254,98.538773,68.716866,304.58139,-153.23465,460.424225,344.349976,-218.88121,99.744583,261.050903,-318.622559,53.888783,219.197876,-252.418579,63.864513,265.007843,165.2323,58.861317,226.206223,104.131874,67.011436,353.682434,70.444023,97.790619,314.096497,13.005622,459.85733
276,0,250.735138,-213.34967,935.362854,235.975861,64.296211,941.223511,427.637115,-97.174812,1015.196533,425.378876,-32.070374,1013.628845,307.405701,-255.295868,475.995636,381.747131,-295.831512,94.485481,415.563782,-257.261108,72.254562,296.529541,110.567825,481.540985,394.788574,141.838684,100.346634,421.597351,98.535675,68.715431,304.571655,-153.240448,460.434479,344.342804,-218.890656,99.747818,261.026855,-318.639893,53.895584,219.213821,-252.435715,63.866913,265.020294,165.24176,58.869499,226.242279,104.1166,67.030121,353.735596,70.424614,97.799675,313.807831,12.725389,459.811584
277,0,250.778824,-213.33992,935.381226,235.95343,64.280312,941.221375,427.924438,-97.232475,1015.804749,425.333038,-32.089069,1013.582581,307.405121,-255.298172,476.079834,381.851807,-295.908478,94.606819,415.261169,-257.170654,71.980324,296.720581,110.609787,481.459259,394.891357,141.821899,100.362617,421.622498,98.535995,68.724754,304.589569,-153.215271,460.442261,344.350983,-218.861084,99.760086,261.029602,-318.627808,53.905369,219.223312,-252.436035,63.869007,265.027344,165.248108,58.85738,226.220688,104.122803,67.014435,353.68692,70.477203,97.837761,314.548248,13.339861,459.784119
278,0,250.803116,-213.338486,935.322815,235.992661,64.269264,941.251282,427.739807,-97.20536,1015.294434,425.360657,-32.07745,1013.603088,307.417145,-255.281662,475.973145,381.741211,-295.844086,94.539856,415.482208,-257.274597,72.350868,296.565186,110.555008,481.532745,394.93631,141.7733,100.2761,421.59964,98.525574,68.694061,304.593933,-153.226929,460.439117,344.379913,-218.866608,99.751549,261.013824,-318.641937,53.879837,219.2164,-252.411453,63.856178,265.024231,165.287537,58.881237,226.216461,104.115311,67.017937,353.709412,70.513931,97.817474,314.597046,13.392693,459.75882
279,0,250.836288,-213.34964,935.321106,235.988495,64.236938,941.260986,427.850159,-97.227951,1015.487427,425.410034,-32.114819,1013.608948,307.450989,-255.25975,475.984161,381.784698,-295.822449,94.476974,415.235077,-257.026855,72.346443,296.60733,110.553001,481.544617,395.042908,141.798477,100.2491,421.586365,98.546295,68.728058,304.601013,-153.230362,460.436768,344.358704,-218.891891,99.751457,261.02597,-318.657196,53.849392,219.223984,-252.429993,63.855545,265.030365,165.237259,58.892509,226.244873,104.100388,67.020958,353.653381,70.480934,97.887398,314.580139,13.305391,459.880585
280,0,250.816132,-213.325867,935.389771,235.965332,64.214043,941.272949,427.857269,-97.266273,1015.347839,425.390991,-32.121586,1013.580078,307.503845,-255.284912,476.018768,381.861145,-295.895447,94.821274,415.195343,-257.177368,71.940849,296.611511,110.537354,481.53421,394.967407,141.810593,100.313881,421.604584,98.534012,68.699867,304.641144,-153.216263,460.446716,344.352295,-218.878387,99.76825,261.025604,-318.644562,53.882668,219.211395,-252.42984,63.866058,265.021637,165.263229,58.857628,226.224548,104.11335,67.000114,353.69101,70.454384,97.847023,314.659058,13.358539,459.778473
281,0,250.851303,-213.344727,935.338623,236.04425,64.2743,941.260071,427.888916,-97.301109,1015.290833,425.433136,-32.119026,1013.617188,307.508575,-255.297333,476.037659,381.876434,-295.882568,94.802055,415.277557,-257.204987,71.914108,296.79599,110.632133,481.489594,394.9711,141.78891,100.325279,421.615997,98.540016,68.713234,304.683472,-153.21965,460.460052,344.370911,-218.887238,99.765282,261.010406,-318.627045,53.866615,219.224014,-252.443634,63.838585,265.043579,165.276733,58.88744,226.231003,104.12339,67.056625,353.678467,70.459061,97.853149,314.338623,13.052561,459.84024
282,0,250.870407,-213.361252,935.339233,236.04567,64.22876,941.272461,427.82666,-97.19944,1015.224915,425.470428,-32.107388,1013.656738,307.532898,-255.285889,476.027557,381.903748,-295.869171,94.587318,415.291565,-257.188141,71.895279,296.629913,110.549606,481.552856,394.923981,141.814835,100.277985,421.600769,98.518372,68.715797,304.704987,-153.225052,460.465546,344.344635,-218.885559,99.783348,261.035217,-318.637024,53.886909,219.215164,-252.426056,63.87315,265.049866,165.271927,58.879349,226.193405,104.124115,67.018036,353.686066,70.521393,97.838829,314.662231,13.365918,459.831512
283,0,250.919464,-213.337936,935.337341,236.037064,64.205788,941.263733,428.161896,-97.323708,1015.614502,425.423889,-32.135876,1013.616821,307.52417,-255.305344,475.943054,381.903046,-295.871735,94.601387,415.360321,-257.218842,71.814667,296.646423,110.522942,481.54361,395.064575,141.923676,100.26474,421.607056,98.536789,68.710747,304.729828,-153.23819,460.46286,344.345581,-218.887222,99.77858,260.998932,-318.65744,53.88081,219.216232,-252.419708,63.867203,265.033813,165.262741,58.894146,226.244141,104.144966,67.043427,353.691803,70.464981,97.793823,314.644592,13.29542,459.848297
284,0,250.913239,-213.355804,935.386597,236.073639,64.195854,941.25238,427.939117,-97.338943,1015.356079,425.507019,-32.115444,1013.701172,307.55542,-255.305923,475.990021,381.785736,-295.825775,94.491035,415.176147,-257.053894,72.334656,296.66687,110.539566,481.564209,394.750275,141.8405,100.313614,421.587311,98.526382,68.693947,304.727142,-153.23674,460.454559,344.377747,-218.899261,99.763847,261.014526,-318.670776,53.868755,219.216721,-252.440094,63.86319,265.027252,165.234146,58.895947,226.234009,104.114624,67.022102,353.661224,70.486732,97.825806,314.679535,13.308482,459.817627
285,0,250.954605,-213.373627,935.344543,236.105179,64.196388,941.277893,427.964508,-97.280838,1015.299438,425.425995,-32.153343,1013.583313,307.612396,-255.300735,475.965485,381.710327,-295.841187,94.610176,415.486633,-257.218475,72.371048,296.666016,110.54554,481.543213,394.896729,141.85257,100.283806,421.60788,98.543213,68.734375,304.727142,-153.240082,460.456268,344.344269,-218.909058,99.760437,261.035645,-318.634247,53.918045,219.200867,-252.435364,63.870983,265.038116,165.295837,58.891148,226.205963,104.147125,67.044434,353.657898,70.482819,97.861465,314.694489,13.265045,459.800079
286,0,251.006699,-213.378006,935.350098,236.113342,64.159958,941.265625,428.323059,-97.413857,1015.700928,425.506958,-32.158485,1013.69104,307.581085,-255.310471,475.972961,381.867432,-295.913452,94.826859,415.237854,-257.200226,72.017776,296.678833,110.541527,481.556854,394.783234,141.863922,100.322601,421.605865,98.520355,68.716225,304.751709,-153.240921,460.471283,344.344788,-218.893723,99.782349,261.037262,-318.645813,53.834583,219.220444,-252.437805,63.850105,265.047058,165.233734,58.879322,226.237305,104.126678,67.052086,353.68222,70.504631,97.82711,314.405609,12.968855,459.868683
287,0,251.041168,-213.379654,935.351379,236.108795,64.136742,941.287659,427.955048,-97.277885,1015.373596,425.501526,-32.133461,1013.634094,307.573303,-255.335861,475.973206,381.76358,-295.826782,94.471725,415.487671,-257.200653,72.392677,296.690338,110.508438,481.526489,394.787384,141.823242,100.338966,421.591705,98.548103,68.723251,304.770905,-153.246994,460.460175,344.369995,-218.865219,99.79911,261.039398,-318.657593,53.866611,219.231583,-252.42511,63.867317,265.013824,165.263763,58.864902,226.183929,104.126991,67.00032,353.675812,70.46283,97.828583,314.761902,13.26546,459.827942
288,0,251.074051,-213.402161,935.355774,236.129471,64.131004,941.273254,428.093628,-97.307945,1015.389893,425.52829,-32.127728,1013.648132,307.560577,-255.326569,475.96698,381.745697,-295.822754,94.48336,415.431641,-257.139557,72.462357,296.860718,110.585876,481.452209,394.986969,141.798721,100.31636,421.589508,98.531998,68.713997,304.753998,-153.251724,460.477448,344.335907,-218.89975,99.778831,261.034485,-318.645782,53.857407,219.206161,-252.438538,63.866585,265.035706,165.265274,58.867813,226.218002,104.118797,67.00473,353.68399,70.452789,97.811714,314.718689,13.262247,459.826782
289,0,251.098221,-213.385773,935.364685,236.172256,64.096176,941.270996,428.365448,-97.377495,1015.684814,425.530243,-32.146908,1013.597839,307.601105,-255.320496,475.945404,381.803894,-295.833435,94.437408,415.538513,-257.246033,72.270813,296.684448,110.487839,481.521515,394.883087,141.796753,100.364677,421.603027,98.539803,68.747925,304.770294,-153.266953,460.465332,344.329193,-218.892899,99.781464,261.007263,-318.637115,53.866245,219.223694,-252.436935,63.879005,265.025482,165.260376,58.916714,226.236359,104.099854,67.031403,353.708984,70.515755,97.798859,314.71701,13.281211,459.837372
290,0,251.130554,-213.386551,935.395508,236.160645,64.103149,941.27655,427.98291,-97.204765,1015.320801,425.623322,-32.170547,1013.666992,307.650055,-255.332108,476.01239,381.795654,-295.848785,94.471664,415.23938,-257.132294,72.2314,296.820679,110.564072,481.461487,394.85965,141.817505,100.287277,421.613129,98.533463,68.706169,304.788635,-153.274796,460.482819,344.338745,-218.921356,99.764854,261.041229,-318.667755,53.864002,219.217804,-252.433929,63.848713,265.063354,165.27832,58.904369,226.231873,104.127899,67.03875,353.717438,70.487556,97.756157,314.752472,13.242475,459.78891
291,0,251.170792,-213.411377,935.35321,236.225891,64.102997,941.243896,428.096436,-97.254524,1015.243286,425.591064,-32.171452,1013.600952,307.681183,-255.347305,475.961456,381.861816,-295.92746,94.792236,415.219574,-257.177155,71.973663,296.823212,110.551849,481.430389,395.015289,141.807495,100.331619,421.579437,98.531647,68.713425,304.794647,-153.294647,460.477264,344.36618,-218.914871,99.765991,261.03186,-318.636139,53.861416,219.225891,-252.447693,63.873352,265.013092,165.225876,58.872944,226.231506,104.136444,67.021538,353.711151,70.551918,97.763542,314.7164,13.254964,459.763306
292,0,251.189865,-213.406265,935.357239,236.252106,64.11232,941.216797,428.194641,-97.273964,1015.33136,425.778442,-32.145763,1013.720154,307.672211,-255.377975,475.978455,381.815002,-295.837402,94.378578,415.434937,-257.218689,72.422577,296.80249,110.54969,481.440094,394.951263,141.743134,100.272896,421.591309,98.530983,68.703888,304.827728,-153.286835,460.46991,344.349792,-218.939301,99.783279,261.047638,-318.640839,53.856251,219.210541,-252.440628,63.873367,265.0448,165.238281,58.922428,226.245697,104.113701,67.031509,353.707306,70.519814,97.754837,314.346588,12.952109,459.809265
293,0,251.214355,-213.441299,935.330994,236.238541,64.084526,941.246887,428.406189,-97.30938,1016.090759,425.670227,-32.178646,1013.587585,307.680817,-255.39502,475.936493,381.897339,-295.90271,94.68824,415.292328,-257.220001,71.882004,296.749084,110.526871,481.430145,394.877747,141.765488,100.274147,421.582977,98.526718,68.689682,304.800568,-153.30304,460.484192,344.341705,-218.942398,99.764435,261.024445,-318.675018,53.850746,219.221054,-252.435562,63.877792,265.019012,165.213028,58.89151,226.229187,104.13134,66.995552,353.760529,70.491577,97.732819,314.385193,12.983186,459.762695
294,0,251.261917,-213.443741,935.365051,236.264069,64.08242,941.244873,428.26886,-97.331139,1015.372131,425.741852,-32.170959,1013.549927,307.710175,-255.403992,475.941376,381.766602,-295.844299,94.499763,415.224854,-257.060059,72.284134,296.597321,110.421059,481.50531,394.783325,141.837097,100.324036,421.612732,98.550735,68.709381,304.810822,-153.300491,460.498444,344.333557,-218.938797,99.770325,260.993683,-318.656006,53.914867,219.207565,-252.451813,63.871437,265.03714,165.250031,58.923576,226.199478,104.117699,67.008102,353.691162,70.552765,97.762299,314.655853,13.233641,459.775543
295,0,251.311752,-213.446106,935.361145,236.268875,64.050224,941.27301,428.213348,-97.268753,1015.291809,425.79364,-32.139847,1013.604187,307.698486,-255.392197,475.998199,381.919464,-295.910583,94.711624,415.25946,-257.174133,71.947647,296.740143,110.495934,481.429077,394.806366,141.791336,100.323601,421.564331,98.536621,68.695221,304.81781,-153.304199,460.494263,344.385406,-218.917328,99.782082,261.062073,-318.662964,53.826096,219.215103,-252.458252,63.867649,265.045563,165.22583,58.91441,226.243942,104.12294,67.049492,353.693054,70.54483,97.759224,314.651855,13.233348,459.776581
296,0,251.315231,-213.467285,935.33905,236.294861,64.092529,941.246216,428.242035,-97.22686,1015.319702,425.782166,-32.137653,1013.56543,307.706543,-255.374222,475.976929,381.806854,-295.815643,94.421692,415.31665,-256.981812,72.745918,296.764648,110.515373,481.44165,395.038147,141.792557,100.289261,421.60025,98.546089,68.712914,304.810211,-153.295013,460.49646,344.37323,-218.898483,99.772316,261.002045,-318.651733,53.956001,219.215317,-252.442871,63.865551,265.041656,165.247253,58.898823,226.2276,104.112679,67.038399,353.718811,70.56356,97.770851,314.618896,13.208524,459.816254
297,0,251.333862,-213.434616,935.379028,236.290482,64.036362,941.28656,428.240723,-97.2714,1015.279175,425.762878,-32.161896,1013.549072,307.682404,-255.361557,475.953705,381.823944,-295.838379,94.367523,415.548096,-257.218689,72.27977,296.584259,110.419807,481.508636,394.903534,141.805084,100.347336,421.600586,98.543304,68.714096,304.793488,-153.302399,460.511932,344.38797,-218.891129,99.77462,261.049835,-318.670532,53.82959,219.2211,-252.43718,63.865803,265.010223,165.231598,58.891979,226.234497,104.109451,67.019157,353.700073,70.542725,97.813599,314.30545,12.990592,459.767975
298,0,251.349152,-213.438797,935.371887,236.274673,64.016586,941.279968,428.204834,-97.17971,1015.32019,425.70047,-32.165878,1013.468628,307.68924,-255.391541,476.00174,381.840332,-295.841431,94.389084,415.474243,-257.204254,72.34169,296.565521,110.404022,481.507019,394.817352,141.830566,100.316742,421.618622,98.540565,68.738571,304.783875,-153.322525,460.483856,344.350555,-218.910599,99.770706,261.002899,-318.674866,53.876537,219.230804,-252.45369,63.881672,265.019745,165.259918,58.87912,226.240707,104.097557,67.026718,353.726227,70.583,97.754143,314.626617,13.233445,459.74353
299,0,251.381668,-213.42514,935.365234,236.292221,64.029716,941.279602,428.099335,-97.110703,1015.131836,425.909668,-32.084091,1013.661133,307.678711,-255.394424,476.001038,381.830994,-295.832397,94.422447,415.252747,-257.11264,72.184517,296.693024,110.49543,481.423553,394.887756,141.797684,100.276695,421.608612,98.533356,68.702736,304.781769,-153.308594,460.49231,344.357605,-218.946579,99.760384,261.028107,-318.666138,53.865105,219.216385,-252.446594,63.870682,264.987091,165.209869,58.892242,226.202332,104.122864,66.994141,353.745178,70.560509,97.80722,314.373047,12.983033,459.737274
300,0,251.400116,-213.428009,935.393921,236.301865,64.04129,941.262573,428.187317,-97.158928,1015.163879,425.779358,-32.129341,1013.548584,307.727386,-255.392166,476.040375,381.814789,-295.816071,94.498222,415.53772,-257.235016,72.31707,296.710724,110.485199,481.42511,394.989929,142.084061,100.310616,421.574585,98.539757,68.718384,304.7966,-153.338806,460.473969,344.369812,-218.911911,99.780823,261.031921,-318.666443,53.913403,219.236511,-252.457352,63.8633,264.986328,165.23259,58.902504,226.246628,104.098633,67.026772,353.712219,70.534813,97.78759,314.38327,12.991526,459.753632
301,0,251.426697,-213.420029,935.400024,236.293274,64.014305,941.284241,428.314758,-97.232521,1015.35907,425.83194,-32.099598,1013.560059,307.736084,-255.423035,475.946869,381.980438,-295.898895,94.586334,415.26532,-257.200531,71.851654,296.732025,110.484016,481.426331,394.920227,141.796875,100.291084,421.592834,98.541466,68.700508,304.799927,-153.320541,460.492401,344.365051,-218.916245,99.777061,261.038177,-318.647614,53.899845,219.226227,-252.430893,63.87476,264.998199,165.213593,58.898754,226.230942,104.091934,67.006386,353.728638,70.580711,97.767014,314.641968,13.238294,459.770416
302,0,251.405869,-213.43396,935.358276,236.302338,64.034744,941.247314,428.236603,-97.210617,1015.241638,425.910309,-32.095993,1013.642639,307.726715,-255.411774,475.996948,381.81488,-295.831024,94.438744,415.465302,-257.210266,72.371513,296.599731,110.42025,481.497314,394.742401,141.844727,100.326515,421.574524,98.529869,68.720642,304.806702,-153.32724,460.485352,344.363708,-218.923157,99.801353,261.021667,-318.674774,53.876236,219.207657,-252.452042,63.873127,265.006714,165.269501,58.89122,226.239319,104.099174,66.995216,353.692474,70.514366,97.823936,314.67926,13.267253,459.744324
303,0,251.417404,-213.424301,935.375244,236.282593,64.022682,941.251099,428.211792,-97.211739,1015.364502,425.786774,-32.115032,1013.574951,307.738251,-255.424973,476.004425,381.921753,-295.912445,94.609741,415.281464,-257.221527,71.866768,296.767883,110.489113,481.430878,395.075775,141.767899,100.30777,421.584564,98.551102,68.713501,304.791321,-153.32132,460.491058,344.365143,-218.914963,99.759392,261.023834,-318.677979,53.86087,219.22789,-252.449692,63.871063,265.032715,165.255905,58.903736,226.210037,104.078926,67.005394,353.68811,70.563263,97.8284,314.760651,13.372808,459.707458
304,0,251.41481,-213.440826,935.354797,236.278946,64.0429,941.229309,428.09668,-97.1717,1015.201355,425.847229,-32.073978,1013.654724,307.767944,-255.393051,476.030334,381.924683,-295.895691,94.72155,415.256927,-257.204651,71.884331,296.779663,110.498215,481.436798,394.838898,141.831512,100.323578,421.610138,98.539856,68.731453,304.813721,-153.318848,460.495087,344.362366,-218.931305,99.78949,261.03717,-318.658905,53.866127,219.22406,-252.449631,63.874767,265.021484,165.236374,58.927315,226.246063,104.10836,67.043709,353.761322,70.490532,97.803223,314.764313,13.353931,459.734528
305,0,251.458313,-213.419449,935.376465,236.311234,64.045235,941.205261,428.18634,-97.207809,1015.272156,425.892883,-32.097778,1013.681152,307.769287,-255.414368,475.990692,381.818787,-295.814056,94.448006,415.510071,-257.253662,72.367027,296.796112,110.495285,481.442291,394.764221,141.84375,100.330513,421.599457,98.528717,68.722206,304.853638,-153.28627,460.497498,344.365631,-218.912231,99.796799,261.075989,-318.668762,53.875977,219.221375,-252.425705,63.86871,265.027985,165.271988,58.890106,226.278305,104.114662,67.065498,353.717163,70.490143,97.849693,314.835815,13.365089,459.735901
306,0,251.423752,-213.435135,935.352661,236.286499,64.008163,941.238281,428.019745,-97.067772,1015.135437,425.897919,-32.064812,1013.674622,307.786926,-255.405182,476.001465,381.799744,-295.830048,94.500206,415.414459,-257.134186,72.491821,296.677032,110.463562,481.516357,394.769836,141.883453,100.327103,421.59021,98.535713,68.714806,304.849915,-153.290649,460.513977,344.36554,-218.900482,99.790161,261.072601,-318.659546,53.833416,219.224213,-252.444183,63.882439,265.026855,165.232407,58.914742,226.203003,104.124245,67.049629,353.711243,70.493141,97.825607,314.484467,12.968,459.768555
307,0,251.41272,-213.414917,935.353943,236.312561,64.028229,941.242737,428.357635,-97.244102,1015.275574,425.899017,-32.05809,1013.653625,307.773163,-255.40593,475.984802,381.906738,-295.923126,94.763077,415.277069,-257.21759,71.872375,296.668427,110.467766,481.519867,394.921448,141.812149,100.294067,421.604523,98.53392,68.717743,304.858887,-153.276703,460.498169,344.356262,-218.899063,99.779121,261.056824,-318.674591,53.825016,219.218323,-252.44429,63.869141,265.02182,165.254669,58.933159,226.223541,104.128815,67.027473,353.724854,70.501991,97.806847,314.920013,13.507151,459.645752
308,0,251.398987,-213.420547,935.362061,236.336853,64.071396,941.223877,428.049286,-97.149071,1014.976013,425.760803,-32.077015,1013.589722,307.736023,-255.417023,475.990265,381.897766,-295.917755,94.802948,415.300751,-257.19162,71.8507,296.66684,110.451469,481.515289,395.054779,141.860703,100.27681,421.600433,98.535629,68.718018,304.86911,-153.287155,460.491516,344.351257,-218.921417,99.792244,261.053497,-318.685638,53.82457,219.210449,-252.43988,63.886658,265.006592,165.247803,58.918282,226.211349,104.123352,67.037445,353.750458,70.492874,97.84729,314.826172,13.397272,459.708405
309,0,251.433044,-213.400375,935.376221,236.29129,64.043549,941.254028,428.282501,-97.222694,1015.332581,425.768524,-32.105209,1013.560669,307.732971,-255.375229,476.015961,381.796295,-295.82608,94.541702,415.448517,-257.216217,72.387794,296.637177,110.444313,481.519501,394.893646,141.813538,100.342842,421.593353,98.542091,68.722343,304.85257,-153.299667,460.500946,344.356934,-218.905167,99.799591,261.076233,-318.668121,53.831593,219.224045,-252.443817,63.87788,265.049805,165.234222,58.932079,226.223755,104.08403,67.032631,353.680359,70.423622,97.865257,314.032043,12.606657,459.829163
310,0,251.419601,-213.3862,935.371033,236.329666,64.084808,941.247131,428.33783,-97.227806,1015.28418,425.7117,-32.110924,1013.504639,307.761261,-255.395538,476.025116,381.950226,-295.916168,94.660057,415.295166,-257.18045,71.934616,296.781067,110.514275,481.442871,394.969055,141.802826,100.252281,421.575287,98.50795,68.713257,304.869598,-153.286804,460.492706,344.383301,-218.887863,99.790787,261.010864,-318.657349,53.896252,219.215256,-252.454849,63.884789,264.996216,165.239044,58.885227,226.245148,104.110909,67.035851,353.717438,70.457489,97.885498,314.779785,13.420897,459.749542
311,0,251.448425,-213.394241,935.391846,236.333511,64.102608,941.240234,428.162537,-97.154121,1015.32843,425.972534,-32.071724,1013.704895,307.742584,-255.367126,476.052826,381.83783,-295.828308,94.422195,415.281616,-257.051117,72.224731,296.631317,110.437675,481.527985,394.936584,141.817612,100.300339,421.598938,98.515533,68.711525,304.871735,-153.286423,460.483521,344.369965,-218.910858,99.773186,261.061859,-318.668152,53.831135,219.218597,-252.442123,63.859806,265.039581,165.239578,58.920692,226.228958,104.135216,67.036674,353.716034,70.493233,97.843582,314.817444,13.440332,459.681641
312,0,251.435043,-213.374298,935.370667,236.367798,64.117264,941.250977,428.078522,-97.114082,1015.1875,425.791016,-32.10511,1013.589966,307.760071,-255.383163,475.998596,381.808624,-295.83371,94.414452,415.476227,-257.209686,72.352005,296.78067,110.514702,481.445099,394.893402,141.827316,100.361519,421.584961,98.558189,68.720482,304.853821,-153.27037,460.494934,344.36795,-218.893066,99.775993,261.020844,-318.675842,53.844555,219.220291,-252.440781,63.859596,264.98465,165.234421,58.88525,226.205307,104.136154,67.017532,353.728302,70.485275,97.848572,314.788086,13.430107,459.731689
313,0,251.43338,-213.35434,935.391724,236.382355,64.139359,941.240295,428.198181,-97.116806,1015.391602,425.75827,-32.070259,1013.572693,307.74646,-255.36972,476.010681,381.859314,-295.826111,94.381195,415.497345,-257.24884,72.327614,296.691406,110.457245,481.532776,394.841736,141.80719,100.324287,421.607147,98.537178,68.717987,304.844543,-153.279816,460.494476,344.349976,-218.91716,99.781189,261.031311,-318.668518,53.862446,219.222015,-252.444565,63.87558,265.011139,165.240005,58.914341,226.225052,104.116905,67.034531,353.714264,70.526733,97.862724,314.415863,13.001527,459.788605
314,0,251.401459,-213.350235,935.387268,236.36969,64.118599,941.228027,428.045044,-97.113167,1015.14563,425.842651,-32.113659,1013.597717,307.780334,-255.363144,476.022766,381.748016,-295.857086,94.63932,415.39212,-257.17627,72.509659,296.817932,110.547417,481.442505,394.819519,141.839081,100.340935,421.585388,98.540672,68.700447,304.8461,-153.294403,460.480438,344.36615,-218.904144,99.766891,261.036713,-318.654419,53.883198,219.213928,-252.439285,63.887806,265.027832,165.238403,58.893505,226.219818,104.131538,67.038132,353.760956,70.515221,97.84906,314.831299,13.516637,459.697937
315,0,251.435883,-213.386185,935.36261,236.383759,64.147011,941.212097,428.180359,-97.133156,1015.14624,425.814697,-32.099674,1013.636353,307.792511,-255.331696,476.029785,381.960388,-295.887482,94.596527,415.317108,-257.197968,71.86676,296.675049,110.474907,481.522675,394.848511,141.847504,100.337776,421.604095,98.543327,68.700035,304.847565,-153.273346,460.484436,344.389832,-218.761353,100.064461,261.054382,-318.645172,53.862564,219.215927,-252.43309,63.868008,265.038239,165.222275,58.864971,226.213058,104.139473,67.055717,353.692261,70.519936,97.878494,314.816345,13.462051,459.703613
316,0,251.434769,-213.373505,935.351929,236.385696,64.144409,941.21106,428.102966,-97.124496,1015.302673,425.963501,-32.056046,1013.687622,307.778229,-255.338226,476.077271,381.779724,-295.833923,94.582787,415.536285,-257.246826,72.272057,296.837402,110.557472,481.47226,395.006897,141.921478,100.265656,421.588928,98.527367,68.716194,304.857483,-153.268951,460.482208,344.388367,-218.876511,99.852859,261.06366,-318.662384,53.889233,219.240799,-252.452606,63.873119,265.032745,165.25386,58.859318,226.244614,104.126678,67.038605,353.716705,70.515343,97.840851,314.827637,13.451166,459.749146
317,0,251.401398,-213.367142,935.335938,236.364426,64.109032,941.232605,428.047211,-97.082581,1015.214661,425.818817,-32.073315,1013.635498,307.758392,-255.351898,476.017517,381.789795,-295.829742,94.526817,415.22525,-257.030518,72.317482,296.843567,110.556587,481.460052,394.822113,141.859818,100.320465,421.61554,98.529503,68.716064,304.856262,-153.258545,460.492554,344.384552,-218.857666,99.86129,261.027527,-318.657745,53.865635,219.231583,-252.436493,63.875183,265.06601,165.276505,58.892826,226.235703,104.124748,67.052979,353.715759,70.503639,97.794373,314.834717,13.520323,459.711304
318,0,251.404526,-213.389145,935.320496,236.378998,64.13118,941.230347,428.127411,-97.141144,1015.280701,425.801483,-32.097034,1013.614624,307.738922,-255.367874,475.976074,381.908417,-295.88089,94.636536,415.266785,-257.228271,71.91275,296.849457,110.560707,481.471741,394.94928,141.812073,100.309158,421.628754,98.546402,68.716087,304.855103,-153.256027,460.496887,344.392059,-218.857727,99.870193,261.061188,-318.669495,53.846813,219.224655,-252.448135,63.883358,265.03067,165.235336,58.880775,226.223465,104.11676,67.024544,353.715149,70.508919,97.82283,314.831848,13.510727,459.695221
319,0,251.376602,-213.386993,935.32782,236.341034,64.098228,941.219116,428.015137,-97.106018,1015.047791,425.777985,-32.068649,1013.68335,307.747925,-255.374283,476.023621,381.788727,-295.82251,94.5298,415.46756,-257.21817,72.34037,296.725861,110.479256,481.519257,394.798584,141.84343,100.331787,421.604645,98.536407,68.695747,304.897949,-153.246399,460.469696,344.386902,-218.87146,99.861992,261.058167,-318.654755,53.854946,219.222076,-252.451416,63.876911,265.026978,165.227478,58.916798,226.22702,104.129509,67.054382,353.687195,70.511864,97.783562,314.017456,12.648993,459.819885
320,0,251.379456,-213.373932,935.339539,236.338867,64.098373,941.230774,428.080688,-97.133087,1015.170593,425.841583,-32.110321,1013.675659,307.786652,-255.35405,476.065277,381.822357,-295.829163,94.518326,415.456696,-257.20285,72.370338,296.908295,110.541649,481.459686,395.002899,141.759018,100.242584,421.585052,98.524063,68.704132,304.889282,-153.241501,460.488007,344.379578,-218.865295,99.860985,261.044739,-318.658813,53.838406,219.23497,-252.443253,63.853405,265.0336,165.218262,58.892708,226.255356,104.126045,67.030411,353.695404,70.543198,97.801163,314.425507,13.002565,459.871948
321,0,251.369659,-213.372772,935.317444,236.354141,64.11322,941.205872,428.193817,-97.194832,1015.160217,425.708954,-32.121754,1013.600342,307.762238,-255.37532,475.979492,381.91806,-295.904541,94.723686,415.284821,-257.234558,71.912079,296.778534,110.464127,481.548187,394.777069,141.863571,100.299492,421.583557,98.527115,68.712753,304.897278,-153.244553,460.478943,344.371246,-218.878906,99.857445,261.073914,-318.65509,53.84621,219.235031,-252.427399,63.869835,265.020508,165.249191,58.888645,226.236633,104.120018,67.028008,353.66925,70.524925,97.849838,314.386108,12.935837,459.862854
322,0,251.353149,-213.362488,935.312195,236.310318,64.096092,941.211975,428.088531,-97.096268,1015.315308,425.815704,-32.109772,1013.730774,307.778473,-255.354889,476.005035,381.787903,-295.818146,94.479111,415.487579,-257.187439,72.399551,296.7742,110.486359,481.532959,394.845459,141.864975,100.335808,421.61261,98.521713,68.731789,304.885468,-153.266113,460.473419,344.379578,-218.86882,99.833794,261.069458,-318.678406,53.833584,219.232071,-252.426682,63.880749,265.047424,165.281982,58.884552,226.232193,104.113991,67.028267,353.756012,70.573334,97.783379,314.912231,13.472261,459.708527
323,0,251.292618,-213.361877,935.300903,236.305969,64.108749,941.209412,428.126282,-97.202522,1015.262024,425.673492,-32.126423,1013.682983,307.713806,-255.35762,475.979492,381.792419,-295.820496,94.397751,415.47998,-257.119141,72.445938,296.92691,110.57151,481.468903,395.102234,141.996704,100.371185,421.597931,98.560432,68.716133,304.851654,-153.251846,460.478973,344.395172,-218.875366,99.827225,261.064667,-318.686584,53.812771,219.225861,-252.443314,63.883343,265.017181,165.255936,58.904976,226.222641,104.131348,67.039482,353.763153,70.565704,97.777237,314.483551,12.99312,459.82373
324,0,251.27655,-213.372498,935.323914,236.304291,64.130089,941.200989,428.09549,-97.220657,1015.235168,425.577362,-32.175346,1013.635742,307.682587,-255.354858,476.036652,381.817657,-295.814209,94.494194,415.256561,-257.113251,72.271515,296.793152,110.500244,481.528412,394.85437,141.834259,100.319588,421.604218,98.527771,68.736992,304.846283,-153.259888,460.475922,344.361237,-218.885223,99.817352,260.996307,-318.64679,53.877911,219.219757,-252.439178,63.856243,265.019714,165.242264,58.890057,226.237534,104.112953,67.026421,353.80484,70.505035,97.819565,314.929688,13.498933,459.733948
325,0,251.258636,-213.369461,935.3125,236.276566,64.127098,941.204346,428.041199,-97.224854,1015.207397,425.748169,-32.127857,1013.7323,307.740448,-255.36055,476.001251,381.773193,-295.826233,94.556023,415.50119,-257.182861,72.368034,296.764954,110.500336,481.539062,394.862854,141.799011,100.265717,421.594421,98.533813,68.699356,304.832153,-153.26918,460.488281,344.376709,-218.885864,99.80545,261.039276,-318.65448,53.835423,219.217651,-252.429932,63.873329,265.042633,165.262878,58.905304,226.241959,104.140778,67.033897,353.74115,70.539642,97.863022,314.442871,12.950995,459.818329
326,0,251.234711,-213.34877,935.325256,236.26918,64.14193,941.174255,427.972351,-97.222595,1015.083557,425.629608,-32.204842,1013.691284,307.716278,-255.353424,475.951385,381.824982,-295.812988,94.396141,415.460266,-257.194519,72.410072,296.935425,110.548943,481.446136,394.722534,141.843552,100.32785,421.586182,98.534142,68.702621,304.833527,-153.271149,460.486786,344.36499,-218.890961,99.802856,261.064606,-318.683746,53.808842,219.210632,-252.427399,63.85696,265.029114,165.248657,58.894386,226.220627,104.131172,67.03318,353.740997,70.492348,97.879326,314.420471,12.917603,459.866302
327,0,251.168427,-213.350952,935.310608,236.255219,64.145622,941.1745,427.851685,-97.170631,1015.052063,425.640869,-32.163815,1013.742554,307.693085,-255.349304,475.992798,381.813019,-295.833405,94.361153,415.414856,-257.119904,72.506805,296.933563,110.571808,481.440094,394.969604,142.035095,100.319672,421.604797,98.516357,68.709572,304.853821,-153.263733,460.487854,344.389313,-218.879089,99.825066,261.048004,-318.65921,53.818264,219.221741,-252.436218,63.87178,265.017761,165.234909,58.864689,226.233643,104.129784,67.024918,353.700043,70.460503,97.872635,314.457703,12.951589,459.84613
328,0,251.133865,-213.341599,935.30957,236.224121,64.132179,941.20343,428.430847,-97.374855,1015.646118,425.534912,-32.194283,1013.730774,307.675079,-255.379761,475.916443,381.749939,-295.845154,94.503189,415.391418,-257.182098,72.461258,296.761139,110.473701,481.500519,394.900757,141.828232,100.24958,421.626648,98.535156,68.734879,304.855927,-153.26535,460.474182,344.368042,-218.922775,99.786201,261.016693,-318.657959,53.86544,219.228363,-252.441788,63.875927,265.053223,165.287216,58.842632,226.230698,104.13652,67.04081,353.682678,70.473427,97.90834,314.901917,13.458242,459.747803
329,0,251.128113,-213.35968,935.314209,236.190338,64.123169,941.167419,428.069336,-97.260101,1015.279297,425.633179,-32.171841,1013.743408,307.706848,-255.372726,475.973633,381.779816,-295.836975,94.500862,415.49704,-257.13324,72.38913,296.745483,110.464096,481.512848,394.691345,141.839172,100.300438,421.590912,98.529755,68.702492,304.865448,-153.283646,460.459686,344.35437,-218.923248,99.772575,261.03952,-318.652802,53.878315,219.210892,-252.440063,63.869118,265.053589,165.251587,58.876785,226.225693,104.133339,67.038055,353.690552,70.493088,97.873955,314.43158,12.930942,459.838806
330,0,251.096634,-213.363052,935.335083,236.193924,64.112595,941.18689,428.060059,-97.309982,1015.387634,425.52832,-32.202133,1013.672729,307.711609,-255.348587,475.973328,381.877472,-295.920471,94.835121,415.257019,-257.177856,71.936111,296.917206,110.547104,481.43811,394.758575,141.868896,100.314316,421.595703,98.553825,68.715172,304.86203,-153.272079,460.470642,344.367523,-218.924637,99.756271,261.038147,-318.663635,53.877148,219.229126,-252.437805,63.878967,265.032349,165.299698,58.872204,226.196167,104.144547,67.040337,353.753387,70.492928,97.812469,314.851501,13.388226,459.75769
331,0,251.095535,-213.344681,935.314392,236.185425,64.133949,941.16449,428.034821,-97.296234,1015.395752,425.349335,-32.254364,1013.576965,307.692322,-255.361176,475.966461,381.773193,-295.846436,94.484528,415.51178,-257.228851,72.330269,296.762787,110.466087,481.502472,394.906189,141.822968,100.301804,421.603638,98.536888,68.735115,304.860565,-153.268219,460.467468,344.366699,-218.923904,99.765503,261.006317,-318.624512,53.880039,219.219406,-252.423553,63.855709,265.037231,165.274841,58.864609,226.210342,104.141228,67.022858,353.695465,70.548615,97.813644,314.884125,13.355317,459.692078
332,0,251.025833,-213.365692,935.304382,236.142792,64.131279,941.162781,428.086792,-97.327957,1015.439392,425.391602,-32.178242,1013.647705,307.682526,-255.366211,475.988068,381.919525,-295.934021,94.670197,415.277435,-257.204712,71.877571,296.726959,110.452339,481.483063,394.88678,141.828415,100.271767,421.606842,98.529999,68.732254,304.861481,-153.27121,460.466492,344.370148,-218.915482,99.770119,261.065552,-318.65744,53.820602,219.219238,-252.420609,63.856117,265.033234,165.271271,58.869366,226.196365,104.123718,67.004204,353.745026,70.632462,97.742172,314.456421,12.923552,459.864258
333,0,251.000076,-213.360535,935.295654,236.123718,64.134842,941.151794,428.303711,-97.374908,1015.690308,425.593048,-32.157429,1013.778931,307.658173,-255.345993,475.971405,381.921478,-295.902954,94.694511,415.299377,-257.188568,71.916931,296.854645,110.534088,481.433472,394.868347,141.802872,100.28656,421.594208,98.541466,68.740425,304.859894,-153.26326,460.467285,344.357361,-218.883652,99.777374,261.038116,-318.662323,53.835339,219.20845,-252.415359,63.861294,265.059967,165.308899,58.860703,226.19873,104.163467,66.989891,353.757874,70.616432,97.709518,314.384491,12.93244,459.844147
334,0,251.006805,-213.355423,935.291748,236.090439,64.135353,941.13916,428.122375,-97.326965,1015.898254,425.339294,-32.213306,1013.59198,307.654694,-255.353607,475.969818,381.895264,-295.915344,94.806633,415.277222,-257.185852,71.911766,296.691101,110.463707,481.512543,394.801514,141.810822,100.286034,421.595001,98.547318,68.725075,304.830566,-153.25444,460.476715,344.371155,-218.915405,99.774498,261.049591,-318.650726,53.873642,219.195053,-252.434814,63.850685,264.99942,165.244446,58.870522,226.227509,104.24157,67.00074,353.741486,70.672127,97.776733,314.777527,13.341823,459.764618
335,0,250.984818,-213.370865,935.322266,236.076035,64.140076,941.129333,427.917419,-97.265518,1015.313171,425.582581,-32.135639,1013.818848,307.639954,-255.384766,476.018341,381.814148,-295.844513,94.46846,415.322021,-257.098114,72.178459,296.807953,110.533325,481.42218,394.798248,141.862839,100.354446,421.608032,98.530289,68.734291,304.826965,-153.26149,460.462097,344.375488,-218.883484,99.757538,261.042664,-318.641571,53.885689,219.197937,-252.438309,63.861027,265.029907,165.3013,58.878788,226.235077,104.129547,67.051933,353.73703,70.619232,97.83123,314.688965,13.194294,459.844025
336,0,250.966553,-213.387222,935.295105,236.040405,64.133545,941.132874,428.30777,-97.471169,1015.774963,425.358337,-32.163326,1013.66449,307.624786,-255.391098,475.954742,381.79248,-295.85083,94.525154,415.479431,-257.085785,72.412331,296.812927,110.525101,481.423523,394.678101,141.852936,100.364677,421.57959,98.528534,68.735435,304.799927,-153.257645,460.466095,344.352478,-218.928665,99.753685,261.075562,-318.658112,53.831753,219.224548,-252.449097,63.864998,265.001892,165.332458,58.880764,226.217361,104.114265,67.023682,353.780334,70.642227,97.799011,314.688568,13.269112,459.763489
337,0,250.940292,-213.380951,935.306152,236.010239,64.143829,941.135498,427.950287,-97.326317,1015.355835,425.370758,-32.159138,1013.73291,307.604004,-255.379822,475.997284,381.793945,-295.837646,94.494339,415.19693,-257.055603,72.361191,296.634338,110.459488,481.519257,394.798798,141.832764,100.346825,421.601746,98.524727,68.717827,304.784424,-153.288055,460.453735,344.36496,-218.947754,99.7742,261.03656,-318.671448,53.838516,219.214554,-252.430557,63.867466,265.036591,165.291412,58.833736,226.215454,104.135002,67.023705,353.723846,70.545837,97.887856,314.609192,13.291082,459.815186
338,0,250.945175,-213.370743,935.311462,235.983444,64.161072,941.116394,427.94101,-97.320358,1015.508911,425.395416,-32.098854,1013.748657,307.533661,-255.38826,475.968536,381.760498,-295.85791,94.480659,415.457794,-257.107178,72.435661,296.778687,110.525696,481.427917,394.813232,141.850479,100.349648,421.619446,98.529419,68.713547,304.723267,-153.29184,460.460693,344.361603,-218.915436,99.772392,261.03598,-318.646606,53.850357,219.221588,-252.414169,63.856125,265.058838,165.328522,58.917076,226.20871,104.139374,67.023521,353.730927,70.565971,97.83123,314.350342,12.972171,459.784058
339,0,250.900925,-213.378464,935.284668,235.928787,64.119751,941.124634,427.920197,-97.344238,1015.449158,425.265991,-32.130322,1013.707642,307.564209,-255.367432,476.013397,381.915192,-295.923004,94.614288,415.325317,-257.237305,71.872322,296.589172,110.457863,481.501831,394.980438,141.84552,100.359718,421.584442,98.542946,68.714264,304.708618,-153.29393,460.46051,344.353058,-218.889694,99.772552,261.072479,-318.663391,53.824444,219.214111,-252.429153,63.849731,265.053253,165.300247,58.878021,226.241638,104.114647,67.039635,353.707123,70.590889,97.807617,314.724915,13.416051,459.717682
340,0,250.881226,-213.386566,935.315674,235.904892,64.133224,941.111694,427.864288,-97.30085,1015.341858,425.224121,-32.142845,1013.713501,307.549438,-255.363556,476.007935,381.793182,-295.842926,94.571274,415.479706,-257.140472,72.409401,296.619354,110.455429,481.528412,394.92691,141.807556,100.308167,421.606842,98.509583,68.697693,304.65979,-153.317764,460.454315,344.363495,-218.907211,99.789101,261.047089,-318.632233,53.885738,219.194885,-252.424515,63.86116,265.025848,165.288086,58.871429,226.21933,104.131569,67.03347,353.685791,70.562653,97.874573,314.683472,13.336628,459.74646
341,0,250.882568,-213.371292,935.316284,235.898315,64.136238,941.11676,427.850403,-97.307396,1015.491943,425.360779,-32.143478,1013.847229,307.554047,-255.409866,476.003387,381.789795,-295.844208,94.595749,415.328918,-257.042328,72.671486,296.725433,110.532318,481.417145,395.396667,142.06601,100.34185,421.592896,98.499908,68.722412,304.651428,-153.308701,460.457458,344.363922,-218.897278,99.771797,261.002136,-318.642151,53.8871,219.206879,-252.421524,63.865318,265.030609,165.285324,58.883495,226.22467,104.12648,67.017868,353.755219,70.646759,97.769356,314.700043,13.364844,459.706024
342,0,250.860275,-213.392075,935.2677,235.882141,64.153694,941.089966,428.004059,-97.330215,1016.082397,425.172577,-32.153057,1013.713501,307.494995,-255.415314,475.956207,381.778534,-295.869446,94.587807,415.246613,-257.036194,72.26461,296.547882,110.435448,481.496216,394.889008,141.772202,100.283791,421.592163,98.533798,68.707634,304.635071,-153.318085,460.42804,344.358276,-218.927979,99.757004,261.027588,-318.687042,53.839882,219.222549,-252.438095,63.859859,265.004822,165.228256,58.859028,226.235229,104.108513,67.024246,353.72113,70.661179,97.81588,314.685974,13.399757,459.709503
343,0,250.846588,-213.3685,935.278931,235.828537,64.117867,941.098206,428.008392,-97.347519,1015.631104,425.210297,-32.095356,1013.762329,307.509491,-255.397141,475.978485,381.903992,-295.915466,94.808327,415.276764,-257.20401,71.898216,296.70929,110.515305,481.419342,394.77298,141.851196,100.321579,421.642609,98.527527,68.735916,304.609375,-153.312851,460.415283,344.375854,-218.896683,99.759529,261.058472,-318.672394,53.829514,219.237457,-252.428024,63.870289,265.037842,165.270157,58.909962,226.207916,104.122078,67.034134,353.762634,70.707458,97.687256,314.290405,12.969094,459.811005
344,0,250.848587,-213.348999,935.290649,235.885544,64.233345,941.029419,427.988831,-97.328514,1015.693054,425.310791,-32.111366,1013.857605,307.490143,-255.392975,476.010406,381.791016,-295.859528,94.587585,415.487274,-257.158295,72.373161,296.676453,110.516922,481.424469,394.769287,141.801376,100.319794,421.645081,98.545639,68.724815,304.611755,-153.320465,460.397614,344.361145,-218.924942,99.749687,261.045044,-318.666748,53.823765,219.212036,-252.430405,63.847794,265.027893,165.244812,58.885597,226.241714,104.13121,67.048775,353.752136,70.688332,97.714127,314.280762,12.995701,459.780334
345,0,250.825012,-213.371552,935.287903,235.807556,64.194519,941.03833,427.952362,-97.33062,1016.108276,425.260437,-32.077202,1013.810181,307.446075,-255.384171,475.987579,381.807678,-295.82132,94.47226,415.543915,-257.22998,72.317795,296.669037,110.52166,481.436615,394.932587,141.809219,100.267143,421.614655,98.5131,68.741302,304.601379,-153.299255,460.418335,344.353577,-218.911057,99.773575,261.018188,-318.656799,53.853363,219.220779,-252.437088,63.86972,265.013855,165.250031,58.841564,226.234192,104.130493,67.02861,353.787048,70.615067,97.766632,314.604279,13.318628,459.754883
346,0,250.784607,-213.349182,935.269592,235.763672,64.184669,941.020569,427.662018,-97.285706,1015.431274,425.261017,-32.079357,1013.826721,307.492096,-255.370941,475.975403,381.722382,-295.846313,94.629097,415.452789,-257.119324,72.509453,296.652496,110.529121,481.446777,394.838715,141.807632,100.259033,421.607971,98.520782,68.715561,304.590637,-153.293503,460.405762,344.358917,-218.903168,99.747818,261.033875,-318.661621,53.838783,219.221161,-252.435867,63.872086,265.008789,165.238327,58.930977,226.230545,104.110466,67.038895,353.716522,70.578575,97.859177,314.191833,12.964534,459.819672
347,0,250.730331,-213.367142,935.252441,235.72403,64.17984,941.055847,427.975372,-97.355797,1015.727295,425.1008,-32.1166,1013.710876,307.422516,-255.400421,475.953369,381.880463,-295.906403,94.635803,415.318085,-257.216095,71.91124,296.664948,110.526649,481.450287,394.802826,141.978043,100.298691,421.599335,98.541016,68.707336,304.551697,-153.29303,460.407043,344.371704,-218.899521,99.782356,261.029266,-318.653931,53.858204,219.219009,-252.433426,63.865131,264.9758,165.233215,58.895061,226.22319,104.136879,67.0196,353.704071,70.516304,97.871277,314.183716,12.955919,459.798309
348,0,250.698303,-213.344879,935.240479,235.725464,64.230728,941.011902,427.91095,-97.298927,1015.651367,425.076172,-32.044258,1013.781311,307.40506,-255.380753,475.93808,381.878723,-295.907593,94.577896,415.274994,-257.137177,71.925926,296.521729,110.472557,481.504456,394.784485,141.845001,100.327103,421.625488,98.559601,68.731079,304.536041,-153.279755,460.417664,344.37616,-218.896164,99.772285,261.048431,-318.64679,53.824883,219.223434,-252.421356,63.86861,265.014709,165.242294,58.896751,226.211426,104.137192,67.036873,353.741302,70.564705,97.800392,314.230499,12.989746,459.803619
349,0,250.659012,-213.346466,935.27655,235.73056,64.240196,941.015015,427.521393,-97.146828,1015.325195,425.140747,-32.013638,1013.844971,307.424225,-255.349243,475.935577,381.745453,-295.843964,94.521912,415.471802,-257.106842,72.449623,296.685059,110.559532,481.420013,395.009857,141.803986,100.292152,421.608429,98.535324,68.738396,304.505249,-153.283325,460.398041,344.342255,-218.897369,99.755028,261.01593,-318.652527,53.875912,219.213379,-252.426086,63.867195,265.040863,165.2948,58.856983,226.190491,104.107208,67.003723,353.787933,70.715744,97.706238,314.602844,13.393941,459.731903
350,0,250.65773,-213.354538,935.243835,235.694885,64.273315,940.988098,427.856262,-97.296486,1015.701904,425.082733,-32.035564,1013.842224,307.421417,-255.34227,475.94516,381.790253,-295.831421,94.422684,415.274628,-257.071838,72.286018,296.663666,110.586151,481.407776,394.886688,141.828964,100.292343,421.627899,98.551262,68.703773,304.487793,-153.262482,460.414093,344.360809,-218.882629,99.769455,261.045868,-318.648132,53.901917,219.232315,-252.422241,63.856289,265.047729,165.297424,58.908375,226.238861,104.094574,67.005363,353.761353,70.697128,97.743088,314.193298,12.991708,459.774017
351,0,250.642899,-213.300003,935.29126,235.672394,64.20739,941.030762,427.815308,-97.331955,1015.697815,425.014069,-32.033371,1013.767029,307.438629,-255.308807,475.929169,381.913574,-295.904602,94.665077,415.325165,-257.208008,71.887367,296.672119,110.60006,481.396484,394.927643,141.811264,100.282173,421.608765,98.539597,68.694878,304.509888,-153.246536,460.401764,344.357178,-218.877411,99.771439,261.045654,-318.658386,53.858055,219.217117,-252.433395,63.876541,265.017944,165.247025,58.899052,226.221695,104.136673,67.025497,353.756531,70.662125,97.819702,314.213898,13.011296,459.735199
352,0,250.602692,-213.322662,935.234131,235.659729,64.267029,940.998962,427.76712,-97.304169,1015.71106,424.974701,-31.948526,1013.902405,307.38208,-255.328827,475.986481,381.870667,-295.920319,94.787086,415.306915,-257.226074,71.852432,296.653107,110.590843,481.391876,394.969727,141.820663,100.293358,421.621857,98.556335,68.719017,304.501282,-153.243973,460.376526,344.336334,-218.891174,99.765854,261.034119,-318.669128,53.84341,219.209015,-252.426422,63.864098,265.024231,165.260788,58.86887,226.236084,104.125244,67.039459,353.777222,70.613838,97.762634,314.182343,13.010726,459.774719
353,0,250.548782,-213.32016,935.208679,235.641205,64.29599,940.980164,427.679504,-97.244125,1015.716309,424.887573,-31.936928,1013.856506,307.35202,-255.315628,475.944397,381.898163,-295.898956,94.604248,415.320923,-257.145355,71.860207,296.618622,110.591003,481.399292,394.854126,141.844788,100.275253,421.635681,98.550659,68.702621,304.511383,-153.232712,460.36319,344.35788,-218.904419,99.784821,261.033844,-318.66394,53.838848,219.201859,-252.427216,63.862301,265.01239,165.295074,58.91185,226.235016,104.098839,67.048035,353.784607,70.696136,97.782928,314.177979,13.036596,459.793182
354,0,250.493698,-213.314377,935.224731,235.587631,64.288193,940.963684,427.65329,-97.257751,1015.76709,424.907562,-31.954992,1013.874512,307.415649,-255.304245,475.964081,381.852051,-295.898987,94.763451,415.345123,-257.172821,71.879883,296.625854,110.591423,481.396362,394.755829,141.851181,100.374901,421.609894,98.549362,68.703369,304.52652,-153.230438,460.357758,344.35321,-218.872162,99.760445,261.052277,-318.653229,53.868229,219.213974,-252.440277,63.848583,265.011627,165.309982,58.864506,226.241455,104.159904,67.011604,353.767883,70.678604,97.786484,314.122223,13.040445,459.793152
355,0,250.453949,-213.279556,935.21405,235.575256,64.315575,940.938904,427.636719,-97.239334,1015.74292,424.857452,-31.94392,1013.9245,307.408905,-255.275101,475.999817,381.877411,-295.882721,94.902466,415.215912,-257.12262,72.001183,296.613464,110.622864,481.394897,394.81543,141.849686,100.313995,421.60675,98.544952,68.683472,304.517792,-153.215271,460.372284,344.339355,-218.873093,99.769829,261.051697,-318.639618,53.861847,219.22403,-252.417587,63.832203,265.019196,165.320206,58.888416,226.252014,104.137032,67.051033,353.785492,70.669067,97.767723,314.076416,12.997083,459.786102
356,0,250.404739,-213.290543,935.180725,235.515396,64.330284,940.936401,427.587891,-97.231117,1015.73053,424.77066,-31.939194,1013.836243,307.364685,-255.289825,475.931274,381.779022,-295.8461,94.471069,415.426147,-257.143829,72.467506,296.589081,110.61734,481.391327,395.230988,141.953354,100.297752,421.602905,98.544655,68.688408,304.520752,-153.189178,460.373535,344.349152,-218.880646,99.776077,261.019073,-318.653717,53.850029,219.225464,-252.412613,63.854279,265.020386,165.265762,58.909637,226.223022,104.129448,67.061531,353.779388,70.712189,97.786674,314.454742,13.412803,459.77417
357,0,250.380463,-213.30217,935.171692,235.515701,64.340012,940.922241,427.462891,-97.161537,1015.65979,424.657928,-31.940355,1013.835449,307.348083,-255.290665,475.955048,381.875519,-295.893982,94.768021,415.284332,-257.206268,71.906532,296.57605,110.620972,481.394104,394.880005,141.856354,100.291481,421.606659,98.550323,68.708878,304.501526,-153.19606,460.362213,344.326324,-218.875381,99.740265,261.046021,-318.660309,53.847141,219.206802,-252.44162,63.843109,265.045898,165.298035,58.933098,226.227264,104.123795,67.01532,353.817719,70.696663,97.738144,314.102783,13.062863,459.738434
358,0,250.342072,-213.285034,935.214355,235.420883,64.31353,940.942627,427.457153,-97.141502,1015.688782,424.734436,-31.880812,1013.842957,307.332153,-255.267654,475.910858,381.896118,-295.87326,94.661499,415.222565,-257.144562,71.973251,296.584442,110.611504,481.378265,394.94632,141.825668,100.294128,421.639221,98.573357,68.723526,304.472656,-153.195465,460.367493,344.324341,-218.88472,99.766922,261.041809,-318.65921,53.880451,219.201721,-252.433029,63.86097,265.038788,165.271149,58.903755,226.235657,104.127289,67.044281,353.776917,70.720978,97.795654,314.076172,13.064258,459.714752
359,0,250.296326,-213.302841,935.198059,235.412109,64.341179,940.912537,427.363922,-97.152954,1015.692566,424.715271,-31.89978,1013.835449,307.312897,-255.276764,475.956268,381.770233,-295.80545,94.473137,415.418335,-257.159119,72.456039,296.563904,110.6315,481.366974,394.939026,142.051178,100.313866,421.600769,98.559937,68.704414,304.439941,-153.19809,460.361389,344.351379,-218.861588,99.756927,261.037598,-318.657013,53.841263,219.216705,-252.440842,63.876167,265.032532,165.263748,58.834007,226.223236,104.162865,67.026039,353.789917,70.694412,97.761162,314.475555,13.479796,459.701141
360,0,250.27504,-213.292389,935.195984,235.344269,64.325607,940.902588,427.36264,-97.138245,1015.650757,424.621552,-31.920456,1013.781189,307.323395,-255.263351,475.906189,381.906464,-295.845367,94.650909,415.222412,-257.117706,72.068085,296.575348,110.634315,481.36554,394.820648,141.870926,100.305389,421.594055,98.558418,68.701973,304.423615,-153.211685,460.357574,344.313354,-218.849579,99.774963,261.018921,-318.65976,53.876938,219.221863,-252.423859,63.862755,265.03952,165.311493,58.860451,226.225876,104.108238,67.04084,353.771759,70.725998,97.794838,314.129791,13.074548,459.745026
361,0,250.243011,-213.308243,935.152588,235.256302,64.294975,940.919434,427.281158,-97.163528,1015.70343,424.476532,-31.856365,1013.753906,307.35144,-255.242889,475.940063,381.877106,-295.885712,94.813972,415.277374,-257.142761,71.912689,296.564636,110.639046,481.364777,394.866882,141.837723,100.30851,421.613159,98.55571,68.686043,304.405823,-153.206345,460.345581,344.331451,-218.846085,99.755638,261.034088,-318.640717,53.83971,219.19249,-252.409943,63.841084,265.027344,165.279709,58.929531,226.239487,104.129929,67.0345,353.845001,70.697853,97.702827,314.151276,13.106331,459.712585
362,0,250.196426,-213.323822,935.186157,235.257004,64.284187,940.897644,427.289703,-97.170219,1015.72644,424.493713,-31.877682,1013.736023,307.309052,-255.276001,475.908539,381.763763,-295.807678,94.495934,415.467285,-257.108002,72.514885,296.546356,110.640488,481.364258,394.917938,141.810699,100.308197,421.609497,98.558495,68.726952,304.3927,-153.208496,460.332886,344.330017,-218.848297,99.742348,261.029968,-318.637939,53.849979,219.191635,-252.404327,63.845261,265.026642,165.265381,58.864349,226.230835,104.125237,67.056534,353.788177,70.722992,97.772705,314.102966,13.066742,459.787811
363,0,250.165726,-213.319504,935.158997,235.170761,64.271111,940.887878,427.221588,-97.120575,1015.687134,424.451843,-31.883877,1013.785339,307.285431,-255.296616,475.928558,381.776154,-295.793884,94.471657,415.462555,-257.084564,72.465668,296.527985,110.640442,481.349701,394.933014,141.814133,100.30127,421.607147,98.567558,68.709862,304.405609,-153.211807,460.35083,344.30722,-218.88945,99.765877,261.045807,-318.660767,53.853336,219.184509,-252.424423,63.859306,265.010193,165.261475,58.857151,226.208008,104.139297,67.030838,353.770111,70.719147,97.807831,314.131775,13.102786,459.733826
364,0,250.113663,-213.32077,935.123718,235.135666,64.29451,940.879456,427.139099,-97.120056,1015.697815,424.507416,-31.866941,1013.894409,307.291992,-255.323471,475.921722,381.872375,-295.873016,94.842529,415.302338,-257.160767,71.983299,296.500397,110.644356,481.340179,394.855835,141.798782,100.296242,421.606079,98.57402,68.726761,304.41507,-153.216309,460.32724,344.321045,-218.866592,99.775169,261.035675,-318.662201,53.86158,219.192917,-252.438538,63.860783,265.033356,165.276566,58.867218,226.223068,104.154213,67.043472,353.788849,70.737076,97.775467,314.110443,13.069972,459.750916
365,0,250.093155,-213.319504,935.179932,235.118881,64.317017,940.862366,427.184937,-97.092995,1015.741943,424.374847,-31.840254,1013.827942,307.301056,-255.302734,475.957672,381.8797,-295.869446,94.761398,415.216553,-257.120758,71.984428,296.312225,110.538345,481.423462,395.098053,141.999176,100.336243,421.614349,98.563766,68.75753,304.408691,-153.224121,460.329346,344.314331,-218.8918,99.780235,261.036438,-318.656647,53.865196,219.215256,-252.429092,63.845673,265.037781,165.266098,58.878883,226.203857,104.170105,67.024529,353.782471,70.695671,97.790138,314.046875,13.028686,459.792664
366,0,250.036057,-213.309006,935.162354,235.068329,64.305466,940.831787,426.693359,-97.00808,1015.356201,424.298157,-31.838539,1013.783569,307.299652,-255.303299,475.959625,381.897461,-295.860168,94.720398,415.261658,-257.115265,71.933189,296.300354,110.561531,481.425049,394.841492,141.848022,100.372902,421.624634,98.539566,68.728256,304.402588,-153.210052,460.329803,344.331268,-218.866806,99.758476,261.027893,-318.655792,53.841114,219.215073,-252.440002,63.857166,265.024078,165.282318,58.869774,226.209915,104.12912,67.047592,353.775269,70.725441,97.784943,314.038361,13.035303,459.741577
367,0,250.032211,-213.345901,935.144714,235.013367,64.30085,940.821289,426.943298,-97.054718,1015.61615,424.031799,-31.83889,1014.074463,307.251099,-255.313309,475.88089,381.889313,-295.8685,94.706764,415.230133,-257.128021,72.01741,296.298157,110.539833,481.432495,394.817352,141.813416,100.334427,421.588593,98.557571,68.760551,304.417114,-153.199799,460.323669,344.342773,-218.87944,99.757713,260.995331,-318.645721,53.866421,219.204285,-252.435471,63.862862,265.015564,165.270035,58.886314,226.178711,104.13726,67.006416,353.752808,70.708214,97.822533,313.982422,13.005827,459.786987
368,0,249.965942,-213.340027,935.161011,234.992722,64.327187,940.80127,426.995178,-97.125244,1015.786438,423.962067,-31.847164,1014.063599,307.255707,-255.338638,475.866669,381.91391,-295.855438,94.501358,415.241394,-257.127289,71.911972,296.26767,110.535782,481.399261,394.804688,141.818008,100.364128,421.625793,98.552834,68.758026,304.374146,-153.226639,460.324707,344.299194,-218.888062,99.761429,261.044647,-318.652161,53.823269,219.206787,-252.42749,63.863678,265.030884,165.307556,58.896778,226.203857,104.171669,67.026581,353.761292,70.721184,97.817337,314.005096,13.019593,459.743866
369,0,249.959869,-213.349411,935.164734,234.908997,64.274994,940.808289,426.433777,-96.904678,1015.374329,424.095398,-31.818171,1013.911987,307.241577,-255.313904,475.918274,381.888794,-295.87265,94.772614,415.244812,-257.146149,72.024124,296.251312,110.540421,481.38913,394.843445,141.794174,100.298363,421.583069,98.562416,68.723953,304.366089,-153.23494,460.306946,344.308563,-218.887009,99.76693,261.017365,-318.653381,53.881817,219.207855,-252.434784,63.85955,264.992981,165.242905,58.880997,226.198486,104.142067,67.054131,353.796387,70.692123,97.745934,313.926239,12.963626,459.795837
370,0,249.92157,-213.382446,935.170715,234.8806,64.281639,940.800171,426.995544,-97.215462,1015.867249,424.067719,-31.846214,1013.912109,307.21936,-255.290237,475.961823,381.737366,-295.807373,94.628136,415.468353,-257.166748,72.449165,296.222656,110.522392,481.405701,394.916962,141.759933,100.317627,421.62851,98.535629,68.750351,304.360474,-153.237366,460.304688,344.30899,-218.863953,99.778641,261.007874,-318.691284,53.824043,219.198166,-252.436722,63.852192,265.02359,165.281494,58.856995,226.199585,104.147591,67.014977,353.798706,70.664825,97.816254,314.440735,13.481483,459.677246
371,0,249.861557,-213.393753,935.146912,234.8703,64.331123,940.769043,426.910156,-97.1745,1015.852234,424.018555,-31.857443,1013.90448,307.202881,-255.331161,475.926025,381.851166,-295.866638,94.743759,415.256134,-257.14212,71.955345,296.231689,110.526138,481.411072,394.773621,141.798981,100.284737,421.585724,98.54689,68.768509,304.355988,-153.250748,460.313629,344.302399,-218.854004,99.766388,261.035278,-318.660126,53.846386,219.198196,-252.428207,63.866051,265.065735,165.303513,58.908157,226.215393,104.175545,67.008224,353.803406,70.675827,97.72184,314.007324,13.013951,459.801239
372,0,249.873047,-213.398712,935.154785,234.778,64.249359,940.807373,426.423035,-97.006699,1015.491455,423.954681,-31.844784,1013.943054,307.255035,-255.339325,475.899506,381.856262,-295.882385,94.74498,415.223999,-257.11496,71.965446,296.156342,110.483177,481.420319,394.77948,141.792557,100.359505,421.601471,98.536217,68.766365,304.347961,-153.23941,460.307831,344.302399,-218.876541,99.741394,261.028625,-318.658417,53.829746,219.202637,-252.437714,63.866318,265.022217,165.302689,58.845901,226.192261,104.136826,67.003143,353.741821,70.665878,97.791389,314.0336,13.068727,459.760193
