,,Lowerbody:LIAS,,,Lowerbody:RIAS,,,Lowerbody:LIPS,,,Lowerbody:RIPS,,,Lowerbody:LFLE,,,Lowerbody:LFAL,,,Lowerbody:LFCC,,,Lowerbody:RFLE,,,Lowerbody:RFAL,,,Lowerbody:RFCC,,,Lowerbody:LFME,,,Lowerbody:LTAM,,,Lowerbody:LFM5,,,Lowerbody:LFM1,,,Lowerbody:RFM5,,,Lowerbody:RFM1,,,Lowerbody:RTAM,,,Lowerbody:RFME,,
1,0,244.774719,-234.096527,1015.417603,260.627777,70.316528,1009.070618,456.626129,-129.668854,1057.339966,461.904175,-53.861706,1054.041748,304.760254,-266.248779,532.443542,377.915985,-301.996704,95.140045,429.430725,-260.576263,71.868011,312.361877,99.362854,519.45874,390.142212,149.323837,105.086891,438.410583,97.304253,81.234314,308.921753,-158.055893,508.814575,362.413269,-214.333313,104.419937,244.300491,-320.641937,52.759289,216.960419,-233.131104,60.298363,260.217712,182.938583,55.407425,223.532608,95.312653,62.668518,370.867004,62.688873,107.048569,313.171631,6.727112,498.057831
2,0,244.772751,-234.086578,1015.389893,260.596466,70.352226,1009.075073,456.608063,-129.5914,1057.348633,461.889435,-53.768272,1054.047852,304.770813,-266.268982,532.440063,377.928986,-301.951508,95.161072,429.428619,-260.556549,71.885414,312.338715,99.380226,519.467285,390.068451,149.19838,104.964058,438.431,97.310509,81.276672,308.9729,-158.007935,508.824524,362.382843,-214.347534,104.392891,244.314041,-320.656586,52.806309,216.967697,-233.125946,60.308887,260.122803,182.965454,55.438213,223.530991,95.29287,62.66013,370.885834,62.716564,107.023888,313.372467,6.841861,497.976624
3,0,244.75444,-234.080383,1015.368347,260.550812,70.408485,1009.085388,456.62439,-129.528534,1057.334717,461.878876,-53.690754,1054.053833,304.841949,-266.250153,532.437317,377.887878,-301.975464,95.128922,429.399323,-260.754852,71.885811,312.265594,99.40934,519.471069,390.073578,149.204468,104.980888,438.399628,97.314186,81.24424,309.01886,-158.019501,508.81488,362.379517,-214.335281,104.437317,244.315613,-320.658234,52.797436,216.977783,-233.13858,60.296288,260.10376,182.955978,55.423492,223.535629,95.277107,62.658607,370.893646,62.711491,107.030884,313.124603,6.789897,498.069946
4,0,244.79538,-234.039856,1015.352722,260.531464,70.430565,1009.089355,456.566315,-129.483414,1057.362549,461.858185,-53.629486,1054.079712,304.879913,-266.219757,532.455383,377.913086,-301.97818,95.15786,429.42746,-260.584259,71.865425,312.21994,99.432327,519.476562,390.070618,149.208817,104.968193,438.425659,97.320717,81.269867,309.066345,-158.029327,508.80188,362.184387,-214.048416,104.460457,244.312744,-320.659668,52.757305,216.982208,-233.134232,60.315975,260.136353,182.957504,55.410042,223.524536,95.300697,62.675217,370.889801,62.712215,107.032646,313.110504,6.795866,498.083282
5,0,244.772537,-234.042816,1015.336487,260.487457,70.452271,1009.096008,456.641937,-129.368713,1057.36731,461.860535,-53.547482,1054.112305,304.915863,-266.200348,532.42572,377.892395,-301.971313,95.148331,429.411591,-260.565155,71.887451,312.164642,99.470001,519.473755,390.097839,149.236572,104.953491,438.453766,97.330414,81.296265,309.09552,-157.993561,508.781189,362.382935,-214.311218,104.407089,244.313004,-320.655609,52.809879,216.975983,-233.132416,60.29726,260.157806,182.972046,55.407986,223.537094,95.295052,62.67778,370.911438,62.719414,107.030556,313.058899,6.813039,498.104553
6,0,244.77301,-234.029907,1015.316101,260.420319,70.486,1009.108276,456.595459,-129.3591,1057.380981,461.857086,-53.494823,1054.096436,304.964081,-266.193542,532.428772,377.958435,-301.930878,95.155167,429.571472,-260.657562,71.939873,312.122711,99.475517,519.488037,390.109009,149.33667,105.080971,438.447174,97.332794,81.306526,309.103271,-157.950424,508.76886,362.363068,-214.338516,104.406113,244.32283,-320.657227,52.805252,216.960754,-233.145828,60.294991,260.168182,182.986969,55.419609,223.524033,95.290367,62.67918,370.88269,62.726482,107.066292,313.008453,6.840636,498.091919
7,0,244.847748,-233.966187,1015.293701,260.38269,70.516678,1009.12439,456.594513,-129.336472,1057.390381,461.806458,-53.426685,1054.074585,305.00705,-266.175781,532.42865,377.911102,-301.94931,95.12767,429.412201,-260.583466,71.848053,312.024994,99.501823,519.478149,390.113861,149.319077,105.062599,438.425659,97.314331,81.271263,309.091003,-157.947388,508.803436,362.369751,-214.31694,104.386719,244.316177,-320.654358,52.798904,216.976227,-233.145798,60.309448,260.104767,182.969147,55.438416,223.525833,95.275536,62.678345,370.897736,62.716625,107.058838,313.038483,6.833922,498.093597
8,0,244.86882,-233.920135,1015.277832,260.310944,70.569481,1009.133484,456.59845,-129.264908,1057.393188,461.786255,-53.410614,1054.100098,305.011627,-266.174469,532.429871,377.91568,-301.962677,95.15242,429.387787,-260.574432,71.843719,311.976501,99.530212,519.480896,390.041351,149.21965,104.965851,438.426117,97.297211,81.308937,309.120728,-157.897415,508.779236,362.204346,-214.09877,104.464058,244.310272,-320.660461,52.788334,216.975967,-233.150314,60.310783,260.11554,182.969101,55.418262,223.51239,95.295067,62.676258,370.875153,62.727303,107.073425,312.975281,6.845457,498.101807
9,0,244.81102,-233.903915,1015.322449,260.271393,70.614632,1009.144653,456.580139,-129.20488,1057.400757,461.803253,-53.311752,1054.120239,304.999725,-266.171295,532.436768,377.936676,-301.938599,95.157715,429.403473,-260.566162,71.841171,311.916565,99.553482,519.484009,390.020294,149.223587,104.972366,438.49472,97.324936,81.360168,309.134796,-157.910904,508.781189,362.232025,-214.096924,104.454826,244.311447,-320.645599,52.804867,216.971771,-233.14444,60.311684,260.132568,182.972763,55.414181,223.516388,95.292862,62.687538,370.878326,62.736385,107.069931,312.946289,6.857193,498.100098
10,0,244.87085,-233.852097,1015.304199,260.208893,70.641068,1009.137634,456.606781,-129.127777,1057.354858,461.778442,-53.258915,1054.124756,304.990906,-266.141449,532.444946,377.948914,-301.928741,95.15255,429.401367,-260.547272,71.863495,311.88913,99.555344,519.465881,390.077118,149.309982,105.060997,438.446747,97.320816,81.343369,309.07254,-157.862015,508.745972,362.268036,-214.086639,104.467171,244.329681,-320.659668,52.768044,216.973434,-233.122314,60.314358,260.146454,182.992767,55.423595,223.514069,95.299347,62.698372,370.893005,62.730499,107.09211,312.883484,6.888183,498.105225
11,0,244.819702,-233.836609,1015.342957,260.186249,70.680168,1009.153748,456.630646,-129.03746,1057.372925,461.765106,-53.197021,1054.145508,304.962891,-266.09259,532.424561,377.882812,-301.946472,95.158211,429.4039,-260.552795,71.841995,311.84198,99.599731,519.471069,390.038147,149.214478,104.962151,438.467896,97.332695,81.356537,309.069458,-157.853012,508.752655,362.242706,-214.14212,104.429108,244.315536,-320.654388,52.803478,216.975159,-233.135727,60.313984,260.171356,182.975739,55.398884,223.514862,95.301254,62.70808,370.881775,62.730484,107.096359,313.002991,6.998362,498.063202
12,0,244.873581,-233.775787,1015.298706,260.13147,70.713417,1009.15918,456.616913,-128.96698,1057.384399,461.762482,-53.100136,1054.135986,304.910187,-266.079895,532.419861,377.937347,-301.937408,95.162056,429.411469,-260.578491,71.852936,311.801025,99.60273,519.483826,390.062134,149.231934,104.972466,438.442108,97.281807,81.306244,309.228912,-158.004059,508.810333,362.245697,-214.133621,104.440598,244.31076,-320.668732,52.789188,216.979294,-233.145767,60.31797,260.136292,182.977936,55.423668,223.506546,95.298622,62.699013,370.89093,62.73204,107.118088,312.907776,7.010087,498.084747
13,0,244.894302,-233.772736,1015.318298,260.105743,70.736252,1009.155884,456.631744,-128.903625,1057.354004,461.737427,-53.061794,1054.125854,304.876343,-266.047668,532.404968,377.931915,-301.918121,95.160812,429.377808,-260.56012,71.845474,311.783691,99.620689,519.477112,390.079376,149.295639,105.038742,438.487213,97.308853,81.391815,309.035187,-157.843048,508.762848,362.23172,-214.13382,104.421722,244.340271,-320.649048,52.818954,216.967468,-233.136963,60.322392,260.164764,183.006958,55.429802,223.509552,95.322731,62.677986,370.873779,62.721199,107.113663,312.745941,6.967146,498.1362
14,0,244.918762,-233.74469,1015.313843,260.089813,70.774864,1009.151245,456.640747,-128.844971,1057.365723,461.724762,-52.989319,1054.127808,304.82663,-265.986389,532.411865,377.890839,-301.898071,95.132454,429.352936,-260.576019,71.852196,311.733887,99.646835,519.484924,390.044281,149.230011,104.947182,438.461761,97.271996,81.360237,309.008179,-157.804764,508.754364,362.354279,-214.351669,104.372795,244.330902,-320.664917,52.815567,216.961182,-233.140686,60.320538,260.116669,182.996368,55.466614,223.506653,95.317535,62.677464,370.887939,62.725464,107.123466,312.703918,6.983095,498.149353
15,0,244.919693,-233.708801,1015.366577,260.080109,70.814972,1009.156677,456.638977,-128.780685,1057.351196,461.744324,-52.922901,1054.155029,304.804199,-265.963715,532.407227,377.8909,-301.886353,95.155312,429.381744,-260.539581,71.871109,311.662201,99.65535,519.487244,390.09552,149.297882,105.015793,438.477722,97.329498,81.390556,308.991791,-157.773117,508.753235,362.33905,-214.333725,104.374985,244.327469,-320.667816,52.803371,216.965683,-233.114578,60.32436,260.166748,183.000854,55.431091,223.50827,95.345734,62.666073,370.850922,62.723732,107.138252,312.866638,7.072228,498.095459
16,0,244.956665,-233.712402,1015.388123,260.055389,70.831207,1009.147766,456.646027,-128.756622,1057.34436,461.719391,-52.871067,1054.133179,304.747162,-265.93161,532.396301,377.881897,-301.903717,95.137352,429.381165,-260.554413,71.867279,311.606171,99.67057,519.469177,390.01239,149.208038,104.977333,438.48288,97.33918,81.449806,309.104126,-157.872803,508.781189,362.166901,-214.163177,104.383926,244.315262,-320.650177,52.82917,216.957443,-233.137375,60.310127,260.147369,183.009583,55.427422,223.5047,95.3479,62.651157,370.831909,62.719852,107.133133,312.784943,7.074383,498.08432
17,0,245.005249,-233.671722,1015.354248,260.024628,70.857536,1009.154785,456.702179,-128.706482,1057.365723,461.681976,-52.856392,1054.072754,304.749817,-265.896179,532.395142,377.87851,-301.918915,95.182129,429.37439,-260.549713,71.873993,311.553009,99.686714,519.458801,390.031982,149.230469,104.943657,438.472107,97.332382,81.409981,309.087555,-157.839661,508.772125,362.217041,-214.12558,104.410515,244.321686,-320.643982,52.840771,216.965973,-233.127579,60.311081,260.161407,183.013702,55.428883,223.514191,95.362671,62.632637,370.835052,62.730202,107.144318,312.610962,7.030402,498.139221
18,0,245.016983,-233.670181,1015.393738,259.957428,70.874916,1009.14624,456.625793,-128.707565,1057.358398,461.684845,-52.781593,1054.085327,304.714569,-265.906677,532.397034,377.902649,-301.901123,95.139397,429.375793,-260.551941,71.866196,311.500031,99.697227,519.455994,390.062256,149.319794,105.055717,438.465759,97.32724,81.40773,309.027924,-157.827698,508.778168,362.244598,-214.104279,104.410004,244.316422,-320.625946,52.805584,216.96019,-233.112656,60.301785,260.151672,183.014435,55.409477,223.512466,95.363983,62.628979,370.847656,62.733612,107.124817,312.773773,7.126226,498.078705
19,0,245.030624,-233.661514,1015.419617,259.944122,70.887001,1009.168884,456.646759,-128.633301,1057.317139,461.669739,-52.757294,1054.059692,304.687866,-265.882477,532.387695,377.909515,-301.900879,95.157898,429.379333,-260.52597,71.853821,311.462402,99.724762,519.460938,390.024475,149.241074,104.982269,438.466644,97.312958,81.425476,308.829315,-157.67337,508.751556,362.229889,-214.110672,104.394882,244.325546,-320.659363,52.804295,216.95961,-233.130966,60.309078,260.171631,183.018387,55.431286,223.509155,95.370872,62.632694,370.85025,62.747719,107.132042,312.563232,7.066536,498.138275
20,0,245.044067,-233.635712,1015.442017,259.936707,70.885132,1009.146118,456.662903,-128.55835,1057.326538,461.680206,-52.689934,1054.094116,304.676849,-265.850525,532.381348,377.887115,-301.911682,95.178864,429.377502,-260.554535,71.85952,311.437164,99.737434,519.450562,390.049164,149.328415,105.035561,438.447815,97.315155,81.419044,308.965607,-157.802811,508.751465,362.171997,-214.10701,104.392647,244.325958,-320.644409,52.835823,216.963181,-233.129166,60.316086,260.130585,182.980072,55.44743,223.505188,95.355164,62.619156,370.832336,62.727646,107.165756,312.539307,7.081039,498.156647
21,0,245.077545,-233.623901,1015.446655,259.882172,70.917297,1009.153015,456.702393,-128.480453,1057.378418,461.674377,-52.634216,1054.070679,304.65799,-265.834076,532.387207,377.886261,-301.913239,95.191071,429.412048,-260.543365,71.861938,311.409546,99.719856,519.435913,389.977661,149.249695,104.956093,438.450287,97.337669,81.410858,308.733307,-157.634354,508.724701,362.179626,-214.107117,104.369453,244.315445,-320.635773,52.821995,216.969299,-233.118973,60.315861,260.118835,182.998367,55.453304,223.505234,95.362877,62.614964,370.85379,62.758587,107.118988,312.639282,7.173479,498.087006
22,0,245.112152,-233.638016,1015.467041,259.800049,70.925224,1009.146545,456.683014,-128.423569,1057.298584,461.632782,-52.571125,1054.039185,304.575378,-265.817627,532.374634,377.874115,-301.901184,95.170494,429.356476,-260.640411,71.870224,311.384216,99.769836,519.448303,389.979004,149.260895,104.937111,438.476776,97.374939,81.373238,308.66803,-157.599091,508.729706,362.178894,-214.088394,104.380318,244.31459,-320.633972,52.84605,216.972351,-233.106369,60.289791,260.131195,182.989471,55.428593,223.504425,95.344765,62.580093,370.859467,62.732227,107.119873,312.601715,7.147581,498.072449
23,0,245.168289,-233.63533,1015.467285,259.787811,70.909782,1009.151001,456.704315,-128.371552,1057.285156,461.580963,-52.52771,1054.02356,304.585846,-265.796234,532.346436,377.888428,-301.877838,95.192177,429.364044,-260.527679,71.87574,311.355713,99.758522,519.429443,389.989594,149.258118,104.93441,438.485901,97.381142,81.396431,308.62851,-157.600739,508.726532,362.201416,-214.056396,104.387756,244.330017,-320.63443,52.829136,216.961502,-233.116501,60.305973,260.122375,182.987885,55.430271,223.506485,95.329559,62.563576,370.852142,62.721706,107.155212,312.64566,7.175329,498.083191
24,0,245.202011,-233.613983,1015.487061,259.722015,70.894836,1009.156494,456.709839,-128.303818,1057.296143,461.535736,-52.463337,1054.031738,304.568604,-265.773712,532.371582,377.87381,-301.872681,95.162392,429.445068,-260.614471,71.914085,311.331879,99.749565,519.441772,390.003845,149.2845,104.926041,438.475891,97.369827,81.386185,308.810425,-157.725479,508.737671,362.17218,-214.042099,104.404221,244.315048,-320.644104,52.821644,216.957581,-233.122391,60.306442,260.135345,182.983414,55.397659,223.50943,95.323029,62.565201,370.876434,62.746674,107.129578,312.614624,7.166823,498.087921
25,0,245.274338,-233.625534,1015.492676,259.682465,70.897003,1009.158508,456.715668,-128.270493,1057.318604,461.585663,-52.380157,1054.039307,304.605988,-265.764252,532.398926,377.881836,-301.852417,95.193329,429.332733,-260.530334,71.891052,311.299835,99.760429,519.430237,389.998596,149.280258,104.921371,438.470459,97.370895,81.430946,308.617859,-157.596359,508.748962,362.152893,-214.054886,104.389107,244.315384,-320.620483,52.816311,216.933304,-233.12561,60.315403,260.12616,182.972336,55.436192,223.482224,95.30706,62.563866,370.854675,62.741802,107.106804,312.600586,7.137997,498.07373
26,0,245.29686,-233.656586,1015.50116,259.607574,70.876221,1009.155518,456.725952,-128.197632,1057.339844,461.57254,-52.320618,1054.065186,304.592468,-265.771576,532.376282,377.887634,-301.835938,95.188408,429.358093,-260.648987,71.908257,311.272888,99.750694,519.43335,390.007782,149.270859,104.92411,438.527618,97.412407,81.409302,308.819397,-157.732895,508.738098,362.311951,-214.261749,104.359688,244.318146,-320.626129,52.834568,216.932693,-233.110992,60.310055,260.122711,182.981598,55.416996,223.485458,95.300278,62.552811,370.857574,62.747986,107.137833,312.579834,7.170353,498.072144
27,0,245.356049,-233.681305,1015.52179,259.555176,70.861343,1009.139771,456.733093,-128.165802,1057.397461,461.528137,-52.308105,1054.058716,304.70163,-265.780334,532.396667,377.891449,-301.868195,95.18148,429.342621,-260.511169,71.887726,311.257446,99.761444,519.432922,389.971985,149.257751,104.931946,438.455414,97.352196,81.383842,308.680786,-157.647827,508.77179,362.160889,-214.104507,104.400085,244.319778,-320.642883,52.81546,216.946594,-233.141373,60.308903,260.092438,182.97403,55.431534,223.498383,95.280701,62.547855,370.865967,62.739952,107.110069,312.620941,7.184973,498.068726
28,0,245.369232,-233.709427,1015.510803,259.489227,70.834717,1009.14502,456.760284,-128.111359,1057.39563,461.54303,-52.235607,1054.09082,304.766113,-265.805328,532.398804,377.851532,-301.850525,95.182701,429.373138,-260.51712,71.874809,311.269928,99.748947,519.43042,389.982483,149.280594,104.93956,438.477081,97.375496,81.362854,308.753357,-157.660629,508.754425,362.181122,-214.075165,104.409676,244.310364,-320.636292,52.821552,216.968857,-233.12944,60.303051,260.140991,182.983429,55.437073,223.469315,95.290123,62.532604,370.878204,62.743484,107.12999,312.568665,7.150551,498.063812
29,0,245.404572,-233.727432,1015.529419,259.422302,70.796684,1009.143616,456.78421,-128.055435,1057.388672,461.509552,-52.210369,1054.114746,304.850525,-265.826813,532.408142,377.922974,-301.851501,95.185234,429.332764,-260.606598,71.908997,311.24649,99.732292,519.422546,389.994049,149.275558,104.940224,438.464935,97.37764,81.363365,308.831085,-157.676376,508.775696,362.178528,-214.072266,104.416428,244.333694,-320.656799,52.829185,216.940735,-233.128891,60.320488,260.134949,182.982758,55.440346,223.482681,95.254349,62.547379,370.884552,62.741718,107.126709,312.639771,7.177315,498.048126
30,0,245.427399,-233.749832,1015.53595,259.372467,70.744011,1009.140625,456.740845,-128.028641,1057.411133,461.468231,-52.167683,1054.121094,304.911469,-265.856232,532.421387,377.929321,-301.860199,95.174355,429.356567,-260.497192,71.86412,311.238342,99.7164,519.414856,390.002289,149.245514,104.927223,438.452087,97.36499,81.403763,308.885406,-157.691162,508.764221,362.190826,-214.093155,104.404503,244.323364,-320.656372,52.828362,216.975906,-233.134048,60.327385,260.159058,182.969269,55.416367,223.47258,95.260208,62.551922,370.836029,62.732883,107.113686,312.619781,7.141446,498.033752
31,0,245.465332,-233.755173,1015.537231,259.315979,70.709122,1009.12616,456.764587,-127.977295,1057.38147,461.428955,-52.140293,1054.108521,304.991272,-265.870239,532.437195,377.949158,-301.872192,95.195206,429.390717,-260.527496,71.867508,311.25174,99.682762,519.398193,389.983093,149.262482,104.928741,438.498596,97.391556,81.389343,308.908173,-157.688492,508.752228,362.187897,-214.089005,104.41539,244.308502,-320.65033,52.80423,216.963135,-233.137054,60.326202,260.135742,182.963181,55.421574,223.464417,95.247345,62.527554,370.880005,62.713169,107.091751,312.66687,7.140619,498.018921
32,0,245.510254,-233.768723,1015.521667,259.249115,70.684708,1009.132996,456.784485,-127.9608,1057.431274,461.432922,-52.093716,1054.101562,305.063324,-265.884827,532.414551,377.959717,-301.878204,95.164001,429.374451,-260.531464,71.86721,311.261932,99.673378,519.402832,390.002136,149.271683,104.945244,438.475403,97.33429,81.392548,308.937714,-157.703964,508.760559,362.209534,-214.06636,104.428131,244.324066,-320.681763,52.815216,216.970795,-233.143784,60.333447,260.141846,182.937622,55.445435,223.475388,95.22821,62.526882,370.897278,62.737846,107.119232,312.786194,7.161218,498.002899
33,0,245.545837,-233.788208,1015.53772,259.232147,70.657104,1009.127258,456.780365,-127.918823,1057.411133,461.404297,-52.057903,1054.143066,305.127563,-265.923737,532.425293,377.952179,-301.88028,95.158974,429.389496,-260.535126,71.880371,311.287689,99.637733,519.402222,389.9935,149.275848,104.948837,438.496765,97.367279,81.364426,308.947418,-157.721222,508.752655,362.252502,-214.315704,104.363152,244.317261,-320.661346,52.757362,216.955795,-233.161194,60.338211,260.089142,182.950195,55.457718,223.474518,95.226906,62.534645,370.875061,62.725178,107.094635,312.827179,7.139018,498.005432
34,0,245.600372,-233.814835,1015.529175,259.178497,70.626656,1009.118103,456.81601,-127.891434,1057.450195,461.383423,-52.007923,1054.137451,305.141205,-265.941345,532.411926,377.986511,-301.864929,95.186531,429.35733,-260.524933,71.867661,311.29068,99.648994,519.401062,389.96347,149.261246,104.956161,438.521057,97.39373,81.363632,308.977325,-157.712097,508.753906,362.196136,-214.097321,104.407204,244.328186,-320.668884,52.825264,216.978394,-233.151642,60.341145,260.122345,182.932098,55.440624,223.474442,95.223061,62.535347,370.895905,62.733509,107.117195,312.883575,7.161588,497.979034
35,0,245.649307,-233.817612,1015.537842,259.146729,70.603447,1009.08551,456.834351,-127.869667,1057.530151,461.428009,-51.955639,1054.143311,305.182617,-265.964813,532.419128,377.978424,-301.885223,95.192459,429.379974,-260.515411,71.862717,311.330353,99.658363,519.418091,389.975372,149.281723,104.941772,438.513641,97.417595,81.348511,308.987457,-157.742767,508.732269,362.143951,-214.128036,104.422279,244.347412,-320.660797,52.821251,216.969574,-233.151428,60.345478,260.107025,182.949005,55.499104,223.479401,95.222435,62.539219,370.906586,62.740593,107.138611,312.575836,7.010038,498.071045
36,0,245.7155,-233.854935,1015.562195,259.118958,70.577911,1009.061951,456.882874,-127.82489,1057.472656,461.401672,-51.951565,1054.151123,305.244843,-265.966095,532.430115,377.931305,-301.883453,95.170891,429.370331,-260.503876,71.857491,311.377136,99.657257,519.404846,390.050171,149.382416,105.007942,438.559784,97.448418,81.408707,308.991394,-157.75943,508.751099,362.311615,-214.310059,104.393616,244.331314,-320.693695,52.808456,216.968658,-233.156845,60.338348,260.119781,182.936432,55.471272,223.48262,95.212364,62.523647,370.890259,62.746578,107.107101,312.615875,7.009977,498.073547
37,0,245.782425,-233.866959,1015.578613,259.080811,70.554527,1009.042114,456.885223,-127.803955,1057.480103,461.419037,-51.909225,1054.164917,305.262939,-266.029114,532.427002,377.94046,-301.895477,95.155479,429.373779,-260.532654,71.842575,311.401337,99.647026,519.394043,389.99823,149.308487,104.917213,438.49173,97.410385,81.341904,309.036163,-157.760345,508.763062,362.230499,-214.117859,104.433441,244.325378,-320.685272,52.796368,216.968414,-233.163666,60.341045,260.10553,182.960022,55.477463,223.471954,95.202957,62.530369,370.901947,62.741505,107.080299,312.649628,6.992344,498.056549
38,0,245.835251,-233.918121,1015.604004,259.036438,70.482704,1009.011963,456.904114,-127.784622,1057.497559,461.404602,-51.888512,1054.138428,305.314392,-266.02713,532.411133,377.950684,-301.898132,95.18454,429.396515,-260.510132,71.863739,311.440186,99.641617,519.400269,390.01355,149.307556,104.918709,438.584961,97.459732,81.38707,309.031036,-157.774124,508.779358,362.213226,-214.092499,104.444969,244.332962,-320.699005,52.801552,216.958969,-233.166336,60.341461,260.137634,182.946167,55.447128,223.483307,95.184738,62.510185,370.921448,62.766499,107.071938,312.817352,7.05715,498.009613
39,0,245.871628,-233.9478,1015.637146,259.042145,70.46669,1008.974548,456.981079,-127.72271,1057.506836,461.425201,-51.844189,1054.174561,305.339935,-266.050842,532.460999,377.945984,-301.920166,95.193993,429.396515,-260.488983,71.856575,311.466217,99.617805,519.374939,389.968689,149.325043,104.921974,438.504852,97.42514,81.356819,309.061249,-157.786148,508.804199,362.275482,-214.321106,104.376472,244.324539,-320.694397,52.817146,216.985199,-233.16066,60.355618,260.142059,182.945068,55.414482,223.484222,95.185738,62.527256,370.935242,62.76807,107.098915,312.743042,6.976918,498.029022
40,0,245.938889,-233.965836,1015.665283,259.008331,70.412964,1008.973694,457.002136,-127.687958,1057.509277,461.42569,-51.80862,1054.187988,305.326172,-266.058929,532.460205,377.980072,-301.922119,95.187355,429.409363,-260.500092,71.83622,311.498138,99.608231,519.366882,389.97934,149.30101,104.917076,438.546906,97.471985,81.336548,309.002289,-157.806534,508.78244,362.214417,-214.131927,104.410332,244.336746,-320.678741,52.812351,216.981949,-233.160126,60.363876,260.112274,182.948822,55.457283,223.480545,95.184723,62.525341,370.918518,62.754513,107.072395,312.93045,7.029166,497.971069
41,0,246.019135,-234.005295,1015.682007,258.991119,70.385567,1008.960815,456.993591,-127.678276,1057.54126,461.455688,-51.791317,1054.155518,305.347198,-266.076996,532.449585,377.995239,-301.920776,95.176804,429.409515,-260.506775,71.846405,311.535278,99.600853,519.378174,390.010559,149.337326,104.886238,438.546814,97.471077,81.307816,308.972443,-157.790054,508.810394,362.266479,-214.377197,104.357185,244.325806,-320.697937,52.831604,216.9767,-233.18045,60.351147,260.131775,182.920685,55.455624,223.507828,95.181671,62.528267,370.934418,62.783524,107.057632,312.794159,6.95604,498.011749
42,0,246.066772,-234.053391,1015.686157,258.978302,70.353279,1008.968262,457.043793,-127.662796,1057.537598,461.450317,-51.742329,1054.183716,305.309235,-266.103149,532.437805,378.009308,-301.930969,95.162941,429.397644,-260.54599,71.827522,311.566956,99.578682,519.375244,390.015869,149.320938,104.887383,438.605988,97.497391,81.322502,309.004242,-157.867935,508.771423,362.200775,-214.159042,104.393425,244.341217,-320.704193,52.802505,216.975952,-233.162399,60.349426,260.169128,182.925674,55.448406,223.499771,95.163597,62.506081,370.945282,62.764847,107.063187,313.010742,7.012354,497.962158
43,0,246.133835,-234.077148,1015.69342,258.962708,70.333298,1008.962402,457.052521,-127.664047,1057.560547,461.439148,-51.730961,1054.210205,305.258148,-266.098053,532.449097,377.957062,-301.949982,95.172691,429.498627,-260.586761,71.882545,311.598877,99.562965,519.37439,389.981842,149.320587,104.906723,438.573059,97.485703,81.333611,308.929321,-157.83606,508.771057,362.267365,-214.363678,104.340401,244.334625,-320.723419,52.813679,216.990204,-233.187012,60.349628,260.148895,182.933624,55.451214,223.510406,95.175758,62.527664,370.963531,62.782684,107.058952,313.011688,6.985614,497.973358
44,0,246.177231,-234.119858,1015.717285,258.941223,70.306389,1008.958435,457.043457,-127.635941,1057.563721,461.503479,-51.72123,1054.224731,305.186096,-266.097626,532.467773,377.977722,-301.949219,95.193733,429.431396,-260.528015,71.839882,311.624908,99.557816,519.38031,389.980133,149.316772,104.911316,438.621948,97.497871,81.315651,308.848907,-157.835724,508.800934,362.34549,-214.329453,104.382996,244.352249,-320.712097,52.785229,216.97464,-233.171432,60.344406,260.168762,182.940353,55.477394,223.509628,95.18074,62.507763,370.943512,62.786289,107.06736,312.889771,6.925788,498.019379
45,0,246.212051,-234.148575,1015.748291,258.918121,70.292397,1008.942261,457.104126,-127.601578,1057.597778,461.503876,-51.689934,1054.227539,305.167175,-266.07901,532.44104,377.937744,-301.943451,95.161392,429.540985,-260.604401,71.904213,311.641052,99.5681,519.393677,390.014954,149.305023,104.889053,438.592133,97.497345,81.337944,308.806305,-157.858932,508.784882,362.20462,-214.13884,104.40493,244.334549,-320.71701,52.810352,216.985977,-233.179214,60.358334,260.201141,182.919464,55.449104,223.521194,95.183815,62.511169,371.074402,62.620811,107.044922,312.91275,6.894196,498.013031
46,0,246.454987,-234.029724,1015.723572,258.884674,70.264267,1008.940369,457.110626,-127.603043,1057.579102,461.459564,-51.716087,1054.219727,305.111053,-266.088501,532.441284,377.961487,-301.939514,95.194336,429.408844,-260.534637,71.843437,311.652954,99.545105,519.394897,390.002197,149.313812,104.911827,438.543915,97.426826,81.304367,308.734955,-157.837906,508.791748,362.314545,-214.358322,104.37587,244.324539,-320.701782,52.815598,216.975876,-233.172302,60.343273,260.196594,182.92392,55.43541,223.517929,95.165184,62.507473,370.934296,62.739796,107.072136,313.074463,6.944614,497.968231
47,0,246.327011,-234.161423,1015.742065,258.852386,70.245148,1008.940125,457.197876,-127.587158,1057.599365,461.468292,-51.675011,1054.225586,305.063049,-266.07962,532.43457,377.941284,-301.963135,95.169174,429.38678,-260.526947,71.828682,311.638031,99.529915,519.379944,389.995941,149.294067,104.911186,438.522369,97.417259,81.262978,308.671082,-157.896378,508.821198,362.171356,-214.18602,104.383972,244.312851,-320.68866,52.798717,216.981476,-233.176422,60.340958,260.147491,182.928619,55.475502,223.503403,95.176086,62.510498,370.956024,62.751286,107.065636,313.074127,6.917477,497.952881
48,0,246.342987,-234.152374,1015.74054,258.855286,70.258247,1008.929016,457.135345,-127.616722,1057.57605,461.490906,-51.689404,1054.213501,305.054382,-266.08429,532.423767,377.96994,-301.933411,95.14109,429.398895,-260.531708,71.827774,311.603821,99.534996,519.37738,390.026459,149.322723,104.880402,438.58194,97.45443,81.285858,308.675842,-157.896317,508.841156,362.202026,-214.155701,104.403282,244.321594,-320.695282,52.816097,216.984436,-233.176941,60.341164,260.168335,182.932983,55.456902,223.510223,95.160187,62.488758,370.96225,62.767887,107.077347,312.886505,6.850208,497.988831
49,0,246.333252,-234.143906,1015.771973,258.825745,70.225151,1008.95105,457.160065,-127.585693,1057.578491,461.45285,-51.693497,1054.200439,305.026794,-266.052551,532.423645,377.94223,-301.930573,95.196854,429.405487,-260.519867,71.839134,311.582306,99.524292,519.380554,390.005096,149.298462,104.88559,438.542267,97.442291,81.293533,308.643005,-157.830338,508.815704,362.179871,-214.154419,104.399704,244.318863,-320.682251,52.801884,216.993057,-233.173752,60.328926,260.165741,182.922806,55.460011,223.519882,95.199562,62.51487,370.952637,62.752544,107.075615,313.052124,6.916096,497.93399
50,0,246.459824,-234.033401,1015.751099,258.808624,70.220879,1008.923401,457.1922,-127.565933,1057.585571,461.433685,-51.675728,1054.205811,304.964294,-266.042847,532.461548,377.932648,-301.936829,95.18187,429.397095,-260.531647,71.82592,311.554474,99.523254,519.385254,390.017731,149.295059,104.925308,438.589478,97.448555,81.299599,308.630463,-157.824051,508.805939,362.201508,-214.140198,104.40406,244.320999,-320.672485,52.854225,216.977264,-233.164383,60.35033,260.19342,182.924164,55.441742,223.500259,95.195183,62.519596,370.934204,62.75238,107.050446,312.830475,6.885836,497.983948
51,0,246.299469,-234.127182,1015.778687,258.80835,70.206131,1008.921753,457.140472,-127.597321,1057.584351,461.440094,-51.678207,1054.210083,304.99411,-266.063049,532.413635,377.972229,-301.902039,95.170204,429.391083,-260.498962,71.813026,311.509613,99.550858,519.387451,390.005188,149.298492,104.915375,438.604736,97.450562,81.312981,308.641693,-157.876877,508.832764,362.335449,-214.324753,104.356834,244.310944,-320.663422,52.823818,216.981659,-233.161377,60.342293,260.180603,182.91507,55.42284,223.483185,95.171181,62.516445,370.960876,62.771461,107.077194,312.760895,6.886289,497.982361
52,0,246.301712,-234.132324,1015.770447,258.78653,70.200958,1008.915894,457.127106,-127.60714,1057.592896,461.406769,-51.697903,1054.202881,304.952515,-266.061218,532.421143,377.967194,-301.939667,95.187386,429.370392,-260.507538,71.822136,311.490723,99.537292,519.394775,390.008667,149.304459,104.92762,438.547668,97.416824,81.313492,308.620758,-157.827759,508.82489,362.203369,-214.143204,104.375122,244.321747,-320.683167,52.841022,216.97229,-233.170456,60.340488,260.109131,182.915298,55.443718,223.492752,95.158829,62.496326,370.954895,62.75782,107.042542,312.870392,6.948676,497.949799
53,0,246.291138,-234.108719,1015.786499,258.772186,70.215874,1008.9104,457.065887,-127.639725,1057.629761,461.404541,-51.688843,1054.19519,304.973938,-266.032898,532.441101,377.997711,-301.9328,95.166298,429.403381,-260.522095,71.823395,311.475006,99.550102,519.385681,390.003204,149.277466,104.910126,438.524933,97.40181,81.290848,308.579071,-157.805115,508.828094,362.328583,-214.326309,104.3592,244.329468,-320.689178,52.815582,216.997726,-233.172363,60.342884,260.164337,182.910172,55.456329,223.491943,95.164055,62.506763,370.936707,62.744686,107.056915,312.782928,6.950248,497.970245
54,0,246.291168,-234.098907,1015.808838,258.74884,70.21534,1008.92627,457.091522,-127.609192,1057.60083,461.402649,-51.698013,1054.223999,304.960663,-266.03476,532.427246,377.948395,-301.926453,95.181152,429.389923,-260.533142,71.850113,311.421509,99.535957,519.376892,390.000488,149.270004,104.941986,438.520538,97.375008,81.308189,308.557922,-157.850586,508.822021,362.209106,-214.112244,104.427994,244.326523,-320.689514,52.824726,216.981003,-233.166016,60.344215,260.178802,182.926422,55.417767,223.494278,95.184113,62.50547,370.924957,62.738426,107.060448,312.825409,6.963034,497.970001
55,0,246.25032,-234.097412,1015.834839,258.697937,70.215553,1008.931152,457.015625,-127.617165,1057.595459,461.345795,-51.690506,1054.239746,304.968506,-266.038574,532.439026,377.911255,-301.94632,95.160561,429.379791,-260.535095,71.841782,311.352997,99.513443,519.372314,389.998749,149.262711,104.940933,438.574799,97.418732,81.334953,308.576996,-157.798035,508.811584,362.32431,-214.312195,104.364105,244.324524,-320.675049,52.82214,216.97937,-233.157303,60.34576,260.177307,182.934479,55.443207,223.493591,95.182182,62.519604,370.938904,62.737629,107.032326,312.767975,6.930851,497.974915
56,0,246.36319,-233.980942,1015.808716,258.641724,70.220787,1008.929871,457.02182,-127.591057,1057.617432,461.32309,-51.668301,1054.229126,304.976105,-266.060913,532.437317,377.94278,-301.912354,95.168388,429.351837,-260.513489,71.845406,311.303558,99.514771,519.34967,389.986816,149.253799,104.941017,438.515381,97.425621,81.32679,308.629944,-157.872177,508.833099,362.187775,-214.123428,104.40963,244.313797,-320.686859,52.831825,216.972794,-233.166962,60.342403,260.16626,182.915848,55.419544,223.501205,95.161942,62.497231,370.898041,62.716866,107.081566,312.712433,6.904922,497.981903
57,0,246.171722,-234.082016,1015.841125,258.595154,70.228127,1008.935425,456.965607,-127.624916,1057.594604,461.250946,-51.698338,1054.218506,305.005615,-266.087067,532.425049,377.940033,-301.949127,95.153389,429.375763,-260.530792,71.849678,311.254852,99.505302,519.353027,390.005035,149.285309,104.944672,438.470001,97.359375,81.348694,308.663452,-157.863983,508.812897,362.320343,-214.321167,104.361343,244.326996,-320.7034,52.803631,216.969986,-233.180374,60.348602,260.176514,182.939545,55.419807,223.497528,95.16465,62.488113,370.919189,62.705242,107.068665,312.705353,6.915176,497.963776
58,0,246.123505,-234.075226,1015.831604,258.557312,70.24408,1008.944275,456.922852,-127.634941,1057.601562,461.254761,-51.699062,1054.209961,305.018799,-266.092072,532.435059,377.91156,-301.96933,95.161598,429.372253,-260.523987,71.834572,311.212158,99.52565,519.34668,389.996735,149.267273,104.932152,438.526428,97.37384,81.338203,308.645233,-157.914749,508.803955,362.200531,-214.1138,104.410629,244.345169,-320.690613,52.839813,216.992294,-233.161896,60.337292,260.035065,182.992371,55.533867,223.475586,95.169601,62.496769,370.90918,62.699482,107.067253,312.599548,6.909271,497.974609
59,0,246.130356,-234.055237,1015.819763,258.494904,70.246834,1008.959534,456.941345,-127.588867,1057.622314,461.232758,-51.667995,1054.201782,305.058563,-266.065613,532.43158,377.978638,-301.906128,95.173714,429.369202,-260.512329,71.843437,311.170258,99.531815,519.334534,389.994934,149.246124,104.962051,438.514526,97.373802,81.359695,308.679749,-157.897842,508.806641,362.204681,-214.145966,104.421829,244.348801,-320.690521,52.826447,216.988724,-233.171234,60.352657,260.143433,182.969849,55.481037,223.492722,95.179428,62.509083,370.90451,62.717468,107.075775,312.673309,6.968328,497.946869
60,0,246.073517,-234.036926,1015.849487,258.427673,70.246582,1008.954651,456.892059,-127.587112,1057.578491,461.190155,-51.646534,1054.192017,305.044495,-266.087494,532.405334,377.97937,-301.911835,95.183723,429.490997,-260.587494,71.914154,311.105804,99.548111,519.34906,390.005341,149.265884,104.927803,438.510956,97.372482,81.369591,308.622223,-157.861465,508.814392,362.193329,-214.134186,104.402939,244.329803,-320.688721,52.840923,216.99234,-233.179718,60.321888,260.154175,182.966599,55.444031,223.464539,95.16777,62.517532,370.902649,62.715076,107.075371,312.609589,6.972635,497.924561
61,0,246.055588,-234.017105,1015.831238,258.350616,70.240814,1008.987061,456.873108,-127.557617,1057.550659,461.121368,-51.613533,1054.160522,305.023346,-266.085846,532.421326,377.926605,-301.948853,95.166077,429.383514,-260.523468,71.848511,311.051178,99.547844,519.357788,389.951111,149.250259,104.950813,438.4823,97.343109,81.361496,308.65686,-157.923569,508.825775,362.213226,-214.168243,104.39669,244.338608,-320.664948,52.818474,216.965012,-233.17981,60.342163,260.09494,182.943466,55.467133,223.467072,95.179253,62.501534,370.896149,62.702007,107.105309,312.498322,6.96848,497.948669
62,0,246.034195,-234.013885,1015.86676,258.282562,70.245277,1009.002319,456.853485,-127.531006,1057.529907,461.052643,-51.606995,1054.116699,305.034119,-266.092743,532.397278,377.984528,-301.898407,95.163368,429.365753,-260.486481,71.8274,310.986877,99.560928,519.352356,389.975128,149.258438,104.936127,438.517944,97.355499,81.367622,308.586975,-157.866333,508.786072,362.324768,-214.303101,104.369583,244.331787,-320.68515,52.820396,216.974945,-233.168854,60.337574,260.111877,182.958328,55.449047,223.438629,95.180023,62.505333,370.866974,62.695683,107.090683,312.423187,6.992312,497.950684
63,0,246.029556,-234.004807,1015.848877,258.23172,70.236412,1009.025818,456.825256,-127.513901,1057.508423,461.0513,-51.548206,1054.119995,305.036896,-266.08017,532.396118,377.922577,-301.926544,95.148659,429.388611,-260.492188,71.829079,310.899628,99.5634,519.350159,389.959229,149.264145,104.93261,438.499878,97.357086,81.354858,308.588837,-157.872559,508.814514,362.178589,-214.147018,104.390533,244.338882,-320.679901,52.782948,216.983063,-233.176849,60.332909,260.09967,182.963974,55.438892,223.455002,95.200798,62.489758,370.873901,62.695175,107.070992,312.396454,7.003909,497.95166
64,0,246.015427,-233.985199,1015.860535,258.19635,70.213821,1009.042053,456.757263,-127.492172,1057.568237,461.02887,-51.511547,1054.138306,305.007812,-266.085052,532.4422,377.951294,-301.915314,95.148933,429.507507,-260.569153,71.903992,310.832672,99.540634,519.336182,389.931213,149.251907,104.967491,438.485016,97.328964,81.404785,308.555817,-157.779312,508.797241,362.187836,-214.117752,104.403809,244.331421,-320.674316,52.832512,216.96991,-233.162964,60.347618,260.07959,182.954926,55.440132,223.463455,95.203445,62.489113,370.868927,62.709011,107.071388,312.280548,6.929963,497.935638
65,0,246.01001,-233.987228,1015.864258,258.146851,70.207306,1009.044556,456.79129,-127.447601,1057.517212,460.989594,-51.502106,1054.150024,304.982483,-266.056244,532.419495,377.974121,-301.924927,95.185173,429.394623,-260.509033,71.855415,310.77002,99.516396,519.319458,390.029785,149.340637,105.022797,438.464722,97.295044,81.394768,308.51416,-157.838242,508.776001,362.154785,-214.148346,104.387245,244.32608,-320.67334,52.819523,216.985214,-233.161255,60.359692,260.13562,182.984253,55.459679,223.453827,95.198303,62.50547,370.85083,62.677757,107.08963,312.218445,6.920809,497.93161
66,0,246.020782,-234.000748,1015.866028,258.072113,70.187836,1009.048218,456.754181,-127.425659,1057.506958,460.965729,-51.47271,1054.120605,304.945831,-266.04483,532.412231,377.943115,-301.92099,95.180008,429.391876,-260.498505,71.850296,310.673706,99.495697,519.322449,389.953033,149.215057,104.955681,438.453033,97.285759,81.39994,308.436584,-157.861679,508.772308,362.192047,-214.132828,104.372971,244.339828,-320.671112,52.802322,216.985428,-233.170868,60.343243,260.122284,182.947647,55.433399,223.457169,95.171135,62.497299,370.887634,62.696838,107.048119,312.191162,6.924368,497.942535
67,0,245.977524,-234.037277,1015.898132,258.049988,70.177681,1009.036804,456.729218,-127.413628,1057.518066,460.930328,-51.463989,1054.115967,304.876007,-266.027222,532.401855,377.953888,-301.902649,95.153503,429.372131,-260.504242,71.814865,310.630157,99.491592,519.309937,390.006042,149.312256,105.033081,438.47467,97.307495,81.382324,308.358154,-157.805328,508.78125,362.174713,-214.117279,104.390617,244.329865,-320.680054,52.846035,216.965485,-233.174301,60.339348,260.12439,182.933655,55.433357,223.44043,95.175842,62.483616,370.827209,62.659592,107.10717,312.277527,6.975268,497.905823
68,0,246.005051,-234.045532,1015.879272,258.012695,70.142975,1009.045105,456.681641,-127.417702,1057.496582,460.912933,-51.444706,1054.11084,304.834839,-266.036652,532.408325,377.993652,-301.899384,95.168144,429.389862,-260.507904,71.824829,310.604675,99.498001,519.328613,389.971802,149.223297,104.952843,438.462372,97.299553,81.391991,308.306946,-157.822769,508.80658,362.310425,-214.288391,104.33667,244.31813,-320.691864,52.7995,216.96785,-233.162201,60.339283,260.11554,182.954468,55.454819,223.449844,95.175117,62.49086,370.843414,62.656395,107.095596,312.044342,6.887323,497.955536
69,0,245.987823,-234.064407,1015.87616,257.967834,70.133293,1009.049988,456.696442,-127.348022,1057.521484,460.893158,-51.389725,1054.135376,304.798401,-266.006226,532.394714,377.965057,-301.918335,95.206375,429.481201,-260.703094,71.920471,310.562897,99.492882,519.329834,389.960754,149.237091,104.969048,438.503479,97.322899,81.457123,308.275177,-157.782562,508.766235,362.180573,-214.103394,104.369957,244.327698,-320.669861,52.801762,216.974335,-233.161362,60.336761,260.113739,182.948364,55.458164,223.45224,95.162033,62.468063,370.847473,62.662891,107.08963,312.003143,6.89506,497.949646
70,0,245.968353,-234.104477,1015.88678,257.94101,70.122124,1009.049438,456.675964,-127.323997,1057.481201,460.870483,-51.380272,1054.119141,304.743744,-265.966675,532.374756,377.917816,-301.911682,95.175438,429.366547,-260.491272,71.835358,310.505219,99.497505,519.330383,389.948212,149.242691,104.97187,438.453613,97.296295,81.407692,308.241455,-157.830231,508.777679,362.152283,-214.105515,104.371857,244.306793,-320.658295,52.822472,216.955124,-233.156036,60.332901,260.14447,182.925415,55.419945,223.446945,95.193466,62.493336,370.848633,62.661983,107.09082,311.915741,6.863336,497.952271
71,0,245.969986,-234.12793,1015.890503,257.873199,70.09137,1009.06134,456.673828,-127.316925,1057.489502,460.801727,-51.394241,1054.12915,304.713104,-265.957458,532.368225,377.903442,-301.910645,95.176308,429.359528,-260.520874,71.818497,310.487701,99.482735,519.329346,389.989014,149.281143,105.071938,438.415985,97.281815,81.406693,308.168304,-157.767365,508.801117,362.295349,-214.292465,104.323753,244.313019,-320.657135,52.807987,216.959991,-233.15892,60.320553,260.15564,182.938507,55.431877,223.450745,95.18454,62.493999,370.82843,62.641293,107.103157,311.957947,6.891945,497.951782
72,0,245.924362,-234.156601,1015.870239,257.822968,70.090164,1009.090881,456.635071,-127.283676,1057.491821,460.764496,-51.360977,1054.159058,304.657654,-265.966614,532.370178,377.924103,-301.906586,95.189308,429.376984,-260.532715,71.851036,310.442963,99.478844,519.320984,389.983948,149.289185,105.054649,438.482117,97.289864,81.463875,308.136658,-157.71489,508.781189,362.17038,-214.076233,104.38662,244.347977,-320.685211,52.792614,216.970306,-233.162521,60.334099,260.155121,182.926529,55.449543,223.442795,95.160965,62.487167,370.852692,62.679104,107.090126,311.839478,6.837746,497.977112
73,0,245.910324,-234.167618,1015.868042,257.767303,70.091942,1009.115906,456.575562,-127.299057,1057.518799,460.760101,-51.363895,1054.130005,304.640045,-265.956055,532.390442,377.909882,-301.912384,95.193619,429.353546,-260.638,71.881775,310.415802,99.479301,519.328735,389.986389,149.292435,105.083679,438.422363,97.233757,81.427345,308.128967,-157.757645,508.820221,362.138519,-214.118057,104.359421,244.333115,-320.684814,52.788445,216.958374,-233.16478,60.331711,260.152802,182.921722,55.444855,223.434631,95.168762,62.491932,370.87323,62.665394,107.082054,311.864258,6.857734,497.950684
74,0,245.861038,-234.17514,1015.867004,257.703583,70.100006,1009.105225,456.534912,-127.304565,1057.506348,460.72464,-51.34594,1054.13623,304.655609,-265.946472,532.384033,377.936768,-301.894623,95.202034,429.331818,-260.504608,71.847656,310.364929,99.480026,519.325867,389.983368,149.28479,105.077789,438.467072,97.28421,81.43174,308.15918,-157.75119,508.807587,362.145844,-214.079651,104.384178,244.322433,-320.662109,52.833839,216.953201,-233.152344,60.319839,260.128479,182.929108,55.453125,223.433472,95.158554,62.464363,370.836273,62.641323,107.111687,311.696625,6.799191,497.978851
75,0,245.816513,-234.14267,1015.8479,257.641418,70.097527,1009.10437,456.533478,-127.261269,1057.528442,460.682556,-51.337326,1054.129272,304.650513,-265.928955,532.40033,377.930206,-301.883331,95.184471,429.365387,-260.515472,71.852013,310.329437,99.48214,519.327942,389.931793,149.20076,104.987221,438.465698,97.274498,81.39814,308.147491,-157.727707,508.809753,362.13678,-214.095749,104.377251,244.324768,-320.668915,52.802288,216.958084,-233.147049,60.336792,260.162262,182.923569,55.422405,223.423279,95.187668,62.497295,370.8367,62.644749,107.130341,311.715973,6.798949,497.974091
76,0,245.741196,-234.140167,1015.884644,257.602661,70.106331,1009.119141,456.476349,-127.267197,1057.530396,460.652222,-51.329395,1054.131836,304.68924,-265.943359,532.35614,377.952209,-301.874451,95.165367,429.329437,-260.596863,71.8592,310.288635,99.487785,519.332031,389.928009,149.197662,105.010193,438.383118,97.208633,81.441376,308.19693,-157.739929,508.800323,362.127319,-214.097656,104.376938,244.330688,-320.677185,52.797459,216.95163,-233.154083,60.328106,260.146149,182.927734,55.433193,223.421783,95.17025,62.489391,370.825806,62.633297,107.110565,311.679993,6.832041,497.973297
77,0,245.712509,-234.113235,1015.895935,257.518372,70.142883,1009.149658,456.413635,-127.280457,1057.525513,460.583984,-51.340202,1054.13562,304.701141,-265.966278,532.395813,377.975769,-301.874634,95.18544,429.355438,-260.622803,71.869743,310.264954,99.518631,519.327881,389.996918,149.276352,105.084457,438.441223,97.236382,81.500893,308.200043,-157.76413,508.790955,362.157837,-214.065765,104.379211,244.336975,-320.670013,52.816948,216.946228,-233.134766,60.325367,260.133514,182.917542,55.443333,223.42308,95.183449,62.475334,370.780701,62.618679,107.135475,311.617615,6.824317,497.976654
78,0,245.656754,-234.068176,1015.90564,257.444702,70.158264,1009.173523,456.409698,-127.272758,1057.521118,460.552948,-51.333115,1054.117188,304.735413,-265.973328,532.409668,377.913666,-301.897827,95.182518,429.34317,-260.494995,71.851257,310.248047,99.517036,519.336121,389.991516,149.255554,105.082787,438.403931,97.206917,81.462677,308.207611,-157.731247,508.799561,362.13858,-214.100098,104.37442,244.330948,-320.696228,52.79771,216.943207,-233.146469,60.33057,260.142151,182.935532,55.461498,223.419937,95.158913,62.476219,370.832245,62.633278,107.139427,311.572418,6.836139,497.989014
79,0,245.622711,-234.028793,1015.925415,257.391602,70.162628,1009.192017,456.381805,-127.257317,1057.522705,460.526642,-51.326874,1054.118042,304.778015,-265.969635,532.386536,377.921661,-301.879669,95.195999,429.3927,-260.537476,71.863235,310.254181,99.416412,519.283264,389.995911,149.226135,105.090752,438.457062,97.242256,81.555145,308.227509,-157.761108,508.766479,362.137695,-214.088745,104.37825,244.317627,-320.674957,52.809788,216.94455,-233.148376,60.336929,260.170624,182.938416,55.455997,223.417633,95.175117,62.483238,370.801819,62.61628,107.109612,311.470703,6.802482,498.018585
80,0,245.598999,-233.953369,1015.911194,257.353455,70.161751,1009.207458,456.335632,-127.266449,1057.495239,460.478882,-51.319008,1054.172974,304.778778,-265.979645,532.406006,377.985382,-301.879486,95.195366,429.374359,-260.48468,71.858009,310.204773,99.419411,519.292908,389.981323,149.225937,105.100952,438.390778,97.174362,81.483513,308.205994,-157.758362,508.784698,362.139008,-214.066696,104.379181,244.317673,-320.667938,52.802963,216.957504,-233.163925,60.331688,260.144043,182.933685,55.439907,223.407593,95.180168,62.487892,370.779358,62.5882,107.135666,311.590607,6.864086,497.987762
81,0,245.521866,-233.915985,1015.937317,257.307098,70.173058,1009.227844,456.300232,-127.277298,1057.536743,460.439941,-51.296394,1054.133179,304.778259,-265.976379,532.391235,377.961548,-301.889801,95.191788,429.381653,-260.643646,71.889038,310.154144,99.415627,519.288696,389.890533,149.113205,105.040154,438.377533,97.188377,81.513779,308.255798,-157.728851,508.773621,362.104034,-214.074142,104.367447,244.319016,-320.667847,52.82172,216.940689,-233.153061,60.325008,260.17453,182.918365,55.432758,223.413315,95.171524,62.470062,370.795532,62.585339,107.164734,311.518555,6.871946,497.983582
82,0,245.550354,-233.861694,1015.904053,257.268921,70.194305,1009.238831,456.241852,-127.304543,1057.506714,460.391571,-51.30867,1054.144653,304.775299,-265.988556,532.378662,377.948242,-301.897614,95.193062,429.353668,-260.631134,71.849312,310.083954,99.421227,519.280151,389.909882,149.111923,105.018639,438.367004,97.152245,81.482056,308.251038,-157.770721,508.779877,362.138702,-214.073898,104.382561,244.315781,-320.674042,52.794754,216.952484,-233.159271,60.329964,260.160217,182.929001,55.425148,223.407562,95.156425,62.468098,370.7547,62.593578,107.162727,311.32663,6.801229,498.013428
83,0,245.515503,-233.852371,1015.963684,257.241425,70.194016,1009.240173,456.241699,-127.260384,1057.471924,460.395386,-51.296684,1054.136963,304.756012,-265.992004,532.359497,377.919373,-301.907745,95.184822,429.378662,-260.624512,71.860008,309.999359,99.430473,519.27356,389.928558,149.202454,105.101166,438.408478,97.164566,81.512238,308.236145,-157.729263,508.754669,362.12851,-214.031052,104.3974,244.335068,-320.652985,52.803661,216.975266,-233.146652,60.317493,260.185638,182.945786,55.421375,223.393112,95.168915,62.474098,370.761627,62.592445,107.14325,311.185303,6.746867,498.012573
84,0,245.508392,-233.814255,1015.98407,257.190552,70.198418,1009.245728,456.266083,-127.226128,1057.497681,460.363861,-51.259193,1054.140137,304.7229,-265.981628,532.363647,377.929047,-301.893555,95.161224,429.385071,-260.628479,71.857925,309.913513,99.413605,519.26239,389.936188,149.190674,105.096527,438.410248,97.170189,81.548264,308.154083,-157.659775,508.748962,362.118347,-214.040298,104.389862,244.339325,-320.678345,52.808243,216.959137,-233.160706,60.351467,260.142731,182.92009,55.464718,223.409363,95.166382,62.488594,370.751984,62.56617,107.155724,311.253235,6.823515,497.994537
85,0,245.495956,-233.787918,1015.956421,257.178467,70.219147,1009.243591,456.21109,-127.214684,1057.453247,460.357727,-51.224194,1054.14624,304.742371,-265.958008,532.367065,377.928345,-301.889404,95.182365,429.39502,-260.488464,71.86776,309.820557,99.404549,519.271118,389.942413,149.199219,105.115326,438.284119,97.123993,81.488525,308.167114,-157.666412,508.733643,362.104919,-214.044067,104.390495,244.342529,-320.675232,52.822197,216.965607,-233.156097,60.333351,260.135437,182.946625,55.45602,223.391922,95.160309,62.475773,370.804199,62.584618,107.117462,311.461212,6.926342,497.934418
86,0,245.535049,-233.786484,1015.954956,257.139343,70.231918,1009.218933,456.193054,-127.182289,1057.473511,460.334839,-51.204239,1054.132324,304.710571,-265.945648,532.377197,377.954376,-301.905243,95.203072,429.372467,-260.608673,71.875847,309.737183,99.413109,519.251282,389.925964,149.173843,105.110886,438.328491,97.139023,81.508743,308.135101,-157.634491,508.7276,362.276855,-214.262939,104.337669,244.328949,-320.664856,52.809036,216.958481,-233.162308,60.333965,260.120789,182.918655,55.450943,223.38945,95.156715,62.469616,370.769958,62.563576,107.166351,311.054871,6.823033,498.02655
87,0,245.507553,-233.802399,1015.939575,257.122772,70.238678,1009.198425,456.21051,-127.156883,1057.50415,460.325745,-51.166561,1054.111206,304.65976,-265.925446,532.396057,377.907776,-301.892975,95.188751,429.385101,-260.515228,71.846962,309.647064,99.414749,519.25293,389.916992,149.196884,105.127907,438.348999,97.130951,81.571358,308.084564,-157.628922,508.747864,362.148041,-214.084763,104.375214,244.310608,-320.659943,52.808281,216.964935,-233.153214,60.321663,260.09726,182.938629,55.462421,223.395416,95.168472,62.463913,370.733124,62.550819,107.167213,310.989105,6.829004,498.028931
88,0,245.560898,-233.820068,1015.940796,257.084534,70.26265,1009.210815,456.226257,-127.101273,1057.492676,460.32724,-51.110687,1054.130615,304.615143,-265.884399,532.371033,377.91568,-301.888458,95.19239,429.361389,-260.59024,71.85408,309.595032,99.426666,519.260742,389.884644,149.091934,105.043617,438.338165,97.112076,81.541916,308.054321,-157.671967,508.767487,362.08667,-214.101501,104.359924,244.321976,-320.662201,52.822075,216.950806,-233.166977,60.326263,260.144043,182.948135,55.437626,223.386826,95.16407,62.457245,370.743195,62.575363,107.171104,310.89505,6.82663,498.02948
89,0,245.566299,-233.841476,1015.944824,257.027557,70.236374,1009.218079,456.229614,-127.045097,1057.506714,460.295166,-51.043243,1054.129272,304.583801,-265.887543,532.365173,377.944977,-301.879944,95.193138,429.355194,-260.595825,71.903122,309.500732,99.4142,519.273865,389.890503,149.092911,105.076439,438.285004,97.110748,81.556732,308.037079,-157.623184,508.753967,362.164185,-214.077438,104.372124,244.325287,-320.689514,52.841499,216.93721,-233.152649,60.347542,260.159393,182.961884,55.431007,223.376846,95.158669,62.474964,370.713196,62.574886,107.172646,310.830963,6.827275,498.032257
90,0,245.574692,-233.87587,1015.944153,256.996521,70.230026,1009.207397,456.184326,-126.994255,1057.476929,460.272644,-51.021187,1054.132324,304.560852,-265.852417,532.392029,377.928101,-301.85965,95.224007,429.327026,-260.577789,71.874947,309.352875,99.479515,519.330017,389.898926,149.179581,105.153435,438.239563,97.087852,81.5485,307.979187,-157.670929,508.781799,362.131226,-214.071365,104.359093,244.319565,-320.659454,52.808323,216.945587,-233.169128,60.327404,260.144592,182.921707,55.416061,223.362289,95.176384,62.47958,370.749146,62.570198,107.150742,310.728088,6.847162,498.041687
91,0,245.581924,-233.899231,1015.939575,256.934052,70.213005,1009.217285,456.155762,-126.973312,1057.452026,460.213196,-50.999367,1054.118652,304.52713,-265.854858,532.376404,377.955078,-301.841461,95.210831,429.364532,-260.462372,71.867752,309.274475,99.465759,519.325012,389.903107,149.174667,105.147781,438.273132,97.089478,81.561752,307.933228,-157.609329,508.762909,362.128723,-214.068268,104.346344,244.328552,-320.68924,52.817123,216.919952,-233.152924,60.325378,260.146637,182.940262,55.424473,223.374496,95.135971,62.435089,370.671753,62.553734,107.164658,310.579773,6.841452,498.012695
92,0,245.553635,-233.963028,1015.969421,256.887207,70.21096,1009.231934,456.105774,-126.96907,1057.411133,460.200317,-50.969978,1054.102905,304.525513,-265.854492,532.384705,377.906006,-301.87149,95.217621,429.313965,-260.584656,71.851448,309.249115,99.423225,519.28949,389.863037,149.168655,105.157318,438.332672,97.133423,81.6175,307.898865,-157.615158,508.745789,362.113281,-214.044556,104.359245,244.334442,-320.669647,52.830551,216.946243,-233.16214,60.313305,260.119171,182.922653,55.45446,223.362946,95.138901,62.437557,370.663605,62.543423,107.199699,310.574341,6.857078,498.033691
93,0,245.580017,-233.942978,1015.952576,256.868591,70.213158,1009.237671,456.100006,-126.954956,1057.454712,460.188599,-50.968048,1054.109375,304.501343,-265.847534,532.395569,377.901459,-301.850616,95.190903,429.360352,-260.485016,71.86335,309.140594,99.467583,519.311584,389.869629,149.146255,105.152412,438.235107,97.073433,81.571503,307.927124,-157.595413,508.763245,362.117523,-214.016693,104.374336,244.321213,-320.666351,52.82518,216.914093,-233.15303,60.327606,260.170166,182.927353,55.413654,223.365784,95.142708,62.450497,370.651581,62.533276,107.201035,310.531281,6.842929,498.016663
94,0,245.559097,-233.961563,1015.96167,256.789215,70.211922,1009.229065,456.052612,-126.963539,1057.398438,460.108582,-50.954922,1054.091553,304.538452,-265.840454,532.380676,377.938232,-301.83609,95.192696,429.473328,-260.526672,71.915268,309.063019,99.45224,519.305847,389.828125,149.064606,105.083389,438.260223,97.067871,81.638176,307.920807,-157.600098,508.758484,362.127319,-214.015106,104.36956,244.319412,-320.671814,52.804375,216.944153,-233.155334,60.338554,260.163696,182.914917,55.406528,223.371155,95.137581,62.432518,370.661346,62.547237,107.178139,310.443115,6.830277,498.024719
95,0,245.547974,-233.943268,1015.959167,256.736206,70.190933,1009.237549,456.080902,-126.887573,1057.440063,460.064728,-50.945892,1054.092041,304.523193,-265.836334,532.367859,377.949554,-301.839172,95.239395,429.337402,-260.53241,71.899063,308.998291,99.447014,519.288025,389.859558,149.13884,105.161835,438.260376,97.065002,81.593689,307.884827,-157.59404,508.762848,362.111298,-213.997391,104.374969,244.328247,-320.675537,52.76965,216.934372,-233.154678,60.328873,260.166718,182.929016,55.408276,223.354141,95.15873,62.456825,370.674286,62.504879,107.20005,310.388397,6.821904,498.031464
96,0,245.539139,-233.961548,1015.951965,256.678192,70.209343,1009.21167,456.018219,-126.909164,1057.510986,460.010986,-50.928524,1054.077393,304.525787,-265.855042,532.380066,377.919983,-301.85025,95.203247,429.335693,-260.558197,71.893578,308.916534,99.442688,519.283752,389.852356,149.120514,105.150444,438.28006,97.058449,81.596642,307.841583,-157.583344,508.744598,362.08194,-214.014908,104.345497,244.333267,-320.676666,52.826416,216.941971,-233.161545,60.322338,260.133209,182.932007,55.464268,223.346649,95.137924,62.457897,370.679626,62.529327,107.171257,310.314484,6.824859,498.030792
97,0,245.531036,-233.948563,1015.980225,256.654755,70.196907,1009.204407,455.956299,-126.881271,1057.457397,459.979706,-50.935505,1054.088867,304.525574,-265.865326,532.379578,377.89856,-301.858887,95.227295,429.33548,-260.449219,71.862526,308.856201,99.444794,519.29364,389.853546,149.172287,105.191582,438.25592,97.045654,81.628693,307.878265,-157.611389,508.769104,362.258087,-214.202164,104.348015,244.337479,-320.685699,52.798939,216.935486,-233.184189,60.327644,260.113251,182.922729,55.451324,223.341446,95.144012,62.424721,370.665741,62.536285,107.167801,310.270142,6.834584,498.026062
98,0,245.505051,-233.936813,1015.971558,256.560974,70.217316,1009.181641,455.961273,-126.866806,1057.45752,459.897919,-50.914047,1054.073853,304.528931,-265.864716,532.359436,377.944794,-301.847778,95.217575,429.345398,-260.440613,71.842361,308.794708,99.45565,519.292053,389.816498,149.072662,105.105057,438.274567,97.074348,81.572075,307.82196,-157.582245,508.74115,362.123962,-214.016525,104.359978,244.343384,-320.678986,52.80159,216.951126,-233.161331,60.333527,260.142914,182.929153,55.4352,223.341476,95.138664,62.426247,370.645294,62.512695,107.202026,310.191711,6.833664,498.01181
99,0,245.49115,-233.913879,1015.961792,256.534058,70.214218,1009.15625,455.911255,-126.832901,1057.453491,459.873627,-50.853672,1054.091431,304.532837,-265.868591,532.371643,377.956635,-301.835175,95.224251,429.440643,-260.623596,71.935181,308.7453,99.445267,519.292175,389.827393,149.159943,105.161942,438.312439,97.103813,81.658928,307.819977,-157.616608,508.731079,362.137085,-214.013,104.390427,244.344727,-320.680511,52.810738,216.933212,-233.15416,60.3372,260.120972,182.94632,55.412167,223.338593,95.149956,62.441338,370.639954,62.53212,107.171135,310.15448,6.830719,497.999969
100,0,245.469437,-233.909348,1016.007568,256.449158,70.205154,1009.135742,455.857544,-126.808731,1057.453247,459.838409,-50.816883,1054.095581,304.515259,-265.877991,532.336914,377.949463,-301.84729,95.212593,429.349091,-260.436523,71.84758,308.68335,99.422585,519.278076,389.825623,149.176117,105.18351,438.264038,97.06395,81.643517,307.787628,-157.606781,508.726776,362.108643,-214.05011,104.328156,244.333771,-320.667969,52.809559,216.926041,-233.162186,60.337154,260.128723,182.925232,55.422874,223.334412,95.139122,62.441593,370.638031,62.504204,107.162231,310.080627,6.808902,498.017853
101,0,245.384445,-233.926422,1016.03772,256.396332,70.21788,1009.103149,455.83139,-126.79216,1057.447754,459.794983,-50.803593,1054.070801,304.543335,-265.904816,532.374756,377.899078,-301.85849,95.236588,429.366699,-260.445709,71.873817,308.650421,99.405716,519.264893,389.792084,149.048935,105.103539,438.262909,97.072548,81.610397,307.830353,-157.617599,508.716705,362.098145,-214.036758,104.381241,244.318893,-320.689301,52.802288,216.938461,-233.172211,60.338894,260.089142,182.906677,55.445541,223.334885,95.1185,62.440056,370.652618,62.506802,107.147743,310.059967,6.787303,498.017914
102,0,245.395767,-233.8992,1016.000732,256.340759,70.221619,1009.093872,455.800751,-126.784622,1057.447632,459.728516,-50.806419,1054.061157,304.536957,-265.905853,532.351135,377.919647,-301.85022,95.208244,429.350677,-260.458344,71.841629,308.603882,99.399246,519.243469,389.792847,149.136078,105.162712,438.240967,97.040985,81.595818,307.77951,-157.604141,508.736023,362.065369,-214.087494,104.335785,244.339371,-320.687378,52.823784,216.926895,-233.180908,60.327347,260.117096,182.922119,55.425945,223.319504,95.106628,62.441151,370.661652,62.509129,107.146935,309.998962,6.767978,498.008301
103,0,245.405762,-233.88623,1016.000061,256.297729,70.202515,1009.056213,455.741333,-126.775177,1057.424927,459.696655,-50.762482,1054.05127,304.570465,-265.925476,532.345947,377.948151,-301.867065,95.212166,429.333527,-260.567047,71.865715,308.559723,99.374931,519.234558,389.780884,149.055191,105.111504,438.285187,97.056381,81.661713,307.793732,-157.614685,508.719452,362.284698,-214.185074,104.323814,244.3367,-320.691864,52.817272,216.94075,-233.168564,60.325649,260.156403,182.920258,55.429935,223.330154,95.109505,62.438953,370.638,62.488773,107.136536,309.983826,6.746082,497.988251
104,0,245.357819,-233.898804,1016.0495,256.234741,70.197533,1009.020691,455.789185,-126.721336,1057.432739,459.662537,-50.731113,1054.07312,304.549652,-265.905151,532.36322,377.960388,-301.829681,95.21946,429.312561,-260.546295,71.875183,308.527344,99.358429,519.237183,389.802368,149.137604,105.162399,438.293762,97.079567,81.635368,307.827667,-157.63649,508.72229,362.137848,-214.039795,104.356277,244.326904,-320.671051,52.831009,216.94783,-233.161469,60.328079,260.109222,182.905762,55.450699,223.333847,95.08358,62.415352,370.650482,62.504322,107.138023,309.966614,6.743613,497.986633
105,0,245.377182,-233.899353,1016.02771,256.219086,70.200584,1008.988281,455.664978,-126.735252,1057.443481,459.615173,-50.710781,1054.076782,304.531097,-265.91571,532.341125,377.936493,-301.85141,95.22216,429.332275,-260.547058,71.877274,308.483765,99.359962,519.245361,389.821838,149.137054,105.173187,438.227295,97.035233,81.594536,307.743774,-157.586227,508.720093,362.131439,-214.03334,104.368713,244.3293,-320.671509,52.812881,216.949066,-233.164536,60.333908,260.117889,182.957397,55.432503,223.357574,95.120728,62.43507,370.644379,62.48365,107.133522,309.91745,6.722758,497.989227
106,0,245.380798,-233.905701,1016.005188,256.205261,70.202316,1008.978821,455.695862,-126.724434,1057.40918,459.619049,-50.734467,1054.033203,304.490051,-265.908295,532.338623,377.930389,-301.864807,95.206276,429.349152,-260.427368,71.850891,308.442505,99.321869,519.228271,389.786987,149.131638,105.166893,438.250122,97.05249,81.612846,307.738403,-157.62088,508.740479,362.104431,-214.021927,104.351006,244.353455,-320.685577,52.797359,216.949997,-233.158356,60.324585,260.150024,182.908539,55.430126,223.34906,95.084694,62.421131,370.654236,62.483944,107.118683,309.88324,6.693628,497.97876
107,0,245.389343,-233.920502,1016.026123,256.162598,70.197586,1008.979065,455.650574,-126.735703,1057.421265,459.597656,-50.739254,1054.012817,304.405151,-265.908783,532.32489,377.949493,-301.869934,95.218353,429.355011,-260.568604,71.873917,308.410706,99.313789,519.234314,389.786957,149.134827,105.17453,438.289703,97.065552,81.577087,307.653046,-157.563934,508.708832,362.112854,-214.053635,104.350601,244.340439,-320.686005,52.82362,216.95697,-233.18399,60.323898,260.102295,182.903687,55.458252,223.344894,95.091492,62.432915,370.638641,62.458813,107.160767,309.886444,6.679089,497.987701
108,0,245.389297,-233.949356,1016.030457,256.131683,70.199364,1008.980286,455.627289,-126.742912,1057.394531,459.586975,-50.723251,1053.998413,304.3367,-265.908051,532.326843,377.968445,-301.84256,95.209045,429.334412,-260.567383,71.838631,308.354828,99.294113,519.224854,389.785675,149.11644,105.170479,438.27887,97.043571,81.64267,307.595795,-157.588379,508.711456,362.078064,-214.065063,104.343124,244.361572,-320.695557,52.791817,216.959778,-233.175964,60.325489,260.126251,182.896133,55.431206,223.340988,95.08992,62.422081,370.647705,62.456497,107.148628,309.859924,6.669701,497.969604
109,0,245.392914,-233.954376,1016.044617,256.10849,70.19664,1008.961914,455.657471,-126.714798,1057.355591,459.598145,-50.711334,1054.001709,304.289551,-265.862,532.304138,377.933685,-301.871399,95.223747,429.355133,-260.448181,71.85759,308.305725,99.265144,519.225708,389.800659,149.106323,105.174149,438.345001,97.082344,81.684494,307.479126,-157.620163,508.714325,362.081635,-214.068024,104.33741,244.336807,-320.650299,52.826313,216.953049,-233.163605,60.319992,260.139709,182.908569,55.424545,223.335205,95.086342,62.435387,370.623779,62.462868,107.115837,309.82901,6.66398,497.977875
110,0,245.402557,-233.960419,1016.057251,256.090607,70.184875,1008.961182,455.680145,-126.661583,1057.35144,459.555939,-50.740589,1053.963379,304.220276,-265.847931,532.331543,377.935577,-301.868622,95.222908,429.362244,-260.591492,71.894623,308.28244,99.266624,519.226562,389.786407,149.09903,105.17717,438.262085,97.043678,81.666832,307.405182,-157.545395,508.713959,362.087372,-214.025146,104.346184,244.320358,-320.650543,52.826862,216.947128,-233.149979,60.340424,260.076721,182.926453,55.441658,223.329239,95.083168,62.440117,370.591583,62.459366,107.109406,309.807343,6.657034,497.950897
111,0,245.414444,-233.998734,1016.078857,256.061218,70.181541,1008.944397,455.613556,-126.696098,1057.312988,459.567291,-50.738678,1053.972046,304.130554,-265.820129,532.311523,377.899658,-301.871613,95.206619,429.356628,-260.472595,71.863922,308.265839,99.262344,519.201599,389.794495,149.146255,105.185577,438.199951,97.01783,81.584595,307.345337,-157.609863,508.718658,362.093292,-214.019455,104.349068,244.321945,-320.680359,52.782536,216.947769,-233.162994,60.302666,260.139008,182.91188,55.416786,223.337326,95.071411,62.403595,370.605621,62.450348,107.126091,309.807617,6.641613,497.945618
112,0,245.449249,-234.005951,1016.076111,256.05249,70.165588,1008.977417,455.676971,-126.665253,1057.342896,459.554169,-50.71674,1053.939209,304.030273,-265.791931,532.299438,377.858673,-301.877716,95.207756,429.344055,-260.558136,71.880157,308.238495,99.263039,519.208618,389.781494,149.144775,105.200775,438.244995,97.043427,81.597855,307.295349,-157.530792,508.698456,362.083252,-214.019485,104.337936,244.309799,-320.671326,52.796757,216.935532,-233.147736,60.303345,260.107697,182.894562,55.443382,223.34523,95.063713,62.404282,370.641479,62.453938,107.100563,309.773743,6.64189,497.961609
113,0,245.455719,-234.00267,1016.049011,256.023071,70.168709,1008.977661,455.667969,-126.680283,1057.297729,459.560913,-50.71405,1053.931152,303.974091,-265.76004,532.308777,377.899963,-301.854706,95.237534,429.353455,-260.564606,71.896736,308.244476,99.260063,519.213684,389.786133,149.133286,105.200676,438.256683,97.045509,81.645844,307.270691,-157.480453,508.690643,362.067169,-213.987198,104.328407,244.315323,-320.65979,52.834492,216.939728,-233.144028,60.317326,260.109039,182.893768,55.422707,223.342346,95.058533,62.415726,370.651886,62.451664,107.09523,309.76239,6.652985,497.94574
114,0,245.485916,-234.012512,1016.097778,256.017578,70.16864,1008.977051,455.656342,-126.678001,1057.339844,459.532837,-50.733398,1053.927002,303.887238,-265.749847,532.333557,377.901733,-301.807373,95.222298,429.341858,-260.533081,71.903419,308.214508,99.252739,519.218018,389.787933,149.127457,105.187798,438.228577,97.035637,81.645378,307.222504,-157.460846,508.705566,362.055542,-213.954651,104.342201,244.320023,-320.663422,52.830494,216.954025,-233.139359,60.322044,260.121033,182.903381,55.447365,223.325729,95.068344,62.433144,370.613373,62.435493,107.13385,309.752899,6.643917,497.950287
115,0,245.447342,-234.031403,1016.100525,255.988922,70.16935,1008.961792,455.610809,-126.67878,1057.28894,459.512115,-50.714096,1053.933838,303.880188,-265.709961,532.302124,377.885925,-301.818451,95.227196,429.448975,-260.610138,71.939964,308.194458,99.236839,519.211731,389.751526,149.043671,105.115036,438.255951,97.030128,81.65731,307.164917,-157.448517,508.706512,362.058899,-213.978302,104.332184,244.312286,-320.653168,52.808746,216.940308,-233.131226,60.315163,260.132874,182.904922,55.439564,223.332443,95.076546,62.432915,370.636261,62.437614,107.094765,309.72171,6.659632,497.951569
116,0,245.467133,-234.032211,1016.086548,255.968155,70.203407,1008.980652,455.683197,-126.638962,1057.284424,459.515472,-50.749912,1053.895264,303.82724,-265.729523,532.292969,377.864014,-301.830414,95.199089,429.464661,-260.631287,71.948578,308.212097,99.23835,519.215637,389.779785,149.118057,105.172539,438.228699,97.010887,81.596268,307.193542,-157.483597,508.71991,362.048401,-213.967468,104.329834,244.320862,-320.642487,52.817173,216.95192,-233.135361,60.309452,260.11087,182.88797,55.446686,223.332718,95.071373,62.415531,370.631744,62.464127,107.112122,309.707123,6.65385,497.953186
117,0,245.461456,-234.024872,1016.058472,255.986816,70.224083,1008.95813,455.589966,-126.657692,1057.2771,459.499786,-50.728127,1053.89624,303.808838,-265.698975,532.295532,377.893494,-301.832214,95.196526,429.331543,-260.57785,71.858574,308.22879,99.259918,519.192322,389.776031,149.120331,105.1782,438.213776,97.013824,81.572037,307.137329,-157.452316,508.702087,362.051514,-213.951828,104.340454,244.31958,-320.657745,52.805088,216.955948,-233.131851,60.323112,260.134949,182.892227,55.413246,223.344727,95.076553,62.413452,370.615021,62.449696,107.093132,309.704468,6.672676,497.95166
118,0,245.445602,-234.033234,1016.110046,255.993866,70.228821,1008.952637,455.585632,-126.645294,1057.241821,459.496826,-50.688866,1053.888062,303.786987,-265.718872,532.292358,377.875885,-301.856659,95.215195,429.340881,-260.452362,71.87249,308.221313,99.293442,519.202393,389.782684,149.111526,105.169601,438.255432,97.038338,81.613792,307.07132,-157.466522,508.711884,362.032379,-213.936478,104.333717,244.304703,-320.64267,52.803104,216.941193,-233.154541,60.313595,260.153839,182.899658,55.425449,223.346512,95.074486,62.419315,370.637878,62.473045,107.080452,309.679535,6.674404,497.937378
119,0,245.451599,-234.003387,1016.068359,255.97673,70.251694,1008.950928,455.615479,-126.588432,1057.242432,459.496002,-50.68544,1053.890137,303.730804,-265.689117,532.288574,377.893585,-301.821503,95.223534,429.346466,-260.438751,71.854713,308.191132,99.28437,519.207581,389.773743,149.114578,105.185265,438.218384,97.032883,81.606499,307.058136,-157.513184,508.692139,362.022217,-213.92305,104.336975,244.333374,-320.639313,52.831116,216.952942,-233.121201,60.321716,260.125244,182.916534,55.460632,223.337082,95.099266,62.432899,370.642883,62.462749,107.085312,309.660583,6.6662,497.959961
120,0,245.417938,-233.995865,1016.073914,255.968811,70.283562,1008.933411,455.62326,-126.575958,1057.23877,459.511444,-50.665924,1053.905029,303.712219,-265.677094,532.283142,377.896484,-301.819122,95.233681,429.347137,-260.461487,71.871796,308.1875,99.288361,519.219055,389.74646,149.103424,105.164047,438.196167,97.02243,81.585716,307.006042,-157.498749,508.699768,361.995422,-213.935715,104.315323,244.325607,-320.659973,52.799885,216.952316,-233.143478,60.331097,260.127747,182.900528,55.423813,223.335724,95.068298,62.410645,370.600586,62.437519,107.088402,309.631897,6.693937,497.946899
121,0,245.4617,-233.950668,1016.115051,255.965179,70.301628,1008.909729,455.620392,-126.586449,1057.206421,459.496796,-50.666039,1053.869873,303.689911,-265.665985,532.273071,377.884033,-301.829376,95.226761,429.358826,-260.467407,71.874672,308.203156,99.293434,519.217224,389.753815,149.12056,105.166275,438.253967,97.053688,81.626732,306.946533,-157.485977,508.700134,362.012024,-213.948502,104.32119,244.324615,-320.646484,52.825634,216.944,-233.139771,60.314518,260.131866,182.90921,55.429081,223.339691,95.064194,62.414066,370.651215,62.447811,107.055473,309.609192,6.678804,497.947266
122,0,245.374832,-233.996109,1016.163452,255.95546,70.30619,1008.911377,455.59668,-126.582817,1057.166138,459.494965,-50.64827,1053.806763,303.67746,-265.681946,532.262268,377.916595,-301.852112,95.243965,429.438293,-260.635651,71.935257,308.151489,99.273041,519.189087,389.735046,149.022034,105.100433,438.220398,97.029778,81.595886,306.955322,-157.431015,508.703003,362.012787,-213.959381,104.312241,244.321732,-320.641876,52.805515,216.948776,-233.14473,60.302105,260.12796,182.88855,55.416615,223.339493,95.056068,62.415913,370.634918,62.449398,107.069122,309.583649,6.688137,497.961365
123,0,245.444931,-233.950287,1016.12677,255.95755,70.342102,1008.89978,455.602722,-126.556084,1057.167236,459.463501,-50.627815,1053.819946,303.691772,-265.63739,532.264465,377.895386,-301.835358,95.234436,429.330872,-260.541779,71.885078,308.155518,99.284538,519.182251,389.8013,149.154037,105.17762,438.232208,97.025673,81.625832,306.938538,-157.435608,508.697266,362.049988,-213.922516,104.327881,244.327728,-320.647034,52.842403,216.93718,-233.141052,60.307087,260.092285,182.889664,55.442295,223.343231,95.064293,62.409439,370.626343,62.44611,107.097527,309.591309,6.715721,497.950134
124,0,245.40332,-233.950195,1016.168823,255.996948,70.332649,1008.894592,455.62619,-126.509354,1057.165405,459.454956,-50.599937,1053.803589,303.688782,-265.634644,532.261047,377.893951,-301.816772,95.254341,429.361481,-260.43515,71.90136,308.104279,99.292496,519.179138,389.778717,149.136124,105.171356,438.226685,97.029785,81.607948,306.940063,-157.421997,508.730225,362.007965,-213.976776,104.317062,244.330566,-320.644684,52.822105,216.948135,-233.134995,60.325603,260.109497,182.917343,55.445374,223.33992,95.066856,62.425304,370.627167,62.462868,107.078316,309.582367,6.712357,497.949036
125,0,245.425598,-233.913361,1016.176941,256.012634,70.345924,1008.878845,455.673706,-126.481949,1057.187012,459.50473,-50.571777,1053.809692,303.693329,-265.637024,532.289429,377.868347,-301.829529,95.255882,429.340607,-260.413269,71.895767,308.09845,99.284966,519.174438,389.764587,149.100937,105.158615,438.200439,97.047668,81.607559,306.951202,-157.394226,508.721283,362.015137,-213.914474,104.329971,244.320831,-320.649445,52.846664,216.940079,-233.132858,60.321793,260.121735,182.912903,55.44577,223.318878,95.058067,62.423325,370.607819,62.44659,107.075325,309.582672,6.717955,497.947601
126,0,245.425247,-233.894104,1016.175964,256.005768,70.352486,1008.882874,455.593323,-126.475319,1057.172852,459.484528,-50.542343,1053.789307,303.731506,-265.613312,532.263245,377.851807,-301.799255,95.24131,429.312988,-260.441345,71.880234,308.08551,99.30957,519.170593,389.713684,149.03038,105.081482,438.224884,97.030663,81.580032,307.013458,-157.438461,508.707153,361.976746,-213.913361,104.334358,244.311646,-320.62674,52.801556,216.937042,-233.118057,60.306587,260.110474,182.918854,55.46413,223.324768,95.057167,62.428646,370.627228,62.470524,107.051018,309.54187,6.722104,497.939514
127,0,245.433823,-233.895187,1016.166077,256.008209,70.36805,1008.880371,455.620453,-126.460213,1057.143555,459.496765,-50.528423,1053.782104,303.778198,-265.630127,532.271545,377.89679,-301.796997,95.241661,429.321594,-260.549988,71.905136,308.085052,99.320862,519.185913,389.74942,149.128983,105.164284,438.217896,97.055138,81.596863,307.025909,-157.351242,508.717834,362.037872,-213.937393,104.334351,244.338455,-320.650604,52.814087,216.929855,-233.120605,60.314491,260.113953,182.912918,55.436108,223.325989,95.046196,62.408192,370.629272,62.48204,107.054482,309.565002,6.728206,497.950195
128,0,245.454712,-233.873932,1016.179077,256.026062,70.392876,1008.886719,455.656921,-126.422882,1057.148682,459.508698,-50.504879,1053.780518,303.796448,-265.64212,532.291199,377.906738,-301.813416,95.260071,429.317841,-260.556946,71.883141,308.081207,99.33316,519.188049,389.756317,149.162582,105.146408,438.245758,97.070328,81.604477,307.047241,-157.402374,508.722473,362.015533,-213.924408,104.321716,244.335312,-320.634705,52.827599,216.940887,-233.121628,60.318504,260.11142,182.912033,55.459068,223.329041,95.066948,62.424938,370.619385,62.49036,107.09977,309.566742,6.743543,497.961609
129,0,245.483566,-233.877396,1016.174927,256.040955,70.394455,1008.881714,455.665833,-126.418144,1057.154419,459.545197,-50.472473,1053.807129,303.834503,-265.629211,532.291931,377.900665,-301.800415,95.217216,429.437683,-260.619995,71.944244,308.106262,99.33905,519.175781,389.736633,149.157761,105.135483,438.225769,97.081276,81.591026,307.023224,-157.372528,508.684998,362.03653,-213.945831,104.312981,244.320724,-320.660187,52.825272,216.955399,-233.13208,60.315903,260.113861,182.90683,55.426277,223.346802,95.071663,62.430752,370.657227,62.500721,107.023926,309.561798,6.739663,497.947662
130,0,245.522827,-233.871536,1016.195312,256.030853,70.404968,1008.885742,455.705017,-126.390961,1057.150146,459.517731,-50.48127,1053.781738,303.818298,-265.613159,532.277588,377.898193,-301.821686,95.243134,429.356567,-260.44751,71.868347,308.135345,99.32238,519.187927,389.721954,149.152435,105.136528,438.286163,97.124657,81.641945,307.050354,-157.384308,508.676575,362.025818,-213.947205,104.319351,244.318771,-320.651672,52.818722,216.952988,-233.123611,60.333931,260.114838,182.905441,55.435184,223.343918,95.042091,62.41787,370.601135,62.469265,107.047813,309.612518,6.746387,497.942657
131,0,245.5495,-233.850143,1016.189087,256.049286,70.402077,1008.87561,455.749115,-126.349701,1057.148804,459.507507,-50.454189,1053.748779,303.81546,-265.607758,532.259766,377.928741,-301.794403,95.234924,429.328674,-260.534149,71.897125,308.15976,99.345245,519.174683,389.734741,149.189835,105.140205,438.248962,97.098648,81.606796,307.074432,-157.390976,508.718323,362.006226,-213.964218,104.326256,244.324341,-320.641479,52.796009,216.942459,-233.134048,60.325584,260.118164,182.920837,55.448715,223.335297,95.061935,62.405735,370.630493,62.504894,107.046097,309.633179,6.758007,497.926575
132,0,245.586639,-233.882721,1016.193604,256.151367,70.252815,1008.852966,455.797058,-126.321915,1057.150635,459.601562,-50.418892,1053.772949,303.812531,-265.597351,532.260315,377.89386,-301.820557,95.245941,429.442322,-260.523804,71.918404,308.202698,99.352264,519.186035,389.741669,149.162582,105.131966,438.216675,97.084549,81.573822,307.002808,-157.316559,508.670166,362.031311,-213.899292,104.334244,244.323502,-320.64502,52.819683,216.943619,-233.142807,60.319588,260.13327,182.918045,55.424541,223.360947,95.052193,62.419655,370.628998,62.50613,107.02243,309.694031,6.764673,497.929871
133,0,245.629745,-233.850418,1016.176697,256.164276,70.254456,1008.84375,455.842041,-126.30294,1057.167358,459.610901,-50.393196,1053.760986,303.827301,-265.569366,532.260193,377.944061,-301.773346,95.215202,429.326599,-260.517578,71.883774,308.21875,99.341377,519.177307,389.713562,149.114792,105.059952,438.160126,97.085052,81.542381,306.994537,-157.287781,508.680176,362.006592,-213.908051,104.334778,244.331619,-320.63858,52.837223,216.952316,-233.117325,60.32275,260.118378,182.898712,55.45998,223.342377,95.065598,62.426586,370.644257,62.491844,107.019081,309.724823,6.771862,497.924683
134,0,245.66597,-233.855911,1016.202209,256.225403,70.241348,1008.814331,455.827454,-126.306328,1057.148315,459.656494,-50.375767,1053.762695,303.799255,-265.546204,532.275879,377.927002,-301.785583,95.248833,429.433472,-260.476898,71.958351,308.27774,99.354424,519.181702,389.757538,149.195709,105.108788,438.282166,97.171394,81.551796,306.999023,-157.297516,508.695496,362.038147,-213.922546,104.307167,244.325363,-320.633759,52.838974,216.938553,-233.119827,60.321606,260.083008,182.890579,55.448597,223.348083,95.077393,62.439251,370.613251,62.479198,107.035873,309.784729,6.774815,497.923615
135,0,245.722717,-233.870544,1016.171692,256.279327,70.26313,1008.784302,455.901276,-126.272171,1057.160645,459.651764,-50.358532,1053.769409,303.780792,-265.527893,532.266846,377.858002,-301.781067,95.252693,429.448578,-260.610687,71.944489,308.345856,99.374031,519.177551,389.754456,149.20961,105.11216,438.227234,97.148804,81.552345,306.954071,-157.345551,508.701813,361.994568,-213.930176,104.28907,244.331085,-320.639099,52.846409,216.937042,-233.119705,60.336235,260.10202,182.90036,55.445538,223.338593,95.069275,62.442818,370.623901,62.488697,107.02607,309.829987,6.780038,497.907745
136,0,245.75145,-233.88736,1016.185974,256.264557,70.371521,1008.78894,455.973816,-126.243172,1057.169678,459.705353,-50.365082,1053.777222,303.771118,-265.522369,532.275879,377.869751,-301.797363,95.269791,429.422363,-260.489288,71.936058,308.41806,99.360756,519.169189,389.743317,149.200317,105.091125,438.214355,97.135437,81.545097,306.990082,-157.267532,508.729889,362.036743,-213.90947,104.320961,244.319962,-320.63385,52.838409,216.933792,-233.112854,60.316082,260.124359,182.878494,55.437462,223.352448,95.051285,62.415821,370.670349,62.490383,107.025223,309.862701,6.786154,497.898895
137,0,245.799988,-233.895905,1016.166687,256.309967,70.39003,1008.776428,455.976349,-126.259644,1057.218262,459.734711,-50.362286,1053.761475,303.8078,-265.524414,532.265991,377.870667,-301.814545,95.238625,429.440125,-260.485352,71.9319,308.50296,99.372734,519.186035,389.76889,149.215958,105.100494,438.303314,97.182602,81.546371,307.02832,-157.289703,508.69751,362.018219,-213.935043,104.344727,244.32373,-320.633575,52.840359,216.945602,-233.125259,60.317936,260.114502,182.896133,55.445263,223.363159,95.06591,62.43821,370.657043,62.521324,107.012001,309.93808,6.774662,497.907959
138,0,245.831116,-233.893997,1016.201233,256.376556,70.395012,1008.772705,456.022583,-126.229477,1057.209473,459.8461,-50.350842,1053.806519,303.851562,-265.513855,532.273132,377.880066,-301.801025,95.242203,429.340637,-260.414032,71.900047,308.624084,99.31411,519.133057,389.768616,149.232437,105.096573,438.33194,97.193581,81.529785,307.10257,-157.302032,508.703583,362.004333,-213.93663,104.309296,244.337128,-320.647186,52.823013,216.941422,-233.120621,60.323414,260.106628,182.882706,55.430134,223.363144,95.06694,62.425499,370.678345,62.549381,106.986099,310.013702,6.811457,497.906128
139,0,245.846695,-233.872375,1016.194946,256.416077,70.405388,1008.743774,456.028351,-126.232071,1057.217041,459.871429,-50.301041,1053.825806,303.903442,-265.513336,532.29187,377.851959,-301.799957,95.221931,429.330841,-260.405884,71.873253,308.709656,99.300293,519.143555,389.708435,149.157913,105.009155,438.264648,97.190628,81.513016,307.105316,-157.29538,508.696442,362.013916,-213.908981,104.318375,244.313889,-320.629333,52.843102,216.945221,-233.121979,60.322388,260.140137,182.903259,55.442333,223.366135,95.067261,62.412086,370.645264,62.508659,107.014496,310.093964,6.793953,497.906769
140,0,245.879028,-233.877533,1016.188354,256.517059,70.411186,1008.724121,456.094513,-126.212212,1057.260132,459.898987,-50.326973,1053.884277,303.933685,-265.54007,532.306213,377.907867,-301.779572,95.264763,429.350403,-260.403687,71.905083,308.855316,99.30658,519.128479,389.744385,149.135239,104.988297,438.289886,97.206207,81.489204,307.170197,-157.291595,508.71109,362.027954,-213.89917,104.321823,244.317383,-320.628418,52.840031,216.935013,-233.113312,60.330387,260.118958,182.875198,55.445885,223.394867,95.074356,62.422318,370.696838,62.532894,106.974663,310.185638,6.799432,497.902496
141,0,245.916031,-233.870132,1016.20343,256.571106,70.446213,1008.736023,456.118011,-126.210976,1057.266479,459.918488,-50.351772,1053.880249,303.981018,-265.53952,532.283752,377.888733,-301.830536,95.242714,429.326447,-260.529541,71.888878,308.964691,99.307907,519.115479,389.75174,149.178741,104.994034,438.337463,97.226196,81.506706,307.199371,-157.278732,508.677246,362.010101,-213.928802,104.300301,244.318954,-320.620972,52.839859,216.951935,-233.130188,60.318554,260.138367,182.884033,55.446053,223.404068,95.073128,62.421627,370.685181,62.529587,107.011719,310.313965,6.798581,497.887726
142,0,245.952911,-233.835602,1016.184692,256.623505,70.466423,1008.705505,456.159912,-126.247314,1057.302979,459.989532,-50.368858,1053.899902,303.983856,-265.582001,532.280396,377.889282,-301.842651,95.219231,429.323212,-260.536957,71.870049,309.102295,99.349838,519.136475,389.785278,149.182877,104.992561,438.341675,97.226219,81.44677,307.21167,-157.277206,508.718384,362.050507,-213.954269,104.329979,244.326584,-320.641602,52.849579,216.948441,-233.129868,60.326847,260.108307,182.90097,55.477375,223.40509,95.078888,62.418243,370.715912,62.545368,106.967293,310.430756,6.809654,497.89566
143,0,245.977188,-233.793533,1016.146912,256.701202,70.48645,1008.696655,456.19931,-126.256584,1057.328369,460.076752,-50.374317,1053.945801,304.052338,-265.575745,532.272705,377.933411,-301.821808,95.241676,429.367523,-260.427155,71.870651,309.247955,99.353271,519.142639,389.833832,149.261627,105.060806,438.32254,97.209778,81.487061,307.296875,-157.312881,508.696198,362.048065,-213.924805,104.315651,244.332718,-320.647186,52.83445,216.967651,-233.117081,60.323082,260.116608,182.851227,55.437439,223.418106,95.062782,62.432472,370.851868,62.405556,106.963272,310.560516,6.82325,497.894257
144,0,245.973114,-233.789825,1016.154907,256.776428,70.495514,1008.683777,456.217987,-126.30555,1057.329834,460.088837,-50.388821,1053.939941,304.070007,-265.581177,532.304016,377.928345,-301.839874,95.247932,429.360779,-260.566772,71.882683,309.386566,99.338478,519.146912,389.792938,149.157745,104.965515,438.400665,97.240608,81.455681,307.287628,-157.288452,508.688995,362.034821,-213.938873,104.334236,244.322037,-320.64505,52.835697,216.969406,-233.13707,60.32201,260.132812,182.876373,55.452175,223.422913,95.07959,62.433929,370.747253,62.53817,106.989777,310.652618,6.821316,497.904297
145,0,245.985992,-233.751953,1016.176941,256.820496,70.52507,1008.663391,456.262146,-126.352325,1057.380005,460.092987,-50.436234,1053.958862,304.082153,-265.59433,532.278076,377.921753,-301.841095,95.226631,429.33432,-260.537018,71.878395,309.539612,99.36026,519.141724,389.842072,149.23822,105.051651,438.327484,97.20697,81.422569,307.330261,-157.292999,508.676819,362.07605,-213.94249,104.354195,244.331772,-320.641998,52.834419,216.95755,-233.129379,60.332142,260.129395,182.869308,55.463017,223.434052,95.058548,62.424965,370.895538,62.431824,106.954239,310.716187,6.79168,497.910797
146,0,245.979126,-233.733047,1016.132568,256.920898,70.55558,1008.642212,456.272766,-126.367973,1057.403076,460.16568,-50.430374,1053.970459,304.101593,-265.589661,532.297852,377.921082,-301.853088,95.225006,429.359009,-260.468445,71.855377,309.685394,99.373405,519.146301,389.829254,149.180008,104.945145,438.31546,97.23291,81.426704,307.35672,-157.308548,508.68512,362.029053,-213.941864,104.335236,244.319595,-320.621429,52.833076,216.950546,-233.124481,60.325623,260.144714,182.869385,55.443192,223.40596,95.081696,62.436523,370.884735,62.425694,106.974762,310.906006,6.820129,497.917145
147,0,246.012558,-233.708191,1016.094788,257.00589,70.590492,1008.607483,456.301056,-126.414536,1057.425171,460.179962,-50.505684,1053.985229,304.143463,-265.603668,532.291565,377.893127,-301.852295,95.225395,429.36438,-260.473816,71.871429,309.842957,99.391411,519.15448,389.830414,149.187943,104.94838,438.406921,97.266594,81.385918,307.404572,-157.289078,508.687561,362.068024,-213.961121,104.336357,244.332764,-320.64267,52.797016,216.963013,-233.117661,60.324253,260.141022,182.862976,55.448147,223.435669,95.072205,62.424999,370.849121,62.4268,106.968346,311.03241,6.84591,497.926666
148,0,246.2005,-233.551224,1016.120667,257.096313,70.628693,1008.596313,456.347107,-126.440849,1057.456909,460.263519,-50.50605,1054.027344,304.186462,-265.618408,532.3078,377.903351,-301.865417,95.250816,429.368347,-260.486694,71.848763,309.929199,99.494568,519.215515,389.89035,149.301849,105.029999,438.394836,97.27079,81.421066,307.463959,-157.26004,508.681244,362.066895,-213.957458,104.344032,244.339203,-320.636139,52.839458,216.957458,-233.126831,60.340813,260.151001,182.898956,55.457794,223.426468,95.073486,62.435196,370.902954,62.450676,106.96962,311.137054,6.853996,497.914612
149,0,246.183456,-233.512512,1016.128784,257.156708,70.657677,1008.581421,456.41803,-126.453308,1057.51355,460.238892,-50.5252,1054.045288,304.219147,-265.597717,532.304993,377.912659,-301.868683,95.249481,429.378021,-260.612,71.883575,310.053192,99.509987,519.230957,389.876801,149.21077,104.94313,438.409454,97.256409,81.386772,307.433258,-157.301743,508.69632,362.062469,-213.950256,104.345001,244.338776,-320.631042,52.852211,216.968338,-233.129898,60.316322,260.149811,182.896454,55.470028,223.440063,95.104385,62.472084,370.948151,62.465675,106.940872,311.183411,6.830225,497.925598
150,0,246.225388,-233.504745,1016.173828,257.218689,70.6828,1008.555054,456.432587,-126.468597,1057.535278,460.32196,-50.5313,1054.082397,304.245819,-265.611694,532.314087,377.930328,-301.852081,95.220711,429.36853,-260.480072,71.861649,310.203949,99.520111,519.21405,389.856171,149.234329,104.939888,438.437103,97.305847,81.356453,307.525696,-157.305939,508.701447,362.070496,-213.972336,104.361343,244.348465,-320.622559,52.854946,216.967651,-233.136261,60.328671,260.130737,182.892883,55.460159,223.461899,95.095848,62.473454,370.907745,62.460728,106.954994,311.27832,6.843277,497.92392
151,0,246.1073,-233.602386,1016.12677,257.281677,70.686813,1008.553772,456.507477,-126.459213,1057.561523,460.383759,-50.580757,1054.091797,304.232697,-265.622589,532.331238,377.898529,-301.859344,95.229042,429.362671,-260.500397,71.844482,310.327484,99.556694,519.218811,389.885742,149.214676,104.915482,438.446808,97.319321,81.353645,307.543304,-157.331619,508.697815,362.067413,-214.025146,104.301704,244.335022,-320.627899,52.832638,216.996811,-233.134995,60.314072,260.177246,182.895111,55.440678,223.449738,95.081497,62.464684,370.973969,62.455814,106.952881,311.561157,6.925567,497.906433
152,0,246.115738,-233.588974,1016.141541,257.356628,70.704643,1008.540771,456.531219,-126.476974,1057.567505,460.43457,-50.578548,1054.122314,304.256836,-265.631561,532.308044,377.917999,-301.848846,95.197403,429.370697,-260.525391,71.826645,310.474579,99.580864,519.228394,389.905518,149.219711,104.914543,438.420227,97.30513,81.353493,307.589142,-157.303711,508.678253,362.093994,-213.977036,104.331833,244.339584,-320.652283,52.828339,216.969849,-233.135635,60.314503,260.156952,182.885178,55.44759,223.448593,95.12014,62.457073,370.830292,62.621868,106.984505,311.573578,6.916271,497.940643
153,0,246.285721,-233.473099,1016.085266,257.405365,70.725708,1008.55365,456.535522,-126.525032,1057.584839,460.461487,-50.582123,1054.140137,304.228088,-265.638824,532.304199,377.89682,-301.88739,95.215904,429.375977,-260.597321,71.868828,310.607178,99.599678,519.234985,389.918243,149.231964,104.909813,438.488037,97.343544,81.355438,307.594635,-157.284134,508.680115,362.091492,-213.967484,104.346718,244.330765,-320.641479,52.850567,216.996063,-233.128662,60.320377,260.184692,182.876266,55.427639,223.462723,95.103775,62.464577,370.845917,62.638985,106.98645,311.736572,6.955466,497.926941
154,0,246.154556,-233.578568,1016.116638,257.458191,70.731995,1008.549072,456.548676,-126.543106,1057.616821,460.517242,-50.595356,1054.18396,304.259674,-265.604889,532.300903,377.88092,-301.8797,95.202805,429.369141,-260.466248,71.83445,310.692841,99.618637,519.233704,389.947021,149.250931,104.92395,438.514252,97.337318,81.339539,307.601135,-157.288391,508.668304,362.097473,-213.991623,104.333221,244.336823,-320.610626,52.869511,216.977829,-233.098663,60.329674,260.172272,182.904633,55.452885,223.474213,95.131569,62.484367,370.848572,62.643497,106.970024,311.859558,6.985117,497.921936
155,0,246.160812,-233.577209,1016.082764,257.487061,70.740952,1008.54541,456.562164,-126.545967,1057.604126,460.548462,-50.588261,1054.213989,304.263885,-265.594727,532.289062,377.908875,-301.869049,95.218521,429.39859,-260.505035,71.871819,310.790466,99.633446,519.249084,389.929657,149.233063,104.908035,438.514374,97.352028,81.38739,307.614899,-157.254074,508.708527,362.074158,-213.974045,104.312737,244.323456,-320.631317,52.874332,216.977982,-233.108215,60.342407,260.158112,182.926971,55.482224,223.476242,95.127319,62.470737,370.885742,62.652821,106.967155,312.038574,7.022534,497.903381
156,0,246.171432,-233.600159,1016.090393,257.56189,70.764267,1008.578918,456.626282,-126.571922,1057.626587,460.521515,-50.688553,1054.207153,304.230438,-265.599304,532.28186,377.912933,-301.893066,95.2314,429.37616,-260.514923,71.862762,310.888794,99.646744,519.254578,389.962494,149.250137,104.892685,438.431915,97.299896,81.309753,307.596924,-157.246353,508.705017,362.081543,-213.985245,104.320297,244.343216,-320.631958,52.839317,216.985703,-233.117523,60.325527,260.172211,182.889847,55.422306,223.479874,95.126862,62.472202,370.901154,62.665672,106.951309,312.171539,7.045857,497.904877
157,0,246.182419,-233.596573,1016.004211,257.612854,70.771263,1008.555542,456.652008,-126.610069,1057.640747,460.589813,-50.732082,1054.233765,304.235657,-265.577148,532.273682,377.928711,-301.87677,95.212463,429.364807,-260.503052,71.831543,310.979858,99.658028,519.258301,389.964996,149.247025,104.877434,438.422516,97.295883,81.267624,307.60788,-157.258575,508.657745,362.115356,-213.973389,104.341782,244.33577,-320.653564,52.830746,216.98645,-233.138092,60.322006,260.180878,182.897827,55.438507,223.482864,95.131905,62.467667,370.867401,62.665962,106.974945,312.147125,7.007464,497.902557
158,0,246.3228,-233.509048,1016.027954,257.662201,70.802345,1008.559082,456.66684,-126.619995,1057.64624,460.619171,-50.739925,1054.227783,304.241364,-265.581116,532.253296,377.908752,-301.869659,95.226425,429.365051,-260.494324,71.832497,311.050903,99.667816,519.262512,389.963715,149.259903,104.886414,438.464294,97.330956,81.295532,307.637543,-157.252274,508.683624,362.08371,-213.979996,104.3144,244.32486,-320.619812,52.844349,216.972595,-233.111542,60.315834,260.133789,182.900711,55.45945,223.491119,95.124634,62.472294,370.881683,62.662064,106.995605,312.271301,7.03302,497.897919
159,0,246.17485,-233.601135,1016.004578,257.693665,70.813339,1008.537415,456.636963,-126.664696,1057.669067,460.644318,-50.770061,1054.276611,304.256317,-265.563751,532.255432,377.914154,-301.864471,95.235535,429.383087,-260.618561,71.863297,311.12262,99.687553,519.266724,389.975861,149.259903,104.876694,438.483521,97.347786,81.254509,307.680756,-157.267044,508.670807,362.112762,-213.991684,104.332207,244.323624,-320.628693,52.840328,216.986115,-233.114532,60.312164,260.158508,182.897354,55.467133,223.50444,95.148254,62.494194,370.883301,62.67704,106.987282,312.319183,7.026764,497.889893
160,0,246.176804,-233.59642,1016.019714,257.715485,70.834846,1008.515259,456.673401,-126.682487,1057.696533,460.663666,-50.779827,1054.280273,304.257416,-265.590302,532.296692,377.926331,-301.867035,95.231598,429.346985,-260.597534,71.845772,311.193207,99.681717,519.26886,389.969269,149.255371,104.901306,438.448608,97.336052,81.260284,307.661102,-157.251236,508.674072,362.121887,-213.951538,104.352669,244.321503,-320.626831,52.875038,216.96788,-233.11824,60.319664,260.154449,182.907806,55.448208,223.493622,95.142136,62.494953,370.913452,62.687256,106.974442,312.444427,7.062354,497.880463
161,0,246.165405,-233.573608,1016.0177,257.759308,70.828659,1008.517517,456.6716,-126.660126,1057.711182,460.66748,-50.786808,1054.294434,304.282379,-265.569397,532.277832,377.907288,-301.870117,95.223892,429.35788,-260.621826,71.850807,311.228394,99.701462,519.274048,389.985657,149.259125,104.881561,438.511536,97.371109,81.284355,307.738251,-157.267471,508.676636,362.059021,-214.003967,104.331909,244.313431,-320.616516,52.852997,216.972382,-233.118744,60.306702,260.174225,182.899734,55.45475,223.486145,95.126045,62.465149,370.89679,62.686047,107.012123,312.480164,7.0432,497.871246
162,0,246.182968,-233.54628,1016.02124,257.773956,70.829063,1008.498535,456.625854,-126.71888,1057.705566,460.686096,-50.819633,1054.296631,304.313049,-265.601868,532.279602,377.920319,-301.870148,95.205025,429.36676,-260.540314,71.836288,311.283813,99.703262,519.26532,389.973358,149.26947,104.884438,438.510254,97.344933,81.294052,307.763336,-157.256058,508.674438,362.086884,-214.019852,104.337601,244.323761,-320.626953,52.866409,216.956909,-233.113632,60.307648,260.199707,182.914703,55.458073,223.489716,95.145187,62.479355,370.887146,62.689819,107.002312,312.64032,7.102952,497.83667
163,0,246.165558,-233.553848,1016.013733,257.786469,70.846275,1008.497498,456.643738,-126.769218,1057.732056,460.671173,-50.809097,1054.300659,304.347046,-265.618011,532.278564,377.934631,-301.857239,95.201355,429.370758,-260.49939,71.835068,311.313934,99.69136,519.260986,390.010071,149.267807,104.875191,438.518066,97.34568,81.264885,307.821167,-157.242538,508.671356,362.116791,-213.958679,104.350952,244.340469,-320.624603,52.851627,216.967575,-233.114059,60.323975,260.173859,182.892624,55.427151,223.486588,95.128876,62.471546,370.877441,62.664093,107.002579,312.563904,7.054529,497.870117
164,0,246.115952,-233.525085,1016.013,257.800537,70.865379,1008.493286,456.651581,-126.767502,1057.752075,460.677002,-50.828411,1054.328857,304.370331,-265.614197,532.305481,377.939209,-301.881104,95.224266,429.496948,-260.727325,71.913704,311.341553,99.688416,519.257507,390.008636,149.25235,104.87413,438.484467,97.326767,81.239952,307.847595,-157.245346,508.671051,362.138123,-213.993759,104.327538,244.343063,-320.605316,52.870411,216.983353,-233.098297,60.326015,260.162109,182.909378,55.453224,223.480591,95.159042,62.487453,370.881744,62.669201,107.003571,312.705566,7.108563,497.848175
165,0,246.134125,-233.503677,1015.997742,257.832153,70.85466,1008.486755,456.661926,-126.775024,1057.741089,460.692169,-50.843597,1054.345947,304.409393,-265.620941,532.277832,377.936768,-301.896576,95.216476,429.394867,-260.653809,71.86142,311.356415,99.694321,519.27655,390.010773,149.25589,104.86731,438.581696,97.396103,81.331093,307.856506,-157.252579,508.674805,362.137024,-213.989029,104.343925,244.326019,-320.612549,52.877239,216.978256,-233.115555,60.331039,260.175232,182.909653,55.466644,223.481796,95.154121,62.485268,370.885193,62.672115,106.978851,312.58197,7.055806,497.868195
166,0,246.110733,-233.504913,1016.015076,257.827148,70.847168,1008.494141,456.654816,-126.772537,1057.730835,460.722809,-50.860504,1054.321167,304.446381,-265.651245,532.303955,377.951447,-301.906982,95.216255,429.381958,-260.557617,71.845703,311.360168,99.690994,519.278809,389.985962,149.246124,104.873421,438.51181,97.336639,81.318939,307.928986,-157.279251,508.67688,362.135956,-214.018982,104.342598,244.317261,-320.626251,52.84164,216.97673,-233.121597,60.325214,260.182648,182.907486,55.450253,223.49765,95.135849,62.479366,370.907928,62.690838,106.980431,312.621674,7.050039,497.871552
167,0,246.111343,-233.495392,1015.982361,257.80838,70.844955,1008.510254,456.686005,-126.759277,1057.746094,460.714447,-50.844097,1054.33606,304.472107,-265.630859,532.287781,377.956238,-301.908508,95.206879,429.401703,-260.543213,71.835449,311.36734,99.671715,519.286133,389.989716,149.248856,104.884811,438.529022,97.339096,81.296585,307.87442,-157.273941,508.657684,362.16687,-214.003174,104.357445,244.347076,-320.637909,52.849152,216.993011,-233.134644,60.32066,260.099731,182.878662,55.464657,223.47995,95.143631,62.484055,370.90451,62.68309,106.980522,312.568726,7.053074,497.88623
168,0,246.085663,-233.498703,1016.018982,257.819916,70.860924,1008.532043,456.648743,-126.834732,1057.754272,460.71048,-50.864845,1054.333252,304.457642,-265.643066,532.288269,377.957428,-301.895355,95.217865,429.392334,-260.560181,71.833847,311.335144,99.69928,519.283325,389.990448,149.244049,104.86544,438.489807,97.327751,81.276474,307.91275,-157.263245,508.651489,362.13266,-213.97261,104.358139,244.349228,-320.621063,52.852104,216.984543,-233.122955,60.321709,260.18042,182.894852,55.443165,223.483139,95.140129,62.478889,370.901672,62.690392,106.985466,312.549377,7.058913,497.884766
169,0,246.063629,-233.487579,1016.010376,257.815002,70.847145,1008.539673,456.634399,-126.814949,1057.820801,460.725403,-50.887585,1054.341797,304.460388,-265.651062,532.289307,377.921997,-301.914764,95.228783,429.389832,-260.535217,71.859932,311.322876,99.676918,519.302124,390.033661,149.338181,104.95488,438.576477,97.373047,81.342865,307.898743,-157.258759,508.660248,362.146545,-213.988266,104.37854,244.336243,-320.644073,52.864902,216.991745,-233.099304,60.3367,260.136444,182.904663,55.440853,223.470474,95.14711,62.499081,370.899414,62.688469,106.980217,312.539154,7.050467,497.892761
170,0,246.052948,-233.490204,1016.013733,257.809509,70.865616,1008.549316,456.651154,-126.792892,1057.774414,460.747345,-50.890968,1054.341064,304.437653,-265.642609,532.29071,377.928131,-301.908661,95.218842,429.381561,-260.655029,71.854134,311.269653,99.671921,519.297913,389.945648,149.234177,104.904434,438.428375,97.305222,81.276054,307.864807,-157.276215,508.677795,362.120911,-214.014542,104.329636,244.336823,-320.642578,52.840748,217.007629,-233.101212,60.329922,260.157593,182.920059,55.457474,223.480057,95.142746,62.495384,370.884918,62.678337,106.984619,312.605621,7.072863,497.877441
171,0,246.057312,-233.491074,1016.01825,257.778259,70.847404,1008.553528,456.656586,-126.801834,1057.765991,460.73291,-50.897755,1054.315552,304.434753,-265.660828,532.291504,377.966736,-301.896423,95.233948,429.382996,-260.544434,71.84964,311.251129,99.677032,519.285583,389.951965,149.230545,104.89019,438.496338,97.338196,81.261307,307.844727,-157.303772,508.678558,362.095154,-214.021118,104.353104,244.342682,-320.64679,52.870922,216.984421,-233.131454,60.33009,260.155701,182.900986,55.453167,223.476501,95.147293,62.492458,370.893494,62.67062,107.002785,312.447357,7.022774,497.899261
172,0,246.039398,-233.527542,1015.987976,257.755829,70.855042,1008.547058,456.669159,-126.806107,1057.758789,460.71225,-50.900867,1054.332642,304.413544,-265.669434,532.278137,377.979034,-301.869019,95.165024,429.396942,-260.541595,71.820076,311.220123,99.671669,519.282654,389.987488,149.236008,104.875465,438.42337,97.262352,81.252846,307.856934,-157.314484,508.651428,362.102844,-214.017944,104.339684,244.330566,-320.637024,52.855629,216.988983,-233.127975,60.320324,260.17804,182.88443,55.446899,223.473999,95.152847,62.476807,370.875977,62.655388,106.995476,312.427826,7.014943,497.907074
173,0,246.061264,-233.526825,1015.988342,257.762177,70.861412,1008.526062,456.659271,-126.791313,1057.774536,460.704346,-50.906235,1054.324097,304.383514,-265.670197,532.304321,377.965149,-301.897705,95.211929,429.365814,-260.556732,71.82254,311.194824,99.661766,519.287292,389.976685,149.231598,104.8964,438.47467,97.287109,81.276939,307.858124,-157.303085,508.674255,362.10965,-214.028442,104.349464,244.34317,-320.634155,52.85635,216.984787,-233.132889,60.321178,260.16391,182.866425,55.427628,223.482773,95.137665,62.486664,370.897858,62.664406,107.002449,312.502167,7.075434,497.869629
174,0,246.044174,-233.536957,1016.043518,257.748932,70.834335,1008.53241,456.660919,-126.795593,1057.781982,460.674652,-50.890396,1054.345825,304.357697,-265.661072,532.286011,377.931061,-301.893463,95.202301,429.350555,-260.511932,71.828438,311.182068,99.655861,519.287415,389.97168,149.229401,104.901779,438.462708,97.32045,81.271423,307.848236,-157.304214,508.66748,362.145691,-214.016678,104.337379,244.331696,-320.621185,52.851036,216.973129,-233.127502,60.319309,260.15152,182.932144,55.484135,223.473358,95.151138,62.498997,370.892365,62.66214,106.987144,312.383484,7.005673,497.896301
175,0,246.05368,-233.565125,1016.056396,257.734161,70.820053,1008.512146,456.631805,-126.784027,1057.786377,460.649902,-50.888142,1054.350342,304.318146,-265.667938,532.309387,377.966675,-301.886139,95.232582,429.383881,-260.502441,71.846458,311.154785,99.659706,519.279785,389.969574,149.222794,104.896767,438.494965,97.328827,81.280609,307.808563,-157.319,508.669373,362.123901,-214.004837,104.318817,244.347488,-320.635834,52.862396,216.974289,-233.118515,60.312592,260.15686,182.896744,55.447956,223.472748,95.147118,62.499069,370.875641,62.661507,107.000427,312.382477,7.046465,497.890015
176,0,246.07399,-233.619492,1016.021118,257.682495,70.806786,1008.514648,456.604309,-126.792145,1057.796021,460.614136,-50.9049,1054.338257,304.326813,-265.677704,532.300903,377.962067,-301.874786,95.246651,429.40921,-260.545776,71.834785,311.147125,99.649536,519.266418,389.968292,149.219177,104.90535,438.470673,97.313766,81.311745,307.838562,-157.324432,508.679199,362.135895,-213.983994,104.336678,244.345459,-320.629852,52.867367,216.98703,-233.114868,60.309006,260.164337,182.91806,55.445683,223.45459,95.150658,62.478924,370.835938,62.645538,107.010567,312.343292,7.02763,497.879333
177,0,246.220383,-233.500671,1016.04126,257.64267,70.801041,1008.519897,456.590057,-126.77729,1057.802856,460.582947,-50.908127,1054.336548,304.300873,-265.676239,532.293701,377.900879,-301.913147,95.208122,429.376892,-260.642059,71.848038,311.088165,99.631714,519.27655,389.976257,149.216324,104.923813,438.427673,97.26078,81.263206,307.738892,-157.309113,508.662811,362.106812,-213.984589,104.326706,244.334717,-320.627258,52.822094,216.990997,-233.127197,60.314522,260.167633,182.905975,55.461273,223.45697,95.143394,62.459442,370.859406,62.668213,106.992317,312.319122,6.98578,497.894836
178,0,246.194962,-233.533157,1016.009583,257.579681,70.801239,1008.502747,456.553497,-126.7883,1057.788452,460.574249,-50.906902,1054.348633,304.265961,-265.690033,532.28479,377.946869,-301.900238,95.199615,429.371124,-260.661133,71.840927,311.052124,99.605255,519.252808,389.949493,149.184875,104.918213,438.480927,97.263214,81.287048,307.673828,-157.295517,508.67511,362.136017,-214.026016,104.319008,244.324921,-320.637299,52.855442,216.990204,-233.119537,60.318005,260.186157,182.891876,55.428974,223.476624,95.155357,62.493519,370.849304,62.639206,107.0186,312.309479,6.984078,497.888794
179,0,246.024231,-233.671631,1015.994568,257.503845,70.780884,1008.527039,456.464661,-126.804665,1057.792114,460.511597,-50.910233,1054.356934,304.251068,-265.652466,532.276123,377.933411,-301.904266,95.211746,429.411011,-260.545563,71.844719,311.024048,99.579277,519.256531,389.968292,149.193619,104.920563,438.489655,97.267624,81.312233,307.614868,-157.317917,508.689453,362.109375,-214.007294,104.320953,244.328812,-320.629486,52.856049,216.985168,-233.116348,60.335354,260.181335,182.915009,55.425827,223.46315,95.139511,62.488323,370.85376,62.625751,107.008545,312.391296,7.003133,497.871307
180,0,246.012604,-233.664764,1015.987732,257.429565,70.768517,1008.532654,456.425354,-126.830193,1057.819214,460.493561,-50.905716,1054.375854,304.219727,-265.641205,532.267151,377.901917,-301.875885,95.182777,429.383118,-260.534698,71.855133,310.926056,99.583954,519.254944,389.95401,149.193573,104.929024,438.478729,97.248451,81.323563,307.637726,-157.328568,508.687256,362.085632,-214.037186,104.310112,244.317642,-320.627747,52.871651,216.991531,-233.12001,60.327751,260.174561,182.907974,55.460247,223.474091,95.137466,62.472847,370.851379,62.628544,107.00885,312.208405,6.950248,497.88147
181,0,246.079254,-233.561401,1015.972595,257.367218,70.770584,1008.539673,456.39502,-126.797516,1057.815918,460.399536,-50.895199,1054.379272,304.193146,-265.677277,532.277771,377.897125,-301.913239,95.185234,429.396179,-260.53952,71.835701,310.90271,99.587242,519.253662,389.963104,149.188507,104.929543,438.393219,97.203758,81.321503,307.604126,-157.315491,508.67038,362.089844,-213.985535,104.334038,244.324265,-320.622223,52.814655,216.974411,-233.132523,60.315269,260.154083,182.881531,55.427704,223.469131,95.154602,62.47813,370.852875,62.634445,107.012909,312.206085,6.965452,497.875031
182,0,245.925705,-233.654449,1016.0177,257.285767,70.766525,1008.552307,456.315521,-126.809731,1057.823853,460.372681,-50.919319,1054.341919,304.221924,-265.672546,532.272156,377.922729,-301.909607,95.217346,429.384094,-260.531769,71.830139,310.858093,99.603989,519.26355,389.926544,149.182404,104.933693,438.446228,97.235382,81.337448,307.60083,-157.324234,508.664124,362.094818,-213.993713,104.324104,244.324997,-320.655151,52.862114,216.9655,-233.107956,60.3148,260.151978,182.921356,55.451553,223.467133,95.160942,62.468609,370.868439,62.635899,107.011726,312.091217,6.9199,497.8909
183,0,245.874329,-233.608704,1015.984863,257.207123,70.750237,1008.548523,456.297028,-126.795876,1057.807495,460.284271,-50.896343,1054.343628,304.183563,-265.678955,532.261719,377.878754,-301.904022,95.218422,429.371735,-260.650391,71.856133,310.796631,99.606689,519.253784,389.981628,149.174911,104.927589,438.500793,97.248207,81.346886,307.586884,-157.323914,508.663818,362.091339,-214.001709,104.314819,244.336655,-320.639832,52.858627,216.978104,-233.111313,60.31982,260.116394,182.986343,55.518738,223.457642,95.160873,62.458553,370.84729,62.632046,107.026932,312.086548,6.961079,497.871948
184,0,245.807648,-233.585724,1016.014954,257.12851,70.742737,1008.576172,456.160004,-126.804291,1057.772217,460.211548,-50.874153,1054.364502,304.194305,-265.67569,532.254211,377.91626,-301.898102,95.230515,429.405212,-260.55304,71.838722,310.745544,99.602356,519.248962,389.953156,149.169144,104.934479,438.405243,97.22905,81.368645,307.559631,-157.347992,508.663055,362.068115,-214.006165,104.325958,244.33049,-320.635559,52.876408,216.974426,-233.1138,60.319336,260.140442,182.908463,55.452858,223.457657,95.169601,62.485699,370.840942,62.629089,107.030624,311.948242,6.927544,497.89151
185,0,245.738235,-233.575348,1016.02887,257.051849,70.737129,1008.565063,456.196716,-126.772163,1057.802246,460.171417,-50.877831,1054.35376,304.164581,-265.672424,532.269653,377.922302,-301.892822,95.226997,429.368439,-260.63855,71.851868,310.682068,99.601364,519.22345,389.980408,149.182083,104.943443,438.474426,97.251892,81.36853,307.564484,-157.337509,508.651733,362.103729,-214.017838,104.325935,244.335678,-320.625427,52.855232,216.981567,-233.123047,60.321243,260.135803,182.918869,55.455212,223.44696,95.144928,62.475044,370.866669,62.617004,107.021172,311.94574,6.924775,497.879333
186,0,245.680878,-233.536469,1015.987976,256.965576,70.732857,1008.558044,456.114532,-126.767471,1057.792603,460.103729,-50.855072,1054.312744,304.18219,-265.673004,532.247925,377.891815,-301.90213,95.205078,429.37442,-260.528961,71.84404,310.575775,99.59227,519.213928,389.955902,149.159988,104.967934,438.43811,97.211105,81.332527,307.566711,-157.326981,508.649597,362.105103,-214.005478,104.336731,244.315445,-320.626648,52.870613,216.982361,-233.139359,60.317249,260.145569,182.913269,55.449459,223.439255,95.168648,62.472248,370.868866,62.607319,107.031815,312.006927,6.972232,497.854645
187,0,245.638748,-233.527908,1015.995605,256.881714,70.759697,1008.560547,455.973602,-126.758698,1057.764282,460.032013,-50.818832,1054.329468,304.185059,-265.670135,532.249817,377.925903,-301.895294,95.198936,429.392914,-260.563293,71.839699,310.501007,99.603821,519.213501,390.002411,149.185303,104.98452,438.427124,97.18029,81.412148,307.568512,-157.28714,508.634216,362.107452,-214.004318,104.337051,244.331314,-320.625366,52.866108,217.001266,-233.124039,60.315845,260.15097,182.933319,55.475006,223.427597,95.151718,62.47826,370.84256,62.583527,107.028122,311.713684,6.875636,497.884796
188,0,245.566025,-233.510788,1015.980957,256.795898,70.758324,1008.573547,455.944336,-126.7425,1057.74939,459.944946,-50.799156,1054.320312,304.130463,-265.680847,532.259399,377.912872,-301.888855,95.234314,429.374817,-260.640015,71.859222,310.410248,99.595108,519.218567,389.957184,149.129974,104.961922,438.270142,97.10379,81.333633,307.521606,-157.280212,508.647614,362.126831,-213.979034,104.346733,244.342957,-320.644867,52.853626,216.99295,-233.129105,60.3144,260.143921,182.917404,55.456581,223.433472,95.152946,62.480247,370.810425,62.573448,107.039314,311.704742,6.920414,497.886322
189,0,245.538284,-233.503098,1015.990845,256.734039,70.736534,1008.577576,455.899872,-126.72377,1057.75769,459.89267,-50.763008,1054.309692,304.093842,-265.646027,532.221313,377.914764,-301.885529,95.210716,429.395599,-260.51416,71.841133,310.275787,99.604294,519.214722,389.94278,149.142853,104.968254,438.385925,97.145348,81.386887,307.44632,-157.297913,508.628143,362.106171,-213.993271,104.337204,244.358124,-320.634674,52.858204,216.989517,-233.11026,60.323055,260.168243,182.927246,55.458523,223.42453,95.178711,62.534309,370.770691,62.564804,107.061768,311.537476,6.869925,497.902069
190,0,245.454025,-233.508591,1015.979675,256.632751,70.732704,1008.572205,455.844269,-126.675667,1057.761963,459.825317,-50.695465,1054.307495,304.046356,-265.644409,532.246643,377.929596,-301.87326,95.195656,429.358643,-260.519531,71.825661,310.162689,99.592018,519.215149,389.999878,149.240738,105.053764,438.380096,97.161957,81.467964,307.456116,-157.313339,508.62204,362.07019,-213.96376,104.340088,244.328156,-320.637238,52.869671,216.976608,-233.11644,60.316341,260.114014,182.92688,55.476643,223.440216,95.186974,62.536179,370.787903,62.573685,107.045143,311.426056,6.854867,497.925903
191,0,245.426163,-233.527298,1015.97168,256.540741,70.735931,1008.570679,455.77829,-126.670135,1057.715454,459.799042,-50.724464,1054.294556,304.003052,-265.616913,532.239014,377.908813,-301.898499,95.211433,429.381653,-260.503723,71.858994,310.042786,99.593231,519.216064,389.976074,149.208557,105.06517,438.360321,97.134949,81.452232,307.353821,-157.271286,508.624725,362.075012,-214.006927,104.304543,244.328156,-320.653778,52.862423,216.969269,-233.119095,60.309792,260.147583,182.943024,55.447815,223.445892,95.172043,62.530441,370.738129,62.576248,107.083923,311.341003,6.907173,497.906342
192,0,245.37561,-233.537018,1015.945679,256.466858,70.740791,1008.586914,455.680878,-126.628029,1057.701538,459.676849,-50.700603,1054.254883,303.927338,-265.596619,532.225769,377.876404,-301.894623,95.216591,429.344238,-260.62973,71.82634,309.935608,99.628807,519.215454,389.921173,149.145111,105.001457,438.348145,97.151131,81.457611,307.334076,-157.231827,508.642975,362.09787,-213.954529,104.359207,244.32663,-320.64267,52.856384,216.97673,-233.11998,60.303387,260.108154,182.931046,55.442863,223.432785,95.150322,62.554321,370.716278,62.580532,107.087456,311.173492,6.901335,497.919434
193,0,245.343735,-233.551788,1015.959473,256.375,70.758018,1008.590332,455.669373,-126.619934,1057.657715,459.607117,-50.690006,1054.229126,303.873474,-265.593964,532.229675,377.921539,-301.869263,95.22348,429.36969,-260.613708,71.876167,309.832245,99.625671,519.21405,389.971375,149.234436,105.067596,438.277283,97.105217,81.437889,307.234772,-157.204025,508.611328,362.118683,-213.978745,104.328911,244.339523,-320.633423,52.855492,216.971893,-233.110336,60.312489,260.139893,182.947739,55.42865,223.445404,95.180023,62.578671,370.729218,62.579975,107.092499,310.979553,6.908076,497.94577
194,0,245.291489,-233.561737,1015.984436,256.303406,70.753258,1008.611938,455.632507,-126.559944,1057.630493,459.562103,-50.63559,1054.230469,303.784393,-265.544586,532.231689,377.872375,-301.868866,95.235718,429.381012,-260.480286,71.848106,309.71405,99.650162,519.217651,389.928101,149.236542,105.071213,438.259979,97.1008,81.482689,307.193085,-157.192841,508.642303,362.081207,-213.966354,104.317039,244.341232,-320.63736,52.869301,216.970932,-233.106628,60.307629,260.150757,182.944077,55.428844,223.436172,95.193855,62.617653,370.684479,62.579529,107.105568,310.906982,6.933489,497.957458
195,0,245.261948,-233.582443,1015.959045,256.194031,70.732819,1008.636475,455.530365,-126.566994,1057.642456,459.511261,-50.613674,1054.237549,303.740173,-265.514618,532.239441,377.901947,-301.813995,95.238968,429.363281,-260.590637,71.886894,309.647797,99.559341,519.183228,389.899078,149.143143,104.995949,438.253693,97.119041,81.464172,307.13327,-157.182312,508.633545,362.072449,-213.953949,104.311546,244.324997,-320.616486,52.85902,216.971497,-233.108643,60.311035,260.136383,182.931717,55.424122,223.435318,95.191505,62.653988,370.666138,62.57653,107.087288,310.919983,6.97655,497.967621
196,0,245.280594,-233.592148,1015.925293,256.11618,70.725937,1008.647339,455.493927,-126.525269,1057.62207,459.46463,-50.569923,1054.219727,303.650269,-265.494812,532.214417,377.848816,-301.839539,95.214439,429.363983,-260.474457,71.875305,309.530334,99.553329,519.166077,389.876038,149.135483,105.003609,438.260834,97.118507,81.49675,307.078613,-157.177307,508.613464,362.07074,-213.929947,104.303963,244.332947,-320.632812,52.84705,216.968704,-233.121521,60.290775,260.138367,182.93692,55.426998,223.436371,95.168694,62.628246,370.690277,62.585762,107.071762,310.82193,7.010637,497.960999
197,0,245.262085,-233.607635,1015.93158,256.038025,70.709999,1008.663269,455.479309,-126.457748,1057.58374,459.409576,-50.569126,1054.171265,303.614929,-265.473053,532.194763,377.870056,-301.84726,95.23365,429.37027,-260.480347,71.858688,309.421692,99.562515,519.165588,389.910461,149.203094,105.0821,438.237793,97.11422,81.501945,306.989319,-157.171692,508.60257,362.065979,-213.95047,104.300125,244.327621,-320.620483,52.839901,216.956009,-233.123184,60.294575,260.115234,182.932938,55.437962,223.426895,95.172562,62.637188,370.63266,62.554039,107.120651,310.721863,7.008001,497.971283
198,0,245.226227,-233.579193,1015.915283,255.967056,70.722496,1008.670471,455.402466,-126.449524,1057.602173,459.320282,-50.527519,1054.198242,303.585052,-265.449371,532.169983,377.88678,-301.84201,95.230225,429.366425,-260.595459,71.873306,309.321991,99.555946,519.174988,389.913849,149.209961,105.101051,438.323822,97.134651,81.558273,306.987854,-157.195648,508.599518,362.050842,-213.927689,104.274605,244.343643,-320.621399,52.846485,216.965347,-233.119263,60.293606,260.142181,182.933273,55.432892,223.435257,95.164474,62.653206,370.628662,62.552662,107.103485,310.617676,7.000567,497.961151
199,0,245.221848,-233.593857,1015.919922,255.868317,70.71331,1008.694397,455.316956,-126.422676,1057.572632,459.255096,-50.493805,1054.162842,303.48407,-265.413452,532.188354,377.905609,-301.803284,95.253433,429.336853,-260.571503,71.873245,309.223053,99.536232,519.152893,389.883392,149.101227,105.025169,438.240387,97.075897,81.515472,306.900208,-157.13147,508.593201,362.066315,-213.899002,104.289612,244.337646,-320.621246,52.85128,216.972427,-233.09848,60.310417,260.133362,182.927124,55.420189,223.436829,95.178452,62.669888,370.655579,62.557594,107.120079,310.525208,7.008553,497.959229
200,0,245.166031,-233.586334,1015.904175,255.79718,70.715454,1008.690735,455.262634,-126.369942,1057.592285,459.213806,-50.436012,1054.173584,303.462585,-265.384003,532.188904,377.868195,-301.794495,95.265511,429.342102,-260.456604,71.872833,309.135101,99.536926,519.143677,389.884979,149.17926,105.106018,438.168152,97.05275,81.531197,306.823029,-157.120377,508.57901,362.038513,-213.884354,104.302071,244.32402,-320.611755,52.861633,216.952377,-233.08577,60.314003,260.159729,182.912521,55.417751,223.446304,95.185501,62.687374,370.64093,62.533752,107.114525,310.456177,6.989353,497.946655
201,0,245.132431,-233.560455,1015.918518,255.780792,70.54348,1008.687744,455.256042,-126.300346,1057.560059,459.116302,-50.411407,1054.166748,303.389008,-265.373779,532.150085,377.842621,-301.83786,95.259018,429.299988,-260.569153,71.86853,309.041046,99.54541,519.140991,389.898346,149.169495,105.096687,438.206573,97.03508,81.53299,306.763123,-157.116013,508.607452,362.021515,-213.894669,104.29509,244.31601,-320.591797,52.842762,216.944351,-233.104614,60.296429,260.165985,182.918671,55.406742,223.445755,95.172699,62.666939,370.606384,62.512867,107.113495,310.384888,6.988503,497.932312
202,0,245.094604,-233.56131,1015.881287,255.690582,70.56147,1008.693726,455.176483,-126.282318,1057.541138,459.057373,-50.38649,1054.140991,303.366699,-265.363831,532.138306,377.902374,-301.813873,95.241081,429.295837,-260.533569,71.890106,308.969452,99.537766,519.144714,389.892822,149.18248,105.118996,438.269409,97.09127,81.546082,306.79184,-157.153214,508.58432,361.994293,-213.861816,104.313431,244.321701,-320.636993,52.852932,216.943695,-233.084885,60.292286,260.132385,182.917435,55.39521,223.430466,95.176224,62.653519,370.5867,62.506519,107.095329,310.335175,6.993711,497.929291
203,0,245.081711,-233.535004,1015.899292,255.618332,70.582764,1008.70752,455.051971,-126.262085,1057.489136,458.981415,-50.338108,1054.140747,303.322388,-265.355591,532.158264,377.86145,-301.781952,95.260666,429.322754,-260.417328,71.863136,308.91922,99.560318,519.138367,389.858459,149.197372,105.103401,438.236847,97.062683,81.580467,306.750244,-157.134293,508.609528,362.016663,-213.853333,104.317345,244.33046,-320.614807,52.874107,216.926254,-233.096146,60.293503,260.12323,182.928452,55.406319,223.435532,95.173531,62.65921,370.572571,62.537178,107.105148,310.274902,7.01131,497.92749
204,0,244.938019,-233.562073,1015.94104,255.529678,70.579681,1008.699524,455.031891,-126.234352,1057.495483,458.935181,-50.327099,1054.129883,303.328033,-265.329071,532.157776,377.887451,-301.757965,95.231926,429.320221,-260.399231,71.893517,308.847595,99.620712,519.173462,389.857239,149.173187,105.116364,438.204041,97.098328,81.570786,306.731842,-157.148849,508.58371,362.030182,-213.896683,104.27951,244.338669,-320.610931,52.838806,216.921967,-233.087509,60.311031,260.12738,182.956619,55.417126,223.446289,95.181129,62.680767,370.592133,62.539116,107.101692,310.243805,7.023647,497.909882
205,0,244.916122,-233.525253,1015.931702,255.433472,70.592743,1008.682251,454.896667,-126.200928,1057.490845,458.834259,-50.276974,1054.146851,303.327087,-265.315308,532.184509,377.868011,-301.777435,95.281761,429.328674,-260.381592,71.91021,308.800842,99.643471,519.177246,389.864136,149.193451,105.102135,438.229004,97.092407,81.612846,306.708801,-157.15799,508.591064,362.032379,-213.890549,104.289253,244.329254,-320.621765,52.86972,216.928574,-233.084137,60.302483,260.101288,182.96019,55.429752,223.442871,95.181862,62.675201,370.60321,62.547153,107.111397,310.193604,7.028275,497.946777
206,0,244.8255,-233.528534,1015.945435,255.37854,70.588409,1008.682129,454.916046,-126.161423,1057.488403,458.837341,-50.258625,1054.139648,303.322693,-265.326233,532.160889,377.882477,-301.783173,95.243904,429.332001,-260.551514,71.867905,308.796417,99.658943,519.181641,389.866211,149.192947,105.104263,438.236786,97.092079,81.57975,306.69339,-157.110641,508.588837,362.008057,-213.890808,104.290245,244.332062,-320.600189,52.83046,216.925461,-233.088699,60.286835,260.119049,182.948257,55.39642,223.450714,95.177078,62.666805,370.581696,62.550663,107.132706,310.147278,7.030789,497.948486
207,0,244.965424,-233.388596,1015.966919,255.295868,70.60173,1008.655762,454.834473,-126.193909,1057.47998,458.75769,-50.243565,1054.123535,303.307831,-265.361084,532.161865,377.869202,-301.794189,95.246826,429.329376,-260.51059,71.905663,308.768951,99.670067,519.169678,389.862305,149.200836,105.109871,438.209778,97.065292,81.552231,306.68222,-157.120895,508.579498,361.993439,-213.917923,104.294289,244.327621,-320.620544,52.836201,216.935226,-233.100037,60.292042,260.126984,182.938705,55.403587,223.450897,95.163139,62.666157,370.610626,62.549809,107.083847,310.161652,7.054966,497.93689
208,0,244.837173,-233.448669,1015.959167,255.219254,70.595924,1008.64386,454.741791,-126.140045,1057.458374,458.679962,-50.217709,1054.127197,303.340393,-265.326599,532.154663,377.885895,-301.806427,95.27494,429.309509,-260.54068,71.883949,308.740479,99.675835,519.166016,389.858765,149.205017,105.094536,438.180511,97.068687,81.548347,306.633728,-157.105515,508.572235,362.019409,-213.896591,104.286469,244.326416,-320.625061,52.846184,216.939224,-233.115265,60.289589,260.16098,182.934509,55.392208,223.439224,95.178658,62.662117,370.620422,62.553562,107.114296,310.144714,7.055622,497.940826
209,0,244.742599,-233.456039,1015.974731,255.143677,70.618149,1008.633972,454.736755,-126.079605,1057.498779,458.60553,-50.198742,1054.112915,303.305481,-265.328705,532.156494,377.860291,-301.792847,95.267624,429.42865,-260.612488,71.95063,308.721802,99.675484,519.146118,389.863586,149.203033,105.091614,438.202148,97.087654,81.524658,306.670624,-157.117874,508.566498,362.027832,-213.885132,104.311424,244.327545,-320.628784,52.834118,216.942474,-233.103149,60.298534,260.133881,182.929428,55.421101,223.437805,95.173569,62.660351,370.558441,62.534855,107.115616,310.113739,7.048625,497.927063
210,0,244.883759,-233.317719,1015.907776,255.084335,70.63063,1008.607605,454.630463,-126.07618,1057.488037,458.586517,-50.140381,1054.136353,303.292877,-265.329346,532.147888,377.88446,-301.79715,95.269722,429.327637,-260.422729,71.885506,308.703308,99.677132,519.143433,389.841339,149.141052,105.040306,438.242676,97.09079,81.557945,306.670715,-157.107269,508.57724,362.031891,-213.895309,104.301979,244.31926,-320.604553,52.847839,216.918488,-233.105118,60.316586,260.116394,182.933838,55.448532,223.440918,95.16996,62.64917,370.555695,62.529198,107.093132,310.113434,7.059523,497.924927
211,0,244.714401,-233.425537,1015.920654,255.026672,70.606598,1008.602844,454.601807,-126.058472,1057.520874,458.548859,-50.089153,1054.139038,303.326202,-265.321899,532.131287,377.871277,-301.827576,95.279427,429.437622,-260.596924,71.939095,308.68634,99.685806,519.127441,389.845337,149.196625,105.100975,438.23877,97.088936,81.509674,306.658997,-157.08429,508.575684,362.028137,-213.912003,104.282372,244.314636,-320.595856,52.841827,216.930573,-233.101135,60.305637,260.140594,182.916382,55.427567,223.44397,95.177422,62.646984,370.591766,62.546917,107.121307,310.116302,7.059892,497.9198
212,0,244.64624,-233.4422,1015.904419,254.948135,70.607895,1008.606567,454.547821,-126.026733,1057.502075,458.483734,-50.092251,1054.13501,303.329712,-265.3414,532.138916,377.863953,-301.809631,95.230316,429.341095,-260.559265,71.887398,308.67337,99.700836,519.155579,389.802704,149.120575,105.037521,438.223083,97.092216,81.518265,306.666473,-157.077759,508.57019,362.032227,-213.893753,104.321106,244.331955,-320.614014,52.860302,216.949051,-233.115417,60.302483,260.132904,182.923965,55.398689,223.457108,95.160759,62.629536,370.605042,62.534348,107.133133,310.092926,7.050947,497.933868
213,0,244.664032,-233.442535,1015.854736,254.911392,70.599899,1008.613342,454.561157,-125.98851,1057.515137,458.43338,-50.068314,1054.171631,303.310669,-265.304504,532.153198,377.89325,-301.814758,95.243065,429.325562,-260.441742,71.868073,308.641876,99.716637,519.155029,389.857605,149.219223,105.101578,438.217712,97.084389,81.577072,306.626801,-156.997772,508.567444,362.04245,-213.901138,104.296783,244.326218,-320.623474,52.862049,216.942947,-233.112381,60.292629,260.132477,182.931427,55.406921,223.422913,95.17112,62.637737,370.61557,62.55003,107.092514,310.097412,7.085156,497.925873
214,0,244.656265,-233.452057,1015.831848,254.866776,70.630783,1008.625244,454.509369,-125.958786,1057.526245,458.411041,-50.026283,1054.203979,303.279022,-265.272308,532.146057,377.877594,-301.785187,95.270767,429.428772,-260.601044,71.958023,308.613464,99.703972,519.145386,389.827454,149.158569,105.032501,438.209137,97.081299,81.570763,306.619019,-157.030594,508.557495,362.025391,-213.897049,104.284966,244.318207,-320.608673,52.885918,216.94191,-233.106689,60.314835,260.142822,182.937653,55.442989,223.438171,95.171829,62.638893,370.603485,62.54092,107.095467,310.067291,7.076212,497.904938
215,0,244.617081,-233.440979,1015.835876,254.841537,70.613121,1008.634338,454.463867,-125.95192,1057.542725,458.40213,-50.011471,1054.199097,303.286865,-265.272156,532.146606,377.886444,-301.789032,95.277512,429.448425,-260.592926,71.976082,308.599487,99.713455,519.131958,389.812195,149.140915,105.037132,438.211304,97.081551,81.55368,306.665771,-157.05043,508.57074,362.006622,-213.889801,104.281563,244.3078,-320.604004,52.850365,216.939438,-233.107498,60.310612,260.143585,182.945511,55.440521,223.435822,95.173363,62.628677,370.609222,62.56617,107.103508,310.059814,7.076201,497.917084
216,0,244.536957,-233.465118,1015.825134,254.751419,70.72271,1008.639587,454.437836,-125.973183,1057.554199,458.351715,-49.983303,1054.218628,303.281616,-265.250641,532.134949,377.906158,-301.782959,95.269676,429.440613,-260.585846,71.963181,308.599976,99.717522,519.135071,389.80899,149.151627,105.027039,438.211639,97.080551,81.513535,306.625763,-157.018066,508.556183,362.0177,-213.904236,104.274582,244.320114,-320.59201,52.838017,216.943115,-233.097839,60.30434,260.12619,182.965927,55.425598,223.446213,95.172546,62.614971,370.579865,62.547596,107.095314,310.022308,7.075095,497.91037
217,0,244.540375,-233.446594,1015.794861,254.719498,70.748062,1008.617493,454.405365,-125.954208,1057.569824,458.345917,-49.990673,1054.242798,303.274017,-265.266693,532.110168,377.878662,-301.773743,95.268082,429.417114,-260.554077,71.969467,308.582825,99.724953,519.134277,389.821136,149.138474,105.025803,438.235565,97.094368,81.528671,306.618439,-157.022491,508.558746,362.006805,-213.868835,104.280403,244.33696,-320.638275,52.844685,216.935272,-233.103729,60.296513,260.124054,182.934784,55.436977,223.430801,95.153671,62.596695,370.617828,62.560738,107.08152,310.033661,7.081282,497.894958
218,0,244.663528,-233.321228,1015.762085,254.681915,70.763351,1008.632324,454.382416,-125.940117,1057.563477,458.302887,-50.016605,1054.213379,303.301392,-265.293274,532.133728,377.843872,-301.791687,95.235374,429.2995,-260.495361,71.881874,308.599731,99.740028,519.113403,389.814941,149.12529,105.009117,438.289032,97.132217,81.565041,306.648865,-156.999527,508.560547,362.037018,-213.885162,104.280182,244.335373,-320.603424,52.856087,216.939301,-233.109818,60.296276,260.157227,182.95047,55.420906,223.43457,95.164864,62.594337,370.638336,62.56842,107.079567,310.026672,7.104426,497.888306
219,0,244.552765,-233.402924,1015.746704,254.666382,70.767876,1008.59906,454.335297,-125.937622,1057.623413,458.262482,-49.977577,1054.243774,303.305481,-265.283875,532.148132,377.917053,-301.778503,95.298058,429.322662,-260.406799,71.89035,308.602203,99.716393,519.126892,389.812592,149.12175,105.025452,438.253723,97.092537,81.513046,306.655609,-157.006714,508.533783,362.021362,-213.876404,104.290451,244.332275,-320.629333,52.871967,216.953751,-233.105133,60.320919,260.12085,182.916306,55.43573,223.435532,95.164108,62.580021,370.620667,62.563515,107.070946,310.04599,7.0817,497.868256
220,0,244.469955,-233.398743,1015.751465,254.622665,70.794357,1008.587952,454.331421,-125.937012,1057.617798,458.268524,-49.960045,1054.26001,303.336517,-265.274445,532.125427,377.898682,-301.768372,95.278862,429.443359,-260.468689,71.948402,308.601715,99.724037,519.119324,389.813202,149.136261,105.025818,438.283691,97.11084,81.5924,306.664093,-157.00145,508.545868,362.022614,-213.871414,104.291283,244.31778,-320.603943,52.865585,216.920029,-233.091599,60.311031,260.074402,182.929611,55.443104,223.424255,95.148232,62.572643,370.587006,62.529625,107.090691,310.039642,7.094133,497.885712
221,0,244.482803,-233.379807,1015.732178,254.59462,70.841087,1008.572937,454.284912,-125.930283,1057.630615,458.208191,-49.96175,1054.269287,303.332214,-265.285675,532.13916,377.887085,-301.773712,95.265762,429.333191,-260.393585,71.891586,308.608093,99.718102,519.120911,389.801147,149.142776,105.001045,438.240875,97.102173,81.535416,306.676117,-156.964249,508.528839,361.995178,-213.884827,104.289093,244.337891,-320.636902,52.842133,216.94989,-233.104202,60.303673,260.144531,182.916367,55.418552,223.436966,95.146431,62.544613,370.638367,62.550694,107.068794,310.033142,7.073934,497.874451
222,0,244.475861,-233.387558,1015.737427,254.56575,70.866394,1008.550293,454.299103,-125.900421,1057.645874,458.195984,-49.926121,1054.263062,303.350159,-265.285858,532.113342,377.929871,-301.771271,95.297798,429.452454,-260.610107,71.921387,308.647614,99.715622,519.108215,389.821014,149.150513,104.997162,438.237061,97.095032,81.545174,306.703796,-156.996506,508.541718,362.028748,-213.865646,104.291084,244.353058,-320.61972,52.861298,216.940552,-233.111069,60.30011,260.134552,182.929535,55.399788,223.424301,95.141258,62.547363,370.623108,62.549168,107.06842,310.086761,7.089378,497.878571
223,0,244.467651,-233.364517,1015.740967,254.546188,70.861092,1008.538696,454.226471,-125.889938,1057.642944,458.159851,-49.946312,1054.278809,303.355835,-265.279938,532.122559,377.932159,-301.759796,95.289391,429.474487,-260.478088,71.923416,308.628967,99.730995,519.101746,389.84967,149.228226,105.089493,438.274048,97.108185,81.537971,306.658752,-156.973022,508.509155,362.043304,-213.88887,104.278992,244.333786,-320.611908,52.847263,216.956787,-233.10466,60.300907,260.188873,182.916214,55.415356,223.42836,95.130669,62.533535,370.646271,62.528164,107.084839,310.111572,7.080716,497.87265
224,0,244.386566,-233.367813,1015.73053,254.480545,70.88903,1008.523132,454.217316,-125.896301,1057.670654,458.15741,-49.909969,1054.323975,303.341553,-265.281982,532.135132,377.898438,-301.809509,95.302475,429.453644,-260.493286,71.934242,308.629089,99.75145,519.098877,389.817993,149.12114,105.008286,438.204926,97.065788,81.501831,306.68222,-156.981277,508.533783,362.043488,-213.842773,104.283241,244.303482,-320.60141,52.86451,216.948029,-233.115875,60.31427,260.142303,182.939789,55.438442,223.425568,95.136383,62.537758,370.662354,62.5481,107.077538,310.074921,7.097636,497.86499
225,0,244.430725,-233.345932,1015.727173,254.459625,70.889313,1008.520264,454.224304,-125.865158,1057.692627,458.161133,-49.891094,1054.340576,303.319763,-265.293335,532.108032,377.913757,-301.78598,95.298882,429.345123,-260.392761,71.888138,308.63559,99.74057,519.098083,389.843018,149.162888,105.01989,438.234314,97.094872,81.542183,306.647339,-156.947723,508.523529,362.037231,-213.870941,104.305824,244.338776,-320.628571,52.854725,216.95195,-233.109268,60.310963,260.127655,182.909943,55.421745,223.419952,95.135445,62.546902,370.659668,62.549522,107.069885,310.100983,7.0781,497.85495
226,0,244.347748,-233.379333,1015.722778,254.423386,70.914894,1008.504517,454.161682,-125.874428,1057.702881,458.100769,-49.87846,1054.359375,303.360626,-265.27301,532.131592,377.876678,-301.785797,95.286575,429.447479,-260.492828,71.9179,308.648804,99.755371,519.092407,389.846588,149.231277,105.078873,438.236328,97.102791,81.510811,306.680481,-157.039124,508.525787,362.007355,-213.877762,104.287361,244.337387,-320.609741,52.84874,216.951691,-233.106857,60.306923,260.142639,182.934006,55.450901,223.41185,95.12822,62.515751,370.611145,62.525669,107.101212,310.111206,7.082591,497.840485
227,0,244.364517,-233.387024,1015.70282,254.388687,70.910301,1008.510681,454.16098,-125.820335,1057.702148,458.09433,-49.849979,1054.391113,303.358093,-265.277435,532.128418,377.875702,-301.789734,95.269325,429.452606,-260.612122,71.965012,308.653748,99.760902,519.10022,389.822174,149.157074,105.020775,438.261017,97.097786,81.497856,306.702209,-156.997986,508.533234,362.045502,-213.854584,104.303482,244.333298,-320.624664,52.86306,216.962326,-233.100433,60.299946,260.070282,182.989807,55.509647,223.390701,95.117828,62.513233,370.637634,62.530346,107.110184,310.130615,7.105576,497.860016
228,0,244.353928,-233.391037,1015.687134,254.352753,70.929878,1008.487366,454.125488,-125.845093,1057.749634,458.048676,-49.860233,1054.364502,303.341553,-265.302673,532.120422,377.901733,-301.785858,95.271202,429.323029,-260.493713,71.904976,308.674896,99.767204,519.094788,389.860443,149.211395,105.090736,438.247467,97.108513,81.53904,306.681488,-156.963913,508.511017,362.023529,-213.863022,104.308426,244.340454,-320.628174,52.819088,216.967331,-233.112625,60.312187,260.126251,182.930786,55.456696,223.409088,95.119003,62.495922,370.65387,62.548519,107.076454,310.109741,7.114774,497.853851
229,0,244.320297,-233.406708,1015.685425,254.30986,70.929619,1008.491882,454.062164,-125.862625,1057.75354,458.010651,-49.853493,1054.378052,303.366241,-265.288879,532.120483,377.878021,-301.797333,95.285667,429.303925,-260.491394,71.900978,308.674316,99.785255,519.11261,389.864014,149.225327,105.094673,438.300903,97.130852,81.542831,306.703064,-157.026749,508.541107,362.036743,-213.874023,104.303856,244.337036,-320.610229,52.835678,216.951523,-233.125214,60.323494,260.142792,182.949448,55.449249,223.394241,95.127876,62.525005,370.649689,62.555538,107.09449,310.11264,7.093771,497.862457
230,0,244.308289,-233.393051,1015.687134,254.284805,70.916817,1008.483276,454.104126,-125.79052,1057.75354,457.994965,-49.848389,1054.4104,303.390289,-265.296448,532.117615,377.878876,-301.797821,95.26181,429.326447,-260.394714,71.872162,308.669403,99.779434,519.102783,389.847595,149.208359,105.087021,438.269135,97.108833,81.509621,306.716095,-156.981522,508.535095,362.030914,-213.913727,104.310509,244.332352,-320.633667,52.872196,216.951202,-233.118378,60.321331,260.088135,182.948242,55.479828,223.419922,95.121201,62.500984,370.641083,62.542938,107.110992,310.127045,7.094614,497.85965
231,0,244.273514,-233.423203,1015.675049,254.231537,70.901512,1008.489014,454.049133,-125.847397,1057.789551,457.96814,-49.836685,1054.448242,303.391937,-265.308014,532.118774,377.896362,-301.786591,95.281136,429.331818,-260.494446,71.905457,308.674316,99.777641,519.105957,389.826477,149.122253,105.008461,438.299042,97.122948,81.555946,306.733856,-157.022385,508.542175,362.044006,-213.8853,104.307549,244.343796,-320.628906,52.847065,216.963669,-233.108826,60.318924,260.139313,182.93721,55.461002,223.398193,95.123535,62.501682,370.665924,62.545597,107.094986,310.119415,7.099511,497.858368
232,0,244.240036,-233.444489,1015.671875,254.193787,70.913033,1008.502869,454.035614,-125.827614,1057.789307,457.93515,-49.853531,1054.426147,303.428192,-265.293976,532.115601,377.894501,-301.80188,95.269691,429.344177,-260.513214,71.887383,308.670258,99.761971,519.094177,389.830688,149.095871,105.017372,438.278656,97.099022,81.558258,306.745758,-156.9888,508.534912,362.025299,-213.899979,104.30513,244.327682,-320.633392,52.853218,216.948959,-233.115067,60.304497,260.093842,182.987869,55.521057,223.39325,95.109222,62.467319,370.639191,62.536121,107.124931,310.10025,7.072989,497.862946
233,0,244.243942,-233.42984,1015.677673,254.169113,70.880966,1008.482605,453.957886,-125.863029,1057.826416,457.916321,-49.829842,1054.430786,303.448029,-265.328125,532.140198,377.900604,-301.788544,95.269852,429.354553,-260.546539,71.899048,308.622528,99.737984,519.081543,389.869965,149.189133,105.094788,438.240051,97.097443,81.542793,306.799103,-157.021896,508.528351,362.034424,-213.895264,104.293976,244.335724,-320.626221,52.812344,216.95813,-233.10582,60.318558,260.106323,182.933044,55.457733,223.396103,95.122612,62.477608,370.674805,62.54792,107.075119,310.100891,7.061739,497.840881
234,0,244.212143,-233.408295,1015.669678,254.144943,70.896378,1008.482239,453.943665,-125.85643,1057.824097,457.896881,-49.824459,1054.466797,303.510559,-265.324646,532.132812,377.901062,-301.764801,95.265511,429.350372,-260.509064,71.898544,308.597076,99.756744,519.092773,389.846313,149.189697,105.097839,438.265015,97.074615,81.550507,306.814789,-156.982208,508.537994,362.035431,-213.93071,104.286896,244.356827,-320.626556,52.858627,216.945679,-233.112396,60.320034,260.143921,182.932846,55.459972,223.393402,95.106209,62.456192,370.639465,62.517494,107.11145,310.085449,7.083763,497.833282
235,0,244.131485,-233.431717,1015.684814,254.087631,70.906693,1008.484863,453.911285,-125.848412,1057.830811,457.879639,-49.822147,1054.478638,303.518738,-265.318695,532.139832,377.929535,-301.772278,95.30513,429.345581,-260.504486,71.917931,308.587006,99.734543,519.084534,389.866364,149.184387,105.100395,438.265411,97.096252,81.517662,306.783752,-157.016602,508.519409,362.059845,-213.868088,104.303871,244.332855,-320.637299,52.843174,216.930984,-233.116135,60.336365,260.123322,182.930603,55.45129,223.385391,95.10659,62.477406,370.675323,62.523029,107.107841,310.066498,7.049649,497.845306
236,0,244.166,-233.391403,1015.648743,254.065247,70.901939,1008.501282,453.922882,-125.823318,1057.850952,457.857361,-49.792156,1054.498535,303.54776,-265.317932,532.13147,377.886078,-301.790161,95.278946,429.357483,-260.410522,71.879417,308.540161,99.763687,519.102417,389.861145,149.177322,105.090721,438.243378,97.051544,81.547913,306.856537,-157.035446,508.529297,362.039307,-213.890228,104.312683,244.328033,-320.614777,52.851803,216.948242,-233.117142,60.318233,260.094635,182.946396,55.477322,223.401199,95.108894,62.472012,370.625336,62.526352,107.11898,310.025299,7.052743,497.858765
237,0,244.154373,-233.372604,1015.640625,254.059113,70.924385,1008.50293,453.939453,-125.787247,1057.871094,457.806274,-49.825439,1054.482666,303.579071,-265.317474,532.124817,377.892181,-301.761902,95.284851,429.345673,-260.39566,71.875916,308.52005,99.752914,519.100586,389.800385,149.108337,105.036606,438.341339,97.110802,81.604568,306.909851,-157.034576,508.511536,362.050812,-213.840576,104.313843,244.328613,-320.616882,52.842548,216.955261,-233.122391,60.318325,260.114868,182.914093,55.456451,223.374069,95.105179,62.464935,370.669312,62.538372,107.095619,309.977997,7.055865,497.848175
238,0,244.137146,-233.368607,1015.623596,254.031693,70.923111,1008.492249,453.887177,-125.803154,1057.844482,457.796082,-49.794926,1054.518921,303.597229,-265.319916,532.086609,377.896454,-301.809479,95.274223,429.361969,-260.510437,71.898041,308.478485,99.740669,519.102783,389.845551,149.179443,105.099503,438.313812,97.108032,81.593033,306.875641,-157.000626,508.516022,362.047913,-213.872955,104.318039,244.332352,-320.622406,52.864765,216.954819,-233.127533,60.305775,260.130585,182.924637,55.448299,223.386581,95.096619,62.457733,370.661774,62.516621,107.125572,309.961304,7.059937,497.844116
239,0,244.059509,-233.393341,1015.656128,253.997894,70.956078,1008.492371,453.885559,-125.773384,1057.860596,457.759216,-49.737473,1054.518433,303.613464,-265.335571,532.099792,377.921143,-301.799957,95.303383,429.368866,-260.499115,71.918564,308.430176,99.764771,519.094971,389.801819,149.100616,105.026016,438.315704,97.105591,81.561317,306.891418,-156.993423,508.501465,362.035553,-213.89212,104.301071,244.352219,-320.611206,52.851322,216.965179,-233.125381,60.324738,260.149353,182.923935,55.448399,223.384171,95.102783,62.482758,370.674927,62.540382,107.097565,309.931183,7.044676,497.843781
240,0,244.171875,-233.331192,1015.639771,253.946609,70.970528,1008.482666,453.814087,-125.801712,1057.918213,457.748779,-49.751865,1054.541992,303.593445,-265.327484,532.13147,377.914276,-301.792511,95.299812,429.458099,-260.569489,71.965111,308.390625,99.75502,519.091309,389.810425,149.089508,105.029709,438.27948,97.081963,81.577103,306.92334,-157.005585,508.500153,362.047363,-213.890015,104.308052,244.350342,-320.6315,52.864014,216.962952,-233.118561,60.347092,260.151306,182.930298,55.444485,223.386505,95.079269,62.470215,370.639557,62.513626,107.125473,309.880249,7.072968,497.847687
241,0,244.070938,-233.365143,1015.636353,253.939362,70.981148,1008.471985,453.785004,-125.756386,1057.894775,457.70755,-49.716591,1054.564453,303.645905,-265.297241,532.14563,377.914001,-301.789093,95.302864,429.440735,-260.551453,71.995743,308.386261,99.784042,519.092529,389.801514,149.097717,105.037384,438.27243,97.092972,81.597496,306.928223,-156.977646,508.52478,362.046661,-213.87294,104.312614,244.345657,-320.639648,52.837337,216.955383,-233.134293,60.340572,260.150452,182.910919,55.454079,223.370941,95.079414,62.475903,370.640869,62.512836,107.078751,309.866821,7.085363,497.850372
242,0,244.131287,-233.351135,1015.61377,253.891556,70.972122,1008.473755,453.786377,-125.743896,1057.918213,457.711365,-49.717106,1054.536743,303.642639,-265.346283,532.121521,377.899536,-301.792999,95.272995,429.436859,-260.571136,71.952789,308.338806,99.762581,519.089355,389.782257,149.087372,105.03698,438.310974,97.079475,81.571266,306.926819,-156.991425,508.530487,362.022583,-213.895248,104.296471,244.361923,-320.665741,52.842575,216.959457,-233.13649,60.315502,260.159637,182.914612,55.431412,223.38063,95.047813,62.469688,370.663208,62.521942,107.107033,309.836884,7.089269,497.860199
243,0,244.086426,-233.375534,1015.599487,253.848679,70.978355,1008.462097,453.731323,-125.741707,1057.942993,457.65274,-49.682728,1054.567017,303.695831,-265.34491,532.116943,377.914429,-301.798126,95.261497,429.346619,-260.513794,71.913895,308.310608,99.768219,519.09668,389.843353,149.161362,105.1054,438.260437,97.069153,81.587143,306.892334,-157.003326,508.509705,362.038147,-213.837128,104.316383,244.364807,-320.638947,52.816216,216.961578,-233.140472,60.316162,260.158569,182.906357,55.433575,223.391541,95.060867,62.46352,370.611267,62.514923,107.101273,309.784943,7.101399,497.870789
244,0,244.062195,-233.39621,1015.611633,253.801788,70.986473,1008.455139,453.692535,-125.701607,1057.967773,457.599609,-49.672638,1054.560059,303.678894,-265.331329,532.141663,377.907532,-301.766327,95.282486,429.358856,-260.372589,71.896149,308.284271,99.782249,519.082458,389.848816,149.166168,105.103477,438.271576,97.078041,81.552399,306.942413,-157.003296,508.512604,362.056,-213.865219,104.315926,244.362564,-320.635834,52.833782,216.95723,-233.132645,60.329983,260.141754,182.892975,55.426544,223.386322,95.088562,62.474255,370.646179,62.512787,107.123116,309.749847,7.076088,497.867737
245,0,244.040421,-233.411469,1015.61261,253.769928,70.954712,1008.440491,453.68045,-125.691193,1057.963013,457.592651,-49.610741,1054.581543,303.68512,-265.314178,532.139648,377.908325,-301.775146,95.285835,429.335938,-260.461731,71.911041,308.245331,99.77459,519.071716,389.845825,149.156525,105.112556,438.299866,97.078835,81.534752,306.908478,-156.988968,508.51297,362.026184,-213.881958,104.286919,244.342224,-320.624084,52.871658,216.958832,-233.128098,60.325218,260.151215,182.943893,55.480625,223.377029,95.110298,62.475639,370.670502,62.518879,107.096672,309.720062,7.078094,497.869995
246,0,244.078384,-233.388245,1015.595093,253.720932,70.947174,1008.424133,453.64151,-125.674187,1057.963623,457.536407,-49.600391,1054.587158,303.672058,-265.316833,532.134521,377.909607,-301.789581,95.276726,429.459045,-260.572632,71.963493,308.18512,99.765137,519.079041,389.787048,149.05864,105.029022,438.298889,97.064224,81.617836,306.944183,-157.057068,508.522736,362.01062,-213.881607,104.312096,244.342178,-320.625275,52.86356,216.952957,-233.133041,60.339737,260.178406,182.899689,55.411873,223.384232,95.092888,62.446243,370.636261,62.499783,107.107185,309.687225,7.061954,497.869568
247,0,244.037994,-233.417755,1015.586487,253.694855,70.93821,1008.419067,453.661865,-125.624641,1057.961426,457.502594,-49.622257,1054.580811,303.686157,-265.355682,532.117981,377.89856,-301.774994,95.279739,429.351715,-260.498688,71.902229,308.146423,99.77388,519.072327,389.826263,149.125473,105.098175,438.245056,97.015808,81.576485,306.965271,-157.026077,508.512024,362.019806,-213.852722,104.309753,244.364136,-320.638123,52.835068,216.956497,-233.136063,60.318951,260.153137,182.909363,55.433758,223.39653,95.108978,62.444866,370.646667,62.493858,107.111351,309.657715,7.030763,497.857452
248,0,244.040497,-233.40921,1015.595703,253.635849,70.935356,1008.434387,453.648041,-125.630569,1057.971802,457.479553,-49.59132,1054.585815,303.70282,-265.344849,532.112976,377.898346,-301.790955,95.272636,429.477661,-260.583282,71.964272,308.081696,99.775902,519.078857,389.820007,149.155655,105.124229,438.313995,97.074326,81.654907,306.890503,-156.985886,508.481934,362.037964,-213.869827,104.31675,244.354034,-320.656342,52.852524,216.961288,-233.131149,60.333256,260.165802,182.880234,55.440334,223.37529,95.120499,62.434868,370.627045,62.483704,107.111549,309.600372,7.057838,497.849457
249,0,244.025879,-233.413467,1015.60022,253.583374,70.918388,1008.444458,453.558777,-125.635254,1057.973267,457.456909,-49.57436,1054.584351,303.699097,-265.334778,532.125793,377.94693,-301.797852,95.300735,429.33728,-260.507843,71.915482,308.044708,99.779167,519.065002,389.822998,149.14476,105.098915,438.238129,97.038834,81.637688,306.95166,-157.033005,508.506073,362.040222,-213.878281,104.324142,244.350403,-320.642883,52.832569,216.957016,-233.129059,60.327667,260.149231,182.912888,55.454594,223.365677,95.112778,62.420273,370.638306,62.515156,107.102821,309.575043,7.082452,497.855438
