,,Lowerbody:LIAS,,,Lowerbody:RIAS,,,Lowerbody:LIPS,,,Lowerbody:RIPS,,,Lowerbody:LFLE,,,Lowerbody:LFAL,,,Lowerbody:LFCC,,,Lowerbody:RFLE,,,Lowerbody:RFAL,,,Lowerbody:RFCC,,,Lowerbody:LFME,,,Lowerbody:LTAM,,,Lowerbody:LFM5,,,Lowerbody:LFM1,,,Lowerbody:RFM5,,,Lowerbody:RFM1,,,Lowerbody:RTAM,,,Lowerbody:RFME,,
1,0,227.778839,-230.778488,1014.540405,255.521454,73.307632,1019.614075,447.046478,-139.642517,1049.266846,453.607544,-57.624493,1047.400269,294.337982,-252.78186,517.531006,383.796844,-290.34433,96.80191,431.18399,-243.550079,74.162468,310.641663,96.865753,522.339661,386.017212,141.451218,108.057884,432.033691,88.50631,85.451866,316.146576,-165.090225,506.96225,357.047791,-199.912079,110.896584,252.817505,-321.580536,53.828857,217.268219,-237.825928,62.118004,256.937256,178.352386,57.369389,217.245987,92.741058,63.789158,364.348541,57.331669,108.02652,310.287964,5.21487,501.239136
2,0,227.790222,-230.792679,1014.53009,255.52803,73.305885,1019.59906,447.084412,-139.683716,1049.307373,453.616486,-57.629444,1047.405273,294.212677,-252.805862,517.574524,383.801025,-290.317383,96.783157,431.191803,-243.576202,74.152618,310.636292,96.869186,522.354736,386.028137,141.464386,108.050194,432.062164,88.531464,85.477371,316.15152,-165.154831,506.981537,357.072052,-199.979996,110.913643,252.805984,-321.596252,53.810822,217.261124,-237.816666,62.11832,256.907654,178.347702,57.413582,217.248611,92.733521,63.818344,364.387604,57.286354,108.058105,310.319214,5.22676,501.221344
3,0,228.226883,-230.646851,1014.750366,255.580521,73.284538,1019.587402,447.091339,-139.703583,1049.303345,453.643829,-57.641567,1047.41626,294.316315,-252.823181,517.509033,383.779755,-290.334473,96.782318,431.194733,-243.593216,74.152107,310.642395,96.861542,522.348389,386.022522,141.456512,108.059052,432.031647,88.556747,85.468437,316.155273,-165.175858,506.976959,357.103973,-199.955338,110.88546,252.794617,-321.585358,53.809956,217.246567,-237.833252,62.135002,256.872253,178.309998,57.383301,217.231445,92.742188,63.845894,364.370361,57.368671,107.997742,310.311493,5.252766,501.204956
4,0,228.251526,-230.660263,1014.774109,255.597794,73.26033,1019.565125,447.130341,-139.720703,1049.320312,453.681,-57.659969,1047.424927,294.336151,-252.837448,517.599548,383.778809,-290.346954,96.764061,431.218719,-243.603561,74.144165,310.654175,96.831673,522.330322,386.001343,141.451141,108.027756,432.048126,88.545891,85.446335,316.196198,-165.168152,507.012238,357.083862,-199.90889,110.909485,252.812408,-321.589111,53.839329,217.265472,-237.83461,62.115822,256.903748,178.329025,57.38644,217.246002,92.744377,63.847759,364.361633,57.355282,108.010056,310.356781,5.21704,501.22052
5,0,228.278442,-230.702789,1014.787292,255.609512,73.27636,1019.546387,447.145203,-139.712112,1049.325806,453.720093,-57.682281,1047.418335,294.352905,-252.907211,517.552063,383.791626,-290.354431,96.797188,431.182892,-243.576508,74.147697,310.685577,96.836601,522.363037,386.053345,141.455292,108.047142,432.026703,88.563202,85.447601,316.191864,-165.226227,506.98172,357.079163,-199.971237,110.935753,252.808899,-321.586761,53.805424,217.255402,-237.811646,62.119904,256.907196,178.355194,57.400379,217.246872,92.749176,63.844704,364.36615,57.357212,108.015625,310.353027,5.197731,501.206573
6,0,228.30307,-230.708252,1014.793518,255.612488,73.250992,1019.528748,447.1521,-139.71907,1049.349243,453.762695,-57.68927,1047.417114,294.264404,-252.883377,517.586365,383.774048,-290.34317,96.786552,431.216064,-243.591614,74.115784,310.74057,96.837868,522.35022,386.059967,141.452606,108.053833,432.029724,88.568214,85.420891,316.22998,-165.236298,506.986206,357.091125,-200.016357,110.884453,252.794327,-321.577209,53.843838,217.249741,-237.816071,62.126102,256.898285,178.35585,57.380516,217.267151,92.72773,63.82251,364.40451,57.391171,108.012825,310.403625,5.213283,501.213501
7,0,228.337448,-230.726303,1014.827759,255.627213,73.237122,1019.522644,447.152069,-139.695023,1049.392822,453.775208,-57.722385,1047.449585,294.017334,-253.020142,517.488098,383.753754,-290.343964,96.777435,431.251556,-243.647415,74.067154,310.788849,96.812393,522.329712,386.048157,141.452286,108.047722,431.99234,88.542213,85.421791,316.293365,-165.232559,506.960876,357.068512,-200.044128,110.84446,252.828629,-321.573975,53.836555,217.224304,-237.799286,62.104069,256.944489,178.345932,57.408379,217.273956,92.728615,63.809143,364.354523,57.391144,108.003479,310.44223,5.202905,501.209564
8,0,228.343094,-230.741837,1014.828186,255.57959,73.190849,1019.492004,447.151672,-139.686478,1049.430664,453.816101,-57.715366,1047.450562,294.261292,-252.934631,517.552551,383.751434,-290.352509,96.751083,431.238098,-243.649811,74.048782,310.769806,96.796074,522.333496,386.070404,141.454529,108.04866,431.969879,88.535912,85.421982,316.274811,-165.283142,506.964264,357.086273,-200.061569,110.862556,252.807617,-321.575897,53.854301,217.191422,-237.803436,62.098919,256.945648,178.334839,57.391403,217.245407,92.729378,63.82177,364.35907,57.398956,108.025909,310.469879,5.157556,501.17923
9,0,228.401337,-230.790024,1014.85791,255.553253,73.164665,1019.476624,447.165649,-139.683853,1049.468018,453.830902,-57.707367,1047.493774,294.248657,-252.947128,517.5448,383.748993,-290.328644,96.766685,431.232117,-243.648438,74.059608,310.778198,96.772491,522.34668,386.069061,141.446381,108.039299,431.93634,88.5336,85.405769,316.331726,-165.282089,506.947052,357.062164,-200.088837,110.835037,252.78949,-321.56076,53.851749,217.207977,-237.823242,62.114536,256.930237,178.319046,57.414173,217.248856,92.717819,63.801914,364.356049,57.384212,108.008652,310.487701,5.141109,501.174805
10,0,228.423264,-230.790543,1014.879578,255.549911,73.128532,1019.477356,447.148071,-139.678696,1049.491333,453.866211,-57.709614,1047.512085,294.301422,-252.96759,517.574402,383.734528,-290.338745,96.754669,431.215576,-243.661835,74.077492,310.808594,96.745003,522.309509,386.156525,141.147293,107.800781,431.953491,88.543716,85.39653,316.315399,-165.336899,506.919922,357.094543,-200.170517,110.787376,252.786316,-321.570007,53.859142,217.187561,-237.796799,62.10857,256.914032,178.299622,57.371738,217.248306,92.726501,63.842789,364.339966,57.406666,108.011795,310.529816,5.138546,501.173035
11,0,228.475372,-230.827164,1014.878174,255.520615,73.101387,1019.475342,447.182312,-139.668854,1049.517334,453.884857,-57.731422,1047.542847,294.295685,-252.946259,517.546936,383.732239,-290.344208,96.745026,431.220093,-243.612747,74.065689,310.799286,96.742424,522.329651,386.191864,141.17601,107.82959,431.91275,88.545303,85.404594,316.33316,-165.343903,506.942993,357.096375,-200.17923,110.79837,252.812439,-321.574921,53.876465,217.178818,-237.794876,62.122719,256.950958,178.293076,57.389179,217.241608,92.728157,63.819855,364.401764,57.380013,108.022011,310.564911,5.091895,501.181549
12,0,228.486389,-230.849792,1014.86554,255.505112,73.076591,1019.457458,447.174957,-139.669739,1049.561279,453.910614,-57.72179,1047.53833,294.26358,-252.984283,517.544006,383.7453,-290.314606,96.736771,431.261139,-243.631317,74.018517,310.806213,96.719681,522.342102,386.109283,141.428299,108.051781,431.899445,88.516502,85.400406,316.370239,-165.338547,506.931122,357.102081,-200.25351,110.779182,252.796021,-321.53894,53.81609,217.170029,-237.796127,62.098938,256.953369,178.338837,57.392757,217.283539,92.715256,63.829945,364.421478,57.385128,108.039871,310.58847,5.111261,501.175812
13,0,228.535324,-230.898041,1014.870056,255.471802,73.041809,1019.477722,447.181183,-139.669266,1049.587524,453.912354,-57.712406,1047.584717,294.241364,-253.004105,517.549377,383.729858,-290.309814,96.734398,431.236572,-243.66571,74.013992,310.816345,96.704445,522.303894,386.176422,141.19397,107.838226,431.862518,88.533028,85.375565,316.382263,-165.353531,506.9133,357.10025,-200.24379,110.803703,252.798355,-321.544495,53.860168,217.161545,-237.810867,62.107109,256.95874,178.32431,57.354877,217.255402,92.703964,63.845768,364.354767,57.437286,107.992096,310.577972,5.079211,501.180359
14,0,228.552246,-230.924759,1014.868591,255.439407,73.013512,1019.483704,447.166077,-139.667953,1049.606689,453.925964,-57.711365,1047.582031,294.223297,-252.998047,517.575256,383.728485,-290.284698,96.74601,431.267456,-243.653091,74.00103,310.811615,96.705322,522.321167,386.115997,141.446732,108.063728,431.861572,88.558502,85.393799,316.369141,-165.381821,506.928436,357.082153,-200.215286,110.764046,252.774384,-321.541168,53.876884,217.161942,-237.797043,62.128937,256.968079,178.332397,57.404789,217.26329,92.694206,63.840622,364.378204,57.410164,108.028725,310.601227,5.088567,501.168915
15,0,228.580002,-230.921417,1014.866577,255.391037,72.945671,1019.46344,447.195526,-139.661865,1049.611206,453.941376,-57.704857,1047.587769,294.216705,-252.995438,517.542419,383.714569,-290.301575,96.731728,431.250244,-243.622604,73.994873,310.808533,96.699844,522.351135,386.129517,141.420349,108.028664,431.862549,88.536156,85.368233,316.379303,-165.398239,506.954071,357.071289,-200.277695,110.777596,252.782547,-321.533691,53.852955,217.177109,-237.798019,62.103397,256.957367,178.284958,57.351482,217.264374,92.683784,63.855381,364.372528,57.395367,108.023827,310.611542,5.054885,501.141968
16,0,228.615265,-230.944992,1014.853149,255.39386,72.943741,1019.469604,447.201752,-139.648148,1049.627319,453.977448,-57.736336,1047.574219,294.312408,-253.010696,517.546753,383.712891,-290.303925,96.715904,431.23172,-243.65062,74.024818,310.831146,96.684784,522.303589,386.118591,141.404556,108.028397,431.884491,88.510551,85.404419,316.427612,-165.399673,506.918976,357.102051,-200.258362,110.766251,252.833542,-321.580505,53.867973,217.128586,-237.7771,62.101925,256.949127,178.301468,57.415195,217.309174,92.687157,63.839436,364.385376,57.397449,108.011719,310.63855,5.050629,501.15329
17,0,228.621872,-230.948959,1014.846558,255.39949,72.94397,1019.48822,447.246338,-139.656631,1049.624268,453.956085,-57.698315,1047.623047,294.341431,-253.002014,517.554871,383.726959,-290.294281,96.726471,431.21936,-243.638153,74.025101,310.814758,96.694824,522.321655,386.103424,141.402252,108.035316,431.929901,88.506874,85.435936,316.473328,-165.382187,506.903168,357.074341,-200.252762,110.781921,252.784103,-321.570618,53.874043,217.126892,-237.786743,62.102863,256.899353,178.321243,57.405987,217.260727,92.707626,63.842796,364.388824,57.423187,108.015404,310.603027,5.062667,501.146027
18,0,228.662476,-230.974426,1014.849182,255.40564,72.916344,1019.502625,447.218048,-139.657806,1049.628296,453.960907,-57.701565,1047.569458,294.366272,-253.056519,517.54303,383.735901,-290.311523,96.761757,431.234314,-243.632126,74.015175,310.812531,96.685974,522.333679,386.096924,141.44783,108.048607,431.82309,88.521896,85.352608,316.472198,-165.403275,506.902466,357.132996,-200.283371,110.763268,252.80162,-321.555023,53.873966,217.177536,-237.808441,62.128544,256.931702,178.35881,57.383091,217.265198,92.727821,63.832047,364.349701,57.437107,107.997505,310.553284,5.001221,501.140045
19,0,228.664459,-230.9767,1014.862427,255.387848,72.915428,1019.486755,447.246216,-139.641495,1049.610229,453.953064,-57.695862,1047.550415,294.376129,-253.037399,517.56958,383.733887,-290.304413,96.751541,431.273254,-243.626694,74.04184,310.752838,96.700531,522.340454,386.146759,141.169693,107.822174,431.843781,88.533279,85.389145,316.486633,-165.399612,506.949554,357.144928,-200.243439,110.762398,252.749023,-321.543854,53.866383,217.152466,-237.790741,62.097225,256.930145,178.287964,57.411858,217.261642,92.69693,63.839161,364.359009,57.415997,108.018211,310.567108,5.045715,501.155212
20,0,228.665405,-230.976578,1014.863831,255.370911,72.916397,1019.483215,447.222382,-139.650375,1049.61499,453.970673,-57.710018,1047.564087,294.366882,-253.052979,517.530273,383.761719,-290.339935,96.753937,431.29483,-243.661102,73.990532,310.7453,96.676933,522.335388,386.150696,141.43074,108.055733,431.843506,88.509201,85.394547,316.517273,-165.427216,506.904419,357.1073,-200.297928,110.764275,252.780762,-321.561066,53.879955,217.15007,-237.794876,62.102734,256.953278,178.321762,57.369869,217.238647,92.699219,63.809044,364.322021,57.393417,108.018692,310.554626,5.031988,501.154175
21,0,228.682053,-230.987564,1014.860413,255.392456,72.924263,1019.450684,447.226013,-139.646027,1049.606934,453.934174,-57.656506,1047.580566,294.462158,-253.056519,517.549133,383.723541,-290.311401,96.729286,431.256134,-243.641586,73.980621,310.7276,96.687668,522.34375,386.073456,141.42511,108.031799,431.856812,88.54335,85.402977,316.532959,-165.39119,506.950684,357.125488,-200.314011,110.730568,252.840698,-321.568756,53.890903,217.143478,-237.810226,62.122078,256.927856,178.30188,57.362064,217.252655,92.709297,63.790524,364.401703,57.438679,107.998085,310.563629,5.056749,501.168732
22,0,228.674271,-230.961075,1014.879333,255.388474,72.926559,1019.447815,447.232269,-139.62561,1049.593628,453.953979,-57.698818,1047.549805,294.460907,-253.067993,517.526245,383.733093,-290.314545,96.733749,431.260864,-243.626572,74.040405,310.721588,96.684914,522.316895,386.135406,141.43483,108.052322,431.90976,88.522514,85.442657,316.534332,-165.399109,506.917053,357.136322,-200.326675,110.767494,252.842575,-321.575531,53.867699,217.182007,-237.808029,62.118397,256.988983,178.334549,57.351788,217.280792,92.699188,63.806816,364.384125,57.409763,108.01622,310.541107,5.047991,501.167786
23,0,228.681213,-230.975815,1014.865417,255.385376,72.953186,1019.453857,447.22702,-139.617126,1049.609131,453.941345,-57.687695,1047.539185,294.422333,-253.072586,517.536743,383.764526,-290.317139,96.741493,431.250885,-243.63269,74.014183,310.733002,96.678078,522.323303,386.207947,141.163208,107.846748,431.878357,88.525536,85.417175,316.550568,-165.401199,506.946564,357.134918,-200.30336,110.752853,252.814178,-321.560089,53.884453,217.132614,-237.777039,62.1035,256.944122,178.297928,57.400127,217.246689,92.686172,63.826458,364.363983,57.447853,108.003372,310.552612,5.041481,501.172974
24,0,228.676208,-230.982986,1014.863464,255.362488,72.967674,1019.427307,447.222961,-139.634415,1049.604004,453.920959,-57.66975,1047.565918,294.428406,-253.051376,517.526245,383.744629,-290.306396,96.723076,431.261902,-243.634064,74.022156,310.739197,96.686531,522.333313,386.1026,141.438416,108.064301,431.844604,88.552864,85.395943,316.499176,-165.420456,506.940948,357.166595,-200.275864,110.769646,252.809769,-321.589783,53.853176,217.170227,-237.799545,62.114822,256.940399,178.295837,57.386757,217.268417,92.698685,63.813446,364.337524,57.399464,108.008057,310.554565,5.040782,501.181488
25,0,228.672577,-230.995255,1014.858459,255.371033,72.988777,1019.431458,447.228302,-139.630188,1049.624023,453.928467,-57.682808,1047.556396,294.420837,-253.079834,517.5625,383.734283,-290.322388,96.721031,431.268677,-243.646271,74.005081,310.721985,96.706749,522.333252,386.162506,141.410461,108.067932,431.811432,88.501488,85.392258,316.492706,-165.432556,506.894104,357.112854,-200.29895,110.751534,252.814301,-321.569611,53.876633,217.174194,-237.799881,62.11285,256.906494,178.276001,57.378849,217.243866,92.679466,63.834408,364.354553,57.419353,108.004776,310.563812,5.04159,501.144165
26,0,228.672806,-230.982834,1014.865967,255.352921,72.987633,1019.444336,447.206207,-139.623337,1049.634277,453.906097,-57.686638,1047.592041,294.496368,-253.006424,517.528015,383.748322,-290.347382,96.757057,431.272888,-243.664459,73.981964,310.737823,96.695168,522.31958,386.098846,141.39769,108.040672,431.826691,88.512115,85.406944,316.508606,-165.410294,506.951569,357.101898,-200.26619,110.788872,252.828842,-321.583923,53.877949,217.169174,-237.805695,62.123062,256.915924,178.28952,57.343105,217.243912,92.708939,63.838638,364.371765,57.399635,108.026993,310.564453,5.042509,501.169678
27,0,228.65979,-230.96521,1014.886475,255.357208,72.999481,1019.421204,447.188324,-139.579056,1049.616699,453.883484,-57.628036,1047.5896,294.368835,-253.007202,517.542297,383.729004,-290.314453,96.727165,431.196747,-243.60318,74.042747,310.737335,96.70256,522.325928,386.139526,141.395294,108.039307,431.86908,88.52578,85.416939,316.488373,-165.43306,506.919861,357.103485,-200.286301,110.776337,252.774124,-321.53772,53.874924,217.170151,-237.780167,62.115337,256.89856,178.242691,57.376862,217.278076,92.698578,63.816719,364.385681,57.438965,108.017372,310.592041,5.074698,501.162598
28,0,228.648926,-230.961472,1014.87207,255.339294,73.008102,1019.443176,447.17392,-139.567612,1049.628418,453.916626,-57.6213,1047.588257,294.350677,-252.991653,517.539856,383.731018,-290.295746,96.707977,431.251892,-243.637131,74.039009,310.752014,96.68116,522.309631,386.065002,141.383499,108.046753,431.893127,88.532829,85.399536,316.44809,-165.410492,506.899109,357.134338,-200.287857,110.758041,252.791382,-321.554047,53.871853,217.132965,-237.799911,62.101986,256.926575,178.274261,57.365349,217.251495,92.701897,63.819378,364.367401,57.413361,108.026321,310.595459,5.06233,501.179108
29,0,228.65564,-230.957733,1014.887939,255.331573,72.984459,1019.44397,447.152161,-139.557526,1049.617432,453.903107,-57.623501,1047.564453,294.368347,-253.005081,517.584106,383.735016,-290.297028,96.739784,431.242767,-243.627625,74.025581,310.727722,96.70079,522.323792,386.079865,141.427368,108.045471,431.857361,88.532829,85.389931,316.432068,-165.403107,506.903168,357.120361,-200.266876,110.745598,252.819092,-321.54776,53.86787,217.157166,-237.793396,62.099251,256.90213,178.299896,57.307648,217.260086,92.71582,63.830585,364.383057,57.436089,108.008873,310.614899,5.030966,501.168243
30,0,228.599503,-230.936401,1014.864685,255.340073,72.975868,1019.451172,447.137909,-139.559128,1049.623657,453.89563,-57.631496,1047.571655,294.334229,-252.974564,517.558533,383.725128,-290.292786,96.732285,431.21286,-243.61261,74.019501,310.71228,96.716927,522.322754,386.157349,141.415771,108.056374,431.807892,88.495277,85.378349,316.464386,-165.382126,506.881653,357.126617,-200.317871,110.714027,252.79126,-321.53653,53.858719,217.116364,-237.770615,62.099808,256.90863,178.341064,57.389698,217.255081,92.70314,63.826046,364.361511,57.431286,108.043709,310.540863,5.062895,501.156616
31,0,228.603607,-230.912186,1014.875183,255.343018,72.978111,1019.495483,447.131012,-139.541168,1049.596436,453.881287,-57.631371,1047.544922,294.33844,-253.001038,517.547241,383.755798,-290.315369,96.762573,431.231049,-243.595932,74.008842,310.703247,96.721786,522.337952,386.201691,141.186859,107.857468,431.892914,88.52182,85.425224,316.420959,-165.344559,506.917175,357.138885,-200.275299,110.754692,252.82756,-321.531616,53.882198,217.153732,-237.794205,62.107494,256.937653,178.3228,57.375645,217.294937,92.678925,63.801758,364.361847,57.42712,108.020363,310.547974,5.099355,501.140472
32,0,228.578217,-230.907425,1014.8703,255.337738,72.98658,1019.457458,447.129761,-139.550323,1049.599243,453.884491,-57.61974,1047.532837,294.335968,-252.968079,517.556519,383.713226,-290.277161,96.73555,431.250854,-243.60141,74.036583,310.598114,96.70536,522.307007,386.046326,141.439758,108.052322,431.839233,88.542381,85.360626,316.420929,-165.359314,506.891296,357.080139,-200.224991,110.771866,252.804047,-321.556946,53.86462,217.107681,-237.776978,62.103218,256.904022,178.355148,57.383797,217.290039,92.685829,63.836174,364.368744,57.416424,108.016739,310.484924,5.103824,501.151093
33,0,228.575165,-230.889069,1014.878845,255.311523,72.985519,1019.501099,447.110535,-139.508362,1049.570312,453.883301,-57.621078,1047.520142,294.354431,-252.951263,517.564636,383.725067,-290.278778,96.760277,431.230896,-243.623398,74.041153,310.541046,96.6959,522.29248,386.098419,141.44072,108.058685,431.859741,88.540825,85.398888,316.422882,-165.333008,506.901978,357.084656,-200.216614,110.789772,252.814377,-321.552399,53.852417,217.100571,-237.775421,62.089859,256.874939,178.287292,57.389698,217.261505,92.69252,63.851341,364.385132,57.371365,108.021965,310.418976,5.106322,501.152588
34,0,228.578796,-230.869019,1014.872925,255.302582,72.973389,1019.514221,447.126984,-139.54393,1049.539673,453.856964,-57.573486,1047.52356,294.324219,-252.904953,517.532288,383.730896,-290.299408,96.770195,431.218475,-243.588089,74.058731,310.48111,96.709251,522.273071,386.088165,141.457001,108.062836,431.83371,88.562973,85.386154,316.437561,-165.326981,506.891479,357.064911,-200.22081,110.78894,252.799271,-321.557251,53.856133,217.14035,-237.790085,62.104454,256.905548,178.335709,57.386299,217.257568,92.696625,63.808098,364.336639,57.432877,108.018204,310.350922,5.097577,501.162994
35,0,228.561951,-230.862686,1014.870789,255.278763,72.995186,1019.516235,447.100189,-139.520126,1049.526855,453.854156,-57.581696,1047.477173,294.35968,-252.910736,517.542725,383.725342,-290.289307,96.761635,431.225891,-243.594177,74.056854,310.433533,96.713455,522.264526,386.10556,141.42746,108.056976,431.876709,88.518402,85.40683,316.464844,-165.317398,506.879852,357.090149,-200.262726,110.778923,252.790924,-321.552551,53.842453,217.155167,-237.786224,62.104488,256.953156,178.283493,57.419479,217.237854,92.673096,63.857681,364.386414,57.423805,107.998688,310.296906,5.072436,501.182129
36,0,228.564331,-230.84288,1014.872803,255.319916,73.029808,1019.518738,447.145203,-139.554733,1049.47998,453.847717,-57.592396,1047.478638,294.334045,-252.916397,517.534546,383.731262,-290.287689,96.779533,431.208893,-243.608795,74.058594,310.410919,96.709427,522.28418,386.070343,141.430161,108.043251,431.852631,88.510239,85.39312,316.433136,-165.337433,506.872589,357.114594,-200.25264,110.765236,252.857895,-321.569336,53.863621,217.125122,-237.783813,62.103962,256.958649,178.329819,57.392818,217.308868,92.661812,63.822002,364.37738,57.384083,108.005089,310.22583,5.136362,501.177795
37,0,228.536728,-230.807266,1014.864197,255.335571,73.063255,1019.54303,447.099152,-139.533478,1049.483887,453.854858,-57.576702,1047.452515,294.322449,-252.919464,517.55365,383.733246,-290.280884,96.778008,431.259186,-243.588928,74.043663,310.335114,96.717934,522.287354,386.123657,141.450027,108.057495,431.896118,88.532219,85.409302,316.486816,-165.305206,506.869385,357.096649,-200.217377,110.77462,252.834015,-321.564789,53.843643,217.15564,-237.789886,62.098274,256.950836,178.273743,57.430046,217.281738,92.655403,63.838154,364.3591,57.387486,108.00605,310.179932,5.114143,501.173676
38,0,228.541977,-230.772919,1014.856934,255.269913,73.073738,1019.558167,447.114563,-139.50853,1049.459229,453.851166,-57.553009,1047.421509,294.341614,-252.893661,517.540894,383.730103,-290.281799,96.755035,431.21524,-243.619492,74.037323,310.253998,96.710968,522.249695,386.211823,141.170578,107.858368,431.837036,88.548515,85.383232,316.441101,-165.290115,506.922852,357.112732,-200.210907,110.791023,252.795578,-321.545074,53.85738,217.172607,-237.793671,62.105511,256.941071,178.285706,57.351028,217.287704,92.670593,63.826992,364.35791,57.391205,107.994766,310.144989,5.122214,501.214264
39,0,228.538071,-230.758148,1014.862061,255.268417,73.098732,1019.564026,447.11203,-139.503784,1049.424072,453.861389,-57.590717,1047.366577,294.361328,-252.899918,517.554932,383.72995,-290.282745,96.745338,431.208344,-243.60376,74.042824,310.181915,96.723122,522.276733,386.033173,141.437744,108.029259,431.863617,88.567879,85.403801,316.387329,-165.281464,506.924622,357.074158,-200.248413,110.815071,252.788727,-321.549011,53.852406,217.127579,-237.781357,62.112362,256.875458,178.325806,57.439129,217.27327,92.670929,63.830338,364.314514,57.398952,107.968468,310.043335,5.114188,501.208893
40,0,228.533768,-230.737823,1014.866699,255.302643,73.161713,1019.573792,447.106293,-139.49501,1049.422119,453.822235,-57.552723,1047.408203,294.470459,-252.832596,517.531189,383.704712,-290.264984,96.761444,431.187256,-243.605621,74.087303,310.160583,96.71759,522.273743,386.027313,141.418442,108.068939,431.869476,88.544762,85.395935,316.398132,-165.308228,506.88623,357.088867,-200.236938,110.764618,252.798553,-321.541595,53.873718,217.127731,-237.79686,62.119957,256.921875,178.285049,57.399441,217.273392,92.675156,63.824593,364.32373,57.344704,107.989807,310.032501,5.14297,501.203369
41,0,228.538025,-230.717072,1014.869568,255.305527,73.181564,1019.589539,447.131897,-139.455978,1049.425293,453.812195,-57.48563,1047.431519,294.391327,-252.85498,517.519592,383.715698,-290.2612,96.751282,431.236694,-243.60321,74.044022,310.112701,96.732452,522.271301,386.152283,141.179306,107.836884,431.858215,88.522369,85.406288,316.42688,-165.234268,506.867218,357.069427,-200.205322,110.774391,252.825378,-321.546173,53.837799,217.155441,-237.788757,62.100948,256.913788,178.285919,57.417183,217.289078,92.652893,63.821457,364.305176,57.426987,107.962456,310.016296,5.12356,501.250275
42,0,228.552185,-230.699661,1014.883301,255.283112,73.226013,1019.608276,447.136658,-139.407272,1049.407593,453.791321,-57.448437,1047.458496,294.365265,-252.819183,517.520203,383.736908,-290.253876,96.752327,431.252533,-243.598236,74.020882,310.070801,96.761108,522.265747,386.079803,141.454391,108.073914,431.809845,88.534904,85.410614,316.438263,-165.23793,506.864655,357.077698,-200.231491,110.768478,252.842392,-321.5513,53.861027,217.172211,-237.800766,62.101799,256.926239,178.295013,57.409313,217.264236,92.677338,63.802639,364.31723,57.378532,107.982094,309.996185,5.14115,501.239227
43,0,228.573013,-230.712082,1014.880432,255.246704,73.221504,1019.594788,447.122681,-139.353256,1049.411865,453.782715,-57.424377,1047.433228,294.358093,-252.797424,517.57019,383.709595,-290.264282,96.739021,431.197052,-243.596207,74.04567,310.077026,96.760811,522.276062,386.059357,141.431107,108.074356,431.840332,88.565208,85.416336,316.407562,-165.237442,506.86145,357.098389,-200.269241,110.716011,252.812119,-321.55072,53.832912,217.149902,-237.782135,62.101898,256.87265,178.299164,57.399837,217.242874,92.669212,63.844727,364.297211,57.412392,107.976456,310.001495,5.166987,501.235657
44,0,228.562302,-230.671173,1014.905212,255.242523,73.251022,1019.611694,447.121307,-139.323013,1049.417969,453.766388,-57.371189,1047.450928,294.469177,-252.764099,517.481628,383.71936,-290.235626,96.747879,431.226379,-243.592239,74.061073,310.07196,96.767334,522.263855,386.098938,141.432434,108.065025,431.846375,88.540413,85.404472,316.351837,-165.224426,506.881531,357.125977,-200.223862,110.741272,252.783142,-321.533875,53.864647,217.131073,-237.800125,62.103336,256.91748,178.284256,57.387119,217.266525,92.674797,63.795486,364.319824,57.430759,107.970871,310.027893,5.151478,501.239136
45,0,228.548996,-230.675064,1014.902466,255.207245,73.257355,1019.575378,447.100128,-139.255035,1049.423462,453.775818,-57.35347,1047.428345,294.438171,-252.730911,517.503235,383.718811,-290.261169,96.762314,431.196838,-243.576477,74.048607,310.140656,96.794601,522.278381,386.074219,141.445511,108.072334,431.850006,88.566566,85.402596,316.355011,-165.23201,506.869141,357.081573,-200.23671,110.761734,252.779877,-321.547974,53.854679,217.128281,-237.796753,62.100281,256.912323,178.296692,57.398716,217.25499,92.673805,63.815796,364.316528,57.421253,107.99379,310.094177,5.204304,501.219757
46,0,228.538193,-230.665527,1014.897095,255.171097,73.283134,1019.563049,447.053284,-139.209686,1049.409912,453.722198,-57.259789,1047.457397,294.418549,-252.740234,517.448059,383.72049,-290.262543,96.750938,431.233429,-243.554276,74.029564,310.197327,96.801468,522.300659,386.13739,141.429031,108.070282,431.850433,88.522133,85.421028,316.377686,-165.20871,506.882324,357.062195,-200.224014,110.739555,252.772003,-321.51709,53.830223,217.123245,-237.763397,62.083736,256.928253,178.316986,57.363354,217.249268,92.676796,63.813122,364.338165,57.377884,108.017944,310.158813,5.199612,501.227966
47,0,228.556595,-230.662781,1014.91272,255.135208,73.285728,1019.557739,447.026245,-139.144623,1049.437622,453.708557,-57.220963,1047.487793,294.340149,-252.810684,517.552734,383.719666,-290.246155,96.768745,431.255096,-243.594788,74.020409,310.242767,96.831192,522.280334,386.104767,141.439011,108.058777,431.80191,88.526009,85.375526,316.375092,-165.191147,506.833252,357.057404,-200.186813,110.790657,252.794144,-321.549164,53.881138,217.145966,-237.799759,62.116207,256.912842,178.287186,57.356422,217.265503,92.673637,63.829178,364.327728,57.451874,107.994385,310.19104,5.212699,501.211395
48,0,228.570496,-230.662109,1014.862793,255.102966,73.278557,1019.549866,447.01001,-139.093582,1049.469849,453.676971,-57.189396,1047.472168,294.353027,-252.773102,517.56488,383.720734,-290.239868,96.778625,431.209534,-243.509048,74.067993,310.237701,96.846977,522.295654,386.113525,141.440292,108.041519,431.788025,88.541,85.393555,316.3508,-165.191269,506.881714,357.043915,-200.23967,110.721222,252.79454,-321.522003,53.848339,217.11937,-237.771027,62.099396,256.913086,178.307968,57.430969,217.25853,92.682121,63.825512,364.327332,57.390194,108.0327,310.203064,5.223992,501.213196
49,0,228.598602,-230.674179,1014.867432,255.059067,73.262299,1019.516968,446.997284,-139.055893,1049.495605,453.658417,-57.152081,1047.518921,294.451233,-252.73111,517.494324,383.718719,-290.240784,96.782379,431.203247,-243.551834,74.063988,310.30481,96.895241,522.267029,386.109589,141.472702,108.051048,431.793213,88.561417,85.393082,316.362366,-165.152176,506.902985,357.08725,-200.17009,110.719917,252.768936,-321.55249,53.8643,217.133179,-237.800568,62.108524,256.881531,178.303085,57.368389,217.292068,92.670837,63.789524,364.359192,57.439365,108.05574,310.235901,5.249817,501.196747
50,0,228.578354,-230.671967,1014.838928,255.01532,73.258347,1019.535645,447.001221,-139.03389,1049.507568,453.650604,-57.092762,1047.565674,294.495605,-252.736008,517.444885,383.719727,-290.229462,96.772217,431.24173,-243.577606,74.036171,310.321869,96.904282,522.282532,386.113098,141.473404,108.074593,431.818146,88.571671,85.407501,316.409546,-165.133453,506.872528,357.06601,-200.215866,110.715584,252.797012,-321.539215,53.865917,217.089127,-237.785538,62.087151,256.910126,178.289139,57.425453,217.265808,92.684433,63.829376,364.336395,57.443935,108.020477,310.24646,5.274124,501.197327
51,0,228.572739,-230.68512,1014.811401,254.973465,73.228165,1019.51239,446.959747,-139.00737,1049.525513,453.632996,-57.088123,1047.55188,294.521149,-252.733612,517.512085,383.728546,-290.231537,96.762863,431.249146,-243.558243,74.028694,310.308929,96.930542,522.294128,386.118195,141.464218,108.09021,431.83905,88.565689,85.405624,316.387207,-165.127563,506.894775,357.097229,-200.250305,110.751648,252.804871,-321.532959,53.865009,217.164078,-237.810944,62.109581,256.931122,178.343628,57.42271,217.29538,92.662163,63.816696,364.360168,57.443001,108.056282,310.306274,5.268958,501.192932
52,0,228.57283,-230.673386,1014.792297,254.92305,73.230728,1019.527893,446.926239,-139.003265,1049.546265,453.619202,-57.050007,1047.625,294.459259,-252.76622,517.51001,383.728424,-290.244537,96.769981,431.215759,-243.55925,74.060738,310.340942,96.938408,522.280151,386.124969,141.456573,108.051575,431.831787,88.557137,85.417885,316.411987,-165.126526,506.834076,357.064972,-200.204315,110.763512,252.80452,-321.54248,53.855568,217.159042,-237.802048,62.10474,256.931915,178.283997,57.394356,217.305542,92.672615,63.803516,364.372894,57.474388,108.030907,310.314911,5.292666,501.190887
53,0,228.522903,-230.651169,1014.755005,254.898483,73.218613,1019.533875,446.932129,-138.983994,1049.568115,453.585907,-57.009487,1047.64917,294.495758,-252.698685,517.509827,383.724701,-290.225281,96.76313,431.226532,-243.565125,74.027313,310.299042,96.958023,522.280884,386.054932,141.435867,108.036018,431.820557,88.554909,85.425316,316.425385,-165.116806,506.824738,357.112549,-200.22374,110.750931,252.824066,-321.573792,53.864979,217.148132,-237.802139,62.102406,256.945618,178.291443,57.414291,217.255585,92.693031,63.801407,364.373199,57.439072,108.06398,310.325012,5.292085,501.201813
54,0,228.511948,-230.625381,1014.749756,254.871674,73.259659,1019.562134,446.92041,-138.984955,1049.579346,453.578033,-57.018772,1047.64502,294.49704,-252.701782,517.509766,383.724152,-290.2341,96.758904,431.245758,-243.576706,74.014648,310.307465,96.973511,522.284729,386.125549,141.187683,107.81768,431.824677,88.530342,85.438232,316.384979,-165.1064,506.859436,357.066223,-200.2202,110.740387,252.779694,-321.527222,53.852432,217.163925,-237.796082,62.090889,256.935059,178.351151,57.414917,217.292801,92.680313,63.805183,364.365173,57.403339,108.085831,310.273285,5.301509,501.210449
55,0,228.503738,-230.60614,1014.73114,254.882431,73.286064,1019.526001,446.889526,-138.970825,1049.595581,453.530853,-56.944546,1047.691284,294.510925,-252.680298,517.481201,383.721985,-290.233429,96.751038,431.234253,-243.561584,74.02507,310.30188,97.007698,522.288635,386.028992,141.454834,108.06488,431.832794,88.539955,85.438194,316.420776,-165.123795,506.826874,357.030884,-200.190613,110.767708,252.808624,-321.548065,53.837963,217.117386,-237.764069,62.079353,256.898743,178.280945,57.421371,217.253159,92.699577,63.806614,364.338318,57.440392,108.079727,310.284058,5.362284,501.231018
56,0,228.479584,-230.559616,1014.692688,254.87027,73.325668,1019.548889,446.863586,-138.945587,1049.608887,453.528748,-56.958817,1047.691162,294.557465,-252.667847,517.44696,383.721985,-290.253082,96.760727,431.22876,-243.561325,74.025444,310.272552,97.039383,522.315979,386.123016,141.439224,108.06517,431.828186,88.525528,85.461273,316.451172,-165.116943,506.80304,357.118378,-200.204208,110.766296,252.783203,-321.530182,53.841076,217.164505,-237.793228,62.105919,256.932831,178.313187,57.417603,217.247269,92.698219,63.817039,364.33374,57.431381,108.080879,310.291931,5.370188,501.209381
57,0,228.472382,-230.517319,1014.664917,254.860138,73.360153,1019.578918,446.858856,-138.94693,1049.628418,453.507782,-56.930317,1047.720215,294.527222,-252.650436,517.483154,383.728455,-290.240143,96.755859,431.205811,-243.524826,74.040192,310.259705,97.049973,522.320618,386.056244,141.419418,108.075516,431.858856,88.53299,85.471436,316.44104,-165.089844,506.804108,357.116852,-200.2379,110.756393,252.81546,-321.539978,53.865944,217.133194,-237.782959,62.101734,256.907501,178.340958,57.403389,217.250687,92.695381,63.840443,364.323578,57.449295,108.080681,310.263794,5.384707,501.238525
58,0,228.441391,-230.488815,1014.65033,254.831528,73.394417,1019.563171,446.856598,-138.924683,1049.620728,453.503387,-56.898129,1047.740723,294.549438,-252.652374,517.508118,383.720001,-290.23468,96.773369,431.253082,-243.588226,74.041687,310.234894,97.07608,522.31427,386.118378,141.167892,107.85804,431.85907,88.550995,85.474701,316.420349,-165.073822,506.768951,357.113434,-200.242889,110.710487,252.810837,-321.541046,53.873585,217.143723,-237.808243,62.110939,256.888824,178.33638,57.40472,217.23761,92.698563,63.820786,364.351654,57.458088,108.094536,310.241638,5.41051,501.257782
59,0,228.43396,-230.477448,1014.649841,254.832977,73.455605,1019.557129,446.874146,-138.905594,1049.624756,453.503296,-56.871929,1047.728149,294.516418,-252.603287,517.434387,383.728088,-290.225647,96.753365,431.242432,-243.568588,73.999672,310.205139,97.105278,522.318726,386.116974,141.435822,108.075584,431.85498,88.541588,85.485275,316.429779,-165.045105,506.763519,357.095642,-200.25058,110.735367,252.784576,-321.539398,53.892555,217.150528,-237.791199,62.094563,256.874878,178.327225,57.375515,217.219498,92.7099,63.833839,364.343475,57.440361,108.110367,310.204041,5.426773,501.270294
60,0,228.440201,-230.432938,1014.667419,254.851639,73.489365,1019.557861,446.867981,-138.897354,1049.620728,453.491791,-56.8703,1047.720459,294.518402,-252.581207,517.45813,383.726105,-290.235748,96.781197,431.259705,-243.572205,74.016418,310.168427,97.121803,522.305847,386.155853,141.166122,107.857826,431.871246,88.531044,85.513878,316.454742,-165.006271,506.800964,357.117828,-200.197205,110.710884,252.798111,-321.538269,53.861313,217.139908,-237.788681,62.087074,256.899384,178.339005,57.406197,217.250397,92.696938,63.823463,364.34967,57.43166,108.105766,310.099518,5.430136,501.266052
61,0,228.444412,-230.397949,1014.675598,254.86174,73.536049,1019.557007,446.855194,-138.846588,1049.59314,453.458466,-56.832024,1047.711914,294.560059,-252.53418,517.435303,383.778259,-290.230835,96.797569,431.236145,-243.530472,74.032898,310.078156,97.131218,522.331055,386.045837,141.429688,108.080048,431.859467,88.542,85.494797,316.46283,-165.003143,506.75827,357.082977,-200.222244,110.74205,252.841003,-321.547089,53.856232,217.156921,-237.793167,62.085251,256.921356,178.345871,57.394218,217.247726,92.724045,63.812492,364.349152,57.482044,108.090393,310.073151,5.455198,501.287292
62,0,228.419693,-230.367264,1014.700867,254.870834,73.541023,1019.551636,446.873413,-138.830704,1049.603394,453.455688,-56.8074,1047.708374,294.50061,-252.522171,517.439392,383.738892,-290.222504,96.774277,431.200012,-243.513031,74.048218,310.002258,97.11338,522.308105,386.08725,141.407166,108.065948,431.860779,88.516792,85.534462,316.431244,-165.015472,506.775848,357.067078,-200.192719,110.740402,252.786911,-321.524841,53.85043,217.160751,-237.784653,62.083622,256.904907,178.308731,57.380863,217.242569,92.709488,63.835346,364.299347,57.452312,108.091423,310.012238,5.458085,501.276184
63,0,228.395813,-230.319092,1014.736084,254.837341,73.568779,1019.585022,446.84021,-138.782639,1049.579956,453.476257,-56.784607,1047.664062,294.506439,-252.511887,517.398132,383.717102,-290.224426,96.78437,431.228149,-243.528595,74.058914,309.911194,97.124001,522.317749,386.058258,141.374374,108.094376,431.813141,88.509354,85.518982,316.425659,-164.973495,506.763031,357.092194,-200.18808,110.751579,252.808273,-321.545593,53.857502,217.124619,-237.805817,62.097935,256.924774,178.35675,57.408501,217.206985,92.70507,63.829788,364.289795,57.437195,108.079056,309.986115,5.456121,501.299255
64,0,228.374786,-230.291153,1014.754517,254.838943,73.595901,1019.596008,446.847717,-138.751007,1049.5625,453.402679,-56.697605,1047.676147,294.378296,-252.546692,517.500122,383.720337,-290.236572,96.786659,431.252136,-243.548645,74.020958,309.836578,97.105125,522.304688,386.022949,141.381348,108.105553,431.810699,88.49321,85.5187,316.383026,-164.980057,506.719543,357.09314,-200.234711,110.7369,252.809433,-321.549408,53.865788,217.107803,-237.782913,62.088463,256.885681,178.304489,57.377918,217.205643,92.692863,63.832439,364.27356,57.414402,108.105247,309.887756,5.43984,501.31012
65,0,228.394211,-230.264771,1014.777283,254.853989,73.654556,1019.613281,446.827332,-138.732574,1049.552124,453.388794,-56.699867,1047.642334,294.31958,-252.530807,517.526184,383.699768,-290.222168,96.752022,431.21701,-243.540115,74.06488,309.739838,97.121155,522.289246,386.050507,141.361267,108.082199,431.773163,88.481621,85.510689,316.369049,-164.937683,506.721375,357.071503,-200.235565,110.724831,252.82312,-321.539459,53.874199,217.151337,-237.807968,62.103642,256.89856,178.346497,57.394325,217.218094,92.692474,63.820118,364.280731,57.404739,108.109154,309.849274,5.442101,501.311829
66,0,228.376068,-230.261841,1014.763123,254.859238,73.669891,1019.622559,446.807343,-138.707397,1049.536987,453.457245,-56.720242,1047.614502,294.379822,-252.450348,517.430969,383.748932,-290.226135,96.765884,431.234894,-243.526352,74.042061,309.710388,97.108833,522.289307,386.056305,141.346298,108.073914,431.750519,88.466934,85.506996,316.293518,-164.895935,506.768463,357.075653,-200.248154,110.697342,252.821625,-321.550842,53.87096,217.159195,-237.783203,62.090164,256.881927,178.33252,57.423183,217.24144,92.697655,63.804455,364.281342,57.439827,108.103859,309.768494,5.453712,501.305511
67,0,228.371613,-230.228561,1014.768005,254.819366,73.668732,1019.636841,446.818573,-138.703735,1049.510742,453.441925,-56.688091,1047.638794,294.239746,-252.511505,517.534546,383.710236,-290.213654,96.764763,431.200623,-243.524216,74.049789,309.653961,97.101334,522.314087,386.03421,141.327423,108.066124,431.745728,88.445801,85.517975,316.219971,-164.899063,506.7547,357.057373,-200.204346,110.755524,252.815338,-321.536743,53.867252,217.158981,-237.797302,62.111004,256.955292,178.293762,57.419724,217.209763,92.687675,63.834919,364.260986,57.392735,108.118645,309.72699,5.484416,501.328583
68,0,228.344925,-230.202408,1014.782043,254.8134,73.702461,1019.685059,446.827484,-138.693024,1049.518921,453.372009,-56.636196,1047.667358,294.238556,-252.493622,517.513184,383.7211,-290.197083,96.777954,431.28772,-243.581451,74.01429,309.609833,97.110909,522.282959,385.982056,141.373199,108.101257,431.827789,88.470642,85.570694,316.158966,-164.885345,506.787659,357.025452,-200.156952,110.716919,252.795364,-321.534393,53.861916,217.111191,-237.781586,62.105061,256.950531,178.301178,57.373943,217.173035,92.697456,63.800888,364.287506,57.398434,108.120956,309.652283,5.471861,501.337158
69,0,228.32225,-230.19281,1014.762756,254.787888,73.695206,1019.686707,446.803619,-138.693817,1049.476318,453.306641,-56.625374,1047.613281,294.115326,-252.529556,517.499878,383.716675,-290.21344,96.778893,431.20932,-243.536453,74.040634,309.594696,97.140678,522.342041,386.030273,141.343109,108.083061,431.733368,88.444305,85.528778,316.107178,-164.853134,506.829254,357.052887,-200.203323,110.742348,252.774628,-321.522888,53.877884,217.100052,-237.796112,62.082672,256.917328,178.312332,57.400749,217.190109,92.68782,63.827045,364.232056,57.36132,108.120171,309.62619,5.465191,501.329315
70,0,228.34642,-230.201767,1014.781494,254.816147,73.699623,1019.682617,446.804932,-138.695267,1049.447021,453.310303,-56.614479,1047.579468,294.126434,-252.48111,517.48999,383.716095,-290.193817,96.753296,431.202209,-243.538864,74.073235,309.534088,97.143707,522.323547,386.017365,141.348907,108.090942,431.710632,88.421394,85.546478,316.047882,-164.844864,506.817566,357.031036,-200.198807,110.709045,252.80481,-321.540039,53.879707,217.094849,-237.796829,62.086903,256.901184,178.30365,57.335491,217.182144,92.69886,63.8223,364.223358,57.367977,108.11618,309.624542,5.496343,501.330505
71,0,228.324875,-230.202652,1014.775513,254.823212,73.722687,1019.716125,446.784637,-138.685242,1049.425171,453.32074,-56.624733,1047.574219,294.035919,-252.453827,517.499329,383.709351,-290.182068,96.728783,431.196075,-243.527725,74.027969,309.570526,97.174965,522.347839,386.064911,141.372208,108.117012,431.761414,88.461746,85.548241,316.046478,-164.816452,506.78598,357.029297,-200.140579,110.707016,252.839111,-321.548492,53.87133,217.163971,-237.791473,62.093697,256.915375,178.308243,57.405739,217.196732,92.694229,63.819237,364.214661,57.388512,108.102364,309.595306,5.482082,501.326904
72,0,228.327209,-230.214584,1014.798279,254.798019,73.693466,1019.713379,446.79657,-138.662201,1049.411133,453.317932,-56.631577,1047.560669,294.033844,-252.43074,517.498779,383.722961,-290.185913,96.760201,431.22345,-243.567337,74.035637,309.546112,97.176491,522.357544,386.04599,141.347733,108.088722,431.779968,88.491402,85.57843,315.978516,-164.8414,506.812866,357.081543,-200.178177,110.679855,252.783142,-321.531555,53.868816,217.120514,-237.768784,62.097191,256.912231,178.339798,57.404156,217.202103,92.707527,63.811184,364.228119,57.38776,108.115349,309.558258,5.526325,501.329895
73,0,228.365219,-230.212677,1014.80542,254.810959,73.701385,1019.754761,446.790955,-138.653458,1049.384521,453.323212,-56.596886,1047.528564,294.028107,-252.424362,517.551392,383.706421,-290.169342,96.755653,431.223358,-243.527969,74.004967,309.550171,97.166138,522.341248,386.066833,141.393723,108.118919,431.776062,88.445396,85.571159,315.940796,-164.839859,506.828186,356.987152,-200.178467,110.676376,252.824402,-321.547607,53.846561,217.143402,-237.774094,62.084564,256.909119,178.336731,57.404301,217.225693,92.710388,63.80064,364.225159,57.40456,108.099442,309.559204,5.512393,501.360168
74,0,228.367844,-230.212128,1014.824036,254.764023,73.666321,1019.768372,446.807587,-138.663742,1049.374756,453.339783,-56.591534,1047.506714,294.069916,-252.4021,517.483093,383.715668,-290.15683,96.740883,431.191284,-243.51181,74.033043,309.508575,97.162971,522.364136,385.993408,141.35968,108.072304,431.75061,88.457352,85.572098,315.881836,-164.808731,506.86615,357.020691,-200.17186,110.68235,252.81665,-321.542511,53.890312,217.1129,-237.798279,62.100491,256.882294,178.293533,57.323517,217.194595,92.697891,63.819065,364.243439,57.360916,108.124107,309.594208,5.493733,501.353668
75,0,228.350006,-230.220459,1014.827393,254.779572,73.673141,1019.75415,446.804565,-138.646362,1049.328247,453.351288,-56.626156,1047.451294,293.971191,-252.447662,517.503906,383.719696,-290.156952,96.753281,431.188416,-243.562134,74.025185,309.513672,97.166458,522.351257,386.007599,141.344254,108.073166,431.734222,88.440605,85.543015,315.8992,-164.818451,506.827881,356.971008,-200.144272,110.701904,252.767502,-321.539612,53.862408,217.103577,-237.769501,62.070885,256.90686,178.306915,57.377239,217.19281,92.705666,63.807613,364.216309,57.373039,108.106133,309.569946,5.517784,501.344788
76,0,228.343979,-230.209183,1014.821167,254.795425,73.688286,1019.781494,446.86142,-138.665039,1049.308838,453.329193,-56.58382,1047.44812,293.98291,-252.439117,517.501953,383.714172,-290.171417,96.751106,431.20639,-243.501419,74.014374,309.514954,97.148056,522.343262,385.992188,141.366211,108.086823,431.738953,88.458458,85.567818,315.931793,-164.81134,506.83432,357.015106,-200.136169,110.707253,252.796387,-321.518463,53.882763,217.135971,-237.781311,62.079174,256.904816,178.330154,57.372501,217.197495,92.692528,63.811481,364.229645,57.354088,108.127197,309.588837,5.496224,501.342712
77,0,228.339569,-230.182556,1014.819031,254.786194,73.686188,1019.765381,446.798279,-138.616684,1049.279541,453.355194,-56.553223,1047.425659,294.025696,-252.428925,517.550598,383.723053,-290.175049,96.755531,431.22171,-243.533875,74.005966,309.514191,97.160645,522.328674,385.98642,141.382629,108.093895,431.758209,88.477264,85.545593,315.92392,-164.788239,506.832062,357.039429,-200.116348,110.694855,252.847763,-321.536255,53.869602,217.161072,-237.779343,62.09848,256.897552,178.308685,57.343262,217.187103,92.709183,63.796772,364.219879,57.368862,108.102928,309.541992,5.502867,501.35321
78,0,228.343552,-230.186478,1014.820923,254.832687,73.687576,1019.763611,446.800262,-138.594833,1049.273315,453.347076,-56.526356,1047.416138,293.983307,-252.407639,517.488037,383.724518,-290.140289,96.734261,431.218872,-243.538803,74.014381,309.514954,97.16024,522.353821,386.079407,141.102081,107.860153,431.720673,88.443558,85.554108,315.929108,-164.819351,506.821869,357.044525,-200.121811,110.707657,252.815094,-321.530914,53.866348,217.122879,-237.754776,62.081032,256.886688,178.299896,57.393791,217.193329,92.691551,63.812756,364.241364,57.379681,108.10804,309.564301,5.52462,501.336029
79,0,228.359955,-230.174118,1014.832764,254.781967,73.696022,1019.79425,447.025635,-138.654129,1049.273193,453.367157,-56.553761,1047.386719,293.996429,-252.395538,517.488342,383.719696,-290.155914,96.735352,431.17926,-243.512573,74.052673,309.525635,97.151955,522.35791,385.988953,141.355637,108.09375,431.761749,88.487785,85.559357,315.979706,-164.795761,506.798401,357.004242,-200.163483,110.681595,252.795273,-321.547974,53.865292,217.131622,-237.790802,62.09481,256.970245,178.276215,57.359848,217.20134,92.695786,63.822979,364.241547,57.399086,108.107727,309.534912,5.50512,501.349518
80,0,228.386276,-230.175705,1014.823181,254.814957,73.691071,1019.76886,447.050323,-138.687042,1049.234619,453.400543,-56.548939,1047.382324,294.138,-252.360855,517.466248,383.713776,-290.184845,96.752106,431.174133,-243.517365,74.079247,309.529144,97.14595,522.337219,385.957703,141.364502,108.089684,431.770538,88.470512,85.557144,315.971985,-164.79071,506.797485,357.018982,-200.193283,110.676094,252.775436,-321.527557,53.866829,217.093124,-237.784637,62.081181,256.900543,178.341476,57.362183,217.199036,92.698151,63.811638,364.220276,57.424599,108.082603,309.548401,5.549876,501.347198
81,0,228.41806,-230.167145,1014.841919,254.858765,73.704613,1019.765625,447.044525,-138.69313,1049.246826,453.416016,-56.560776,1047.339722,294.047791,-252.421143,517.559937,383.714691,-290.177612,96.745323,431.193176,-243.535583,74.045029,309.535492,97.167496,522.330994,385.958374,141.368561,108.08194,431.775146,88.455193,85.533272,315.988098,-164.785446,506.806366,357.026062,-200.15564,110.681282,252.788452,-321.540863,53.871532,217.104385,-237.785416,62.093277,256.886353,178.383255,57.362797,217.196457,92.693527,63.802032,364.230713,57.4007,108.100632,309.543732,5.567591,501.328278
82,0,228.425797,-230.179077,1014.845032,254.874344,73.699455,1019.775757,447.072357,-138.695267,1049.250977,453.456879,-56.579838,1047.337891,294.065796,-252.399353,517.510315,383.711121,-290.18338,96.748344,431.200165,-243.522675,74.029724,309.564941,97.171875,522.361023,386.038483,141.388275,108.095932,431.745361,88.455322,85.541161,315.996948,-164.794815,506.813293,357.029449,-200.191452,110.670746,252.789581,-321.541351,53.870121,217.147873,-237.783691,62.079391,256.892761,178.348068,57.345787,217.222977,92.718842,63.833759,364.226379,57.384842,108.104767,309.550171,5.562582,501.34314
83,0,228.442017,-230.163559,1014.832825,254.942657,73.716019,1019.794006,447.119476,-138.714325,1049.232544,453.482086,-56.583836,1047.350708,294.083801,-252.398102,517.557434,383.71286,-290.177643,96.752426,431.192902,-243.530258,74.057327,309.580383,97.186447,522.358704,386.03714,141.3927,108.069542,431.726807,88.451477,85.515755,316.011261,-164.807968,506.816376,357.006775,-200.139023,110.713585,252.817963,-321.531708,53.854023,217.120773,-237.782242,62.094147,256.890808,178.33194,57.334122,217.210785,92.71447,63.799255,364.245056,57.394043,108.099854,309.529694,5.551415,501.3591
84,0,228.454742,-230.149261,1014.842651,254.971024,73.710365,1019.786621,447.155579,-138.724274,1049.245605,453.533386,-56.607349,1047.343262,294.104858,-252.383743,517.511658,383.708344,-290.18277,96.742218,431.251709,-243.546646,73.98999,309.590881,97.191498,522.357117,386.008942,141.389847,108.085945,431.735657,88.473282,85.523903,316.018829,-164.787338,506.853699,357.025909,-200.158798,110.69397,252.823318,-321.530151,53.859138,217.143524,-237.785873,62.086754,256.945404,178.321106,57.327049,217.229645,92.713264,63.82098,364.230835,57.358368,108.104752,309.521515,5.546877,501.346832
85,0,228.525177,-230.069778,1014.957764,255.034241,73.697273,1019.783752,447.204803,-138.787857,1049.215942,453.568085,-56.659885,1047.318359,294.062042,-252.413574,517.530151,383.720001,-290.141937,96.715485,431.194458,-243.541809,74.034286,309.570984,97.164795,522.323975,385.984802,141.408356,108.06366,431.711761,88.457855,85.511467,316.043213,-164.793137,506.800659,357.062805,-200.184433,110.702225,252.829254,-321.548767,53.851212,217.138672,-237.804062,62.088631,256.910004,178.336716,57.375629,217.207397,92.712364,63.839935,364.22113,57.384331,108.119278,309.527191,5.570053,501.369354
86,0,228.515244,-230.138321,1014.865967,255.088745,73.716156,1019.800903,447.252563,-138.825623,1049.213623,453.616394,-56.706486,1047.316772,294.101929,-252.423279,517.580566,383.711487,-290.177826,96.744331,431.227875,-243.539841,74.024765,309.586639,97.12957,522.325623,386.032166,141.361694,108.082611,431.784546,88.47094,85.547768,316.017853,-164.820847,506.814728,357.046021,-200.195755,110.663734,252.829285,-321.530701,53.890327,217.100082,-237.795227,62.088242,256.865234,178.350296,57.367687,217.197525,92.720451,63.820393,364.229065,57.381721,108.110832,309.554138,5.536308,501.362671
87,0,228.575821,-230.157867,1014.891357,255.167328,73.728226,1019.804626,447.282196,-138.853577,1049.205322,453.799683,-56.787552,1047.31189,294.047607,-252.401825,517.507446,383.713898,-290.169281,96.714417,431.200073,-243.52681,74.047035,309.633575,97.138565,522.377319,386.058167,141.41777,108.094315,431.788422,88.467102,85.543816,316.002625,-164.796036,506.849457,357.059113,-200.201355,110.661858,252.791824,-321.525391,53.880005,217.096359,-237.778763,62.089588,256.88092,178.350067,57.385544,217.236786,92.706825,63.825363,364.242249,57.407536,108.096039,309.59845,5.522836,501.349152
88,0,228.575974,-230.158325,1014.911621,255.235992,73.723877,1019.816284,447.342651,-138.869659,1049.192993,453.712952,-56.729408,1047.302246,294.009857,-252.441406,517.526062,383.72525,-290.144135,96.709053,431.226624,-243.559341,73.992973,309.658325,97.118713,522.370361,386.021576,141.416992,108.104927,431.809692,88.492912,85.551964,315.978943,-164.836151,506.840363,357.072845,-200.158768,110.701279,252.766342,-321.540771,53.880375,217.121765,-237.785721,62.093723,256.875885,178.320419,57.362202,217.214172,92.708557,63.809895,364.239777,57.410942,108.092392,309.605255,5.506122,501.378113
89,0,228.612137,-230.169662,1014.921814,255.281891,73.712799,1019.827026,447.404846,-138.896591,1049.196533,453.864655,-56.79903,1047.338867,294.019745,-252.453506,517.565552,383.711609,-290.170624,96.747322,431.188385,-243.542419,74.060974,309.669739,97.113602,522.349548,386.037872,141.404724,108.08287,431.694153,88.465485,85.506287,315.996735,-164.824722,506.84906,357.033997,-200.197952,110.639305,252.795486,-321.531067,53.871864,217.104141,-237.768967,62.073887,256.898926,178.344955,57.377365,217.195358,92.706551,63.83559,364.228027,57.409882,108.084824,309.65036,5.497321,501.373901
90,0,228.660019,-230.18132,1014.932373,255.344666,73.706772,1019.826172,447.432251,-138.919693,1049.174194,453.947968,-56.865707,1047.286987,294.070679,-252.424332,517.515442,383.705566,-290.144531,96.70137,431.176147,-243.525558,74.075516,309.717194,97.090874,522.344482,386.05365,141.394806,108.061066,431.780426,88.464516,85.528687,316.020996,-164.80835,506.870209,357.02594,-200.13385,110.719582,252.815689,-321.531769,53.861732,217.161407,-237.785126,62.104565,256.903564,178.334579,57.371449,217.197983,92.715767,63.814148,364.235107,57.370953,108.099731,309.658478,5.48205,501.367401
91,0,228.689667,-230.194763,1014.937378,255.410049,73.693123,1019.826416,447.496582,-138.954605,1049.168091,453.982727,-56.866665,1047.282471,293.966431,-252.427734,517.619141,383.691895,-290.202148,96.755615,431.179626,-243.553131,74.048752,309.780518,97.075638,522.359619,386.038269,141.423599,108.084801,431.723663,88.448311,85.48719,315.980225,-164.859207,506.861389,357.023315,-200.170013,110.69561,252.768127,-321.528717,53.8946,217.12059,-237.766876,62.087547,256.864258,178.366592,57.338032,217.205276,92.696815,63.799194,364.255402,57.386337,108.054588,309.739685,5.48326,501.366791
92,0,228.768967,-230.222397,1014.962891,255.486435,73.688423,1019.823425,447.408234,-138.935989,1049.153198,454.055817,-56.8927,1047.258423,294.040192,-252.480804,517.603699,383.703003,-290.194489,96.733025,431.240936,-243.547653,74.033844,309.843262,97.063766,522.359497,386.050446,141.370483,108.080956,431.735962,88.448471,85.504448,315.989227,-164.831558,506.870636,357.041199,-200.170685,110.704369,252.781036,-321.50882,53.866577,217.12088,-237.760086,62.078415,256.906128,178.35025,57.313156,217.212982,92.704781,63.816479,364.225464,57.391457,108.091606,309.740051,5.459673,501.372467
93,0,228.791077,-230.238724,1014.957397,255.561798,73.64373,1019.820679,447.408844,-138.936142,1049.140137,454.114777,-56.933365,1047.248657,294.04425,-252.48819,517.585205,383.698761,-290.196075,96.744576,431.222626,-243.62114,74.013863,309.896881,97.050507,522.349548,386.024323,141.393997,108.072372,431.767395,88.460838,85.497574,316.025604,-164.906601,506.856934,357.065063,-200.210266,110.681732,252.757248,-321.494629,53.873936,217.116547,-237.787033,62.102577,256.895782,178.342758,57.368073,217.182846,92.700874,63.850323,364.241272,57.411549,108.049385,309.77713,5.447153,501.361237
94,0,228.809448,-230.247665,1014.952087,255.629303,73.635605,1019.831543,447.648926,-139.026932,1049.134399,454.172119,-56.938828,1047.251465,294.043915,-252.503418,517.591309,383.702759,-290.178314,96.724976,431.222015,-243.554108,74.023834,309.954437,97.065636,522.387512,386.055115,141.380081,108.066727,431.762939,88.477615,85.47226,316.003998,-164.893356,506.873779,357.058685,-200.198563,110.681061,252.773193,-321.51947,53.894836,217.098633,-237.758896,62.08952,256.907166,178.310928,57.381519,217.20343,92.720886,63.829334,364.256531,57.408218,108.045769,309.782043,5.443353,501.345093
95,0,228.935669,-230.195541,1015.092224,255.741425,73.663315,1019.833801,447.541046,-139.011292,1049.119263,454.240509,-56.991051,1047.247925,294.021332,-252.519287,517.592102,383.706024,-290.198761,96.750259,431.259552,-243.554031,73.978195,310.011597,97.069672,522.393066,386.08432,141.138855,107.836082,431.772797,88.478035,85.465889,316.057129,-164.908813,506.872192,357.04953,-200.168259,110.747826,252.80011,-321.509186,53.871799,217.099747,-237.750534,62.089584,256.865479,178.341049,57.3764,217.199081,92.719635,63.828579,364.266571,57.429924,108.035957,309.839539,5.415463,501.334442
96,0,228.950974,-230.265656,1015.013428,255.831604,73.651581,1019.831421,447.678192,-139.078583,1049.115112,454.301727,-57.030788,1047.222046,294.116638,-252.503479,517.623718,383.694977,-290.193268,96.739815,431.202911,-243.566742,74.040031,310.043396,97.069504,522.388306,386.077698,141.426224,108.070023,431.806824,88.477905,85.491302,316.056854,-164.87767,506.907654,357.05954,-200.178864,110.719421,252.794205,-321.503479,53.876339,217.111938,-237.760239,62.078518,256.889313,178.329834,57.342159,217.214066,92.729324,63.832821,364.252167,57.430733,108.010567,309.856537,5.426691,501.328461
97,0,229.040375,-230.236923,1015.086182,255.963776,73.638397,1019.836914,447.667328,-139.080215,1049.082397,454.374786,-57.077847,1047.230835,294.112762,-252.51123,517.552185,383.68692,-290.222748,96.784622,431.223175,-243.617172,73.992508,310.04425,97.051895,522.390747,386.124146,141.398849,108.080391,431.80249,88.471458,85.474533,316.078064,-164.907623,506.877594,357.046082,-200.160889,110.746811,252.777878,-321.52179,53.882931,217.146591,-237.771225,62.088669,256.864105,178.340195,57.375881,217.242462,92.733582,63.824654,364.242493,57.396976,108.033897,309.878204,5.416762,501.333008
98,0,229.04689,-230.3134,1015.018677,256.130859,73.598549,1019.787659,447.800842,-139.142654,1049.087769,454.419922,-57.104027,1047.196655,294.111084,-252.52211,517.595886,383.698639,-290.231812,96.777122,431.249878,-243.634003,74.002953,310.086823,97.026489,522.394775,386.074768,141.394714,108.061211,431.801697,88.470169,85.474266,316.130188,-164.932114,506.868469,357.05661,-200.199524,110.745239,252.762619,-321.504852,53.875835,217.129517,-237.788071,62.112198,256.917877,178.358353,57.374485,217.220612,92.714012,63.842312,364.255005,57.383007,108.026817,309.922699,5.397602,501.318756
99,0,229.086258,-230.331146,1015.021057,256.244415,73.598152,1019.802185,447.881714,-139.18956,1049.070068,454.506195,-57.12088,1047.175659,294.188843,-252.542465,517.589111,383.691559,-290.236267,96.761795,431.221436,-243.572449,74.021843,310.131165,97.006752,522.384277,386.035095,141.398544,108.034904,431.794647,88.504311,85.438889,316.155579,-164.962738,506.90509,357.066406,-200.212418,110.722496,252.747116,-321.508301,53.871613,217.102844,-237.770401,62.084801,256.897339,178.344406,57.407459,217.228027,92.716103,63.824081,364.264862,57.387909,108.005547,309.932281,5.390468,501.333771
100,0,229.176407,-230.342361,1015.037048,256.317688,73.585197,1019.787415,447.87149,-139.184647,1049.061646,454.571075,-57.186539,1047.182861,294.160004,-252.541122,517.671082,383.698334,-290.229279,96.757767,431.203827,-243.555222,74.070992,310.178497,97.009026,522.402466,386.068939,141.426636,108.05265,431.775208,88.516785,85.42942,316.245026,-164.987518,506.859833,357.053772,-200.228867,110.694977,252.794357,-321.521332,53.886486,217.121719,-237.761902,62.093494,256.905273,178.336838,57.350666,217.216919,92.730484,63.825466,364.269897,57.402195,108.003479,309.951263,5.402234,501.324707
101,0,229.221558,-230.318771,1015.041687,256.463684,73.60833,1019.804016,447.955139,-139.225845,1049.051392,454.638123,-57.244961,1047.14856,294.206879,-252.558167,517.579895,383.71759,-290.242706,96.758995,431.271484,-243.595963,73.97226,310.23819,97.013969,522.384583,386.129242,141.414932,108.061264,431.81543,88.494392,85.407898,316.293488,-164.998901,506.888916,357.095581,-200.190231,110.706139,252.827698,-321.522705,53.867989,217.109161,-237.753281,62.073074,256.894806,178.344269,57.355049,217.234695,92.732323,63.831306,364.2966,57.431332,108.000885,309.972504,5.420348,501.32608
102,0,229.262436,-230.318253,1015.05127,256.571533,73.568604,1019.773743,448.029694,-139.270126,1049.053345,454.706055,-57.253834,1047.170288,294.211304,-252.584396,517.625977,383.703033,-290.242004,96.750122,431.24234,-243.583099,74.030434,310.250061,96.971428,522.366394,386.034241,141.429321,108.024094,431.799774,88.502876,85.427757,316.318787,-164.992157,506.868317,357.108582,-200.235703,110.690186,252.749557,-321.510956,53.88023,217.147507,-237.764786,62.097515,256.920654,178.315201,57.372818,217.221832,92.727852,63.825687,364.298126,57.399204,108.015656,309.964722,5.392924,501.328888
103,0,229.33844,-230.327377,1015.061646,256.670715,73.560692,1019.814514,448.111328,-139.298203,1049.027466,454.784851,-57.301056,1047.129028,294.22583,-252.568878,517.616577,383.704224,-290.249207,96.758934,431.279419,-243.649338,73.980759,310.261169,96.949257,522.401733,386.032471,141.441711,108.037979,431.850586,88.499832,85.458885,316.319855,-165.050385,506.855194,357.100372,-200.211258,110.712105,252.793518,-321.522003,53.874489,217.125839,-237.781815,62.092758,256.871216,178.381363,57.415737,217.225647,92.737083,63.817062,364.280182,57.389046,107.99968,309.951111,5.376928,501.326202
104,0,229.418289,-230.362808,1015.08783,256.789459,73.528755,1019.794373,448.244843,-139.338196,1049.003662,454.840576,-57.305027,1047.137817,294.310211,-252.585419,517.62616,383.719391,-290.267853,96.760529,431.234741,-243.610352,73.991119,310.283112,96.938881,522.378906,386.045746,141.397598,108.013565,431.809235,88.50528,85.414192,316.315826,-165.065552,506.878784,357.080261,-200.1745,110.733826,252.763809,-321.52417,53.885021,217.109207,-237.776611,62.091579,256.912781,178.294449,57.369923,217.235901,92.722176,63.824223,364.266907,57.366196,108.003151,310.017792,5.344988,501.353973
105,0,229.464661,-230.352722,1015.080444,256.912506,73.518288,1019.800171,448.347778,-139.368759,1048.984741,454.856079,-57.303368,1047.08667,294.344849,-252.566849,517.65741,383.70401,-290.275513,96.758163,431.23819,-243.576569,74.011902,310.350983,96.905998,522.352905,386.103333,141.395157,108.027275,431.825958,88.476593,85.421509,316.393494,-165.019043,506.909058,357.099091,-200.236679,110.692558,252.751404,-321.505859,53.875214,217.105927,-237.750809,62.067436,256.924805,178.284073,57.372147,217.21077,92.703712,63.825504,364.336945,57.37817,107.989441,310.045319,5.325549,501.352142
106,0,229.565872,-230.364502,1015.105225,257.024597,73.513802,1019.804016,448.457397,-139.386429,1048.980469,454.930176,-57.298512,1047.071655,294.238708,-252.596176,517.689026,383.709473,-290.27356,96.764145,431.290375,-243.637115,73.97123,310.391052,96.88224,522.372437,386.162415,141.1716,107.819611,431.839081,88.499985,85.392075,316.371277,-165.041458,506.914673,357.069977,-200.16626,110.764938,252.790573,-321.490509,53.877842,217.165115,-237.773926,62.097797,256.856201,178.320297,57.418003,217.216217,92.706619,63.832088,364.299438,57.400417,107.96183,310.064026,5.316492,501.319397
107,0,229.605469,-230.39798,1015.079407,257.157654,73.49617,1019.817261,448.576324,-139.419342,1048.952393,455.036987,-57.337814,1047.054077,294.357574,-252.612656,517.653137,383.703766,-290.301422,96.748314,431.249084,-243.577698,73.986595,310.462769,96.866882,522.35553,386.081055,141.432541,108.03598,431.853485,88.509583,85.42424,316.421661,-165.063416,506.875397,357.098053,-200.221344,110.712143,252.763092,-321.500763,53.886185,217.160706,-237.761963,62.10194,256.894073,178.341705,57.394375,217.245132,92.704796,63.839046,364.289703,57.390324,107.980629,310.169006,5.289348,501.340332
108,0,229.685776,-230.432388,1015.096436,257.265228,73.482216,1019.817688,448.610291,-139.404541,1048.931763,455.133453,-57.36607,1047.035522,294.399231,-252.568924,517.659851,383.726044,-290.29364,96.768372,431.242279,-243.606033,73.976997,310.475494,96.816467,522.369263,386.086456,141.426346,108.046913,431.835938,88.495049,85.378517,316.395355,-165.077866,506.919556,357.097137,-200.269119,110.674881,252.789734,-321.530548,53.883633,217.129181,-237.748413,62.081589,256.904846,178.305466,57.388157,217.259171,92.694794,63.811504,364.292938,57.418736,107.939392,310.164825,5.251307,501.336395
109,0,229.792694,-230.433395,1015.107483,257.384277,73.464828,1019.826294,448.732147,-139.426926,1048.919312,455.246582,-57.390282,1047.003418,294.467957,-252.578583,517.632812,383.701813,-290.281921,96.735527,431.21347,-243.625122,73.98439,310.517456,96.800728,522.366943,386.072906,141.438858,108.055573,431.850677,88.490067,85.408585,316.381683,-165.099701,506.91037,357.122131,-200.250732,110.680939,252.784195,-321.537292,53.875366,217.09726,-237.777298,62.103222,256.918915,178.29393,57.351849,217.230225,92.679726,63.820778,364.291992,57.40963,107.944038,310.179382,5.246634,501.311188
110,0,229.88205,-230.467438,1015.098206,257.473633,73.458107,1019.838928,448.833344,-139.452393,1048.89917,455.352203,-57.40094,1046.996094,294.47348,-252.574203,517.648376,383.685638,-290.260223,96.698067,431.232819,-243.640366,73.981606,310.562195,96.821922,522.419373,386.04068,141.45929,108.030182,431.847961,88.500824,85.421143,316.404663,-165.100525,506.948761,357.100464,-200.246857,110.702652,252.7509,-321.511963,53.898502,217.106537,-237.744995,62.073074,256.959839,178.281769,57.431488,217.259064,92.68074,63.815258,364.29425,57.374947,107.95462,310.249756,5.244497,501.312958
111,0,229.985596,-230.495712,1015.098572,257.610596,73.431381,1019.836182,448.946533,-139.446609,1048.893433,455.480591,-57.420738,1046.981079,294.427826,-252.569794,517.571838,383.7034,-290.262878,96.725952,431.18985,-243.643692,73.993889,310.645874,96.806206,522.418945,386.159576,141.203552,107.819054,431.824707,88.516663,85.369682,316.414185,-165.091415,506.918793,357.079987,-200.245621,110.71331,252.780563,-321.513519,53.889523,217.136124,-237.764786,62.095406,256.936218,178.366425,57.399811,217.231934,92.707558,63.804054,364.352722,57.398964,107.943871,310.284424,5.242772,501.317444
112,0,230.10083,-230.474472,1015.282959,257.741821,73.428505,1019.839661,449.048431,-139.465775,1048.891724,455.597534,-57.430981,1046.991089,294.488617,-252.568008,517.601868,383.686523,-290.248199,96.7146,431.232147,-243.647919,73.975555,310.718781,96.787209,522.393616,386.147705,141.226791,107.81781,431.837341,88.53019,85.324898,316.408722,-165.080215,506.948761,357.068176,-200.240128,110.687485,252.748184,-321.506104,53.882378,217.128372,-237.758423,62.088985,256.949402,178.298798,57.370609,217.271896,92.705902,63.806877,364.301544,57.440315,107.909676,310.330505,5.248923,501.278046
113,0,230.187851,-230.482605,1015.295715,257.841309,73.407455,1019.870422,449.148895,-139.46312,1048.894531,455.716217,-57.461636,1046.990112,294.378998,-252.627136,517.670044,383.690338,-290.232239,96.668755,431.279144,-243.644196,73.936195,310.806519,96.771866,522.404114,386.149048,141.207703,107.808853,431.868866,88.532921,85.339462,316.467072,-165.068832,506.932007,357.120117,-200.234406,110.695137,252.747711,-321.508942,53.892967,217.138016,-237.752808,62.087414,256.91571,178.300079,57.364357,217.252289,92.695045,63.825176,364.358734,57.430248,107.908211,310.41394,5.241955,501.32608
114,0,230.267471,-230.49791,1015.310303,257.942841,73.395454,1019.835144,449.272247,-139.536041,1048.852051,455.822968,-57.495766,1046.991699,294.460266,-252.55954,517.680786,383.685883,-290.266235,96.691086,431.246948,-243.668869,73.946861,310.843323,96.783752,522.426331,386.134369,141.237991,107.804184,431.924622,88.571075,85.353958,316.407196,-165.115784,506.982513,357.121368,-200.249664,110.679436,252.749893,-321.497803,53.888447,217.147873,-237.735779,62.074368,256.91098,178.273148,57.40041,217.254135,92.694847,63.814915,364.369568,57.420918,107.909416,310.449799,5.230141,501.306
115,0,230.338806,-230.490112,1015.305176,258.043213,73.36718,1019.860535,449.38562,-139.556503,1048.862305,455.920227,-57.561466,1046.982544,294.484222,-252.606903,517.662109,383.708008,-290.257538,96.686859,431.27597,-243.666641,73.941452,310.909454,96.75,522.39856,386.094696,141.502808,107.992096,431.875671,88.545189,85.327858,316.454376,-165.080505,507.00235,357.126465,-200.275162,110.670471,252.74527,-321.508148,53.874729,217.119064,-237.752625,62.084705,256.86731,178.299271,57.369949,217.249207,92.697418,63.854477,364.351959,57.402702,107.91674,310.483337,5.207437,501.299072
116,0,230.438843,-230.491211,1015.316223,258.175262,73.381531,1019.878418,449.507294,-139.583862,1048.855347,456.061096,-57.594437,1046.942261,294.540192,-252.57048,517.608704,383.701721,-290.265198,96.672752,431.236328,-243.683975,73.982544,311.007599,96.767578,522.424316,386.085602,141.497635,108.014221,431.885956,88.574577,85.309563,316.499023,-165.095947,506.946014,357.093262,-200.241394,110.690536,252.750427,-321.500275,53.884285,217.115524,-237.744904,62.069576,256.931122,178.337494,57.428871,217.267303,92.701683,63.827412,364.385101,57.409813,107.87529,310.538361,5.207798,501.282562
117,0,230.513077,-230.480408,1015.308838,258.189148,73.451973,1019.920471,449.618011,-139.624603,1048.856079,456.169037,-57.622929,1046.946899,294.9263,-252.551102,517.734802,383.695709,-290.263153,96.670685,431.24353,-243.644272,73.967499,311.118896,96.75959,522.417297,386.10199,141.487534,108.01149,431.888489,88.555565,85.30442,316.491425,-165.134613,506.951996,357.094269,-200.271896,110.676582,252.750488,-321.5159,53.909283,217.138611,-237.736481,62.084141,256.907867,178.257462,57.361721,217.267975,92.69635,63.829601,364.398743,57.421936,107.869072,310.599274,5.221456,501.293121
118,0,230.628113,-230.493637,1015.304321,258.261658,73.451202,1019.94397,449.721039,-139.650604,1048.820923,456.2883,-57.653561,1046.959106,294.710144,-252.603256,517.707886,383.717072,-290.285187,96.703285,431.273102,-243.64917,73.988808,311.217194,96.770157,522.420898,386.13678,141.228546,107.76281,431.884186,88.586166,85.263893,316.568359,-165.104416,506.980469,357.113922,-200.213272,110.687019,252.716339,-321.525757,53.894905,217.12677,-237.748703,62.066925,256.926453,178.287323,57.372639,217.309555,92.684547,63.805477,364.407959,57.439713,107.855843,310.690094,5.20874,501.320068
119,0,230.70636,-230.459686,1015.288696,258.412476,73.450378,1019.947632,449.798462,-139.688644,1048.817261,456.401917,-57.66729,1046.962646,294.858948,-252.536362,517.650452,383.712128,-290.277771,96.68428,431.239502,-243.665054,73.99157,311.340637,96.755142,522.404358,386.045105,141.494415,108.001007,431.87619,88.575081,85.282967,316.600525,-165.120911,506.968567,357.147522,-200.280594,110.635178,252.780289,-321.53479,53.886108,217.175339,-237.764038,62.095055,256.948242,178.305649,57.381092,217.274124,92.728127,63.818752,364.423462,57.430271,107.853264,310.719635,5.230626,501.297821
120,0,230.794113,-230.487381,1015.309326,258.535095,73.479065,1019.985779,449.903961,-139.707031,1048.806641,456.522675,-57.733593,1046.966309,295.042358,-252.557281,517.734619,383.708923,-290.279633,96.695168,431.269989,-243.669022,73.964058,311.395844,96.776085,522.430298,386.030487,141.503815,107.963966,431.92218,88.56015,85.270172,316.657532,-165.129242,506.998657,357.101532,-200.252823,110.680588,252.769119,-321.514526,53.889465,217.134003,-237.743591,62.074482,256.919067,178.306396,57.353588,217.273575,92.67627,63.804127,364.401215,57.44186,107.829437,310.855988,5.228105,501.312012
121,0,230.891479,-230.530258,1015.211487,258.646942,73.493538,1020.029663,449.990356,-139.714005,1048.829834,456.636841,-57.753586,1046.982178,294.914368,-252.585083,517.640076,383.710175,-290.259918,96.653496,431.238525,-243.688904,74.009315,311.544342,96.778481,522.42218,386.078339,141.468277,107.99646,431.933319,88.553474,85.260864,316.701172,-165.124908,507.033661,357.1427,-200.263214,110.677681,252.75618,-321.515991,53.918621,217.186996,-237.773361,62.091877,256.89621,178.272964,57.41217,217.280258,92.662392,63.824318,364.430298,57.420086,107.827118,310.924683,5.276503,501.309937
122,0,230.948349,-230.512299,1015.21228,258.795959,73.515236,1020.042542,450.098206,-139.740906,1048.823975,456.766876,-57.756901,1046.995483,294.951721,-252.57811,517.676819,383.721344,-290.288269,96.671745,431.227661,-243.657272,73.967133,311.628937,96.734573,522.428345,386.165741,141.214874,107.757446,431.914429,88.571732,85.246834,316.941711,-165.016418,507.257446,357.142242,-200.291702,110.670242,252.761093,-321.490448,53.883247,217.167297,-237.737335,62.092613,256.923248,178.27916,57.437241,217.265579,92.674759,63.826344,364.483185,57.408466,107.834023,311.018524,5.265687,501.316833
123,0,231.076233,-230.501251,1015.23938,258.963287,73.529022,1020.044189,450.208771,-139.757095,1048.829712,456.906281,-57.758442,1047.013306,294.995026,-252.564728,517.653625,383.697327,-290.321503,96.700356,431.257599,-243.685654,73.939102,311.769836,96.741798,522.425537,386.112762,141.213516,107.73835,431.932465,88.581978,85.229416,316.821899,-165.157913,507.017975,357.150635,-200.294037,110.666756,252.741104,-321.498596,53.87384,217.17543,-237.7565,62.086182,256.859406,178.231827,57.40873,217.24826,92.684441,63.817234,364.473755,57.411495,107.825394,311.110016,5.228752,501.307007
124,0,231.170746,-230.511017,1015.259399,259.169586,73.538483,1020.058289,450.291138,-139.800919,1048.859009,457.032776,-57.816978,1046.992188,295.069855,-252.573608,517.655151,383.704285,-290.314087,96.702934,431.256836,-243.690857,73.972061,311.843048,96.736588,522.478516,386.155701,141.205414,107.738167,431.959045,88.604836,85.217728,317.084991,-165.006821,507.278809,357.176361,-200.298462,110.682518,252.718689,-321.512756,53.880413,217.183777,-237.749985,62.092972,256.956146,178.273315,57.436249,217.2771,92.664444,63.81908,364.488495,57.4464,107.792709,311.170898,5.244555,501.310516
125,0,231.253494,-230.528885,1015.266174,259.355499,73.544418,1020.050537,450.406616,-139.843079,1048.866455,457.144592,-57.848362,1046.996704,295.289459,-252.573914,517.723206,383.707184,-290.301758,96.658447,431.272552,-243.733231,73.946945,311.957001,96.73024,522.480103,386.146454,141.212189,107.725372,431.988495,88.597092,85.190521,316.925201,-165.178299,507.096405,357.170349,-200.315628,110.696815,252.754959,-321.505707,53.890839,217.157501,-237.730972,62.065136,256.906921,178.227097,57.447281,217.317764,92.653259,63.822346,364.492645,57.421871,107.776825,311.233612,5.215767,501.282806
126,0,231.310272,-230.524979,1015.281189,259.467865,73.552307,1020.091431,450.496765,-139.875534,1048.911621,457.235565,-57.893749,1047.026611,295.342438,-252.567596,517.716125,383.734711,-290.34613,96.709839,431.272461,-243.701157,73.963867,312.021332,96.693672,522.458801,386.137238,141.21283,107.742622,431.972504,88.590515,85.153984,316.944885,-165.086136,507.222046,357.178162,-200.339493,110.647072,252.714996,-321.5047,53.901714,217.200699,-237.742981,62.081062,256.929718,178.249664,57.424339,217.353668,92.658066,63.809299,364.519135,57.407734,107.752373,311.302856,5.198485,501.273621
127,0,231.402283,-230.522415,1015.283447,259.603149,73.536896,1020.065308,450.578613,-139.916733,1048.967041,457.340302,-57.865791,1047.05835,295.357574,-252.580994,517.743347,383.708191,-290.340454,96.676384,431.265442,-243.737244,73.963104,312.088501,96.681122,522.445679,386.134613,141.196243,107.699127,431.992462,88.580772,85.160843,317.002014,-165.177155,507.137238,357.144104,-200.325653,110.719704,252.69371,-321.494324,53.914967,217.19545,-237.755707,62.117176,256.912323,178.222107,57.410961,217.320496,92.643097,63.791512,364.522858,57.387165,107.749191,311.379883,5.191358,501.276184
128,0,231.455734,-230.506012,1015.270325,259.753235,73.52655,1020.057434,450.686584,-139.936325,1049.000366,457.384125,-57.862885,1047.109009,295.363739,-252.589371,517.755249,383.719513,-290.341827,96.692841,431.305908,-243.821426,73.914711,312.149139,96.636818,522.416016,386.173035,141.192108,107.689796,431.986328,88.618706,85.14994,317.0354,-165.067566,507.289886,357.213562,-200.354431,110.694298,252.654251,-321.479584,53.894276,217.188034,-237.733582,62.100353,256.919342,178.222351,57.459553,217.338974,92.63118,63.80838,364.580139,57.362286,107.759071,311.436554,5.183814,501.279877
129,0,231.568787,-230.530563,1015.301453,259.884338,73.554993,1020.049805,450.798859,-139.998215,1049.046387,457.50058,-57.915073,1047.117554,295.415527,-252.598373,517.718567,383.718262,-290.353119,96.673042,431.301636,-243.769699,73.947235,312.217651,96.632332,522.410034,386.164886,141.184937,107.675713,431.962036,88.607292,85.138992,317.092163,-165.093887,507.222778,357.183014,-200.30806,110.712875,252.691238,-321.464905,53.895706,217.197815,-237.731155,62.088573,256.917908,178.217438,57.404526,217.301956,92.619156,63.809418,364.57251,57.414593,107.736259,311.47522,5.177722,501.286377
130,0,231.641205,-230.51738,1015.293823,260.052307,73.564865,1020.02002,450.897461,-140.047867,1049.077515,457.597198,-57.984135,1047.123535,295.479858,-252.62764,517.724915,383.705566,-290.375305,96.681953,431.298065,-243.749084,73.918007,312.296753,96.629471,522.435791,386.052948,141.49556,107.914993,431.988373,88.6511,85.148651,317.14975,-165.092636,507.261444,357.257812,-200.31015,110.734444,252.716995,-321.473999,53.867493,217.208359,-237.716446,62.107006,256.926666,178.21431,57.429653,217.345154,92.639565,63.789673,364.516327,57.36961,107.732361,311.561279,5.172222,501.286194
131,0,231.720673,-230.552963,1015.2854,260.173676,73.552315,1020.016418,450.993561,-140.106476,1049.116333,457.680237,-58.016518,1047.162476,295.495148,-252.614624,517.760864,383.733307,-290.391479,96.706421,431.323029,-243.899246,73.874001,312.396454,96.615341,522.402527,386.094238,141.47345,107.909874,431.985901,88.635605,85.156311,317.203949,-165.077789,507.275879,357.254578,-200.372116,110.697121,252.732361,-321.48349,53.873116,217.195831,-237.728912,62.08987,256.964813,178.225006,57.427929,217.324051,92.642082,63.805172,364.552948,57.405247,107.731956,311.663605,5.139802,501.304626
132,0,231.785324,-230.545624,1015.288696,260.256165,73.549164,1020.018311,451.094482,-140.142273,1049.15271,457.781982,-58.022614,1047.227417,295.539856,-252.654129,517.736755,383.728363,-290.384491,96.688797,431.303192,-243.771851,73.952095,312.437744,96.58239,522.437927,386.101624,141.477341,107.91671,431.994293,88.61351,85.178993,317.256775,-165.116028,507.266296,357.244507,-200.371994,110.720657,252.69812,-321.472229,53.886105,217.193024,-237.723175,62.078606,256.908325,178.255905,57.461914,217.295578,92.638153,63.81712,364.557251,57.396347,107.737823,311.744049,5.134933,501.299988
133,0,231.834991,-230.543228,1015.290527,260.33609,73.551598,1020.005798,451.17392,-140.172424,1049.169556,457.869354,-58.074039,1047.239258,295.599213,-252.672195,517.765442,383.723969,-290.378723,96.671272,431.29538,-243.781082,73.931755,312.585419,96.600578,522.472473,386.163696,141.226059,107.718361,431.988739,88.633507,85.167488,317.28241,-165.135681,507.252563,357.242859,-200.372025,110.692833,252.65979,-321.472839,53.88662,217.172424,-237.739899,62.090569,256.938141,178.260284,57.458866,217.306458,92.638931,63.824326,364.583282,57.433151,107.739975,311.874451,5.111278,501.300934
134,0,231.911087,-230.550949,1015.287903,260.486298,73.52095,1019.988647,451.237885,-140.19751,1049.210205,457.978485,-58.107296,1047.238281,295.637207,-252.648026,517.750793,383.73407,-290.388306,96.682709,431.294556,-243.798248,73.945892,312.735687,96.55558,522.454285,386.155457,141.223557,107.706863,432.027679,88.617371,85.179298,317.324982,-165.148621,507.266449,357.284607,-200.38147,110.675705,252.679352,-321.472961,53.900146,217.185242,-237.74025,62.086552,256.940216,178.217728,57.457985,217.319992,92.620499,63.816532,364.56366,57.417728,107.749626,311.98468,5.075181,501.311066
135,0,231.964188,-230.565948,1015.270447,260.608826,73.495041,1019.968018,451.30426,-140.258301,1049.228516,458.063507,-58.158241,1047.262451,295.704956,-252.669189,517.765381,383.719055,-290.364594,96.671165,431.307434,-243.812302,73.917053,312.907776,96.571739,522.489502,386.208496,141.182953,107.679955,431.995575,88.579109,85.130737,317.35495,-165.187988,507.274384,357.267456,-200.359909,110.732895,252.69342,-321.478485,53.901524,217.199707,-237.722122,62.081482,256.912079,178.238205,57.448864,217.324432,92.623703,63.808575,364.58432,57.428921,107.734673,312.103241,5.045537,501.305573
136,0,232.061615,-230.571136,1015.262512,260.704254,73.478577,1019.95697,451.376831,-140.267365,1049.22229,458.145782,-58.199593,1047.254517,295.774475,-252.665939,517.749512,383.747223,-290.389832,96.694221,431.311951,-243.821609,73.930191,313.040985,96.565369,522.491089,386.115509,141.461823,107.883263,432.013794,88.60305,85.133461,317.421997,-165.20108,507.193146,357.256989,-200.389999,110.687279,252.711304,-321.459656,53.903225,217.205353,-237.729279,62.077686,256.948212,178.258484,57.436962,217.344147,92.648148,63.829823,364.631226,57.345428,107.786667,312.228882,5.054523,501.295868
137,0,232.085968,-230.556625,1015.254639,260.801575,73.455032,1019.943848,451.423828,-140.282043,1049.266968,458.241852,-58.227425,1047.285278,295.824677,-252.692963,517.768555,383.73468,-290.38504,96.690971,431.326447,-243.83461,73.911415,313.128876,96.565338,522.470276,386.215973,141.213516,107.676109,432.038239,88.587532,85.115433,317.459229,-165.20369,507.219025,357.324097,-200.441193,110.669174,252.658432,-321.480072,53.87875,217.188263,-237.726715,62.084011,256.936127,178.208466,57.45121,217.333267,92.641762,63.837162,364.639832,57.379692,107.784439,312.358337,5.029429,501.272491
138,0,232.171921,-230.573441,1015.250671,260.884399,73.430702,1019.919128,451.50351,-140.297058,1049.283203,458.305847,-58.25161,1047.310791,295.914612,-252.717316,517.788635,383.732361,-290.396393,96.67305,431.281006,-243.797073,73.93235,313.162872,96.570168,522.495056,386.232422,141.21431,107.643341,432.020111,88.623749,85.061707,317.558075,-165.223114,507.189148,357.336304,-200.439331,110.695114,252.696365,-321.472443,53.890457,217.192276,-237.735977,62.085712,256.937347,178.187912,57.39608,217.337021,92.642952,63.836082,364.622711,57.4604,107.737946,312.452881,5.039724,501.263611
139,0,232.249008,-230.547058,1015.234375,260.97171,73.41008,1019.909363,451.563507,-140.297974,1049.298828,458.405823,-58.252327,1047.318115,295.912354,-252.698334,517.772644,383.748444,-290.40213,96.693535,431.299286,-243.80835,73.928291,313.267242,96.581322,522.513794,386.214691,141.233337,107.663506,432.068268,88.629486,85.092239,317.596985,-165.250916,507.131989,357.271851,-200.439667,110.697723,252.70993,-321.469604,53.903629,217.201828,-237.724167,62.095448,256.973633,178.213654,57.4156,217.342285,92.651192,63.811123,364.659271,57.427578,107.760269,312.531189,5.038318,501.252533
140,0,232.351273,-230.554779,1015.203491,261.017029,73.388504,1019.887573,451.654724,-140.324097,1049.338745,458.444031,-58.290466,1047.358398,296.038574,-252.699142,517.805786,383.761383,-290.401031,96.6745,431.301025,-243.823059,73.924553,313.334015,96.575317,522.489014,386.201324,141.254562,107.653801,432.06723,88.623718,85.058708,317.705841,-165.211243,507.18219,357.296295,-200.419388,110.688492,252.716476,-321.479645,53.907665,217.221176,-237.756165,62.112396,256.96875,178.234711,57.412838,217.374176,92.636215,63.824089,364.633636,57.387707,107.765297,312.59729,5.065642,501.246033
141,0,232.392517,-230.57222,1015.15271,261.141724,73.417328,1019.900818,451.710052,-140.339218,1049.345459,458.531281,-58.315926,1047.34729,296.068634,-252.709961,517.774597,383.751556,-290.436554,96.688919,431.317444,-243.814423,73.922455,313.393738,96.566902,522.473022,386.141235,141.495743,107.886307,432.075592,88.665878,85.051094,317.710052,-165.247147,507.151123,357.292023,-200.436722,110.709053,252.720474,-321.476471,53.865845,217.232834,-237.729065,62.084724,256.951569,178.212219,57.451614,217.364944,92.652809,63.828094,364.648804,57.440609,107.736832,312.675568,5.071755,501.249542
142,0,232.426147,-230.573853,1015.135193,261.234344,73.396004,1019.909729,451.776489,-140.337082,1049.390625,458.640411,-58.319469,1047.393311,296.111694,-252.743698,517.792236,383.779541,-290.424683,96.672112,431.332855,-243.845764,73.894928,313.464508,96.578987,522.478088,386.18692,141.516968,107.854004,432.099701,88.641052,85.080391,317.777679,-165.234375,507.171448,357.317505,-200.388535,110.675797,252.703186,-321.483856,53.887772,217.223572,-237.727631,62.117157,256.968597,178.23378,57.445438,217.354172,92.639763,63.813061,364.639099,57.434528,107.752495,312.687592,5.048596,501.273346
143,0,232.487244,-230.540863,1015.110229,261.286591,73.400948,1019.938965,451.855377,-140.350677,1049.407349,458.694794,-58.33326,1047.416016,296.176605,-252.711029,517.787964,383.76825,-290.431305,96.684624,431.286957,-243.818085,73.95369,313.471649,96.586922,522.486877,386.194183,141.25029,107.672089,432.097809,88.639549,85.063576,317.832703,-165.225739,507.162048,357.341003,-200.44162,110.699295,252.670441,-321.483246,53.870193,217.2211,-237.735306,62.09708,256.92392,178.201248,57.452095,217.352661,92.644928,63.832352,364.680603,57.435608,107.753502,312.744263,5.070506,501.280792
144,0,232.559341,-230.556564,1015.096191,261.369293,73.373032,1019.911743,451.923737,-140.349716,1049.4375,458.803009,-58.348583,1047.434082,296.21109,-252.690109,517.792908,383.752563,-290.442017,96.674988,431.32135,-243.861893,73.893723,313.552185,96.580681,522.440186,386.235931,141.24144,107.636009,432.075195,88.637367,85.072624,317.840424,-165.274643,507.181458,357.359436,-200.455475,110.681007,252.679047,-321.484131,53.898251,217.236893,-237.7258,62.106628,256.93222,178.218491,57.446686,217.337769,92.640343,63.820293,364.694672,57.423801,107.746262,312.738403,5.070306,501.296295
145,0,232.614761,-230.549316,1015.073059,261.444733,73.38855,1019.936584,451.990662,-140.379807,1049.444458,458.90451,-58.359165,1047.453247,296.256989,-252.708618,517.767822,383.756226,-290.447845,96.637932,431.288025,-243.849762,73.934624,313.539825,96.573074,522.457092,386.22934,141.21521,107.654037,432.077271,88.642876,85.059441,317.866394,-165.252518,507.186462,357.309662,-200.429062,110.686623,252.718842,-321.504517,53.897186,217.227676,-237.727432,62.094521,256.927795,178.235001,57.433895,217.337616,92.625809,63.824558,364.684143,57.410149,107.759148,312.74588,5.053597,501.301575
146,0,232.665573,-230.545364,1015.045044,261.534973,73.407501,1019.957092,452.051758,-140.382034,1049.463135,458.991638,-58.38715,1047.477783,296.314362,-252.6716,517.800171,383.761871,-290.446564,96.679749,431.32663,-243.850906,73.902138,313.62384,96.55246,522.473816,386.242035,141.206589,107.629013,432.065948,88.609489,85.064224,317.934631,-165.25,507.1633,357.349701,-200.418274,110.67997,252.716339,-321.497467,53.886879,217.216644,-237.715286,62.079208,256.941071,178.253494,57.481609,217.324539,92.636772,63.803345,364.680237,57.425179,107.735916,312.785583,5.075048,501.31308
147,0,232.751495,-230.528702,1015.031921,261.655396,73.419411,1019.960632,452.140381,-140.406693,1049.489502,459.059937,-58.392361,1047.497192,296.35791,-252.674576,517.815613,383.759949,-290.448792,96.639053,431.353607,-243.831818,73.87442,313.633759,96.560837,522.490112,386.239929,141.17601,107.639877,432.068573,88.586884,85.078156,317.938324,-165.213089,507.170135,357.320129,-200.465454,110.67202,252.688889,-321.477386,53.896244,217.213242,-237.730988,62.110939,256.99231,178.218918,57.476383,217.322174,92.625786,63.814266,364.686646,57.38913,107.76593,312.825226,5.026631,501.339966
148,0,232.765854,-230.485168,1015.016418,261.740021,73.455231,1019.999023,452.203339,-140.373291,1049.506714,459.14444,-58.395576,1047.532104,296.37146,-252.631821,517.784851,383.763397,-290.461212,96.65226,431.313904,-243.836639,73.908775,313.700073,96.573097,522.485779,386.173187,141.168655,107.616554,432.022858,88.571892,85.044762,317.976227,-165.180756,507.215607,357.348602,-200.418991,110.693748,252.680695,-321.474976,53.902664,217.230225,-237.71814,62.104969,256.946838,178.172226,57.45631,217.330292,92.612755,63.782887,364.67392,57.382797,107.731651,312.88208,5.022313,501.345276
149,0,232.800232,-230.451904,1015.011536,261.818604,73.487671,1020.022034,452.269745,-140.399872,1049.518311,459.202332,-58.386246,1047.555908,296.244171,-252.673691,517.772583,383.761841,-290.448395,96.670944,431.316315,-243.873749,73.870934,313.755798,96.552536,522.481934,386.154877,141.398636,107.826553,432.074982,88.570473,85.084763,317.983643,-165.212265,507.132782,357.364014,-200.460754,110.672836,252.727203,-321.49527,53.91468,217.224152,-237.715393,62.098927,256.906433,178.200211,57.473248,217.31488,92.630058,63.798904,364.671692,57.378742,107.738205,312.939453,5.024496,501.347473
150,0,232.853241,-230.418686,1015.004272,261.914368,73.509155,1020.049927,452.313202,-140.384293,1049.528564,459.290955,-58.389408,1047.57251,296.237549,-252.637024,517.782959,383.770142,-290.435394,96.665604,431.329132,-243.878479,73.902962,313.800171,96.551834,522.487915,386.184082,141.118683,107.630753,432.055389,88.545631,85.073532,318.024078,-165.137451,507.188843,357.338806,-200.412186,110.700584,252.690704,-321.476959,53.906578,217.22731,-237.716705,62.091892,256.904938,178.202652,57.478897,217.318451,92.613022,63.806995,364.684204,57.420437,107.720062,313.041962,5.01556,501.359283
151,0,232.933517,-230.424408,1015.025513,261.983032,73.537987,1020.052429,452.394379,-140.352646,1049.5177,459.348389,-58.365662,1047.617188,296.199951,-252.600098,517.787048,383.761322,-290.424622,96.69088,431.336853,-243.849777,73.902618,313.852539,96.537788,522.459961,386.197021,141.136078,107.617744,432.057556,88.567741,85.053925,318.018005,-165.137939,507.162384,357.361237,-200.433746,110.678795,252.710938,-321.496399,53.902985,217.236557,-237.702606,62.112144,256.918396,178.188324,57.480965,217.32106,92.599777,63.795013,364.697235,57.398476,107.728401,313.100983,5.02592,501.378906
152,0,232.991837,-230.38533,1015.028625,262.075531,73.571198,1020.072083,452.425873,-140.34639,1049.507935,459.399689,-58.351967,1047.633911,296.198456,-252.608353,517.774536,383.758057,-290.45816,96.664169,431.375641,-244.032806,73.819435,313.915497,96.588058,522.510986,386.210754,141.115677,107.627205,432.047516,88.555817,85.049385,318.025696,-165.16893,507.169769,357.345337,-200.414444,110.696014,252.672256,-321.456238,53.892155,217.21347,-237.716629,62.10202,256.930115,178.181625,57.480572,217.294647,92.582031,63.811951,364.693481,57.42001,107.711105,313.221619,5.050279,501.356964
153,0,233.022385,-230.384415,1015.032166,262.178497,73.597672,1020.09259,452.512512,-140.351288,1049.562256,459.465424,-58.326004,1047.657837,296.204895,-252.604691,517.768127,383.749298,-290.455078,96.674118,431.390503,-243.998581,73.830879,313.995941,96.557724,522.482849,386.189362,141.136047,107.625168,432.076355,88.576752,85.066444,318.020355,-165.127594,507.169495,357.354736,-200.437866,110.658653,252.687241,-321.459869,53.891327,217.218506,-237.696823,62.09396,256.982147,178.16156,57.482925,217.281662,92.601021,63.815327,364.728424,57.549263,107.838997,313.329041,5.037105,501.365906
154,0,233.107132,-230.37178,1015.04303,262.27002,73.591187,1020.100342,452.574219,-140.323608,1049.574707,459.528229,-58.317348,1047.637085,296.198853,-252.627975,517.821594,383.759125,-290.435577,96.684387,431.327301,-243.892334,73.874565,314.040375,96.57914,522.491394,386.189148,141.116989,107.616585,432.036072,88.582001,85.011604,318.015869,-165.152924,507.161987,357.337433,-200.414764,110.663086,252.711624,-321.48999,53.899872,217.25354,-237.705383,62.114742,256.989288,178.156067,57.481762,217.318268,92.597061,63.779972,364.728119,57.448654,107.728737,313.335297,4.987554,501.368042
155,0,233.133926,-230.353104,1015.043762,262.362976,73.60627,1020.10968,452.623505,-140.31926,1049.595215,459.599091,-58.292484,1047.702637,296.201843,-252.60704,517.773987,383.707092,-290.423706,96.647003,431.377563,-244.023087,73.783203,314.067749,96.569862,522.486816,386.105591,141.40863,107.808517,432.063965,88.595772,85.002838,318.016541,-165.129715,507.171204,357.331665,-200.402237,110.673737,252.691956,-321.467957,53.894039,217.2285,-237.69693,62.087776,256.941071,178.151428,57.510395,217.306992,92.60038,63.816158,364.753479,57.483547,107.709152,313.378357,5.040879,501.336945
156,0,233.186707,-230.333084,1015.03656,262.457855,73.613152,1020.109314,452.668121,-140.303528,1049.627075,459.66214,-58.301998,1047.707642,296.200684,-252.575958,517.762268,383.748474,-290.423889,96.682182,431.400024,-243.996719,73.778824,314.094788,96.566078,522.481995,386.179626,141.138046,107.591957,432.13797,88.611206,85.033607,318.071259,-165.092468,507.19632,357.350006,-200.425217,110.666527,252.688919,-321.460175,53.896259,217.211563,-237.707092,62.100708,256.928345,178.174789,57.535763,217.316696,92.589172,63.789852,364.865112,57.407055,107.721634,313.422241,5.032956,501.337097
157,0,233.23027,-230.357956,1015.029297,262.559021,73.602341,1020.082336,452.737091,-140.321213,1049.637817,459.723419,-58.314564,1047.748535,296.227386,-252.585678,517.747009,383.713867,-290.417755,96.675316,431.332062,-243.927032,73.850021,314.142242,96.588783,522.517456,386.16394,141.136597,107.598289,432.123932,88.620132,85.014137,318.089966,-165.14006,507.173584,357.340363,-200.452057,110.683449,252.688431,-321.46759,53.915089,217.214951,-237.730026,62.102722,256.909729,178.126938,57.524559,217.306625,92.556168,63.774532,364.879181,57.407814,107.700882,313.492706,5.036347,501.336151
158,0,233.304489,-230.348755,1015.025024,262.623016,73.628899,1020.092468,452.760376,-140.334152,1049.678711,459.762085,-58.304298,1047.803345,296.254578,-252.555542,517.757874,383.75058,-290.441254,96.644745,431.345703,-244.001419,73.833992,314.126984,96.5718,522.489807,386.154449,141.153656,107.604332,432.123383,88.619476,85.018982,318.157684,-165.156006,507.173828,357.318085,-200.452423,110.680626,252.686172,-321.469971,53.894657,217.213669,-237.707672,62.093548,256.946228,178.104828,57.514675,217.32193,92.560928,63.772648,364.901062,57.406101,107.710953,313.524506,5.01551,501.335754
159,0,233.310745,-230.341736,1014.994385,262.709381,73.63887,1020.048767,452.807037,-140.334015,1049.72937,459.802917,-58.304951,1047.855225,296.33432,-252.599899,517.828247,383.722107,-290.438965,96.652412,431.333771,-243.890457,73.883087,314.096161,96.559761,522.47345,386.157043,141.155838,107.576729,432.117065,88.667664,84.987076,318.238617,-165.129654,507.168762,357.373749,-200.417511,110.642021,252.678391,-321.457703,53.895561,217.209656,-237.703857,62.091064,256.954742,178.128113,57.516346,217.339218,92.538826,63.786743,364.857605,57.431217,107.663872,313.561951,4.98962,501.316437
160,0,233.367157,-230.330109,1015.00238,262.794373,73.675079,1020.034424,452.835876,-140.348373,1049.789673,459.873383,-58.332188,1047.859131,296.362518,-252.569916,517.806274,383.75946,-290.453888,96.655144,431.350189,-243.997482,73.8312,314.143951,96.543861,522.448242,386.164978,141.139465,107.564575,432.116913,88.627838,84.99379,318.324493,-165.098679,507.251129,357.38562,-200.427811,110.681328,252.69809,-321.479279,53.913506,217.207916,-237.706207,62.089748,256.927246,178.110779,57.511082,217.360474,92.540787,63.756912,364.886993,57.389149,107.679703,313.627289,4.982178,501.329529
161,0,233.394455,-230.305481,1014.965393,262.874207,73.693665,1020.037415,452.848206,-140.357407,1049.851318,459.895721,-58.355873,1047.910034,296.417206,-252.575928,517.813538,383.753845,-290.463196,96.652718,431.356659,-243.88382,73.855614,314.137482,96.543869,522.436035,386.142456,141.162125,107.561897,432.159851,88.642029,84.970863,318.413269,-165.144913,507.202789,357.384491,-200.38298,110.705109,252.688324,-321.468018,53.896252,217.230774,-237.696136,62.088337,256.898773,178.112213,57.556805,217.352142,92.531677,63.769238,364.80603,57.462208,107.620865,313.668823,4.983681,501.316681
162,0,233.402008,-230.26326,1014.945251,262.93631,73.712341,1020.030762,452.846069,-140.361755,1049.913574,459.937195,-58.353523,1047.973633,296.508301,-252.618576,517.854431,383.775085,-290.458496,96.64196,431.317871,-243.88002,73.886292,314.15387,96.506691,522.46521,386.158997,141.148849,107.584251,432.170471,88.645027,84.998291,318.46991,-165.146912,507.181946,357.408813,-200.460022,110.656197,252.728226,-321.495575,53.895863,217.214005,-237.697937,62.105534,256.869232,178.108994,57.526798,217.324005,92.532043,63.757679,364.853943,57.410301,107.657425,313.678131,4.936902,501.328888
163,0,233.425507,-230.276154,1014.899719,262.958435,73.727699,1020.008545,452.87326,-140.38887,1049.972534,459.947296,-58.377937,1048.014282,296.658417,-252.661255,517.82428,383.770416,-290.452759,96.64138,431.330933,-243.891754,73.885651,314.183075,96.528915,522.469604,386.2052,141.127869,107.55304,432.170349,88.658798,84.946274,318.541504,-165.141296,507.218903,357.397003,-200.470032,110.685677,252.682709,-321.487701,53.890591,217.220398,-237.702896,62.081123,257.132843,178.145706,57.74498,217.350418,92.520607,63.766247,364.898651,57.388439,107.65873,313.699677,4.92818,501.325714
164,0,233.430099,-230.264114,1014.875183,263.049225,73.747322,1019.975281,452.909393,-140.388718,1050.014404,459.967468,-58.378437,1048.079956,296.657135,-252.66626,517.868958,383.766541,-290.46759,96.676247,431.330566,-243.902008,73.869728,314.19043,96.524048,522.443665,386.159454,141.142197,107.513634,432.129089,88.667564,84.934013,318.639282,-165.154938,507.172272,357.409912,-200.40152,110.709656,252.658096,-321.465027,53.886269,217.233521,-237.676071,62.131298,256.955048,178.078766,57.601944,217.321716,92.534317,63.757816,364.854919,57.531414,107.801468,313.764252,4.935989,501.336273
165,0,233.438599,-230.216736,1014.831909,263.058716,73.754448,1019.943481,452.910065,-140.394135,1050.074463,460.006927,-58.373428,1048.149292,296.768372,-252.661163,517.849487,383.773041,-290.496857,96.652992,431.323395,-243.907455,73.891022,314.237732,96.551819,522.456177,386.16684,141.149643,107.565819,432.178528,88.66922,84.960442,318.694244,-165.168762,507.17865,357.419952,-200.48558,110.680458,252.672882,-321.47818,53.883034,217.222794,-237.69249,62.10157,256.99823,178.143967,57.563442,217.347275,92.504959,63.770058,364.860809,57.441513,107.669006,313.784821,4.957509,501.333466
166,0,233.470444,-230.188812,1014.822144,263.096558,73.762352,1019.942627,452.92041,-140.390366,1050.116943,460.011688,-58.358227,1048.208862,296.804504,-252.687073,517.8349,383.77948,-290.46524,96.648239,431.402252,-244.028015,73.82148,314.245544,96.53157,522.426086,386.173523,141.15213,107.524986,432.210724,88.662781,84.965065,318.814362,-165.15567,507.157074,357.422363,-200.43541,110.716324,252.687424,-321.486694,53.886154,217.296463,-237.712891,62.114365,256.97818,178.084747,57.543385,217.361923,92.520851,63.769138,364.865692,57.461018,107.664871,313.821014,4.954865,501.328339
167,0,233.492477,-230.157867,1014.799255,263.100616,73.769501,1019.929382,452.912781,-140.363373,1050.177734,460.018494,-58.34906,1048.264893,296.834839,-252.71257,517.901978,383.786896,-290.475677,96.631027,431.389496,-243.92778,73.863297,314.274384,96.54084,522.442688,386.20639,141.113907,107.509865,432.2005,88.681931,84.947418,318.928619,-165.116562,507.164429,357.423309,-200.46283,110.719177,252.71228,-321.46637,53.896194,217.241119,-237.706207,62.118046,257.152161,178.139938,57.717663,217.383118,92.514412,63.779434,364.860199,57.452076,107.657562,313.853882,4.951054,501.320587
168,0,233.506836,-230.155228,1014.766479,263.090363,73.779846,1019.930115,452.929504,-140.34404,1050.246704,460.001862,-58.322834,1048.343628,296.896057,-252.67247,517.857178,383.813751,-290.467621,96.633438,431.381775,-243.919052,73.856087,314.27298,96.554207,522.453003,386.180237,141.116364,107.453911,432.186707,88.702957,84.912369,318.914825,-165.128967,507.186951,357.444305,-200.426727,110.729584,252.695084,-321.479706,53.906796,217.239563,-237.705551,62.131344,257.148895,178.148285,57.744083,217.399918,92.500175,63.77422,364.936279,57.41082,107.668945,313.83136,4.91534,501.306366
169,0,233.520172,-230.122986,1014.749634,263.128021,73.820229,1019.898438,452.932495,-140.344711,1050.299438,460.010132,-58.3139,1048.400391,296.910919,-252.692307,517.895081,383.800293,-290.493286,96.636299,431.40567,-243.988297,73.854652,314.261047,96.537857,522.427673,386.179993,141.111679,107.481956,432.201996,88.698662,84.953842,318.951752,-165.129456,507.172699,357.476746,-200.379593,110.744743,252.686081,-321.477509,53.869789,217.231094,-237.697861,62.122787,256.964813,178.103058,57.610088,217.381973,92.503235,63.760548,364.93457,57.422043,107.650093,313.826782,4.946534,501.306824
170,0,233.579742,-230.119064,1014.742493,263.118134,73.799637,1019.876587,452.940033,-140.311447,1050.345581,460.005554,-58.282764,1048.478516,296.960205,-252.739899,517.911621,383.817352,-290.494659,96.634483,431.377411,-243.923416,73.847923,314.263336,96.54084,522.418945,386.057587,141.456299,107.742393,432.180695,88.701912,84.90905,318.977142,-165.137497,507.153625,357.460999,-200.448257,110.727455,252.704895,-321.479645,53.898026,217.260345,-237.720795,62.10247,257.157532,178.124039,57.726112,217.37616,92.494469,63.746765,364.891479,57.409229,107.669952,313.819519,4.948454,501.31012
171,0,233.600967,-230.127075,1014.718506,263.124664,73.792519,1019.884583,452.944061,-140.294922,1050.412354,460.000031,-58.219414,1048.540283,296.908722,-252.720032,517.88269,383.807831,-290.480316,96.64389,431.426208,-243.923172,73.826668,314.282349,96.558235,522.415466,386.154938,141.204681,107.549179,432.216583,88.713806,84.956764,318.993866,-165.149582,507.15506,357.482941,-200.456451,110.72213,252.740891,-321.479462,53.888191,217.242081,-237.702866,62.121948,257.154053,178.134903,57.692215,217.402542,92.480957,63.751362,364.883453,57.447392,107.640388,313.805969,4.952217,501.312256
172,0,233.619125,-230.138412,1014.71875,263.136963,73.769241,1019.893188,452.937439,-140.251816,1050.458252,459.995453,-58.167301,1048.635864,296.968781,-252.720413,517.966797,383.8013,-290.481812,96.626892,431.429535,-243.976028,73.819733,314.25824,96.563499,522.447205,386.211548,141.187485,107.533066,432.237122,88.738907,84.950836,318.980652,-165.136978,507.148804,357.44809,-200.487915,110.695137,252.774384,-321.473663,53.899109,217.254562,-237.701721,62.099121,257.158142,178.172195,57.731216,217.38237,92.500702,63.732529,364.886383,57.446621,107.623581,313.762268,4.946774,501.31012
173,0,233.618256,-230.171768,1014.694336,263.087769,73.751572,1019.880981,453.019287,-140.262466,1050.493408,459.978729,-58.164001,1048.667725,296.954834,-252.675323,517.916016,383.803253,-290.475433,96.624649,431.376221,-243.931519,73.850906,314.245148,96.588264,522.440002,386.149506,141.197556,107.541176,432.220551,88.737617,84.924568,318.953522,-165.11261,507.09903,357.42749,-200.445358,110.741402,252.720352,-321.478882,53.908184,217.283264,-237.710571,62.131317,256.953522,178.090424,57.579758,217.39006,92.485054,63.752644,364.949219,57.409813,107.647621,313.751709,4.939073,501.319641
174,0,233.62587,-230.190781,1014.691833,263.043121,73.740829,1019.8797,452.955322,-140.246124,1050.543701,459.974548,-58.134003,1048.697266,296.898529,-252.677673,517.89386,383.797699,-290.471985,96.65638,431.399292,-244.046967,73.819939,314.24292,96.600922,522.427124,386.037384,141.497787,107.775215,432.201721,88.711311,84.912071,318.884552,-165.151627,507.140747,357.429657,-200.481155,110.702042,252.706741,-321.476685,53.896664,217.259506,-237.722672,62.115414,256.967255,178.075912,57.608185,217.441559,92.485657,63.730202,364.889832,57.440258,107.630005,313.74115,4.982043,501.296875
175,0,233.594055,-230.180313,1014.654175,263.002808,73.696533,1019.870422,452.920624,-140.221481,1050.58728,459.94809,-58.137306,1048.751343,296.880249,-252.710312,517.910828,383.7948,-290.483643,96.653076,431.37326,-243.929474,73.85627,314.226685,96.607368,522.43103,386.152344,141.243591,107.549919,432.202881,88.719772,84.933952,318.859985,-165.114136,507.147247,357.391876,-200.441132,110.74025,252.693863,-321.473175,53.893085,217.234222,-237.720993,62.121101,257.164825,178.096237,57.715275,217.386383,92.496986,63.736111,364.930298,57.366642,107.665916,313.673065,4.964578,501.289307
176,0,233.583771,-230.19838,1014.631897,263.012421,73.704376,1019.86792,452.816315,-140.203766,1050.613647,459.911255,-58.13813,1048.759521,296.816101,-252.654724,517.865173,383.776978,-290.484314,96.649529,431.405548,-244.053452,73.797729,314.209717,96.607422,522.429321,386.160309,141.222,107.550362,432.203033,88.71814,84.907295,318.83847,-165.089325,507.145538,357.42981,-200.492325,110.687508,252.686676,-321.474762,53.891354,217.239212,-237.711304,62.111122,257.160492,178.142761,57.728954,217.423096,92.496559,63.76318,364.867676,57.43679,107.629234,313.688721,4.983301,501.302734
177,0,233.54245,-230.196808,1014.611389,262.995605,73.723312,1019.855408,452.838837,-140.207291,1050.62561,459.898254,-58.120918,1048.775757,296.865021,-252.581833,517.811279,383.77597,-290.470917,96.645378,431.379028,-243.895782,73.890656,314.201813,96.63916,522.438904,386.155548,141.230667,107.526047,432.218811,88.728279,84.904716,318.75061,-165.097412,507.141418,357.427795,-200.448196,110.680138,252.729233,-321.47168,53.890659,217.239243,-237.70369,62.12534,257.104218,178.128494,57.716782,217.434891,92.494049,63.751087,364.900848,57.395763,107.652657,313.651917,4.972668,501.307068
178,0,233.502838,-230.194473,1014.576904,262.95343,73.729782,1019.863342,452.800171,-140.208542,1050.654053,459.851166,-58.125732,1048.821655,296.737579,-252.608536,517.867432,383.782867,-290.45105,96.630463,431.396301,-244.012436,73.819725,314.181427,96.611763,522.433472,386.185516,141.229446,107.514549,432.221863,88.724274,84.922516,318.749573,-165.093018,507.135681,357.440002,-200.488831,110.692383,252.706314,-321.48053,53.888496,217.226501,-237.687607,62.101379,257.127899,178.111694,57.730286,217.381836,92.485542,63.735382,364.969482,57.400826,107.655273,313.667603,4.996375,501.286743
179,0,233.435852,-230.183517,1014.52002,262.92453,73.732162,1019.838684,452.744171,-140.232407,1050.633423,459.815186,-58.172878,1048.810181,296.780701,-252.642334,517.847412,383.760132,-290.450745,96.630714,431.349426,-243.897324,73.86367,314.136353,96.656265,522.460876,386.199554,141.227219,107.521423,432.220734,88.734238,84.91333,318.700317,-165.084442,507.1091,357.413757,-200.479797,110.708733,252.658432,-321.476013,53.911335,217.227112,-237.669022,62.090813,256.974304,178.079483,57.613609,217.428741,92.469368,63.743347,364.903259,57.441223,107.61879,313.635773,4.990795,501.287415
180,0,233.35556,-230.172562,1014.473572,262.840424,73.787491,1019.849426,452.612,-140.249527,1050.627563,459.750793,-58.178337,1048.820923,296.792236,-252.561508,517.811035,383.799225,-290.454315,96.666229,431.366455,-243.915649,73.837944,314.088348,96.649971,522.426819,386.172607,141.217056,107.525635,432.226074,88.735252,84.905891,318.709961,-165.033539,507.147003,357.408844,-200.473282,110.707352,252.696579,-321.460541,53.928493,217.258423,-237.684845,62.143265,257.153503,178.119293,57.754303,217.441605,92.480843,63.72221,365.016541,57.323692,107.667747,313.575134,4.998027,501.28299
181,0,233.287766,-230.136444,1014.462463,262.807373,73.819893,1019.863342,452.499298,-140.22258,1050.612183,459.689331,-58.206684,1048.796509,296.761292,-252.59227,517.787903,383.817871,-290.468048,96.687492,431.35376,-243.910538,73.876419,314.060852,96.660721,522.433289,386.096893,141.476334,107.731949,432.241058,88.762032,84.895378,318.721313,-165.060501,507.086761,357.426758,-200.499023,110.650131,252.689545,-321.452545,53.899162,217.215469,-237.68277,62.101395,256.994263,178.078873,57.532185,217.460709,92.466194,63.743324,364.900482,57.399498,107.645386,313.54245,5.020053,501.268158
182,0,233.192123,-230.084793,1014.435547,262.76651,73.839005,1019.855408,452.493683,-140.247025,1050.613647,459.620514,-58.186409,1048.797485,296.827209,-252.562469,517.820312,383.780426,-290.447052,96.672058,431.354431,-243.932098,73.828476,313.965454,96.655464,522.426453,386.136688,141.250854,107.524376,432.245209,88.755814,84.905983,318.699921,-165.045654,507.117462,357.433197,-200.441315,110.660309,252.752304,-321.455414,53.891685,217.230042,-237.677261,62.095673,257.177643,178.12207,57.742752,217.450546,92.466858,63.741028,364.885071,57.399857,107.637672,313.489868,5.010252,501.276062
183,0,233.080521,-230.040573,1014.429199,262.668335,73.864822,1019.863342,452.413452,-140.240662,1050.601929,459.548035,-58.185127,1048.815552,296.707031,-252.569138,517.830383,383.778259,-290.424194,96.673958,431.370026,-243.865952,73.858421,313.844238,96.656326,522.424622,386.059631,141.507568,107.733253,432.253784,88.776474,84.910744,318.701233,-165.034348,507.098083,357.400208,-200.450439,110.678795,252.700333,-321.457214,53.943851,217.246582,-237.689331,62.106216,257.15097,178.115295,57.737862,217.47702,92.486984,63.72504,364.910919,57.419849,107.612297,313.359924,5.046042,501.246094
184,0,233.001816,-230.000427,1014.449585,262.586914,73.875671,1019.882812,452.325256,-140.260727,1050.60083,459.440887,-58.164829,1048.833618,296.768127,-252.50116,517.764648,383.802582,-290.42514,96.69429,431.329315,-243.915512,73.881401,313.720642,96.658943,522.42981,386.125092,141.264679,107.52565,432.252686,88.771782,84.923927,318.717804,-164.978592,507.117218,357.391663,-200.452652,110.699135,252.675171,-321.449493,53.907356,217.225983,-237.688873,62.113934,256.971161,178.094543,57.559704,217.43576,92.472908,63.739105,364.898926,57.406651,107.617989,313.228668,5.064741,501.254608
185,0,232.895828,-229.981735,1014.448425,262.522522,73.92749,1019.901062,452.221802,-140.252182,1050.581299,459.328522,-58.161423,1048.807495,296.619324,-252.551788,517.851746,383.784637,-290.438782,96.704742,431.330566,-243.864502,73.909248,313.581482,96.631958,522.402344,386.15036,141.227585,107.526222,432.235657,88.777809,84.913956,318.691223,-164.978165,507.063324,357.39389,-200.415695,110.684608,252.665848,-321.436279,53.906101,217.228119,-237.682388,62.084618,256.999634,178.08638,57.594242,217.438721,92.458565,63.739807,364.924744,57.383095,107.615776,313.107117,5.083293,501.241852
186,0,232.774002,-229.947495,1014.436218,262.405121,73.956947,1019.910095,452.118896,-140.256699,1050.580933,459.244293,-58.194622,1048.783569,296.599457,-252.509567,517.746094,383.775757,-290.442352,96.646553,431.340729,-243.858658,73.896248,313.459808,96.629623,522.405457,386.106842,141.243698,107.534439,432.270721,88.7565,84.946709,318.66098,-164.99231,507.060944,357.402283,-200.429871,110.680435,252.699707,-321.435913,53.883274,217.253616,-237.709717,62.10144,257.157166,178.113419,57.763107,217.450958,92.458412,63.739777,364.904663,57.345455,107.626686,312.979156,5.062064,501.240265
187,0,232.634048,-229.931046,1014.408691,262.288849,73.952415,1019.924988,452.02536,-140.243118,1050.578003,459.125031,-58.17519,1048.822144,296.585541,-252.479019,517.766235,383.773376,-290.435516,96.665955,431.367096,-243.871994,73.866463,313.3349,96.619293,522.408081,386.109039,141.236099,107.538689,432.190918,88.75824,84.929001,318.651093,-164.951324,507.050873,357.41922,-200.409973,110.669342,252.715469,-321.457397,53.904694,217.240601,-237.705002,62.100166,256.987152,178.076126,57.610279,217.422211,92.46981,63.701786,364.914185,57.375511,107.614059,312.813599,5.025379,501.254089
188,0,232.574677,-229.90181,1014.4422,262.205597,73.964165,1019.917847,451.906158,-140.216156,1050.591309,459.02005,-58.149578,1048.821045,296.539429,-252.450378,517.70752,383.766205,-290.431549,96.668114,431.35495,-243.89299,73.859978,313.242798,96.600822,522.374939,386.100403,141.208405,107.528778,432.185822,88.747993,84.939278,318.545959,-164.997421,507.028046,357.433228,-200.394562,110.7024,252.721848,-321.460022,53.910122,217.221085,-237.672485,62.118309,256.994537,178.062012,57.618752,217.419434,92.464996,63.708424,364.918701,57.352406,107.608795,312.733337,5.040349,501.259094
189,0,232.441406,-229.899826,1014.425903,262.058502,73.974663,1019.93335,451.755341,-140.19751,1050.587524,458.906891,-58.144012,1048.829712,296.445709,-252.449097,517.691284,383.765991,-290.430237,96.659065,431.361603,-243.807602,73.870224,313.205078,96.630875,522.382385,385.977753,141.494034,107.768326,432.157043,88.702606,84.915848,318.515167,-164.932175,507.0672,357.398468,-200.424896,110.705788,252.718872,-321.439209,53.894108,217.261963,-237.705185,62.099686,256.952789,178.079498,57.613781,217.433533,92.450806,63.705681,364.900574,57.341869,107.618866,312.717224,5.029832,501.275482
190,0,232.346405,-229.909409,1014.429199,261.914459,73.974953,1019.937012,451.655853,-140.183456,1050.577881,458.751984,-58.111069,1048.851074,296.408173,-252.479935,517.683105,383.779816,-290.406464,96.67955,431.317108,-243.849884,73.92601,313.11734,96.575874,522.371948,386.094635,141.19252,107.533562,432.198547,88.740616,84.939468,318.421112,-164.989182,507.031311,357.403778,-200.379837,110.695236,252.701218,-321.475372,53.921001,217.217773,-237.681534,62.118732,257.181213,178.10582,57.742905,217.424759,92.454353,63.703716,364.893738,57.353893,107.618088,312.676971,5.029775,501.267365
191,0,232.213776,-229.920502,1014.400513,261.776428,73.945511,1019.911865,451.522736,-140.179581,1050.593872,458.601227,-58.071304,1048.872314,296.233734,-252.449982,517.61554,383.755554,-290.429626,96.685966,431.320038,-243.853973,73.898376,313.112396,96.604195,522.375793,386.084503,141.19577,107.544411,432.204071,88.727562,84.979202,318.338562,-164.998169,507.001465,357.370544,-200.407242,110.660515,252.703613,-321.437531,53.903049,217.215897,-237.667221,62.108707,257.166382,178.088928,57.742935,217.402496,92.462059,63.713474,364.890472,57.333923,107.616432,312.595856,5.030259,501.26828
192,0,232.104065,-229.940231,1014.423462,261.62674,73.935486,1019.899719,451.40918,-140.170761,1050.572144,458.445526,-58.028934,1048.915527,296.237457,-252.463821,517.662659,383.758026,-290.425293,96.669357,431.345367,-243.821625,73.886993,313.027283,96.585884,522.338013,386.070343,141.215195,107.58577,432.166687,88.736374,84.943344,318.300446,-164.959183,506.991211,357.369019,-200.439941,110.633461,252.670044,-321.463043,53.908951,217.237335,-237.691132,62.098392,257.003754,178.080017,57.547146,217.42688,92.444824,63.708515,364.885529,57.319294,107.626785,312.585175,5.048751,501.242981
193,0,231.995728,-229.967163,1014.421082,261.444244,73.908791,1019.862183,451.282623,-140.16301,1050.594116,458.281525,-58.006527,1048.924927,296.12619,-252.435303,517.600708,383.755859,-290.400024,96.686218,431.337494,-243.869034,73.891861,312.994171,96.601486,522.338928,386.049744,141.248184,107.586815,432.15625,88.738419,84.961327,318.245575,-164.94899,506.97644,357.396057,-200.431198,110.673943,252.717072,-321.466125,53.912975,217.207535,-237.6763,62.108784,257.157867,178.133286,57.702843,217.447144,92.454277,63.710464,364.882202,57.302898,107.656845,312.552002,5.047156,501.247772
194,0,231.871094,-230.028488,1014.404541,261.269287,73.899239,1019.84729,451.115784,-140.145782,1050.589844,458.124725,-57.991913,1048.948608,296.132599,-252.44873,517.64801,383.756042,-290.402557,96.686699,431.338226,-243.838943,73.870491,312.977478,96.62162,522.334778,386.003204,141.466293,107.753532,432.158691,88.739243,84.961945,318.155304,-164.955826,507.02124,357.345001,-200.414383,110.626762,252.668411,-321.452606,53.909889,217.210342,-237.680801,62.112835,256.94574,178.068115,57.555019,217.425858,92.43409,63.724438,364.84317,57.352158,107.644684,312.547485,5.038816,501.250916
195,0,231.703415,-230.070221,1014.38855,261.131256,73.895706,1019.820801,450.956177,-140.123672,1050.623169,457.928406,-57.943596,1048.960205,296.059113,-252.426651,517.513611,383.77533,-290.397491,96.684204,431.298889,-243.816605,73.893478,312.950409,96.633118,522.311035,386.082703,141.218414,107.556694,432.149048,88.734604,84.936974,318.121185,-164.938705,507.016357,357.294922,-200.366943,110.695358,252.677505,-321.458801,53.913559,217.209808,-237.694351,62.095097,256.989471,178.088348,57.608368,217.451553,92.464188,63.700043,364.87973,57.336811,107.659256,312.553986,5.088649,501.206451
196,0,231.522766,-230.100174,1014.340637,260.939117,73.861931,1019.777405,450.774017,-140.132187,1050.629761,457.73761,-57.948479,1049.016357,296.008026,-252.472763,517.489868,383.765137,-290.392212,96.692192,431.293243,-243.837341,73.921692,312.906403,96.627411,522.304443,386.010986,141.494812,107.795631,432.189484,88.729393,84.987274,318.099304,-165.000336,506.978577,357.307281,-200.388702,110.630051,252.738983,-321.485565,53.907181,217.217545,-237.693954,62.081226,257.176819,178.071487,57.62151,217.429214,92.459419,63.701942,364.890747,57.348221,107.640968,312.485657,5.096458,501.206055
197,0,231.314545,-230.10611,1014.29126,260.763397,73.868416,1019.742737,450.565765,-140.102753,1050.631958,457.539703,-57.931023,1049.025269,295.941833,-252.46283,517.466797,383.738617,-290.377991,96.676575,431.31778,-243.816895,73.917137,312.840698,96.617165,522.287537,386.031097,141.471817,107.764168,432.195862,88.726189,84.935188,318.05835,-164.944336,507.019104,357.30426,-200.346786,110.707787,252.71553,-321.476379,53.896107,217.224533,-237.713379,62.089523,256.977112,178.060089,57.545532,217.419113,92.446396,63.71373,364.902161,57.355328,107.652481,312.441406,5.080914,501.213776
198,0,231.168411,-230.111816,1014.28595,260.579834,73.835602,1019.71936,450.366608,-140.097809,1050.662964,457.356476,-57.951473,1049.03894,295.8992,-252.517914,517.468872,383.773254,-290.395447,96.692253,431.319641,-243.829971,73.923683,312.774567,96.61058,522.279358,386.131012,141.192352,107.580795,432.166016,88.719978,84.983398,318.022247,-164.960907,506.951263,357.295807,-200.34938,110.703262,252.739197,-321.484955,53.900536,217.18631,-237.690384,62.09753,256.973206,178.04216,57.562065,217.42775,92.455864,63.712971,364.88916,57.362068,107.640404,312.393127,5.052914,501.189545
199,0,230.966293,-230.144043,1014.231567,260.368225,73.826462,1019.677979,450.137543,-140.115051,1050.674561,457.159515,-57.918884,1049.06604,296.151703,-252.463577,517.535583,383.741669,-290.373993,96.673447,431.329346,-243.803879,73.903709,312.732513,96.619835,522.262573,386.124481,141.194305,107.579781,432.178467,88.702347,84.979919,318.02066,-164.922928,506.98172,357.357788,-200.393555,110.712845,252.690338,-321.464111,53.887691,217.197617,-237.702866,62.079128,257.145325,178.109406,57.760513,217.412979,92.438248,63.713982,364.883728,57.35244,107.632622,312.328705,5.027088,501.18457
200,0,230.835159,-230.162094,1014.234314,260.133331,73.809151,1019.662354,449.930176,-140.130966,1050.702393,456.941772,-57.924625,1049.15332,296.133148,-252.504074,517.520874,383.774506,-290.381592,96.708954,431.343719,-243.794113,73.908295,312.650787,96.582466,522.243347,386.018036,141.436646,107.798904,432.15329,88.713867,84.998703,318.004791,-164.937836,506.980896,357.315094,-200.393982,110.664116,252.682114,-321.472443,53.88208,217.21666,-237.708511,62.090046,257.153503,178.080994,57.704231,217.398575,92.467758,63.711399,364.880981,57.353832,107.646645,312.344757,5.019403,501.166992
201,0,230.646286,-230.171906,1014.177185,259.910461,73.771759,1019.606018,449.69458,-140.101349,1050.736572,456.73175,-57.925205,1049.171509,296.108337,-252.547623,517.508606,383.765198,-290.385986,96.703262,431.32962,-243.789841,73.950027,312.569244,96.620697,522.254883,386.003479,141.434311,107.804863,432.151276,88.698425,84.97477,317.950348,-164.939606,506.964752,357.303894,-200.416779,110.695374,252.697403,-321.480103,53.852844,217.214294,-237.720154,62.086197,256.983673,178.094818,57.617706,217.391418,92.469627,63.693077,364.846527,57.393955,107.650093,312.351074,4.992549,501.181061
202,0,230.424881,-230.194046,1014.149048,259.723022,73.763756,1019.572876,449.509033,-140.136185,1050.75354,456.541016,-57.946842,1049.200806,296.053864,-252.573975,517.492615,383.757782,-290.365479,96.703041,431.327057,-243.826355,73.934212,312.516449,96.574371,522.239807,386.107635,141.147202,107.589607,432.122681,88.669479,84.990448,317.928253,-164.982803,506.931488,357.322998,-200.389526,110.678787,252.703308,-321.500305,53.886547,217.243454,-237.711853,62.122437,257.124481,178.10762,57.70351,217.368774,92.463699,63.717491,364.871826,57.34877,107.676666,312.337402,4.987738,501.180237
203,0,230.238556,-230.197571,1014.126892,259.485931,73.747551,1019.525391,449.288757,-140.161118,1050.78479,456.328247,-57.986317,1049.193726,295.990265,-252.60788,517.469727,383.775757,-290.365662,96.704788,431.285675,-243.797455,73.936569,312.541107,96.57708,522.220154,386.066956,141.161728,107.649055,432.169312,88.67038,85.028114,317.850159,-164.95314,506.977722,357.283234,-200.370422,110.682007,252.728607,-321.4935,53.873486,217.21489,-237.741333,62.110786,257.164246,178.070724,57.683285,217.406967,92.468773,63.68784,364.834595,57.380238,107.66066,312.350983,4.964855,501.178192
204,0,230.034988,-230.23114,1014.118286,259.255341,73.708481,1019.499878,449.118011,-140.17688,1050.790527,456.088196,-57.950268,1049.219116,295.951508,-252.634399,517.471985,383.761993,-290.364441,96.698364,431.295624,-243.750885,73.967819,312.495148,96.576836,522.177673,386.083496,141.160553,107.627029,432.139557,88.663147,85.051704,317.778992,-165.041931,506.931183,357.297363,-200.294586,110.749786,252.739105,-321.486633,53.904793,217.232025,-237.72197,62.104649,257.120392,178.112335,57.719826,217.366226,92.481834,63.721611,364.829102,57.400288,107.6633,312.411652,4.970032,501.156738
205,0,229.90062,-230.25441,1014.092712,259.016846,73.686134,1019.445068,448.903809,-140.180511,1050.856934,455.900391,-57.96656,1049.200806,295.877563,-252.629547,517.444641,383.773438,-290.369873,96.712273,431.322815,-243.772415,73.913864,312.526825,96.585693,522.193726,386.093933,141.163406,107.640869,432.152771,88.677315,85.046722,317.76181,-165.031174,506.927124,357.276276,-200.350708,110.736191,252.793991,-321.498993,53.880596,217.227951,-237.712189,62.094208,257.174622,178.122543,57.695702,217.369629,92.46447,63.726543,364.831818,57.374527,107.689766,312.429169,4.979452,501.154358
206,0,229.694763,-230.24617,1014.047363,258.792572,73.653336,1019.392273,448.699951,-140.182205,1050.895874,455.621765,-57.940662,1049.201538,295.825531,-252.651245,517.447449,383.770081,-290.374878,96.722282,431.3078,-243.73587,73.985352,312.501831,96.587708,522.200256,386.130249,141.138138,107.630424,432.113495,88.668854,85.030388,317.690826,-165.075058,506.942383,357.323273,-200.438522,110.640312,252.702713,-321.48465,53.897465,217.222534,-237.719635,62.10844,257.162201,178.128906,57.725292,217.367554,92.497871,63.706295,364.837189,57.376793,107.715294,312.481079,4.970735,501.118073
207,0,229.501648,-230.24823,1014.056702,258.563049,73.648613,1019.340637,448.502228,-140.1698,1050.975464,455.433624,-57.970856,1049.196899,295.819489,-252.687103,517.43811,383.732178,-290.346649,96.693245,431.299286,-243.750153,73.935379,312.5224,96.618958,522.173218,386.138702,141.123596,107.618752,432.121613,88.645805,85.066757,317.665009,-165.101791,506.932434,357.278748,-200.365524,110.714394,252.734985,-321.503754,53.891754,217.213211,-237.708206,62.091423,256.983978,178.048965,57.49918,217.396667,92.502289,63.730598,364.833984,57.408104,107.715897,312.499512,5.010861,501.080811
208,0,229.270493,-230.267807,1014.008667,258.409271,73.583237,1019.269226,448.283142,-140.146347,1051.009888,455.119934,-57.952454,1049.22168,295.695404,-252.715408,517.421387,383.767975,-290.366577,96.711929,431.262115,-243.751282,73.972946,312.46286,96.620247,522.179016,386.113831,141.139496,107.62674,432.121124,88.635269,85.058807,317.630249,-165.160339,506.904297,357.251129,-200.36348,110.769081,252.71785,-321.52417,53.887951,217.193756,-237.736633,62.099205,257.169037,178.097092,57.704716,217.375336,92.490273,63.705109,364.912262,57.308014,107.77552,312.523346,4.966314,501.055725
209,0,229.08168,-230.314499,1013.993713,258.184326,73.573669,1019.252319,448.046448,-140.104645,1051.022095,454.880646,-57.902611,1049.22876,295.668701,-252.734894,517.4422,383.786926,-290.377319,96.725189,431.299408,-243.818619,73.965454,312.466888,96.632248,522.132324,386.166321,141.096558,107.617218,432.105377,88.649582,85.043694,317.610931,-165.176788,506.865814,357.270111,-200.387863,110.718651,252.709625,-321.509552,53.868984,217.194214,-237.749725,62.092922,257.047668,178.067734,57.512638,217.401474,92.481842,63.725533,364.823517,57.379032,107.76078,312.445038,4.948274,501.044098
210,0,228.884552,-230.347534,1013.998718,257.944061,73.558487,1019.19043,447.782379,-140.040619,1051.030029,454.635406,-57.83844,1049.202881,295.621094,-252.775314,517.459839,383.764313,-290.377838,96.740685,431.290619,-243.766647,73.999161,312.390503,96.613449,522.12854,386.116852,141.111389,107.592064,432.133362,88.623917,85.074608,317.533173,-165.182251,506.859192,357.257233,-200.352188,110.787415,252.766586,-321.53772,53.876438,217.172729,-237.733414,62.093697,257.195038,178.145309,57.751213,217.356232,92.496407,63.730793,364.812408,57.388725,107.750717,312.412872,4.938058,501.032349
211,0,228.687637,-230.378006,1013.964783,257.735748,73.583557,1019.288391,447.579773,-140.021545,1051.046997,454.362946,-57.808414,1049.209595,295.568665,-252.791199,517.405823,383.768646,-290.368408,96.728546,431.31189,-243.72113,73.987793,312.258118,96.605873,522.090881,386.07135,141.376175,107.851501,432.105621,88.625038,85.082542,317.313507,-165.293518,506.756012,357.237122,-200.402542,110.724609,252.720596,-321.5112,53.875854,217.174286,-237.761139,62.107609,256.956543,178.097244,57.611668,217.344376,92.487801,63.732109,364.80542,57.355011,107.773033,312.327179,4.889392,501.007385
212,0,228.486603,-230.441559,1013.944275,257.30249,73.470985,1019.150513,447.350861,-139.975128,1051.048218,454.114227,-57.754181,1049.170654,295.495636,-252.814056,517.414062,383.773499,-290.351288,96.715797,431.281372,-243.774689,73.965073,312.103149,96.577003,522.073547,386.09729,141.121063,107.647186,432.084259,88.639091,85.05822,317.374512,-165.283813,506.823181,357.212708,-200.385239,110.780724,252.780411,-321.524109,53.876072,217.149536,-237.747391,62.089779,256.986298,178.10675,57.606773,217.372284,92.481293,63.711876,364.810699,57.352154,107.766037,312.254242,4.869186,500.996277
213,0,228.301407,-230.491043,1013.944885,256.970886,73.477203,1019.150513,447.128693,-139.963074,1051.064819,453.867828,-57.702877,1049.177612,295.189972,-252.835129,517.37085,383.771912,-290.358948,96.722061,431.28717,-243.745895,74.000595,311.950043,96.53968,522.043518,386.082153,141.134735,107.638245,432.103851,88.635155,85.126427,317.346863,-165.264694,506.824066,357.219391,-200.361053,110.790924,252.760834,-321.535919,53.887348,217.153534,-237.763626,62.091351,257.172913,178.139145,57.733631,217.369461,92.490242,63.6945,364.78894,57.360481,107.758141,312.14035,4.85444,500.954285
214,0,228.072769,-230.529831,1013.94928,256.600616,73.426308,1019.10498,446.917023,-139.949768,1051.06189,453.634094,-57.671314,1049.18103,295.254883,-252.863525,517.378662,383.783386,-290.335236,96.725075,431.258881,-243.695145,74.000763,311.786591,96.488823,522.015442,386.07016,141.101379,107.669334,432.08725,88.63102,85.138367,317.255737,-165.231003,506.807983,357.228638,-200.344284,110.76899,252.69986,-321.527435,53.888653,217.153229,-237.76387,62.101772,257.160889,178.086334,57.660625,217.337189,92.47036,63.699612,364.780457,57.350342,107.763954,312.037354,4.842663,500.96698
215,0,227.928986,-230.57901,1013.926147,256.259064,73.383354,1019.134521,446.690125,-139.940292,1051.063477,453.401886,-57.683128,1049.199829,295.053162,-252.876938,517.307617,383.726013,-290.331207,96.725578,431.273743,-243.735184,73.979469,311.651642,96.495178,522.026001,386.068237,141.110596,107.70623,432.060822,88.595314,85.20256,317.192505,-165.226257,506.778351,357.213745,-200.320038,110.786003,252.722092,-321.541321,53.890434,217.152054,-237.761353,62.109238,257.19577,178.134018,57.705326,217.337708,92.473465,63.725903,364.743896,57.310028,107.752815,311.943207,4.790101,500.972137
216,0,227.69368,-230.664322,1013.916626,255.936737,73.321228,1019.088745,446.42926,-139.926025,1051.077759,453.162811,-57.65229,1049.200562,294.930176,-252.88942,517.328735,383.735901,-290.328613,96.720749,431.268036,-243.677658,74.008995,311.544434,96.464287,521.99292,386.072357,141.061935,107.691505,432.05014,88.592979,85.189178,317.105072,-165.277023,506.807373,357.166565,-200.351334,110.772865,252.802338,-321.537079,53.875217,217.162613,-237.76796,62.098637,257.132782,178.119827,57.699181,217.326035,92.478195,63.70417,364.753693,57.303753,107.784805,311.93158,4.76703,500.942291
217,0,227.496796,-230.712845,1013.898987,255.563293,73.286209,1019.078857,446.183655,-139.913544,1051.113159,452.935577,-57.650421,1049.18457,294.86908,-252.874435,517.35199,383.771545,-290.309937,96.726616,431.258545,-243.68222,74.00499,311.408142,96.479759,522.007446,386.085449,141.044037,107.691246,432.022125,88.561691,85.164246,317.303345,-165.198715,506.874725,357.181976,-200.325516,110.774895,252.802017,-321.539429,53.858669,217.146835,-237.770615,62.093315,257.131165,178.08374,57.764526,217.325851,92.462364,63.711769,364.817139,57.244019,107.783821,311.851746,4.74603,500.944733
218,0,227.245422,-230.755768,1013.868225,255.248123,73.242126,1019.043579,445.911377,-139.87381,1051.121826,452.68689,-57.620495,1049.195801,294.788177,-252.97847,517.338196,383.731598,-290.282715,96.703804,431.253967,-243.68782,74.043373,311.324615,96.445404,521.983826,386.045624,141.01976,107.678772,432.005066,88.537987,85.209045,316.991547,-165.363892,506.685242,357.152924,-200.315521,110.796089,252.78801,-321.553253,53.870964,217.142731,-237.777145,62.074703,257.015137,178.108063,57.633217,217.307281,92.472702,63.697784,364.732605,57.312256,107.760735,311.76004,4.696274,500.919403
219,0,227.135651,-230.636826,1013.833496,254.944778,73.200172,1019.017456,445.650177,-139.887405,1051.108154,452.407898,-57.584236,1049.216064,294.640991,-252.988937,517.351685,383.756226,-290.300079,96.745361,431.276825,-243.751831,74.00251,311.173126,96.443253,521.992676,386.05307,140.968307,107.712776,432.031036,88.523705,85.194511,316.878662,-165.371628,506.698853,357.169312,-200.266129,110.83094,252.723221,-321.526581,53.878704,217.131775,-237.789032,62.115044,256.988281,178.078369,57.594349,217.326111,92.472107,63.715519,364.806549,57.209702,107.809631,311.676514,4.678901,500.90271
220,0,226.981613,-230.659439,1013.878601,254.682449,73.177147,1019.01709,445.420105,-139.892776,1051.088867,452.182587,-57.620228,1049.166016,294.559845,-253.005829,517.324646,383.736847,-290.273804,96.772881,431.251709,-243.668472,74.064995,310.977722,96.430885,521.969055,386.062775,140.970459,107.699333,431.970581,88.482948,85.202751,316.794281,-165.338303,506.711304,357.140289,-200.318176,110.793488,252.776688,-321.553802,53.86808,217.152069,-237.772583,62.096081,257.162659,178.08989,57.711563,217.32135,92.465118,63.677563,364.746338,57.174255,107.813347,311.545471,4.698848,500.878021
221,0,226.728546,-230.657745,1013.835083,254.368423,73.13665,1018.958557,445.204041,-139.888962,1051.091553,451.917053,-57.584293,1049.159912,294.429352,-252.988693,517.320618,383.714661,-290.272919,96.761497,431.269745,-243.625504,74.089722,310.845795,96.433556,521.987976,386.053894,140.951187,107.710571,432.024323,88.519119,85.264771,316.679596,-165.339386,506.720001,357.17572,-200.278229,110.775917,252.791885,-321.528351,53.862865,217.126282,-237.761978,62.088398,257.152924,178.085037,57.68504,217.326767,92.463074,63.698948,364.777893,57.179806,107.831886,311.378571,4.662583,500.863556
222,0,226.478226,-230.642197,1013.849854,254.110748,73.123741,1018.947937,444.989105,-139.864197,1051.079102,451.755951,-57.605457,1049.100586,294.361755,-253.014618,517.330872,383.722015,-290.250397,96.76886,431.287537,-243.569351,74.060188,310.581909,96.433784,521.978821,386.094177,140.950378,107.708984,432.004822,88.504105,85.260246,316.541321,-165.360703,506.665283,357.089478,-200.243515,110.819351,252.759521,-321.520935,53.845081,217.13063,-237.763855,62.096268,256.98114,178.067993,57.557564,217.297958,92.460403,63.721016,364.778168,57.159801,107.849319,311.238678,4.647235,500.839935
223,0,226.244385,-230.61377,1013.819214,253.870514,73.149078,1018.901733,444.775543,-139.850327,1051.071411,451.459991,-57.527042,1049.121094,294.157898,-253.032028,517.321716,383.73056,-290.24411,96.770508,431.229858,-243.589722,74.084091,310.41037,96.434036,521.967041,386.015411,140.949844,107.701759,431.994995,88.504105,85.299561,316.432312,-165.340012,506.722809,357.082062,-200.23175,110.854523,252.77916,-321.524902,53.847401,217.109589,-237.77359,62.094517,256.990662,178.06839,57.540627,217.273849,92.458359,63.695908,364.690338,57.246567,107.824699,311.050995,4.639434,500.842743
224,0,225.97522,-230.733871,1013.853333,253.606445,73.16787,1018.895508,444.548737,-139.842133,1051.066162,451.187134,-57.504578,1049.088135,294.029144,-253.002258,517.312073,383.731201,-290.213257,96.801872,431.210632,-243.532898,74.115593,310.138794,96.413521,521.944458,385.994263,140.92952,107.718498,431.961334,88.501144,85.277802,316.356995,-165.345093,506.682922,357.044281,-200.201477,110.849907,252.770248,-321.542633,53.865162,217.110306,-237.781738,62.087975,257.157135,178.12323,57.717655,217.283905,92.433777,63.706264,364.694,57.227375,107.841087,310.895691,4.65978,500.826294
225,0,225.75824,-230.725952,1013.828979,253.323639,73.166008,1018.819092,444.312042,-139.796555,1051.033691,450.925201,-57.445,1049.072021,293.990845,-252.966583,517.305542,383.715027,-290.218384,96.814323,431.179077,-243.534164,74.142738,309.919373,96.423744,521.944092,385.908936,141.21434,107.998505,431.963837,88.480392,85.358238,316.20285,-165.368011,506.681396,357.031555,-200.181641,110.851021,252.795227,-321.549561,53.872623,217.091736,-237.770569,62.105503,257.003632,178.084335,57.553223,217.266739,92.450409,63.700012,364.639435,57.224331,107.829384,310.68512,4.640525,500.826233
226,0,225.561981,-230.749146,1013.839111,253.095947,73.167839,1018.80896,444.098053,-139.756149,1051.042358,450.696686,-57.419941,1049.046509,293.856262,-252.943787,517.312012,383.710632,-290.170227,96.790817,431.193909,-243.507507,74.142067,309.75293,96.396042,521.889648,385.932587,140.988235,107.79615,431.873596,88.477196,85.326706,316.067535,-165.321152,506.729675,357.081665,-200.180634,110.828072,252.790421,-321.54364,53.870708,217.096298,-237.789276,62.109673,257.153534,178.111832,57.698154,217.218719,92.452782,63.715206,364.61615,57.217007,107.827698,310.552155,4.614614,500.829041
227,0,225.345932,-230.766708,1013.8396,252.828537,73.163513,1018.779175,443.873108,-139.701019,1051.0,450.551239,-57.384411,1049.022827,293.630524,-252.970276,517.321167,383.705292,-290.182251,96.832932,431.215515,-243.485336,74.151848,309.584442,96.380043,521.88147,385.954071,140.970993,107.785858,431.951904,88.452934,85.367287,315.918121,-165.332733,506.710419,357.026764,-200.166367,110.857857,252.817307,-321.5672,53.867535,217.094131,-237.80191,62.094387,257.158966,178.119934,57.754227,217.263977,92.447266,63.710579,364.608215,57.196754,107.828835,310.39447,4.596979,500.812042
228,0,225.140503,-230.772705,1013.855713,252.531357,73.151024,1018.77179,443.61734,-139.613434,1050.973511,450.335297,-57.350533,1049.003906,293.492889,-252.925156,517.269897,383.691711,-290.136261,96.806259,431.131439,-243.471817,74.163322,309.375854,96.349854,521.840576,385.932861,140.955673,107.804947,431.898712,88.431107,85.38343,315.782135,-165.296463,506.75946,357.028839,-200.161835,110.824593,252.752716,-321.523193,53.86945,217.072739,-237.787354,62.106606,257.187561,178.114761,57.721455,217.26506,92.44104,63.680744,364.614502,57.187241,107.812744,310.208862,4.57494,500.812103
229,0,224.956085,-230.813522,1013.859375,252.265839,73.130798,1018.769958,443.394165,-139.546204,1050.959839,450.126465,-57.315571,1048.956665,293.454132,-252.886383,517.291931,383.684937,-290.12915,96.818428,431.127197,-243.445251,74.202797,309.260773,96.328995,521.806458,385.941284,140.900406,107.798958,431.931427,88.435104,85.394043,315.617096,-165.33725,506.75,356.979675,-200.11734,110.86351,252.793045,-321.534698,53.846352,217.080017,-237.804001,62.09008,257.139679,178.1138,57.728634,217.233917,92.435524,63.701122,364.5849,57.142033,107.832603,310.082031,4.552708,500.799011
230,0,224.765686,-230.854263,1013.84436,252.006744,73.131165,1018.75592,443.195984,-139.492218,1050.978149,449.891632,-57.265106,1048.941528,293.584015,-252.774719,517.187317,383.684692,-290.130737,96.843002,431.132141,-243.409439,74.208641,309.080017,96.2892,521.832886,385.917236,140.884705,107.830467,431.903198,88.401031,85.413422,315.469727,-165.294327,506.777039,356.944397,-200.080017,110.857063,252.783447,-321.539886,53.87484,217.053879,-237.78801,62.087502,256.996063,178.047348,57.577862,217.226227,92.424957,63.687302,364.590179,57.119041,107.802521,310.003204,4.545668,500.776001
231,0,224.57196,-230.878754,1013.834595,251.730835,73.124321,1018.730774,442.963531,-139.445984,1050.953735,449.679565,-57.274818,1048.929321,293.397552,-252.761719,517.205017,383.651855,-290.084198,96.797356,431.120056,-243.347977,74.23616,308.996002,96.276962,521.798279,385.82309,141.108124,108.037186,431.943512,88.362831,85.429581,315.365234,-165.27417,506.759705,356.933197,-199.970413,110.925262,252.77037,-321.552032,53.873196,217.035645,-237.785049,62.08263,257.144318,178.08902,57.735428,217.209412,92.41732,63.689178,364.553864,57.130367,107.809677,309.86142,4.514659,500.775513
232,0,224.346161,-230.892212,1013.786316,251.470001,73.137749,1018.696411,442.740204,-139.354141,1050.973022,449.394958,-57.191353,1048.932007,293.440277,-252.728195,517.071472,383.646759,-290.083099,96.831398,431.124207,-243.35231,74.236664,308.846954,96.290405,521.811584,385.830231,141.103943,108.076302,431.874695,88.35984,85.413719,315.285706,-165.24025,506.750275,356.913605,-200.021912,110.872879,252.800888,-321.571136,53.886124,217.040665,-237.786423,62.079346,257.113861,178.094254,57.690414,217.233978,92.41436,63.658981,364.56073,57.105213,107.833458,309.789307,4.52093,500.774872
233,0,224.163208,-230.906723,1013.791565,251.205383,73.150665,1018.673523,442.503448,-139.287094,1050.994995,449.155853,-57.095676,1048.989624,293.295746,-252.718781,517.101318,383.648621,-290.060883,96.823723,431.112396,-243.375916,74.220421,308.674103,96.262093,521.786194,385.825073,141.122498,108.062035,431.844025,88.348892,85.44455,315.154388,-165.089645,506.882904,356.92865,-200.036819,110.879295,252.830826,-321.54834,53.861839,217.038788,-237.767212,62.073036,256.956482,178.039871,57.577942,217.209793,92.420631,63.67374,364.561859,57.108639,107.822166,309.670319,4.521433,500.7565
234,0,223.993881,-230.907959,1013.761536,250.919693,73.159126,1018.653992,442.306702,-139.275681,1050.983643,448.871582,-57.028343,1048.98291,293.220856,-252.681793,517.055542,383.651947,-290.042511,96.826256,431.052673,-243.290527,74.323524,308.482574,96.285355,521.797363,385.758514,141.122101,108.060303,431.896667,88.362015,85.483627,315.069214,-165.059143,506.895081,356.925049,-200.043839,110.863564,252.786911,-321.562622,53.847393,217.044281,-237.768341,62.085606,256.936859,178.071426,57.570652,217.196686,92.433304,63.677101,364.558899,57.127689,107.841423,309.55957,4.533977,500.783142
235,0,223.774521,-230.9048,1013.720764,250.664139,73.161003,1018.626709,442.079041,-139.243759,1051.010132,448.521606,-56.921909,1049.013184,293.082275,-252.704208,517.102173,383.638336,-290.042328,96.827454,431.084625,-243.325363,74.269455,308.339355,96.290497,521.779297,385.835114,140.864975,107.872963,431.886414,88.367775,85.471687,314.996887,-165.055984,506.892273,356.889191,-200.020462,110.886032,252.782639,-321.537781,53.870853,216.982529,-237.761414,62.058025,256.969788,178.073822,57.623211,217.204544,92.400276,63.675785,364.548981,57.063431,107.87455,309.473663,4.589182,500.762115
236,0,223.633453,-230.920105,1013.66748,250.423645,73.164291,1018.619507,441.856476,-139.185303,1051.016113,448.308624,-56.871651,1049.039429,293.03064,-252.642868,516.970093,383.629791,-290.033966,96.82782,431.062195,-243.289932,74.286987,308.276093,96.28611,521.731506,385.84433,140.857162,107.869812,431.790009,88.351936,85.449928,314.883636,-165.04982,506.841492,356.902313,-199.998398,110.9039,252.778473,-321.535065,53.852451,217.027344,-237.799255,62.080769,256.971832,178.03511,57.518158,217.202545,92.417007,63.675636,364.533386,57.080135,107.859413,309.330536,4.5709,500.770081
237,0,223.453171,-230.890823,1013.657471,250.137863,73.158936,1018.586609,441.648163,-139.135941,1051.026489,448.070953,-56.812122,1049.043335,292.865417,-252.629669,517.021606,383.650543,-289.97403,96.813721,431.090485,-243.286423,74.265266,308.178528,96.321838,521.731262,385.733337,141.121277,108.089546,431.820404,88.367348,85.471809,314.732513,-165.044434,506.883026,356.83783,-199.969406,110.90229,252.790359,-321.521271,53.843895,216.997482,-237.768219,62.054554,257.148163,178.079224,57.723351,217.209503,92.418251,63.678375,364.521606,57.118195,107.865982,309.248383,4.592857,500.760437
238,0,223.256149,-230.9021,1013.623962,249.926453,73.159058,1018.573975,441.44577,-139.074554,1051.059082,447.857513,-56.741856,1049.084229,292.762573,-252.61319,517.011414,383.644531,-289.945129,96.797432,431.092621,-243.255829,74.303177,308.025513,96.34922,521.730896,385.737701,141.129745,108.080971,431.789398,88.328178,85.50679,314.706207,-164.982483,506.854187,356.842987,-199.932159,110.904678,252.844604,-321.549194,53.862164,216.992615,-237.787781,62.057842,256.970703,178.092255,57.529976,217.192734,92.414413,63.688442,364.530243,57.118359,107.873985,309.14859,4.602433,500.774872
239,0,223.089569,-230.889404,1013.595703,249.658859,73.192032,1018.57782,441.234009,-139.011444,1051.063599,447.674896,-56.696472,1049.108276,292.691162,-252.590088,517.014343,383.649384,-289.921692,96.8022,431.059998,-243.228271,74.327606,307.943848,96.370987,521.696716,385.735229,141.119781,108.082207,431.752655,88.299088,85.493439,314.612122,-164.980392,506.842743,356.820099,-199.962357,110.917595,252.837265,-321.53125,53.860294,217.014404,-237.792938,62.063606,257.127991,178.087189,57.696949,217.183792,92.41951,63.671879,364.508942,57.08704,107.884056,309.060547,4.618867,500.779816
240,0,222.859207,-230.871155,1013.540283,249.497086,73.198029,1018.559692,441.052155,-138.980667,1051.15625,447.444977,-56.625481,1049.157715,292.610809,-252.557434,516.967285,383.653503,-289.936432,96.85997,431.070312,-243.214874,74.312378,307.834076,96.386292,521.646484,385.751495,141.112991,108.098999,431.77005,88.319397,85.549255,314.462646,-164.969635,506.813293,356.824463,-199.946442,110.857628,252.850922,-321.538422,53.8354,216.99968,-237.776184,62.038937,257.15799,178.1427,57.717663,217.168839,92.438736,63.654182,364.496979,57.079193,107.904068,308.968506,4.62529,500.756744
241,0,222.660248,-230.798004,1013.498291,249.276428,73.237946,1018.525696,440.854034,-138.962158,1051.172852,447.212402,-56.553761,1049.218262,292.467987,-252.527145,516.970093,383.641602,-289.936462,96.864647,431.023895,-243.164978,74.339401,307.778412,96.416092,521.631714,385.749298,141.096634,108.121506,431.798462,88.308876,85.569656,314.449829,-164.903946,506.783478,356.853638,-199.924728,110.86425,252.848862,-321.514435,53.855423,216.955063,-237.778961,62.034607,256.968414,178.057693,57.522495,217.191422,92.416016,63.667946,364.488129,57.078972,107.908012,308.897552,4.64568,500.762878
242,0,222.468582,-230.733322,1013.436646,249.106277,73.29335,1018.508789,440.668243,-138.899368,1051.183472,447.00174,-56.52021,1049.239502,292.427216,-252.4991,516.95929,383.647125,-289.928406,96.882904,431.06015,-243.189713,74.336113,307.690033,96.457062,521.628967,385.777405,141.098907,108.093742,431.709747,88.30909,85.514114,314.323273,-164.855865,506.785156,356.825592,-199.969604,110.851608,252.827042,-321.528687,53.866867,216.982071,-237.780869,62.060417,256.988159,178.055054,57.561768,217.175369,92.421738,63.66069,364.473328,57.083534,107.922424,308.795898,4.698719,500.750122
243,0,222.244308,-230.649033,1013.388855,248.87059,73.350304,1018.517517,440.544006,-138.844543,1051.206665,446.801392,-56.417698,1049.299927,292.285614,-252.450623,516.95874,383.681885,-289.887634,96.875923,431.033783,-243.13324,74.354935,307.567078,96.491486,521.615234,385.737335,141.124313,108.130142,431.7117,88.322739,85.52861,314.255585,-164.827255,506.734253,356.823792,-199.955688,110.802635,252.802017,-321.524933,53.848145,216.974365,-237.779022,62.054283,256.997498,178.068405,57.549744,217.170212,92.42614,63.666283,364.47229,57.056168,107.956406,308.691223,4.758491,500.77832
244,0,222.050583,-230.582153,1013.358826,248.681427,73.431061,1018.502502,440.362244,-138.787384,1051.200073,446.612,-56.352291,1049.282837,292.217682,-252.414459,516.909485,383.675476,-289.872833,96.888611,430.858704,-242.855499,74.538475,307.502472,96.534981,521.624268,385.752411,141.134033,108.13768,431.723419,88.318703,85.544006,314.149841,-164.786697,506.74588,356.815155,-199.90126,110.833374,252.829102,-321.516815,53.859463,216.962036,-237.77182,62.043083,256.994446,178.084579,57.494244,217.207169,92.428551,63.66074,364.469879,57.105339,107.954659,308.592987,4.823693,500.77063
245,0,221.871307,-230.524582,1013.329834,248.484283,73.452278,1018.466858,440.20459,-138.731171,1051.176147,446.401001,-56.288757,1049.266113,292.120758,-252.360077,516.86731,383.657928,-289.876709,96.905624,430.496735,-242.628738,74.544373,307.445282,96.576332,521.594116,385.718689,141.133423,108.121918,431.713501,88.326332,85.55999,314.038391,-164.797562,506.719757,356.781586,-199.87558,110.848389,252.824753,-321.503204,53.85482,216.965668,-237.754837,62.056808,256.982941,178.094986,57.509464,217.165497,92.420326,63.690014,364.460205,57.147209,107.951797,308.511414,4.845808,500.767883
246,0,221.678589,-230.439285,1013.322327,248.350769,73.507858,1018.463135,440.033478,-138.667938,1051.161499,446.240356,-56.218384,1049.253784,292.10379,-252.316528,516.80481,383.636688,-289.847687,96.892616,430.921112,-243.009308,74.411156,307.358185,96.593422,521.558411,385.737244,141.124481,108.123573,431.689911,88.324654,85.559204,314.021851,-164.717209,506.717072,356.792725,-199.887238,110.835945,252.832504,-321.488678,53.834183,216.966934,-237.772736,62.058266,256.97171,178.030106,57.518143,217.164307,92.435921,63.689552,364.421265,57.115211,107.921524,308.404419,4.894501,500.771759
247,0,221.504745,-230.389114,1013.308655,248.146469,73.53791,1018.485046,439.847992,-138.580719,1051.130493,446.08371,-56.211731,1049.241089,291.973633,-252.254456,516.862244,383.639954,-289.834015,96.904388,430.472382,-242.598801,74.552292,307.237854,96.637878,521.59198,385.76889,140.87117,107.92234,431.656982,88.295723,85.590347,313.93399,-164.671585,506.737183,356.810242,-199.86763,110.823013,252.796646,-321.509827,53.85778,216.949463,-237.771744,62.047394,256.949524,178.075989,57.54361,217.172791,92.425133,63.667351,364.394562,57.104603,107.986931,308.354309,4.925088,500.778137
248,0,221.350876,-230.348343,1013.284302,247.984207,73.608536,1018.461487,439.686157,-138.527878,1051.134766,445.901459,-56.109863,1049.259033,291.916718,-252.255951,516.785706,383.630615,-289.845978,96.925224,430.739532,-242.768799,74.594803,307.151978,96.671341,521.593689,385.708527,141.125977,108.167023,431.655243,88.275887,85.6297,313.885162,-164.605515,506.730194,356.801453,-199.876785,110.816505,252.83992,-321.499512,53.866688,216.9561,-237.759323,62.04044,256.946411,178.064209,57.51384,217.14856,92.422523,63.679256,364.378448,57.10461,107.990036,308.230255,4.966804,500.795532
249,0,221.21524,-230.297165,1013.249512,247.790161,73.692879,1018.49939,439.517395,-138.443771,1051.112915,445.75824,-56.034195,1049.24646,291.750916,-252.188034,516.788513,383.630676,-289.812042,96.917168,430.882782,-242.957031,74.466866,307.023926,96.690475,521.567078,385.795959,140.868011,107.946526,431.639221,88.254677,85.639465,313.812164,-164.593628,506.700928,356.807037,-199.888306,110.794388,252.815842,-321.507111,53.852467,216.940704,-237.750504,62.041061,257.16507,178.122055,57.673439,217.165161,92.428139,63.691883,364.400116,57.093716,107.978844,308.165314,5.015992,500.802826
250,0,221.093948,-230.25975,1013.234131,247.609634,73.752029,1018.494019,439.355408,-138.383774,1051.11499,445.577789,-55.965324,1049.236938,291.694214,-252.103622,516.788208,383.622589,-289.799561,96.928276,430.713806,-242.717819,74.623474,306.958069,96.748367,521.559998,385.741852,140.877716,107.93853,431.648224,88.28791,85.627159,313.758148,-164.559814,506.653259,356.763306,-199.887161,110.797173,252.790833,-321.46991,53.841179,216.960541,-237.760864,62.048611,256.961914,178.065933,57.542881,217.14856,92.44912,63.686127,364.363434,57.128735,108.000916,308.074127,5.044489,500.826721
251,0,220.942902,-230.198471,1013.205505,247.477127,73.790787,1018.477295,439.179626,-138.32106,1051.114502,445.420441,-55.896805,1049.304199,291.549622,-252.105591,516.765015,383.640259,-289.777802,96.957024,430.449402,-242.544159,74.591476,306.905334,96.79631,521.607361,385.792694,140.894531,107.98278,431.631805,88.274628,85.646492,313.68335,-164.52948,506.617554,356.75824,-199.751648,110.846825,252.786194,-321.457825,53.846695,216.93898,-237.74147,62.023079,256.959717,178.080154,57.562046,217.163971,92.45546,63.681683,364.344635,57.140224,108.002998,307.985291,5.069016,500.845184
252,0,220.786652,-230.133713,1013.176331,247.321915,73.849266,1018.510132,439.000336,-138.241943,1051.098999,445.26535,-55.821461,1049.286865,291.506622,-252.045868,516.742432,383.606567,-289.77713,96.957726,430.833557,-242.928101,74.469276,306.786011,96.846321,521.644409,385.740204,141.108673,108.184608,431.696045,88.275421,85.657982,313.671417,-164.471008,506.624115,356.72171,-199.746658,110.847862,252.780045,-321.469513,53.842979,216.923569,-237.755356,62.024635,256.939941,178.130157,57.562332,217.130737,92.473587,63.645504,364.377289,57.138309,108.02771,307.92926,5.100628,500.828613
253,0,220.628571,-230.103333,1013.137817,247.170471,73.907608,1018.529541,438.838959,-138.190613,1051.11145,445.111115,-55.726566,1049.324219,291.416809,-252.021347,516.752869,383.601166,-289.767914,96.968208,430.734131,-242.704941,74.601265,306.663513,96.896782,521.643372,385.679291,141.102432,108.172752,431.60437,88.257469,85.647995,313.617035,-164.450806,506.598358,356.695831,-199.694366,110.884155,252.8013,-321.479584,53.858768,216.965286,-237.755173,62.042469,256.962952,178.094208,57.530743,217.149292,92.458534,63.666336,364.364624,57.169209,108.013512,307.826935,5.146044,500.81955
254,0,220.511993,-230.052094,1013.112915,246.991074,73.96814,1018.529663,438.73584,-138.122482,1051.133545,444.967133,-55.668633,1049.329346,291.399353,-251.971725,516.677673,383.590271,-289.736633,96.999519,430.848328,-242.846191,74.494713,306.568085,96.93251,521.627197,385.694672,141.107178,108.1838,431.569305,88.2453,85.64077,313.5271,-164.405823,506.539032,356.71286,-199.710388,110.833046,252.796799,-321.474548,53.862255,216.918747,-237.738724,62.017689,256.978302,178.076904,57.497532,217.154724,92.444756,63.676903,364.332886,57.101707,108.033852,307.711914,5.205206,500.816345
255,0,220.401703,-230.018387,1013.083008,246.955978,74.010139,1018.520264,438.596741,-138.088318,1051.119263,444.824768,-55.619751,1049.327393,291.311279,-251.922073,516.690735,383.585968,-289.722015,96.981354,430.448975,-242.494278,74.618881,306.484558,96.956245,521.579712,385.658173,141.125153,108.210373,431.576233,88.269402,85.675194,313.489899,-164.340393,506.559326,356.708832,-199.78331,110.817429,252.784943,-321.456146,53.845947,216.934174,-237.748856,62.013634,257.01004,178.133179,57.508358,217.137177,92.457039,63.647301,364.30957,57.136734,108.019005,307.598694,5.239617,500.821106
256,0,220.284851,-229.96283,1013.038269,246.830597,74.079491,1018.539062,438.573883,-138.054001,1051.126221,444.728638,-55.579369,1049.311401,291.22229,-251.898773,516.682312,383.580475,-289.702972,96.991249,430.444183,-242.438995,74.621384,306.374603,96.983002,521.623352,385.754456,140.88652,107.987671,431.605835,88.259018,85.684631,313.445007,-164.28598,506.541138,356.691376,-199.645691,110.827583,252.834167,-321.465851,53.832516,216.932098,-237.744568,62.008671,256.929962,178.126343,57.555283,217.147064,92.44603,63.672161,364.315887,57.13958,108.024643,307.536804,5.287237,500.82486
257,0,220.12439,-229.901321,1013.024109,246.703064,74.108665,1018.536804,438.454926,-138.016907,1051.133301,444.611755,-55.513142,1049.364868,291.070496,-251.829361,516.707458,383.586395,-289.668121,96.990608,430.579498,-242.676071,74.486679,306.272278,97.021286,521.588745,385.648193,141.134659,108.196609,431.190033,88.163368,85.435486,313.337433,-164.302475,506.523773,356.701935,-199.63591,110.847534,252.824692,-321.4599,53.875717,216.934464,-237.748077,61.995426,256.964661,178.090012,57.490887,217.151764,92.455803,63.662319,364.315094,57.175808,108.026299,307.407074,5.32988,500.828094
258,0,220.028091,-229.847672,1013.013,246.529175,74.152481,1018.530518,438.182526,-137.908325,1051.116577,444.481598,-55.50494,1049.325439,291.021027,-251.763916,516.680603,383.562042,-289.651367,96.990524,430.821442,-242.791443,74.539742,306.116608,97.068771,521.62146,385.65976,141.13353,108.198586,431.506531,88.237656,85.654556,313.286346,-164.198944,506.538635,356.666809,-199.596725,110.878899,252.80484,-321.45108,53.855995,216.894348,-237.737442,61.997025,256.930054,178.065399,57.468864,217.154617,92.454727,63.662468,364.309906,57.156174,108.049606,307.35025,5.373719,500.820862
259,0,219.92984,-229.811676,1012.99585,246.38298,74.192917,1018.52594,438.039642,-137.839203,1051.09668,444.327271,-55.382401,1049.371826,290.844543,-251.731903,516.672913,383.552032,-289.666138,97.010468,430.561401,-242.646393,74.517052,306.076721,97.098282,521.599609,385.676605,141.135086,108.207596,431.534027,88.245049,85.695946,313.145844,-164.198273,506.536591,356.622101,-199.569061,110.84304,252.778534,-321.451477,53.861626,216.892654,-237.729645,61.997749,256.943542,178.122726,57.502308,217.141922,92.458672,63.675644,364.292389,57.163414,108.053818,307.295227,5.410551,500.819153
260,0,219.846405,-229.76796,1012.996338,246.24678,74.213013,1018.552185,437.888031,-137.782272,1051.098877,444.192383,-55.347931,1049.358032,290.80368,-251.702103,516.67749,383.55426,-289.626434,97.037971,430.54837,-242.634644,74.548996,306.034424,97.135773,521.585815,385.645081,141.138657,108.199005,431.493622,88.234222,85.670441,313.052551,-164.138519,506.558899,356.657776,-199.604614,110.8368,252.839294,-321.445557,53.859737,216.880859,-237.722534,61.986542,256.937073,178.097397,57.453953,217.148773,92.465553,63.689178,364.281616,57.16251,108.052498,307.243073,5.466857,500.833801
261,0,219.760788,-229.72168,1012.990845,246.140289,74.276649,1018.563416,437.767273,-137.708405,1051.085327,444.070129,-55.250877,1049.369629,290.664337,-251.644485,516.638245,383.529816,-289.612396,97.047066,430.378204,-242.38858,74.671478,305.959473,97.180595,521.610779,385.652191,141.133347,108.200096,431.52005,88.215584,85.715553,312.974243,-164.095261,506.545135,356.607391,-199.608063,110.852234,252.84201,-321.462769,53.869873,216.885483,-237.712097,61.993893,256.911438,178.120819,57.448929,217.145889,92.462173,63.649231,364.261261,57.102089,108.100624,307.221405,5.49628,500.845734
262,0,219.641144,-229.658661,1012.954468,245.985992,74.343842,1018.561584,437.687561,-137.67363,1051.075317,443.970642,-55.177956,1049.358643,290.610809,-251.599197,516.625854,383.518677,-289.59259,97.041496,430.565277,-242.579788,74.55957,305.921417,97.214119,521.617004,385.66098,141.147888,108.218323,431.516937,88.261955,85.691612,312.844025,-164.066223,506.534271,356.64801,-199.600815,110.813957,252.833878,-321.433899,53.861004,216.885193,-237.706161,61.993649,256.871246,178.128113,57.502426,217.138611,92.46814,63.699974,364.263947,57.113831,108.103798,307.156372,5.544882,500.839844
263,0,219.528671,-229.588928,1012.946594,245.765274,74.398994,1018.599854,437.588379,-137.61467,1051.062622,443.842377,-55.101147,1049.331543,290.516571,-251.59079,516.649536,383.526245,-289.605652,97.064598,430.539948,-242.586639,74.573959,305.865692,97.276169,521.645569,385.631592,141.160843,108.205574,431.540161,88.248718,85.707878,313.079132,-163.786514,506.785858,356.636414,-199.638123,110.788643,252.802582,-321.459351,53.874321,216.867172,-237.717468,61.996971,256.888916,178.126129,57.450069,217.151245,92.471512,63.668877,364.272888,57.095749,108.127068,307.119385,5.572063,500.854492
264,0,219.45372,-229.528656,1012.948608,245.638367,74.434982,1018.574585,437.482971,-137.554871,1051.036255,443.702698,-55.013672,1049.345581,290.458282,-251.517441,516.65155,383.496033,-289.580017,97.051704,430.515533,-242.59816,74.596878,305.78476,97.286583,521.627625,385.655304,141.145172,108.159744,431.512817,88.263588,85.71196,312.986603,-163.795303,506.74881,356.647797,-199.567184,110.831772,252.811157,-321.448822,53.87133,216.871429,-237.725815,61.995525,256.924561,178.099625,57.402493,217.162216,92.467209,63.669712,364.270355,57.102173,108.117302,307.065826,5.590867,500.858917
265,0,219.341843,-229.488052,1012.953064,245.531891,74.492264,1018.559082,437.376007,-137.507416,1051.018799,443.60202,-54.975876,1049.346558,290.312469,-251.455002,516.627136,383.479858,-289.562866,97.047348,430.50528,-242.581726,74.586235,305.719818,97.331459,521.636597,385.665253,141.176804,108.201614,431.545563,88.249954,85.711563,312.931549,-163.757797,506.802612,356.581635,-199.569427,110.811264,252.836014,-321.462128,53.873936,216.878906,-237.737595,62.005688,256.936127,178.094772,57.444408,217.1539,92.450439,63.691078,364.263367,57.122967,108.101669,306.99176,5.618876,500.857239
266,0,219.233261,-229.446167,1012.938049,245.423126,74.558411,1018.593445,437.26239,-137.431519,1051.006714,443.513458,-54.928463,1049.30603,290.298859,-251.444763,516.595215,383.482574,-289.552002,97.074303,430.520111,-242.567337,74.585205,305.638733,97.35405,521.629944,385.627472,141.174179,108.20018,431.211945,88.173752,85.479889,312.848175,-163.737244,506.76358,356.5979,-199.490295,110.857086,252.793289,-321.420349,53.849743,216.861526,-237.709961,61.983917,256.919037,178.124023,57.505211,217.125717,92.474602,63.673409,364.209778,57.164993,108.084702,306.933075,5.674503,500.85675
267,0,219.138443,-229.392548,1012.910583,245.376953,74.610741,1018.588318,437.185516,-137.403946,1050.976318,443.431396,-54.892315,1049.302002,290.200439,-251.387955,516.661255,383.494598,-289.558838,97.067619,430.585541,-242.493225,74.726364,305.568054,97.386307,521.611267,385.674225,140.898972,107.998299,431.472107,88.259483,85.690598,312.624115,-163.850739,506.551392,356.562317,-199.507416,110.827049,252.837418,-321.451294,53.866791,216.856766,-237.732361,61.988426,256.941833,178.126465,57.459885,217.143784,92.463905,63.688808,364.206146,57.152645,108.099922,306.817963,5.676102,500.850922
268,0,219.005676,-229.366257,1012.878784,245.218506,74.658836,1018.592346,437.078552,-137.345032,1050.950806,443.33432,-54.863323,1049.288086,290.19986,-251.364502,516.621155,383.47818,-289.554291,97.081451,430.512421,-242.564026,74.559433,305.504791,97.439102,521.647827,385.628418,141.150314,108.193916,431.197479,88.169884,85.504227,312.562408,-163.837891,506.56192,356.575653,-199.552429,110.817482,252.831009,-321.424316,53.853542,216.880325,-237.711136,61.984413,256.906128,178.166397,57.493069,217.129822,92.477867,63.67915,364.233887,57.135376,108.092529,306.721558,5.695293,500.870239
269,0,218.944839,-229.329178,1012.874695,245.154785,74.703125,1018.591309,437.010651,-137.32196,1050.924927,443.265442,-54.846004,1049.235352,290.157715,-251.370819,516.637512,383.502228,-289.532715,97.096321,430.346588,-242.310608,74.696335,305.41333,97.439285,521.649719,385.594055,141.151779,108.18264,431.492798,88.235703,85.743149,312.509949,-163.783615,506.542572,356.531525,-199.529922,110.805687,252.813782,-321.446564,53.860764,216.868652,-237.712631,61.980816,256.923706,178.105423,57.455647,217.152588,92.465317,63.674801,364.190582,57.155682,108.089035,306.688385,5.727877,500.889587
270,0,218.801529,-229.284851,1012.826538,245.058304,74.733566,1018.613953,436.896362,-137.297211,1050.894165,443.200562,-54.834808,1049.202759,290.057343,-251.274292,516.596497,383.484039,-289.54129,97.107788,430.487427,-242.531738,74.590271,305.328033,97.476974,521.660461,385.638763,141.164627,108.199142,431.455658,88.219521,85.731964,312.464569,-163.752914,506.501556,356.599457,-199.524887,110.82827,252.798889,-321.436859,53.867607,216.861984,-237.714661,61.992611,256.941071,178.121902,57.443447,217.13121,92.465263,63.682541,364.232452,57.166142,108.098763,306.610657,5.752152,500.908661
271,0,218.719528,-229.239197,1012.818787,245.011078,74.808853,1018.648376,436.831543,-137.268692,1050.875366,443.117218,-54.816257,1049.211914,290.025482,-251.259125,516.574036,383.493469,-289.522217,97.093811,430.469635,-242.506302,74.606499,305.295166,97.470558,521.663696,385.658051,140.905624,107.985046,431.188629,88.143867,85.579254,312.419708,-163.717911,506.506378,356.527496,-199.500076,110.780281,252.840637,-321.443542,53.875725,216.84024,-237.714249,61.978848,256.921448,178.131836,57.446514,217.118225,92.454834,63.688686,364.191742,57.118557,108.104492,306.557312,5.774409,500.899628
272,0,218.627472,-229.210663,1012.783142,244.955109,74.86232,1018.681641,436.738678,-137.228745,1050.86438,443.050812,-54.79163,1049.178223,290.034515,-251.220108,516.585999,383.476044,-289.545471,97.125916,430.316925,-242.230362,74.737167,305.245209,97.506134,521.663696,385.675507,140.92543,108.001404,431.164062,88.116043,85.548996,312.371796,-163.650208,506.508575,356.530884,-199.464478,110.823952,252.855743,-321.431671,53.874077,216.842194,-237.70546,61.969841,256.909027,178.140594,57.480793,217.097168,92.486794,63.674419,364.1828,57.138489,108.099113,306.485016,5.791599,500.902344
273,0,218.505936,-229.145828,1012.767578,244.89418,74.884628,1018.692993,436.680939,-137.229385,1050.840576,442.956573,-54.745411,1049.18811,289.898376,-251.19194,516.594116,383.453796,-289.527008,97.09951,430.496429,-242.513351,74.599609,305.196045,97.518394,521.663879,385.595551,141.174606,108.208206,431.4133,88.220474,85.746178,312.329376,-163.638916,506.486847,356.531158,-199.469681,110.821877,252.814621,-321.424866,53.868748,216.861176,-237.702393,61.958595,256.927734,178.136292,57.50946,217.109634,92.483604,63.68512,364.204651,57.100216,108.140785,306.472504,5.803205,500.921783
274,0,218.425766,-229.091431,1012.753845,244.83429,74.911247,1018.717041,436.61203,-137.2276,1050.838013,442.862915,-54.716309,1049.176025,289.898773,-251.171463,516.583374,383.465851,-289.505829,97.119965,430.490143,-242.521408,74.590462,305.154022,97.553886,521.663086,385.558899,141.129501,108.212006,431.142059,88.122841,85.591858,312.291382,-163.628021,506.479034,356.532043,-199.454926,110.781723,252.795395,-321.418945,53.900383,216.853867,-237.714645,61.975525,256.889313,178.130264,57.464718,217.092789,92.474319,63.688339,364.166534,57.164402,108.107643,306.416901,5.842517,500.955536
275,0,218.353058,-229.046158,1012.741211,244.788818,74.959564,1018.704773,436.535522,-137.204849,1050.82312,442.811951,-54.721981,1049.177368,289.835938,-251.134369,516.58075,383.458466,-289.536407,97.113708,430.484222,-242.499588,74.608444,305.15387,97.597755,521.676086,385.649384,140.88356,107.985008,431.102264,88.119972,85.572449,312.254059,-163.606018,506.505798,356.471313,-199.491272,110.794548,252.829071,-321.432892,53.876549,216.850922,-237.721283,61.973228,256.842102,178.126053,57.495331,217.13208,92.486275,63.694729,364.138245,57.069942,108.161125,306.388855,5.907584,500.915283
276,0,218.255798,-229.014084,1012.721558,244.722458,74.968109,1018.715759,436.484009,-137.21846,1050.812622,442.77597,-54.730289,1049.157104,289.779877,-251.11824,516.545776,383.464966,-289.514282,97.109482,430.50882,-242.487823,74.563919,305.147644,97.618561,521.68158,385.600708,141.143814,108.219933,431.156464,88.129402,85.58709,312.179962,-163.569016,506.474548,356.554047,-199.492172,110.76284,252.81546,-321.415924,53.905457,216.840485,-237.705978,61.966194,256.948029,178.127899,57.442932,217.086945,92.478714,63.704414,364.14209,57.088955,108.163399,306.347687,5.909304,500.937103
277,0,218.197296,-228.97406,1012.739197,244.704971,75.003189,1018.726685,436.401947,-137.200851,1050.795776,442.731079,-54.708786,1049.18335,289.732422,-251.112793,516.577271,383.428558,-289.505951,97.106133,430.280151,-242.239792,74.75209,305.104767,97.658096,521.712036,385.654022,140.894119,108.004166,431.16153,88.118103,85.578117,312.146393,-163.573303,506.471222,356.567657,-199.531418,110.748085,252.819809,-321.431061,53.878567,216.862015,-237.705505,61.986755,256.936035,178.137527,57.454922,217.113342,92.49556,63.700848,364.160278,57.206409,108.103905,306.332306,5.907542,500.938782
278,0,218.123413,-228.932617,1012.737732,244.646957,75.020744,1018.751526,436.35141,-137.178146,1050.776489,442.689331,-54.676601,1049.166382,289.685303,-251.083649,516.538025,383.459076,-289.499634,97.115562,430.505035,-242.521973,74.579224,305.087311,97.666145,521.680786,385.593567,141.114899,108.197693,431.149689,88.109993,85.592712,312.141724,-163.5383,506.460602,356.49942,-199.462326,110.757599,252.788605,-321.42276,53.873314,216.853088,-237.699188,61.979984,256.904785,178.146561,57.419983,217.101105,92.492928,63.710949,364.152405,57.137196,108.137749,306.268768,5.947333,500.94516
279,0,218.063583,-228.89798,1012.738098,244.932449,75.158653,1018.654236,436.309326,-137.168777,1050.765015,442.644073,-54.681957,1049.125732,289.669647,-251.069122,516.536011,383.468231,-289.488098,97.122719,430.48941,-242.522995,74.583725,305.024261,97.673729,521.700439,385.603699,141.152252,108.212547,431.088623,88.113762,85.543404,312.069275,-163.537476,506.465668,356.517548,-199.47377,110.772461,252.836502,-321.413788,53.871662,216.870209,-237.701035,61.980225,256.896729,178.151611,57.459145,217.110031,92.502388,63.687511,364.175354,57.201454,108.114449,306.213928,5.965733,500.976868
280,0,217.978561,-228.856155,1012.716797,244.912857,75.173027,1018.650024,436.24765,-137.167496,1050.723511,442.591003,-54.690334,1049.125732,289.503082,-251.14563,516.696716,383.437561,-289.512512,97.124924,430.487823,-242.499222,74.614067,305.00946,97.69706,521.677429,385.654144,140.900253,107.99688,431.167114,88.106453,85.600647,312.062683,-163.487686,506.417694,356.468353,-199.460068,110.800888,252.81369,-321.417877,53.903111,216.857132,-237.712372,61.973343,256.968567,178.147766,57.441254,217.131714,92.488106,63.70599,364.142181,57.19202,108.115677,306.207642,5.995624,500.952606
281,0,217.926956,-228.809372,1012.697571,244.632843,75.133812,1018.758423,436.226654,-137.167068,1050.703979,442.578674,-54.678089,1049.091431,289.602936,-251.038406,516.559204,383.446381,-289.506989,97.133179,430.511475,-242.5,74.5905,304.946259,97.733429,521.686584,385.597931,141.155701,108.219048,431.156219,88.117142,85.585136,311.994843,-163.51532,506.421814,356.506714,-199.426529,110.787392,252.815964,-321.441864,53.879807,216.867386,-237.716461,61.948853,256.975525,178.181091,57.472786,217.094742,92.508209,63.677437,364.141907,57.146561,108.124878,306.127563,6.018446,500.953613
282,0,217.877274,-228.78862,1012.676453,244.63414,75.174377,1018.75415,436.185303,-137.161575,1050.661987,442.56073,-54.68491,1049.088257,289.575745,-251.034378,516.52948,383.441864,-289.519409,97.113419,430.507996,-242.528778,74.577171,304.957367,97.735992,521.689514,385.581421,141.151535,108.189873,431.434906,88.172295,85.788589,311.967834,-163.486771,506.467529,356.518402,-199.436661,110.761368,252.838074,-321.431396,53.875534,216.854568,-237.703751,61.960403,256.969116,178.141113,57.408058,217.126144,92.497894,63.678398,364.18277,57.164711,108.122864,306.131592,6.047357,500.963104
283,0,217.81514,-228.772247,1012.676453,244.646484,75.183395,1018.75531,436.165833,-137.161591,1050.644287,442.50589,-54.674347,1049.088135,289.551727,-251.00264,516.522644,383.441559,-289.516418,97.095169,430.526611,-242.546799,74.594223,304.896942,97.73983,521.662476,385.578247,141.143402,108.218262,431.134735,88.098846,85.542076,311.938507,-163.462662,506.420563,356.512329,-199.476776,110.747398,252.791199,-321.42038,53.863617,216.854736,-237.693558,61.958641,256.932831,178.164856,57.455044,217.119858,92.498642,63.692547,364.15152,57.085506,108.123024,306.077301,6.042715,500.95636
284,0,217.779419,-228.743973,1012.678284,244.661148,75.251816,1018.783691,436.132782,-137.176163,1050.611572,442.509491,-54.708054,1049.046143,289.36618,-251.067795,516.65332,383.426178,-289.502411,97.07325,430.515778,-242.56604,74.57299,304.931122,97.767693,521.663147,385.560486,141.148483,108.207031,431.106628,88.105156,85.579117,311.938751,-163.430832,506.46405,356.545227,-199.473831,110.716492,252.830063,-321.402374,53.898525,216.85524,-237.699677,61.95488,256.947662,178.113663,57.376907,217.088303,92.527756,63.711205,364.166748,57.180992,108.09655,306.016968,6.05169,500.966553
285,0,217.727814,-228.735062,1012.661072,244.653809,75.256813,1018.76178,436.120087,-137.225723,1050.621704,442.485535,-54.720322,1049.043213,289.325806,-251.060791,516.693481,383.442535,-289.546112,97.103195,430.325714,-242.307602,74.701897,304.914886,97.79702,521.703247,385.570343,141.161819,108.17894,431.153595,88.072578,85.582878,311.874023,-163.412659,506.449097,356.546906,-199.425232,110.727081,252.808838,-321.415802,53.886368,216.833725,-237.698105,61.95488,256.979828,178.17627,57.425228,217.117081,92.493286,63.698948,364.116028,57.096714,108.132225,305.949219,6.07214,500.950928
286,0,217.694199,-228.709,1012.667908,244.672699,75.292435,1018.746399,436.082184,-137.23941,1050.591553,442.484955,-54.762371,1049.041138,289.289612,-251.003571,516.661194,383.41156,-289.526337,97.070366,430.492554,-242.526978,74.563568,304.906464,97.804161,521.709961,385.659424,140.912888,107.99353,431.152222,88.08815,85.583076,311.865845,-163.396042,506.46048,356.518707,-199.45903,110.725853,252.81459,-321.42926,53.894436,216.851059,-237.712387,61.974045,256.961884,178.155075,57.401707,217.121719,92.505302,63.695766,364.136322,57.128681,108.128708,305.966156,6.068074,500.959503
287,0,217.660721,-228.70137,1012.635803,244.6689,75.325348,1018.782471,436.062012,-137.272141,1050.57019,442.478943,-54.802696,1049.013184,289.302155,-251.016434,516.685791,383.436371,-289.529755,97.086357,430.492401,-242.54483,74.584747,304.898071,97.808281,521.684875,385.650604,140.897446,107.992371,431.152008,88.091064,85.563034,311.842072,-163.380203,506.496796,356.497223,-199.401901,110.783058,252.788391,-321.388947,53.884426,216.862915,-237.700943,61.958469,256.977844,178.122726,57.415512,217.075531,92.517235,63.707321,364.14151,57.138187,108.104057,305.946442,6.072362,500.966553
288,0,217.619812,-228.702988,1012.651794,244.665573,75.337097,1018.79248,436.03299,-137.287735,1050.561768,442.450562,-54.800854,1049.027588,289.248505,-251.026367,516.66272,383.409546,-289.519745,97.0952,430.721832,-242.643906,74.569908,304.885162,97.809509,521.687378,385.551178,141.167969,108.204681,431.114075,88.085388,85.525215,311.789307,-163.392395,506.488861,356.428009,-199.367599,110.802132,252.790726,-321.378601,53.856876,216.853912,-237.691589,61.966805,256.992828,178.153549,57.41972,217.107895,92.526085,63.685036,364.150024,57.105152,108.123329,305.900787,6.122283,500.968994
289,0,217.567001,-228.648849,1012.656921,244.652557,75.347366,1018.832092,436.016205,-137.336014,1050.561401,442.459076,-54.866833,1048.989502,289.206696,-250.999573,516.664856,383.436432,-289.500977,97.089577,430.319489,-242.310867,74.695244,304.901947,97.837273,521.705627,385.674377,140.905533,107.947601,431.132416,88.076508,85.555428,311.818542,-163.394623,506.469086,356.517059,-199.44635,110.741165,252.800308,-321.407104,53.874695,216.859497,-237.685028,61.959225,256.967529,178.181396,57.406055,217.100677,92.528206,63.71674,364.137024,57.090118,108.132988,305.891022,6.131944,500.942932
290,0,217.545258,-228.654266,1012.67157,244.63739,75.343315,1018.82196,435.996826,-137.382111,1050.541138,442.452454,-54.915474,1048.989014,289.209473,-251.021683,516.664185,383.434814,-289.529266,97.095634,430.747437,-242.667465,74.567894,304.919983,97.822098,521.704773,385.68811,140.921341,107.965981,431.139618,88.070747,85.534271,311.819885,-163.397079,506.480988,356.542786,-199.425537,110.72937,252.845413,-321.424133,53.838474,216.850769,-237.685562,61.967995,256.958344,178.183167,57.431541,217.093079,92.536316,63.708744,364.141876,57.142948,108.10936,305.875793,6.114234,500.964172
291,0,217.520096,-228.620987,1012.68396,244.671829,75.35498,1018.819092,435.964417,-137.404785,1050.548096,442.452484,-54.95475,1049.009888,289.194519,-251.045944,516.697815,383.417389,-289.525787,97.113174,430.509766,-242.544479,74.556953,304.940186,97.814957,521.695557,385.615234,141.154449,108.208,431.439331,88.15052,85.730164,311.832031,-163.404739,506.468536,356.530579,-199.484192,110.704704,252.813965,-321.427155,53.873314,216.859802,-237.684891,61.965714,256.929657,178.142746,57.433235,217.093582,92.51075,63.733414,364.130402,57.106464,108.127213,305.871124,6.130234,500.95755
292,0,217.521133,-228.629898,1012.713806,244.678604,75.336143,1018.829224,435.979645,-137.436951,1050.561401,442.457153,-54.995022,1048.972046,288.918182,-251.175934,516.785156,383.431793,-289.50885,97.071144,430.325378,-242.287567,74.651215,304.952698,97.80217,521.708984,385.617218,141.127441,108.210518,431.439697,88.132065,85.73201,311.851074,-163.407883,506.463531,356.52771,-199.513809,110.705864,252.834534,-321.419281,53.861996,216.862961,-237.693787,61.95488,256.918762,178.174332,57.44561,217.116959,92.542351,63.704311,364.123749,57.124123,108.098808,305.862335,6.078578,500.951538
293,0,217.49942,-228.662674,1012.727112,244.688797,75.293861,1018.835571,435.976166,-137.469559,1050.542969,442.464539,-55.04287,1048.949463,289.179688,-251.128555,516.718018,383.422668,-289.5177,97.065704,430.489441,-242.544846,74.559563,304.967834,97.809296,521.71051,385.661133,140.892578,107.982338,431.136017,88.058868,85.532486,311.87439,-163.440216,506.5,356.47879,-199.443909,110.763733,252.823502,-321.389038,53.852703,216.858322,-237.708145,61.954815,256.963043,178.185074,57.431004,217.099442,92.546616,63.719257,364.14093,57.096256,108.122818,305.859497,6.053336,500.944794
294,0,217.48877,-228.671661,1012.740601,244.65712,75.271568,1018.812439,435.970551,-137.500504,1050.538574,442.453033,-55.053062,1048.948364,289.174347,-251.155975,516.772522,383.419861,-289.528534,97.059647,430.3479,-242.344406,74.694687,304.966187,97.771339,521.706421,385.643768,140.890045,107.97831,431.104431,88.072548,85.548302,311.878387,-163.489471,506.460358,356.481567,-199.462784,110.751335,252.798264,-321.388885,53.870922,216.869217,-237.703415,61.966469,256.948425,178.169128,57.451427,217.105026,92.539223,63.720047,364.147675,57.089981,108.114029,305.874786,6.051039,500.950989
295,0,217.491653,-228.685852,1012.754211,244.677521,75.256599,1018.800354,435.966034,-137.521805,1050.518311,442.481293,-55.110779,1048.895996,289.21106,-251.188339,516.725952,383.454132,-289.577515,97.117348,430.525024,-242.56871,74.547287,304.981598,97.731911,521.687561,385.669342,140.888306,107.997231,431.135681,88.069206,85.547607,311.916809,-163.511841,506.455536,356.498901,-199.443481,110.799469,252.804184,-321.400757,53.887905,216.852402,-237.692032,61.941895,256.945984,178.169357,57.444866,217.102341,92.529396,63.742004,364.133636,57.119728,108.085075,305.869995,6.005347,500.95874
296,0,217.483002,-228.72406,1012.754211,244.705292,75.212021,1018.768555,435.977081,-137.559555,1050.522461,442.487091,-55.122818,1048.9104,289.175018,-251.241241,516.77417,383.43866,-289.57724,97.100014,430.523804,-242.564651,74.549004,305.029388,97.713043,521.697876,385.595001,141.115097,108.208694,431.059418,88.037819,85.499077,311.979797,-163.518051,506.478607,356.553894,-199.44252,110.792587,252.80925,-321.401337,53.861206,216.844543,-237.702454,61.947857,256.958527,178.150131,57.436447,217.082153,92.545624,63.734108,364.123505,57.0769,108.108742,305.874939,5.988619,500.953491
297,0,217.482605,-228.757172,1012.747314,244.715546,75.185738,1018.741394,435.966339,-137.596909,1050.523804,442.478546,-55.168579,1048.898926,289.262451,-251.263535,516.749695,383.464722,-289.572052,97.091476,430.323456,-242.327286,74.688019,305.010468,97.677155,521.695984,385.606537,141.113861,108.213875,431.423584,88.112167,85.704071,311.964752,-163.580887,506.497437,356.575775,-199.540649,110.753334,252.8302,-321.415955,53.902721,216.859741,-237.701721,61.948563,256.978424,178.180435,57.464996,217.117691,92.522507,63.709743,364.129639,57.044025,108.089455,305.909485,5.982639,500.93811
298,0,217.500488,-228.806488,1012.74231,244.736526,75.129173,1018.708801,435.997681,-137.637192,1050.514526,442.508514,-55.216167,1048.901001,289.291077,-251.329697,516.791931,383.464203,-289.580231,97.06559,430.752228,-242.714813,74.573257,305.020111,97.665184,521.693115,385.577026,141.101273,108.195786,431.121704,88.025742,85.528915,312.063843,-163.58078,506.50412,356.563843,-199.511963,110.763008,252.806305,-321.414062,53.870766,216.847427,-237.696655,61.960278,256.955139,178.166245,57.460014,217.130951,92.52549,63.722366,364.137787,57.062325,108.113205,305.911163,5.913313,500.914764
299,0,217.503952,-228.868149,1012.749695,244.738647,75.081528,1018.712524,436.020172,-137.676407,1050.513062,442.530304,-55.254276,1048.886963,289.619415,-251.202667,516.496765,383.455261,-289.622437,97.098503,430.512726,-242.601837,74.549988,305.028625,97.640388,521.695129,385.623627,141.097961,108.195786,431.139923,88.015556,85.529762,312.072571,-163.644562,506.4534,356.565094,-199.550125,110.754242,252.814713,-321.417358,53.86586,216.865692,-237.706512,61.975498,256.965912,178.163406,57.447002,217.109467,92.541481,63.728214,364.126831,57.099163,108.08654,305.937408,5.886986,500.912262
300,0,217.579636,-228.942642,1012.764221,244.727585,75.013481,1018.680115,436.051056,-137.71727,1050.504395,442.556274,-55.299953,1048.891235,289.611267,-251.224548,516.540894,383.471405,-289.60733,97.066689,430.338196,-242.335037,74.696167,305.036255,97.59774,521.697693,385.667053,140.845551,107.991501,431.117615,88.052979,85.51059,312.125732,-163.664185,506.505249,356.56485,-199.538055,110.77919,252.832733,-321.409241,53.870758,216.868301,-237.70079,61.969799,256.984406,178.185944,57.507988,217.102432,92.527916,63.701706,364.127777,57.03677,108.073563,305.914307,5.84796,500.91214
301,0,217.603699,-228.989166,1012.759705,244.788177,74.970131,1018.689148,436.073669,-137.772339,1050.524048,442.589752,-55.354549,1048.892944,289.703857,-251.276459,516.526611,383.458832,-289.609314,97.073143,430.367645,-242.349533,74.671638,305.042908,97.585838,521.684204,385.635223,140.861954,108.005104,431.438171,88.114899,85.69561,312.142059,-163.745926,506.479553,356.550537,-199.504532,110.779434,252.814972,-321.434235,53.873299,216.862732,-237.697006,61.95612,256.942566,178.152878,57.439335,217.088104,92.523193,63.721619,364.138245,57.061619,108.059441,305.942413,5.858295,500.888641
302,0,217.64003,-229.076492,1012.775757,244.775513,74.912201,1018.714172,436.112762,-137.831177,1050.514282,442.622253,-55.40799,1048.908203,289.586639,-251.37764,516.687195,383.45929,-289.601898,97.042297,430.643341,-242.526215,74.689339,305.03891,97.529976,521.689819,385.592651,141.092041,108.21521,431.141388,88.050697,85.503403,312.190674,-163.77739,506.459473,356.525909,-199.544968,110.772987,252.838257,-321.429565,53.870441,216.899185,-237.695419,61.986633,256.939301,178.120056,57.433079,217.117371,92.523361,63.706406,364.152863,57.068287,108.061844,305.935394,5.802859,500.900574
303,0,217.666656,-229.135834,1012.788513,244.812241,74.854393,1018.709045,436.133545,-137.8862,1050.526489,442.613739,-55.458031,1048.905884,289.604889,-251.410599,516.652893,383.457672,-289.615814,97.032471,430.376923,-242.394836,74.639191,305.023804,97.507309,521.704712,385.575043,141.112152,108.212997,431.442902,88.120613,85.68074,312.228088,-163.801376,506.482361,356.546387,-199.538498,110.777481,252.816772,-321.431763,53.885239,216.879181,-237.72374,61.980591,256.918243,178.168121,57.451424,217.158661,92.513298,63.702991,364.167786,57.053173,108.090096,305.948975,5.785549,500.889771
304,0,217.724396,-229.212463,1012.806519,244.801147,74.779037,1018.692627,436.173309,-137.946869,1050.546875,442.665741,-55.504623,1048.88208,289.797363,-251.394363,516.564941,383.45108,-289.627747,97.048103,430.648132,-242.574509,74.644859,305.032501,97.467514,521.706421,385.647919,140.863312,107.994102,431.139191,88.016769,85.520912,312.229889,-163.840714,506.485809,356.617126,-199.576675,110.779686,252.850708,-321.455688,53.896729,216.886139,-237.730331,61.978889,256.949615,178.182632,57.481979,217.119141,92.510666,63.73851,364.161499,57.085434,108.038979,305.969086,5.715495,500.859985
305,0,217.747391,-229.272354,1012.796509,244.809738,74.737938,1018.698669,436.20575,-138.001877,1050.55249,442.679932,-55.566673,1048.91748,289.851318,-251.418167,516.558044,383.514038,-289.647919,97.053253,430.388245,-242.394684,74.669357,305.043457,97.412956,521.690857,385.609009,141.093109,108.210556,431.140381,88.026482,85.517197,312.257874,-163.88559,506.516266,356.640869,-199.656784,110.725151,252.795792,-321.429443,53.863461,216.880875,-237.706863,61.980808,256.959381,178.187515,57.431736,217.12735,92.501213,63.725159,364.171326,57.072002,108.048882,305.943481,5.674287,500.842865
306,0,217.778336,-229.317902,1012.794617,244.841141,74.684258,1018.697998,436.244629,-138.038208,1050.54834,442.742828,-55.612343,1048.888916,289.897369,-251.464371,516.528259,383.473267,-289.645508,97.019875,430.650696,-242.582596,74.623711,305.067352,97.364265,521.690552,385.672546,140.842499,108.013458,431.1203,87.997749,85.511719,312.290527,-163.922745,506.489746,356.595032,-199.641647,110.727982,252.822556,-321.439392,53.864712,216.911942,-237.707718,61.99139,256.952332,178.121552,57.45105,217.102036,92.517853,63.706642,364.127716,57.094833,108.012886,305.988556,5.632217,500.857239
307,0,217.826309,-229.406189,1012.822754,244.870636,74.616089,1018.654968,436.241577,-138.071808,1050.551758,442.743835,-55.649998,1048.885742,289.937317,-251.508804,516.531311,383.468689,-289.656494,97.038429,430.384125,-242.411987,74.625412,305.058441,97.314621,521.660339,385.662903,140.813141,107.999443,431.137604,88.005142,85.521889,312.311096,-163.920456,506.525146,356.627258,-199.582275,110.779671,252.819839,-321.430176,53.864719,216.891632,-237.711456,61.974228,256.981323,178.179489,57.484283,217.099884,92.507812,63.729866,364.140137,57.027596,108.053223,306.012817,5.590983,500.8685
308,0,217.812241,-229.445129,1012.813354,244.921814,74.552559,1018.653259,436.285156,-138.136185,1050.554565,442.759308,-55.695591,1048.875488,289.954681,-251.559677,516.504333,383.488647,-289.679932,96.994812,430.379242,-242.431274,74.636749,305.063934,97.268951,521.676758,385.635468,141.049438,108.206802,431.13092,87.986137,85.521416,312.360931,-163.970993,506.530518,356.603882,-199.603043,110.76487,252.812088,-321.432404,53.880268,216.900528,-237.740189,61.962566,256.93219,178.096588,57.439011,217.095779,92.525032,63.704716,364.137939,56.978046,108.049263,306.057556,5.521368,500.84024
309,0,217.89621,-229.509506,1012.855896,244.931656,74.462959,1018.598328,436.309875,-138.197861,1050.543701,442.831573,-55.773998,1048.817261,289.964203,-251.597168,516.550903,383.492981,-289.707581,97.014557,430.358398,-242.401001,74.625999,305.072052,97.188583,521.640625,385.595337,141.053604,108.203056,431.425262,88.071289,85.719444,312.386902,-164.007278,506.51062,356.603485,-199.577316,110.791382,252.837921,-321.431915,53.87389,216.907639,-237.746262,61.949493,256.92572,178.093521,57.469799,217.087006,92.504608,63.711987,364.127563,56.994068,108.031822,306.067505,5.516444,500.80722
310,0,217.955627,-229.570053,1012.881165,244.972336,74.397369,1018.574463,436.364105,-138.253937,1050.536377,442.854156,-55.83279,1048.797363,290.004303,-251.627808,516.524841,383.518036,-289.706573,97.011971,430.403809,-242.423584,74.614349,305.129028,97.160561,521.649841,385.672638,140.805069,107.993439,431.426086,88.054764,85.697815,312.363129,-164.073166,506.487915,356.616455,-199.619507,110.771927,252.843552,-321.43335,53.865303,216.933365,-237.720703,61.982986,256.972015,178.118469,57.422405,217.080017,92.515617,63.715412,364.158325,56.972572,108.04026,306.072113,5.451756,500.816956
311,0,217.987503,-229.621185,1012.907288,245.024567,74.371689,1018.580811,436.41153,-138.300461,1050.515991,442.898865,-55.883942,1048.760132,290.026367,-251.671677,516.526855,383.488831,-289.680328,96.978531,430.664673,-242.62851,74.626991,305.163116,97.140755,521.642334,385.608368,141.040894,108.195686,431.142059,87.99633,85.51194,312.41333,-164.120911,506.512878,356.634003,-199.626266,110.773903,252.853271,-321.440552,53.869484,216.950256,-237.726624,61.989044,256.967804,178.116531,57.444176,217.104614,92.507408,63.682659,364.14743,56.991089,108.033981,306.109985,5.428201,500.763489
312,0,218.048965,-229.669159,1012.944702,245.085846,74.315536,1018.532898,436.450867,-138.365265,1050.506226,442.925781,-55.94352,1048.746704,290.024811,-251.690948,516.557495,383.519806,-289.697754,97.003838,430.422607,-242.482544,74.566757,305.144379,97.088921,521.642334,385.691406,140.779694,108.025139,431.170807,87.985016,85.499954,312.403137,-164.143387,506.567291,356.646484,-199.659653,110.762802,252.82309,-321.439423,53.856819,216.962509,-237.733521,61.991432,256.90448,178.142349,57.477413,217.116608,92.488441,63.718079,364.164368,57.055935,107.991508,306.099121,5.385785,500.776886
313,0,218.040497,-229.731552,1012.930969,245.087296,74.256401,1018.541687,436.492035,-138.419601,1050.478638,443.013428,-56.017712,1048.725098,290.04895,-251.754974,516.585266,383.520844,-289.744507,97.001114,430.396423,-242.467026,74.602524,305.14209,97.02166,521.62677,385.720367,140.780991,108.012413,431.438019,88.081192,85.668289,312.436157,-164.180222,506.541779,356.643066,-199.685074,110.761505,252.826416,-321.434357,53.848438,216.937073,-237.734299,61.989628,256.952271,178.092377,57.470982,217.087677,92.501945,63.708492,364.18338,57.037766,108.001808,306.124573,5.345947,500.791718
314,0,218.085617,-229.794968,1012.960571,245.150757,74.191376,1018.525269,436.536377,-138.458969,1050.425537,443.03006,-56.065651,1048.724854,290.065308,-251.78891,516.54364,383.503998,-289.746643,97.00473,430.422821,-242.507919,74.589973,305.22345,96.997444,521.622009,385.627045,141.039352,108.208717,431.123474,87.99585,85.468262,312.447144,-164.261703,506.526123,356.657471,-199.628708,110.797493,252.833252,-321.434174,53.862324,216.938065,-237.731079,61.980453,256.9599,178.075272,57.455479,217.12973,92.497452,63.693913,364.16571,57.026817,107.994034,306.096191,5.302517,500.776581
315,0,218.116852,-229.828552,1012.981628,245.225922,74.132881,1018.484131,436.579102,-138.536636,1050.427734,443.080933,-56.109989,1048.678223,290.074646,-251.844223,516.55188,383.530243,-289.768829,96.995667,430.664307,-242.639786,74.604599,305.214203,96.95681,521.631042,385.644501,141.044098,108.194336,431.151306,87.974426,85.472572,312.444489,-164.276627,506.567535,356.628387,-199.646744,110.788483,252.833786,-321.446045,53.859966,216.89473,-237.718887,61.994164,256.916901,178.133087,57.515373,217.107193,92.49353,63.687847,364.159027,56.973293,108.009811,306.144897,5.247402,500.752808
316,0,218.182449,-229.904419,1013.009399,245.276978,74.084099,1018.487305,436.60614,-138.602188,1050.37854,443.141632,-56.170975,1048.669434,290.084656,-251.856201,516.528748,383.490845,-289.727905,96.978844,430.394287,-242.516006,74.592896,305.206116,96.905136,521.620789,385.656464,141.031433,108.224991,431.418976,88.065155,85.669685,312.445953,-164.316498,506.603607,356.667358,-199.704559,110.806984,252.838608,-321.44516,53.85693,216.945938,-237.725372,61.98946,256.943665,178.120071,57.450691,217.116074,92.501717,63.690208,364.144501,56.982769,107.998505,306.160492,5.211435,500.771332
317,0,218.215637,-229.941254,1013.024231,245.320709,74.037781,1018.479004,436.650238,-138.649658,1050.38623,443.185547,-56.269566,1048.644653,290.080383,-251.912201,516.512085,383.543304,-289.774841,96.991119,430.710632,-242.676727,74.606094,305.246155,96.884888,521.652771,385.687103,140.756912,108.001587,431.446625,88.058327,85.648018,312.422852,-164.327515,506.614685,356.671021,-199.694412,110.784981,252.849854,-321.455017,53.865482,216.956635,-237.726181,62.007317,256.933838,178.120422,57.504757,217.122513,92.486771,63.700935,364.165314,56.935528,107.975708,306.165466,5.218222,500.749939
318,0,218.267532,-230.008728,1013.051758,245.332153,73.996391,1018.461243,436.704498,-138.719238,1050.391479,443.221497,-56.345726,1048.57312,290.075104,-251.910004,516.57843,383.561554,-289.804016,96.994347,430.7211,-242.681152,74.606819,305.257538,96.850647,521.649109,385.631409,141.01004,108.219604,431.148407,87.968735,85.470581,312.481689,-164.350739,506.63208,356.71283,-199.711197,110.7901,252.807022,-321.430817,53.84132,216.938889,-237.733765,61.990089,256.920898,178.072983,57.456612,217.138031,92.496132,63.68935,364.163483,56.947693,107.957024,306.172089,5.172742,500.737366
319,0,218.304016,-230.056717,1013.073425,245.394409,73.956551,1018.435364,436.731049,-138.777115,1050.357178,443.251526,-56.409851,1048.563965,290.069824,-251.933807,516.575623,383.53244,-289.808929,96.972878,430.682037,-242.71489,74.593109,305.262756,96.778564,521.623779,385.702301,140.762634,107.996758,431.438324,88.058098,85.661751,312.47937,-164.392731,506.612946,356.686249,-199.74884,110.795334,252.823944,-321.458801,53.834538,216.95491,-237.725952,61.995804,256.959869,178.107162,57.427952,217.11937,92.473412,63.704811,364.155701,56.945057,107.946556,306.163971,5.127072,500.762939
320,0,218.360947,-230.101349,1013.091553,245.42804,73.913383,1018.443726,436.765106,-138.832687,1050.368774,443.318054,-56.497272,1048.553833,290.137787,-251.987961,516.577148,383.544739,-289.788361,96.95961,430.673584,-242.707993,74.592445,305.340576,96.74334,521.624146,385.630859,140.990891,108.22683,431.153259,87.946686,85.463104,312.505768,-164.431564,506.641754,356.699951,-199.728241,110.818214,252.829941,-321.479401,53.867058,216.959122,-237.725021,62.002583,256.934814,178.099304,57.48016,217.082001,92.49234,63.701981,364.164032,56.929401,107.959671,306.17981,5.070727,500.730743
321,0,218.384888,-230.150726,1013.098389,245.509659,73.876404,1018.425354,436.812531,-138.892349,1050.338989,443.352814,-56.534611,1048.536255,290.121399,-251.984451,516.58667,383.553101,-289.79248,96.974762,430.717712,-242.73732,74.596298,305.37262,96.708633,521.636108,385.723022,140.74028,108.014999,431.13443,87.94558,85.457222,312.461212,-164.444046,506.684967,356.713867,-199.759125,110.797234,252.856903,-321.450531,53.875496,216.947632,-237.721558,61.98336,256.946625,178.093903,57.43906,217.085556,92.48838,63.698502,364.177887,56.963139,107.945831,306.195587,5.070587,500.728302
322,0,218.442093,-230.20607,1013.123779,245.525879,73.82444,1018.417725,436.838196,-138.903076,1050.358643,443.408417,-56.570526,1048.564575,290.182129,-251.976135,516.571472,383.527313,-289.791718,96.944496,430.727509,-242.733047,74.592522,305.314697,96.685455,521.639587,385.710754,140.730316,108.031418,431.152924,87.93959,85.471062,312.543152,-164.471268,506.653442,356.670685,-199.695953,110.867546,252.83107,-321.434479,53.848846,216.917847,-237.71051,61.975029,256.963013,178.11969,57.475109,217.116714,92.496559,63.698769,364.195496,57.025673,107.908005,306.231659,5.041595,500.721466
323,0,218.437363,-230.228775,1013.158813,245.59816,73.797722,1018.428833,436.853699,-138.952148,1050.33313,443.449127,-56.596092,1048.562744,290.217743,-252.027267,516.59021,383.537262,-289.786377,96.952057,430.718994,-242.72438,74.591797,305.377563,96.633087,521.617554,385.733643,140.727234,108.016579,431.447418,88.004181,85.658562,312.563354,-164.493561,506.623322,356.675446,-199.739807,110.844002,252.83638,-321.461945,53.840969,216.942383,-237.723129,61.998936,256.930878,178.060196,57.446877,217.112152,92.468254,63.695885,364.19397,56.989819,107.914604,306.251617,5.013434,500.739105
324,0,218.447723,-230.249222,1013.172607,245.599503,73.75882,1018.431091,436.879639,-139.009506,1050.343872,443.435974,-56.67527,1048.562988,290.233246,-252.087234,516.62207,383.529449,-289.803192,96.953773,430.691406,-242.730316,74.586899,305.449799,96.622688,521.618469,385.635437,140.96669,108.232857,431.100922,88.010132,85.620102,312.642792,-164.49115,506.621552,356.721741,-199.730316,110.79718,252.797119,-321.466339,53.835266,216.934753,-237.721436,61.989273,256.923676,178.096024,57.507568,217.136459,92.491348,63.686771,364.176239,56.99025,107.921104,306.227478,4.987352,500.716553
325,0,218.475571,-230.257141,1013.178833,245.672119,73.723518,1018.437988,436.90802,-139.052505,1050.331665,443.501373,-56.713181,1048.535645,290.299683,-252.102875,516.604736,383.543243,-289.835968,96.973991,430.481506,-242.611496,74.571114,305.472015,96.605316,521.635132,385.675232,140.709045,108.008064,431.462433,87.996414,85.675278,312.639252,-164.547272,506.618988,356.743958,-199.770081,110.77639,252.83342,-321.472534,53.846104,216.967224,-237.72699,62.000114,256.890259,178.114578,57.529198,217.137222,92.474518,63.698574,364.183228,56.980602,107.916084,306.276031,4.974368,500.732117
326,0,218.496872,-230.282516,1013.19635,245.720703,73.710739,1018.457397,436.93277,-139.101593,1050.294067,443.539032,-56.770844,1048.508911,290.326477,-252.116119,516.619751,383.569824,-289.80777,96.940552,430.452637,-242.57695,74.593246,305.512482,96.569016,521.635315,385.654877,140.961151,108.248077,431.433838,87.977798,85.660454,312.656494,-164.576538,506.655518,356.764984,-199.753708,110.782486,252.864487,-321.470581,53.84304,216.968002,-237.730804,61.988617,256.948486,178.0578,57.477104,217.112122,92.50589,63.705078,364.178192,56.971966,107.918419,306.272766,4.951602,500.730103
327,0,218.541107,-230.279495,1013.225342,245.728439,73.708908,1018.494141,436.964844,-139.109161,1050.28418,443.612152,-56.773022,1048.495605,290.38382,-252.123947,516.62915,383.549408,-289.822784,96.949394,430.702148,-242.716583,74.581367,305.521759,96.564781,521.639404,385.666321,140.960342,108.235985,431.461609,87.991783,85.664604,312.708801,-164.60965,506.655884,356.756226,-199.776642,110.768478,252.865646,-321.462433,53.867596,216.96312,-237.72113,61.960728,256.92691,178.085617,57.506783,217.109985,92.50145,63.688717,364.169647,56.985191,107.914818,306.344299,4.959127,500.722656
328,0,218.579117,-230.277771,1013.230103,245.856201,73.648499,1018.44397,437.004425,-139.160187,1050.275757,443.630524,-56.821297,1048.522339,290.403564,-252.135925,516.605286,383.542542,-289.815491,96.947174,430.461487,-242.603729,74.547707,305.547607,96.568451,521.621704,385.727173,140.703979,108.025246,431.473053,88.015999,85.688354,312.760254,-164.579453,506.670898,356.736511,-199.792252,110.782219,252.843582,-321.473236,53.841679,216.945404,-237.738708,62.003124,256.924316,178.075485,57.483585,217.098053,92.511169,63.679359,364.175903,56.985249,107.93251,306.346558,4.926094,500.703522
329,0,218.59938,-230.299591,1013.239258,245.863708,73.648109,1018.44928,437.052795,-139.193375,1050.255005,443.66333,-56.875809,1048.501343,290.447266,-252.169586,516.661072,383.55719,-289.83551,96.956024,430.706909,-242.74054,74.557968,305.584412,96.551895,521.651001,385.69281,140.713852,108.035355,431.482452,88.004623,85.66468,312.735046,-164.633179,506.672272,356.690948,-199.752228,110.810791,252.810806,-321.456543,53.830105,216.938797,-237.733459,62.002922,256.929016,178.082428,57.514271,217.088318,92.492424,63.710102,364.167725,56.904125,107.961662,306.375397,4.936488,500.740112
330,0,218.680435,-230.313309,1013.247986,245.899445,73.632622,1018.467896,437.101807,-139.229706,1050.242188,443.721497,-56.890896,1048.481079,290.480835,-252.188538,516.655396,383.562195,-289.820068,96.947517,430.701324,-242.747437,74.570076,305.627258,96.545525,521.628662,385.64859,140.966492,108.252655,431.483124,88.001511,85.676903,312.808838,-164.650116,506.641144,356.72995,-199.725967,110.840698,252.837784,-321.461853,53.854778,216.971329,-237.738281,61.973988,256.935455,178.103836,57.501377,217.074707,92.493149,63.709072,364.162994,56.978397,107.934837,306.370422,4.914335,500.739441
331,0,218.727753,-230.338135,1013.261414,245.882828,73.638618,1018.474792,437.140381,-139.25412,1050.235229,443.757416,-56.931538,1048.480835,290.490265,-252.205399,516.602539,383.551331,-289.8284,96.91494,430.742737,-242.790604,74.55957,305.639801,96.522728,521.642456,385.731171,140.715973,108.037148,431.561157,88.011902,85.712891,312.86087,-164.652145,506.656006,356.705688,-199.801926,110.826416,252.881317,-321.480835,53.842827,216.953156,-237.724625,62.003056,256.915405,178.094635,57.484688,217.070435,92.505264,63.710682,364.180328,56.969604,107.922844,306.394897,4.910617,500.713409
332,0,218.782486,-230.360306,1013.260864,245.906967,73.624512,1018.519043,437.220428,-139.262115,1050.241089,443.827637,-56.910099,1048.513672,290.576508,-252.209183,516.634827,383.547699,-289.848175,96.916061,430.732941,-242.75264,74.591576,305.664734,96.49765,521.645874,385.681396,140.695755,108.002632,431.581146,88.000137,85.763145,312.885071,-164.68486,506.619751,356.731384,-199.727036,110.830864,252.856964,-321.487885,53.882107,216.941437,-237.732361,62.004951,257.143005,178.146973,57.687439,217.089188,92.480003,63.703537,364.176941,56.965572,107.925774,306.441071,4.881827,500.746796
333,0,218.866882,-230.376404,1013.267761,245.942505,73.613235,1018.515686,437.303772,-139.262405,1050.222656,443.901459,-56.981373,1048.452515,290.584991,-252.218124,516.640564,383.56543,-289.828308,96.921181,430.713165,-242.748642,74.582054,305.695496,96.52124,521.664246,385.714478,140.687836,108.020287,431.141693,87.882248,85.479874,312.905304,-164.703781,506.603729,356.741119,-199.769928,110.817993,252.833038,-321.479431,53.85054,216.946152,-237.735703,61.998077,256.941315,178.104431,57.551895,217.082916,92.49308,63.683025,364.174316,56.969997,107.935989,306.437927,4.877786,500.734924
334,0,218.928391,-230.381699,1013.276367,245.96524,73.615494,1018.540833,437.375305,-139.248215,1050.202271,443.945038,-56.944542,1048.467651,290.626221,-252.233414,516.657104,383.553589,-289.829895,96.915085,430.752899,-242.806412,74.553215,305.702393,96.499985,521.648438,385.745972,140.669022,108.041008,431.119659,87.889221,85.451859,312.927429,-164.684875,506.604431,356.79068,-199.804352,110.792656,252.807999,-321.452911,53.816429,216.960022,-237.733398,61.992538,256.981201,178.108963,57.543385,217.099152,92.511131,63.689373,364.17514,56.914501,107.960335,306.425079,4.876144,500.754669
335,0,218.980545,-230.389862,1013.286926,246.056091,73.625381,1018.52655,437.418152,-139.263031,1050.203247,444.030731,-56.962559,1048.457642,290.659607,-252.241486,516.689941,383.552582,-289.850739,96.917908,430.737823,-242.764511,74.559242,305.714172,96.488831,521.628052,385.591583,140.899002,108.202026,431.455292,87.955505,85.665878,312.970459,-164.714264,506.654572,356.755188,-199.764389,110.792694,252.843887,-321.480377,53.847614,216.958679,-237.717911,62.005089,256.963135,178.136414,57.540794,217.104813,92.485741,63.703968,364.177429,56.94294,107.944603,306.465454,4.90538,500.750305
336,0,219.06543,-230.392792,1013.289001,246.137405,73.598282,1018.510437,437.465698,-139.24823,1050.179932,444.097198,-56.957386,1048.452393,290.715332,-252.200928,516.620667,383.573273,-289.842621,96.960907,430.749634,-242.787766,74.567085,305.767181,96.499756,521.638245,385.727417,140.666916,108.047028,431.438538,87.950188,85.673691,312.99765,-164.666931,506.68042,356.780212,-199.772598,110.811234,252.821869,-321.470245,53.843719,216.958176,-237.730713,62.005085,256.994659,178.103622,57.547119,217.080627,92.499199,63.728146,364.159271,56.948338,107.936882,306.470612,4.876999,500.7565
337,0,219.100525,-230.402512,1013.250366,246.199127,73.604454,1018.53595,437.544739,-139.240112,1050.183838,444.188293,-56.945427,1048.457642,290.679626,-252.223846,516.697205,383.55777,-289.85556,96.932999,430.773926,-242.794785,74.558151,305.759216,96.513954,521.641174,385.709473,140.653915,108.043686,431.433594,87.955605,85.659012,313.023743,-164.68869,506.641693,356.706604,-199.791458,110.827423,252.847916,-321.465027,53.844784,216.954941,-237.721909,62.001389,256.992218,178.108643,57.5205,217.080719,92.511879,63.711449,364.156982,56.955662,107.926018,306.491211,4.874517,500.761322
338,0,219.164215,-230.381516,1013.261292,246.258545,73.59642,1018.543823,437.614075,-139.24231,1050.185059,444.250946,-56.905476,1048.474121,290.765167,-252.245224,516.702515,383.554077,-289.844666,96.932915,430.486298,-242.617813,74.538727,305.799469,96.529114,521.659485,385.659668,140.923401,108.253281,431.454376,87.958603,85.6521,313.069489,-164.68399,506.638062,356.719269,-199.774185,110.815758,252.823883,-321.468719,53.83577,216.948959,-237.753677,62.023739,257.00885,178.120453,57.505196,217.085251,92.512817,63.724598,364.159729,56.920719,107.951797,306.512085,4.896693,500.788818
339,0,219.196793,-230.394455,1013.234375,246.32843,73.597206,1018.577698,437.70224,-139.228271,1050.162842,444.296173,-56.894192,1048.458374,290.771484,-252.222931,516.694092,383.568817,-289.84903,96.917198,430.700623,-242.758011,74.553711,305.824799,96.505081,521.660889,385.739807,140.684937,108.041107,431.45517,87.972519,85.667053,313.113922,-164.70993,506.585968,356.750275,-199.803055,110.790047,252.846146,-321.472961,53.880295,216.94043,-237.735565,62.012054,256.961395,178.102814,57.485779,217.094116,92.518036,63.684933,364.165344,56.950729,107.932533,306.507233,4.89702,500.79303
340,0,219.266006,-230.389694,1013.225891,246.415482,73.619545,1018.625732,437.739227,-139.215576,1050.171997,444.363739,-56.881062,1048.509521,290.8284,-252.201172,516.745056,383.575043,-289.852753,96.942299,430.7453,-242.788177,74.549377,305.84436,96.524544,521.686829,385.631897,140.926071,108.26445,431.4664,87.956337,85.701485,313.163635,-164.647446,506.611694,356.78891,-199.813034,110.808151,252.834534,-321.490723,53.885887,216.939423,-237.731613,62.04163,256.954742,178.120499,57.535446,217.068436,92.509583,63.702293,364.154266,56.933956,107.945908,306.567566,4.923353,500.7789
341,0,219.309082,-230.382843,1013.219727,246.472946,73.60997,1018.630005,437.795654,-139.209335,1050.179688,444.434357,-56.883362,1048.472656,290.871948,-252.178696,516.683411,383.570953,-289.852936,96.92894,430.760712,-242.799103,74.517387,305.908264,96.542183,521.682068,385.690948,140.681122,108.038406,431.498413,87.977402,85.69104,313.141754,-164.661804,506.629303,356.767426,-199.834686,110.765427,252.860672,-321.468475,53.852699,216.985062,-237.735733,62.02507,256.971832,178.091614,57.505039,217.094696,92.513184,63.716015,364.14801,56.971416,107.93924,306.617828,4.928638,500.801971
342,0,219.385437,-230.377777,1013.207764,246.5112,73.63562,1018.671143,437.876953,-139.207428,1050.174805,444.489807,-56.87328,1048.486328,290.872223,-252.206894,516.707458,383.563324,-289.832611,96.933296,430.757507,-242.777191,74.555443,305.976685,96.54351,521.638916,385.717285,140.698837,108.048538,431.544006,87.987717,85.718094,313.208374,-164.593643,506.671082,356.802155,-199.780594,110.765289,252.849579,-321.46579,53.852169,216.982895,-237.735016,62.025726,256.943115,178.108047,57.495998,217.07251,92.512955,63.731075,364.136871,56.918037,107.956787,306.617157,4.936907,500.808594
343,0,219.437668,-230.34584,1013.222473,246.573792,73.643135,1018.68512,437.944885,-139.192871,1050.171143,444.558899,-56.825073,1048.496704,290.887817,-252.188034,516.72937,383.582184,-289.832581,96.923599,430.795746,-242.796524,74.521309,305.98645,96.571457,521.70575,385.742889,140.714569,108.011574,431.566315,88.002686,85.745132,313.206421,-164.638962,506.645264,356.767517,-199.798599,110.776398,252.854172,-321.477478,53.852753,216.976303,-237.725082,62.011852,256.965332,178.075333,57.431179,217.08522,92.519806,63.716194,364.147736,56.954803,107.928711,306.651215,4.964734,500.803284
344,0,219.468735,-230.341476,1013.208496,246.605896,73.650436,1018.718811,438.008972,-139.184631,1050.153442,444.634705,-56.842899,1048.505615,290.904938,-252.175186,516.699646,383.593506,-289.834229,96.910233,430.764648,-242.804398,74.546295,306.035095,96.594727,521.684082,385.764404,140.726028,108.027077,431.607574,88.01767,85.743851,313.250885,-164.591125,506.661011,356.765411,-199.791306,110.789528,252.843262,-321.467834,53.867004,216.958984,-237.731186,61.989677,256.986053,178.11615,57.480698,217.084335,92.539299,63.709454,364.159271,56.989746,107.933311,306.723083,4.952542,500.813141
345,0,219.544891,-230.331177,1013.206726,246.678162,73.64798,1018.721008,438.100861,-139.202347,1050.175781,444.701416,-56.827755,1048.502563,290.943512,-252.197891,516.701843,383.587799,-289.868713,96.929321,430.767578,-242.811554,74.521461,306.066589,96.601494,521.678833,385.68219,140.954697,108.237251,431.635468,87.998833,85.77713,313.256622,-164.621521,506.630951,356.749481,-199.81485,110.747169,252.843643,-321.453278,53.869781,216.96489,-237.733536,62.017647,256.969788,178.116455,57.501823,217.079544,92.531609,63.725746,364.167999,56.980499,107.932831,306.749512,4.969389,500.820221
346,0,219.580109,-230.311478,1013.206726,246.767227,73.667572,1018.728882,438.135956,-139.204437,1050.140259,444.751831,-56.835262,1048.495483,290.976959,-252.157562,516.650879,383.57431,-289.886505,96.924667,430.513062,-242.659744,74.50383,306.0896,96.610916,521.707153,385.727448,140.722702,108.021812,431.666412,88.023407,85.794449,313.270691,-164.57959,506.666962,356.774628,-199.832474,110.767509,252.84314,-321.479431,53.862263,216.992676,-237.735214,62.022587,256.995087,178.098358,57.442432,217.089874,92.517227,63.708992,364.161255,56.922295,107.964195,306.797546,4.988453,500.815216
347,0,219.622864,-230.282135,1013.2005,246.840393,73.704208,1018.72052,438.185547,-139.190002,1050.143677,444.850891,-56.826511,1048.491943,290.968903,-252.165741,516.722412,383.569916,-289.871338,96.95697,430.768585,-242.825912,74.510262,306.153107,96.648346,521.720337,385.766724,140.726242,107.991432,431.138,87.888985,85.448677,313.294434,-164.577286,506.639313,356.76944,-199.856445,110.727074,252.832108,-321.46991,53.858162,216.966949,-237.735458,62.008549,256.941406,178.140427,57.508831,217.089554,92.526886,63.714443,364.1604,56.923294,107.964119,306.817871,5.01372,500.794769
348,0,219.692444,-230.264771,1013.201111,246.939011,73.729332,1018.710022,438.256531,-139.175201,1050.154053,444.917084,-56.825016,1048.518555,290.999847,-252.155212,516.685608,383.590332,-289.864594,96.930511,430.767487,-242.814819,74.517296,306.190125,96.621719,521.708801,385.756805,140.730194,108.008415,431.454254,88.00235,85.652138,313.510315,-164.434952,506.846832,356.79718,-199.819656,110.737495,252.856232,-321.476807,53.832474,216.958969,-237.734085,62.002659,256.97464,178.116058,57.53529,217.088181,92.533867,63.714645,364.168457,56.933392,107.970078,306.872681,5.009056,500.817535
349,0,219.715683,-230.232788,1013.190979,247.022369,73.752831,1018.729431,438.301636,-139.179245,1050.151855,444.975037,-56.815918,1048.515015,291.000336,-252.145889,516.702026,383.594482,-289.851807,96.917534,430.748169,-242.829056,74.530815,306.235382,96.6661,521.728577,385.785706,140.71936,108.012543,431.476501,88.007744,85.638191,313.355835,-164.551956,506.686462,356.814362,-199.850113,110.777115,252.832138,-321.48053,53.83865,216.946259,-237.705124,61.989136,256.927917,178.132538,57.501965,217.112701,92.515549,63.703514,364.179932,56.916889,107.976814,306.892639,5.018398,500.843933
350,0,219.756424,-230.206284,1013.192505,247.097641,73.766205,1018.707397,438.371674,-139.190231,1050.167236,445.068787,-56.808052,1048.510254,291.011078,-252.151489,516.706177,383.579193,-289.878204,96.909782,430.755981,-242.811813,74.507828,306.285217,96.66378,521.728333,385.77597,140.732101,108.010284,431.456909,87.992088,85.637474,313.581757,-164.386078,506.898926,356.790314,-199.839737,110.750603,252.844162,-321.460938,53.84903,216.958481,-237.718338,61.978916,256.95285,178.10434,57.497971,217.077271,92.532959,63.737518,364.156433,56.90799,108.022583,306.926331,5.063958,500.853607
351,0,219.785858,-230.186081,1013.214355,247.18631,73.796265,1018.711914,438.409637,-139.176056,1050.151855,445.150238,-56.845566,1048.507446,291.057739,-252.126099,516.711792,383.578766,-289.870453,96.906174,430.776703,-242.816101,74.547318,306.357422,96.712128,521.727783,385.778839,140.739197,107.981659,431.444336,88.007339,85.614708,313.414551,-164.546051,506.692352,356.799042,-199.84996,110.765747,252.869217,-321.478973,53.869656,216.970795,-237.74147,62.01355,256.960541,178.142624,57.498325,217.113312,92.52272,63.719563,364.15152,56.983154,107.983986,306.963043,5.065365,500.866699
352,0,219.820908,-230.136887,1013.200073,247.270767,73.830627,1018.738647,438.467865,-139.165558,1050.179932,445.192749,-56.83316,1048.573364,291.116577,-252.120621,516.703369,383.575348,-289.859619,96.879906,430.768768,-242.84758,74.537285,306.413696,96.738174,521.766479,385.729584,140.976883,108.213326,431.161163,87.918053,85.439178,313.435455,-164.517853,506.738068,356.799683,-199.818802,110.769287,252.853806,-321.493408,53.880024,216.978058,-237.737,62.021152,256.953552,178.101227,57.493057,217.096985,92.526283,63.738995,364.16394,56.964378,107.975189,307.005951,5.049162,500.849609
353,0,219.894989,-230.135895,1013.229614,247.348083,73.880692,1018.745178,438.537048,-139.178055,1050.15918,445.250641,-56.842239,1048.548584,291.116211,-252.136887,516.724976,383.579681,-289.886719,96.897964,430.764343,-242.795502,74.517128,306.508698,96.72924,521.730896,385.726746,140.959534,108.188622,431.469604,88.002708,85.640785,313.444214,-164.501602,506.734253,356.765198,-199.836395,110.760162,252.826447,-321.488586,53.882965,216.985031,-237.736786,62.021389,256.957611,178.132782,57.483341,217.105331,92.549309,63.762806,364.156525,56.999203,107.982346,307.077271,5.067422,500.853851
354,0,219.925812,-230.0811,1013.239136,247.395859,73.890656,1018.739441,438.574799,-139.15213,1050.142822,445.314362,-56.831097,1048.515991,291.133057,-252.112274,516.774048,383.584717,-289.884918,96.898293,430.791138,-242.85405,74.553833,306.538513,96.751465,521.743713,385.722748,140.992218,108.202011,431.429688,88.005043,85.616409,313.441254,-164.521362,506.711365,356.82312,-199.826096,110.775093,252.862061,-321.475006,53.832031,216.970123,-237.729492,62.014317,256.963135,178.161194,57.451191,217.10907,92.552727,63.722572,364.169159,56.959587,107.976875,307.100647,5.071507,500.861755
355,0,219.985855,-230.05304,1013.243896,247.47522,73.940689,1018.750549,438.648407,-139.179932,1050.140503,445.379364,-56.800953,1048.529907,291.152985,-252.061371,516.809204,383.5625,-289.864288,96.887222,430.9534,-243.042175,74.361778,306.597473,96.761696,521.744751,385.830933,140.714996,107.978188,431.456177,88.017456,85.612129,313.473206,-164.521286,506.674469,356.786224,-199.857925,110.738304,252.843765,-321.489044,53.867329,216.994843,-237.748138,62.029247,256.9711,178.189072,57.491329,217.094955,92.542313,63.742519,364.162933,56.987114,107.990173,307.138702,5.11446,500.873138
356,0,220.005203,-229.993073,1013.253479,247.548721,73.954712,1018.779541,438.68338,-139.167084,1050.135498,445.419403,-56.831993,1048.495117,291.19339,-252.058929,516.766235,383.558167,-289.877808,96.89772,430.780945,-242.83194,74.525833,306.65155,96.766777,521.761047,385.746002,140.739334,107.973663,431.162476,87.928329,85.441925,313.527618,-164.523132,506.704102,356.814941,-199.863937,110.749855,252.860306,-321.482697,53.837437,216.98526,-237.720169,62.035641,256.950409,178.154861,57.475857,217.109131,92.533875,63.756355,364.174133,56.977028,108.007736,307.157593,5.097054,500.904388
357,0,220.033646,-229.95752,1013.265991,247.604126,73.945518,1018.799683,438.734009,-139.156464,1050.146118,445.497742,-56.81834,1048.501831,291.213654,-252.056534,516.745422,383.592773,-289.866547,96.882561,430.96048,-243.047409,74.385887,306.680969,96.78669,521.771301,385.753937,140.972275,108.222466,431.162659,87.922241,85.445488,313.517212,-164.547775,506.642639,356.813873,-199.785416,110.757019,252.824219,-321.463013,53.861526,216.969315,-237.723618,61.998287,256.928802,178.110764,57.45808,217.090408,92.542274,63.753456,364.167847,56.97818,108.000107,307.200287,5.147463,500.892639
358,0,220.086792,-229.962097,1013.281677,247.737457,73.970474,1018.787964,438.807831,-139.163757,1050.142944,445.559631,-56.832653,1048.492432,291.177368,-252.025452,516.757446,383.588287,-289.863068,96.902107,430.966675,-243.080856,74.354858,306.746735,96.825058,521.763,385.71814,140.981812,108.206619,431.495056,88.029388,85.607971,313.558228,-164.461395,506.676086,356.796509,-199.838699,110.766762,252.860992,-321.474823,53.889877,216.970139,-237.727982,62.011929,256.923737,178.12468,57.483559,217.057816,92.545662,63.757896,364.148682,56.962914,108.027016,307.195496,5.142939,500.907593
359,0,220.126846,-229.927582,1013.281372,247.774155,73.99276,1018.783813,438.864471,-139.165543,1050.128906,445.614471,-56.836475,1048.483521,291.192383,-252.032333,516.766174,383.595032,-289.862946,96.904533,430.789581,-242.851456,74.499519,306.761993,96.839066,521.783386,385.745392,140.970886,108.199265,431.196289,87.944313,85.431038,313.575317,-164.476242,506.662781,356.790955,-199.798248,110.802971,252.831482,-321.488586,53.885002,216.945145,-237.703476,61.987862,256.97937,178.163849,57.466248,217.080261,92.550659,63.732365,364.165771,56.963203,108.011551,307.283783,5.158238,500.939056
360,0,220.158493,-229.884857,1013.270386,247.868057,74.035393,1018.80072,438.915894,-139.182892,1050.11792,445.676331,-56.814625,1048.496216,291.200836,-251.992874,516.725586,383.575714,-289.87735,96.909416,430.969147,-243.070526,74.383072,306.771332,96.845848,521.756836,385.743866,140.990448,108.188225,431.4487,88.015938,85.593834,313.556,-164.506775,506.630188,356.824249,-199.878738,110.753212,252.853333,-321.471497,53.868557,216.974075,-237.721634,62.007526,256.950775,178.152969,57.504852,217.099228,92.558289,63.749657,364.151245,56.977413,108.009315,307.273407,5.156446,500.950104
361,0,220.190674,-229.855301,1013.260742,247.908264,74.079803,1018.830872,439.010956,-139.198746,1050.113525,445.730408,-56.817829,1048.515381,291.180939,-251.98114,516.738953,383.572693,-289.883453,96.923347,430.85144,-242.870911,74.513618,306.781891,96.857559,521.764709,385.754639,140.981491,108.205147,431.472473,88.007523,85.609489,313.596008,-164.459305,506.693665,356.863251,-199.890396,110.726357,252.862213,-321.480347,53.899483,216.999695,-237.715027,62.043911,256.956726,178.16658,57.485962,217.089401,92.55822,63.746124,364.181702,57.022663,107.982651,307.294281,5.208899,500.93866
362,0,220.278748,-229.843872,1013.283997,247.999756,74.107193,1018.810364,439.053864,-139.166672,1050.081421,445.80838,-56.807159,1048.493164,291.200226,-252.010788,516.781799,383.554596,-289.885925,96.901253,430.957794,-243.067032,74.401291,306.814911,96.860924,521.781616,385.745972,140.98671,108.188187,431.171326,87.95507,85.405716,313.580353,-164.476181,506.658661,356.849945,-199.911194,110.735397,252.86618,-321.467316,53.88879,216.979462,-237.726944,62.023224,256.948486,178.135254,57.438103,217.106079,92.544586,63.748829,364.183685,56.9925,108.010681,307.334259,5.211504,500.946808
363,0,220.339828,-229.841888,1013.281799,248.043381,74.111824,1018.861145,439.11972,-139.13797,1050.09082,445.86731,-56.779755,1048.473389,291.26181,-252.002899,516.743469,383.570007,-289.892303,96.893944,431.00647,-243.089249,74.350174,306.814606,96.862076,521.771423,385.764984,141.005112,108.203575,431.1492,87.955002,85.405128,313.530518,-164.494095,506.613434,356.851501,-199.877029,110.730934,252.866119,-321.473755,53.871307,216.986938,-237.738159,62.028656,256.990601,178.149582,57.472786,217.097427,92.569366,63.710949,364.184723,56.987991,108.0103,307.312958,5.218437,500.954987
364,0,220.40683,-229.818146,1013.305298,248.163879,74.112602,1018.844116,439.207581,-139.153183,1050.078003,445.926392,-56.749107,1048.502441,291.203735,-251.968323,516.766418,383.582123,-289.874146,96.889877,430.983398,-243.090607,74.361053,306.8367,96.892586,521.779297,385.761047,141.01416,108.202812,431.179199,87.952316,85.416946,313.532593,-164.507889,506.616302,356.849701,-199.850067,110.763687,252.82193,-321.493103,53.884975,216.979431,-237.728241,62.016632,256.984802,178.150665,57.444016,217.097534,92.554909,63.736767,364.189911,56.978325,108.017372,307.316223,5.238119,500.952484
365,0,220.494217,-229.815598,1013.301758,248.224533,74.187057,1018.873352,439.300049,-139.087677,1050.062256,445.995209,-56.734047,1048.460083,291.250244,-251.965195,516.79071,383.577179,-289.873016,96.891953,430.976837,-243.079895,74.376846,306.848969,96.897614,521.762756,385.762299,141.015228,108.195465,431.47467,88.042587,85.613701,313.571075,-164.470459,506.614136,356.787933,-199.857483,110.764923,252.865021,-321.484741,53.874012,216.969803,-237.725113,62.012218,256.995941,178.1577,57.484833,217.091751,92.560913,63.772156,364.162689,57.007763,107.991249,307.327057,5.251711,500.988251
366,0,220.589798,-229.788559,1013.329956,248.287979,74.195732,1018.887024,439.376953,-139.060867,1050.052856,446.06839,-56.687714,1048.479858,291.290924,-251.937485,516.80542,383.577148,-289.870697,96.901077,430.997101,-243.076172,74.361221,306.849884,96.905952,521.785767,385.731964,141.034103,108.216614,431.174713,87.970482,85.385841,313.561859,-164.478531,506.628815,356.822968,-199.812378,110.76403,252.825409,-321.452942,53.880226,217.011307,-237.725388,62.04063,256.961273,178.162628,57.459579,217.088852,92.570152,63.746304,364.167328,56.969086,108.02462,307.36496,5.274997,500.992645
367,0,220.686417,-229.80632,1013.351685,248.384216,74.222076,1018.899414,439.485962,-139.028305,1050.055664,446.130219,-56.700321,1048.449341,291.283081,-251.929108,516.80957,383.586639,-289.863617,96.895363,431.000427,-243.109451,74.366096,306.876007,96.888702,521.777771,385.753235,140.994064,108.200859,431.480713,88.033142,85.596817,313.56842,-164.498459,506.620758,356.822876,-199.84259,110.75425,252.843887,-321.464661,53.858894,216.981628,-237.727661,62.037476,256.911621,178.168015,57.490959,217.124252,92.559975,63.75412,364.147919,57.017719,107.976151,307.385193,5.268592,500.969818
368,0,220.773468,-229.809753,1013.377686,248.389023,74.218048,1018.929138,439.5065,-138.985428,1050.063477,446.195648,-56.655907,1048.463989,291.318665,-251.906097,516.789734,383.569183,-289.879211,96.923363,430.865784,-242.904175,74.531975,306.910645,96.914444,521.802612,385.727661,140.991333,108.170341,431.453613,88.026443,85.58889,313.616638,-164.423843,506.67215,356.807617,-199.804886,110.739349,252.835663,-321.482483,53.880249,216.978851,-237.726013,62.026913,256.89267,178.134598,57.430721,217.086105,92.576569,63.729107,364.168549,56.993721,108.018158,307.40799,5.243009,501.010132
369,0,220.832901,-229.788971,1013.390198,248.506088,74.206963,1018.911621,439.59317,-138.971115,1050.059692,446.23642,-56.643993,1048.471802,291.358124,-251.893906,516.762512,383.580963,-289.881226,96.928894,430.858582,-242.89473,74.518234,306.910339,96.909714,521.80957,385.763092,140.999756,108.19651,431.166321,87.960686,85.415771,313.647888,-164.383301,506.651398,356.834076,-199.834717,110.756233,252.813278,-321.478912,53.867233,216.960175,-237.722031,62.01424,256.950073,178.150024,57.47942,217.065369,92.573563,63.755074,364.165497,57.003372,108.011543,307.439911,5.270571,501.011963
370,0,220.897354,-229.796646,1013.392944,248.536407,74.203735,1018.91449,439.651581,-138.949585,1050.057251,446.278839,-56.614906,1048.462158,291.392639,-251.887344,516.806274,383.578857,-289.866669,96.900406,430.865387,-242.903076,74.507446,306.998413,96.902077,521.783813,385.738098,141.014923,108.18586,431.455627,88.03064,85.595512,313.678314,-164.40152,506.638763,356.826965,-199.891724,110.760002,252.854523,-321.462646,53.848076,216.970459,-237.717087,62.017246,256.925659,178.151199,57.465988,217.070709,92.5625,63.736378,364.142181,56.990898,108.02504,307.499268,5.28587,501.011597
371,0,220.96521,-229.799408,1013.392822,248.588974,74.231583,1018.915283,439.743866,-138.944901,1050.062012,446.331879,-56.596027,1048.468018,291.288055,-251.919769,516.722168,383.565491,-289.886078,96.914116,430.833557,-242.852417,74.516884,307.02301,96.921478,521.809937,385.811584,140.77211,107.980392,431.449249,88.026863,85.595734,313.767426,-164.346832,506.660828,356.85495,-199.857742,110.723579,252.849991,-321.475739,53.879841,217.014679,-237.71138,62.049854,256.967438,178.166183,57.486267,217.104095,92.550743,63.764019,364.171478,57.00959,108.015671,307.552246,5.2824,501.018951
372,0,221.007324,-229.78833,1013.37793,248.664902,74.25013,1018.938293,439.791077,-138.903381,1050.039917,446.359711,-56.57814,1048.458008,291.497284,-251.897873,516.805054,383.587402,-289.877594,96.925896,430.844055,-242.882111,74.506767,307.065063,96.920433,521.83252,385.784149,141.023926,108.205261,431.161041,87.941185,85.437546,313.780151,-164.3591,506.692108,356.819916,-199.810699,110.767403,252.86644,-321.471619,53.866051,216.969269,-237.724121,62.012592,256.981476,178.15509,57.473907,217.082932,92.558113,63.757652,364.154419,57.028694,108.008408,307.615234,5.268429,500.990326
373,0,221.102386,-229.790833,1013.387207,248.684692,74.256523,1018.941528,439.8591,-138.890732,1050.057739,446.432312,-56.537628,1048.458496,291.558929,-251.910858,516.767578,383.595703,-289.858063,96.910088,430.841034,-242.864929,74.520241,307.133453,96.939514,521.818481,385.774292,141.025497,108.190315,431.49588,88.06559,85.585762,313.818665,-164.337097,506.720551,356.809906,-199.871338,110.753036,252.817429,-321.469269,53.884491,216.979416,-237.727585,62.005569,256.958038,178.159149,57.471951,217.095016,92.558846,63.753933,364.176819,57.049187,107.990196,307.638611,5.268204,501.015533
374,0,221.148087,-229.768082,1013.355835,248.716614,74.261475,1018.949158,439.930237,-138.899017,1050.050415,446.489288,-56.557175,1048.434814,291.671722,-251.876083,516.731689,383.608124,-289.864319,96.903366,430.84436,-242.887177,74.502563,307.157532,96.948196,521.808289,385.776581,141.016312,108.179024,431.506317,88.072296,85.596947,313.866211,-164.377045,506.700043,356.827942,-199.84964,110.780045,252.834412,-321.469421,53.870583,217.01889,-237.733429,62.043938,256.894623,178.164719,57.485596,217.090927,92.559761,63.75108,364.168823,57.023411,107.998932,307.687714,5.279884,500.99765
375,0,221.217926,-229.77594,1013.325439,248.762405,74.267921,1018.927002,439.987671,-138.883133,1050.036987,446.569641,-56.54163,1048.438843,291.69696,-251.916855,516.757324,383.596161,-289.856934,96.88488,430.971497,-243.075439,74.388573,307.164062,96.965553,521.834473,385.800446,141.027634,108.188835,431.483307,88.062241,85.571274,313.862213,-164.412796,506.677917,356.818695,-199.854965,110.776382,252.873901,-321.485809,53.875061,216.997452,-237.726334,62.045902,256.90976,178.130219,57.468273,217.091446,92.556473,63.756615,364.163361,57.048557,108.007774,307.758057,5.275257,500.98056
376,0,221.282379,-229.733383,1013.320312,248.814178,74.25927,1018.931763,440.067139,-138.879837,1050.030518,446.638916,-56.512028,1048.427368,291.740997,-251.937149,516.768677,383.626556,-289.867889,96.902527,430.854797,-242.90834,74.512886,307.208832,96.981941,521.819458,385.842255,140.817062,107.973907,431.22522,87.985146,85.429222,313.949402,-164.387512,506.680603,356.888885,-199.884781,110.669701,252.827667,-321.48407,53.868771,217.000717,-237.736954,62.033176,256.989349,178.112274,57.439915,217.092758,92.564224,63.757809,364.182037,57.029274,108.0159,307.804657,5.330516,500.983765
377,0,221.345184,-229.707199,1013.333069,248.865158,74.280579,1018.948181,440.158905,-138.859848,1050.010742,446.703888,-56.395767,1048.515259,291.825714,-251.904968,516.766235,383.639465,-289.880463,96.899994,431.001038,-243.087418,74.361015,307.221588,97.006798,521.830627,385.836182,140.806137,107.964027,431.511261,88.08683,85.582619,313.983429,-164.37999,506.696228,356.852539,-199.865967,110.751343,252.853241,-321.493713,53.876282,216.996262,-237.737305,62.035725,256.98468,178.203903,57.517578,217.10997,92.549095,63.739792,364.215118,57.053558,108.015701,307.819855,5.317965,500.987366
378,0,221.432068,-229.696259,1013.375732,248.935776,74.271873,1018.936035,440.237854,-138.825943,1050.004517,446.807404,-56.397442,1048.486206,291.818298,-251.935516,516.807068,383.620331,-289.87326,96.885391,430.870117,-242.884537,74.498779,307.231567,96.973274,521.828369,385.7659,141.062668,108.179344,431.514862,88.094788,85.58828,314.001434,-164.437912,506.649567,356.85144,-199.859848,110.713135,252.862839,-321.465179,53.881931,216.962997,-237.730423,62.010559,256.948853,178.17511,57.492004,217.150909,92.555496,63.733547,364.205292,57.084431,107.983643,307.808594,5.302846,501.013519
