FF_TX,FF_TY,FF_TZ,FF_Rquat0,FF_Rquat1,FF_Rquat2,FF_Rquat3,Hip_Z_R,Hip_X_R,Hip_Y_R,Knee_Z_R,Ankle_Z_R,Ankle_X_R,Hip_Z_L,Hip_X_L,Hip_Y_L,Knee_Z_L,Ankle_Z_L,Ankle_X_L
0.3418409922901622,1.1179255847949352,0.07204423984649885,-0.06970989093657565,0.9972863319171849,-0.0024397768560158184,0.023549118257963072,0.3008612653349634,-0.15168485290369302,-0.04175403181467144,-0.2760128008704404,-0.007800603242656575,0.24498947138412638,0.2906685319630098,0.16394544664505128,0.1439703029540602,-0.2803771746295385,0.009671103115453276,-0.4138599460937463
0.34186758285464386,1.117930151398882,0.07212630908220885,-0.06913396562279388,0.9973469577735374,-0.0021731126318027165,0.022689605519388558,0.2991493392893028,-0.15144725804381456,-0.04260499609966126,-0.27579495400838516,-0.006529753356772267,0.24527587739685117,0.2904912723944213,0.1640366585197491,0.1420755813789779,-0.28152816259601426,0.009659097247554415,-0.4076436022488055
0.34190960504278395,1.1179364566057073,0.07216090979232508,-0.06867319267317512,0.9973900811164624,-0.0020968823703324977,0.022195084656164075,0.29804347702038936,-0.151502804712626,-0.0434005610268471,-0.2759564988412084,-0.006116953674257518,0.2453932959695987,0.29011150315620293,0.1639126824372882,0.14077333972269226,-0.2822529694481795,0.0100080027115663,-0.40263996047942685
0.3419599050916358,1.1179427137059224,0.07220201690774906,-0.06829704487763666,0.9974234890289223,-0.001973997596086524,0.021863223180579795,0.2972082259148391,-0.1514503762363873,-0.04415806252415104,-0.27603407294132437,-0.005445329993992336,0.24539224889468836,0.28978510884486103,0.16393139316234986,0.14029226927437607,-0.28284566598430233,0.010485605088644288,-0.398442413750101
0.3420222281489639,1.11792474183137,0.07221698632368319,-0.06793372266854365,0.99745512120563,-0.0019639730701591757,0.02155071494951295,0.29666072728033044,-0.15158232222062665,-0.044826006956495634,-0.2766858557125985,-0.005282395748485304,0.24548924986082982,0.2895281058100934,0.16379841069305695,0.1398515090781265,-0.28350980468984455,0.01097466127206199,-0.3949688086608188
0.34207212154790856,1.1179305442613428,0.07223600474648786,-0.06769167990882728,0.9974769871182972,-0.0019576098397060685,0.021299399152100548,0.2961892608924599,-0.15168960189175118,-0.045458501054151765,-0.2769140442641802,-0.0048567936024948065,0.24538847747324707,0.2894312747990081,0.16369548553350852,0.13927132139681625,-0.28399871666684595,0.011124912393330397,-0.39234831411996524
0.3421097694370227,1.1179266507844636,0.07226214073813256,-0.06746310273755585,0.9974990419758104,-0.0019340616457734197,0.020991675300283126,0.29585208078466924,-0.15182592320500293,-0.04604416194621857,-0.2773004893966632,-0.00492130661195383,0.24554999192929297,0.2893892153642666,0.16360734793039103,0.13869076009417794,-0.2845266735885735,0.01133753395387622,-0.3902118211416217
0.3421772044243212,1.117901701842408,0.07227190702298808,-0.06720729014871916,0.9975241337626678,-0.0018755790467525665,0.020621952263172007,0.29556058629862947,-0.1518405306104178,-0.04648091204452896,-0.2780008413327675,-0.004615491665574057,0.24533425926119107,0.28930924764808225,0.16358925021389853,0.13861881685490535,-0.2850561489763133,0.01177847185488834,-0.3883346433485539
0.3421653930936457,1.117920267579722,0.07230419902163912,-0.06710573131173735,0.9975342552109151,-0.001835611928871704,0.020466094761056864,0.295372253482971,-0.15186624752174635,-0.04687823798985144,-0.27821054561157543,-0.004427238195913152,0.2451332753911113,0.2893997606914099,0.16362300265572166,0.1380600666796481,-0.2855515167159906,0.011957277876593574,-0.38693315658374966
0.34220380988942023,1.1178910026459203,0.07230683556161538,-0.06694489825502661,0.9975506103542708,-0.0017985596861640777,0.020197167190006467,0.2952677316944458,-0.15187555683388135,-0.04747420866444617,-0.27890416516645344,-0.004351081321524746,0.2450663073271384,0.28944226293385505,0.16363079376395842,0.13774953970848816,-0.2859993900506381,0.012177486604105904,-0.38575101831676156
0.3422661879762721,1.1178817570161503,0.07229158183366317,-0.0667974305504064,0.9975670151733489,-0.0017651895093507004,0.01987555322488492,0.2951220187464253,-0.15190462196265947,-0.04780284092325214,-0.2793579672803387,-0.004257646101646211,0.2451571930323499,0.2895199671434621,0.16362348164271606,0.13739609539481312,-0.286403184735856,0.012318336205167915,-0.3847005960239015
0.3423068122470567,1.117880296212676,0.07232073441496158,-0.06671037881138188,0.997578546092443,-0.0017034646714568177,0.01959254815082748,0.29488139581709477,-0.15190044710745249,-0.04831635919226191,-0.27938755328114634,-0.004281293571903718,0.2451392833735358,0.2897073388460631,0.16364862329580157,0.13714581817570665,-0.2868084351337978,0.012466567076520664,-0.38381676714672003
0.34229403165073,1.1178851779985814,0.07234771347063013,-0.06665291669453666,0.9975868676556324,-0.0016965181992211647,0.019363677417642982,0.2948202850275232,-0.151976480678694,-0.04868858044321486,-0.2796954096775594,-0.0040666340936759355,0.24494632099312846,0.28985553252401913,0.1635449489394475,0.13679663751771048,-0.2871036612707026,0.012417149555541554,-0.383068369478341
0.342312965734041,1.1178637630137236,0.07234441534795281,-0.066587078523062,0.9975948638221537,-0.0016365982331189438,0.01918254924783612,0.29476687370416027,-0.15191435477914894,-0.04914407729592337,-0.2800051439505484,-0.004011411977730783,0.24482800806264607,0.28990189425367846,0.1636063108268951,0.13646689367969994,-0.2873638389480959,0.012623013386465588,-0.3824439357133511
0.3423424444114071,1.117867325906336,0.07234234265152112,-0.06656109507472695,0.9976024359574451,-0.0016380023963978375,0.018876369946949977,0.29467105458839,-0.15200574788172455,-0.049628086221393496,-0.28010014962377916,-0.003976113519869275,0.24465623843717327,0.29008770702578146,0.16353960405261367,0.13615166081712368,-0.28749411640753664,0.012524708591168578,-0.38197500333183715
0.34234967480264705,1.1178790712453852,0.07234692926145668,-0.066588545252141,0.997604586503147,-0.0015722207085663619,0.018670370942545457,0.2945564482031283,-0.15192460974904043,-0.0500272470449593,-0.2799135544770072,-0.0038967976092082373,0.24440498673330324,0.29027207729775706,0.16357905530103597,0.13595067458859283,-0.2875211299375309,0.012458023907018707,-0.3814961624446052
0.34239237137828915,1.1178675609996829,0.07232070926202529,-0.06656074780560181,0.9976114031448727,-0.0015632770955476825,0.018404111812305717,0.29446971844734104,-0.15197197398111142,-0.05055382899043111,-0.28010305911548294,-0.004055346677208113,0.24452909641794068,0.290405915288025,0.16356100035278195,0.1356713794552393,-0.2875434573865881,0.012364205761629856,-0.3811284870982964
0.3423315090169763,1.1178822112123434,0.07236126856776401,-0.06665723792205072,0.997607419502422,-0.0014794472945623297,0.018277319880776986,0.29441924008823483,-0.15189525238563698,-0.05102871432009165,-0.27974806069287295,-0.004127195443988232,0.24446319365554967,0.2904999017921296,0.16365477784989607,0.13531387625105396,-0.28740730234027834,0.01238667555859602,-0.3809612854654705
0.34236236457748753,1.1178848104521755,0.07235088346919634,-0.06667350732368722,0.9976109193586744,-0.0013987424558759597,0.018031653197663207,0.2943433621542361,-0.15178930855121078,-0.05152084391704492,-0.27963681145814506,-0.003950848150171488,0.24432726654904574,0.29060140262819195,0.16372412623060728,0.13516635522818993,-0.28722290466731826,0.012261608084687086,-0.3808577082148087
0.342373751233141,1.1178942726504129,0.07237687451949452,-0.0667047066755312,0.9976111490509372,-0.0013715411811380735,0.017905202355425108,0.29434990291412755,-0.15182244635486772,-0.05194134371645019,-0.27960318499463155,-0.004181685834697716,0.24437551236667118,0.2906673632998954,0.1636965572992871,0.13483585423173655,-0.2870989587156154,0.012131414210396447,-0.38076694925307947
0.3423907475085183,1.117898801756516,0.07234655136019182,-0.06674642480462625,0.9976120159661926,-0.0013659522055351505,0.017700693496061088,0.29425512486195116,-0.1518227644354012,-0.052208146252911744,-0.2794267308881372,-0.004174634851056338,0.24427277451674415,0.2908034993093721,0.16369973648308425,0.1347223169312116,-0.28699779940889636,0.012068512597186862,-0.38068317393320533
0.342412214042356,1.117890867886871,0.07234844107824584,-0.06677239781842535,0.9976129562942422,-0.0013306441506529126,0.017551800750482384,0.2942932272258704,-0.15178148156792926,-0.052485030484357924,-0.27947104840758785,-0.004195952715048889,0.24420232543072293,0.29090393280829807,0.16374621483885915,0.13455148435526967,-0.28684870378637284,0.011882448646821682,-0.38071834967285184
0.3424359186359256,1.1178974570626523,0.07235783200791013,-0.06679527467365133,0.9976148105112658,-0.001354866322127536,0.017356424375195488,0.2942550902098037,-0.15187464921469418,-0.052678464784230564,-0.27942025387384295,-0.004359810335303798,0.24393070024930424,0.2909695807810011,0.16364374381487634,0.1343373612550546,-0.2867271119629088,0.01181471359530142,-0.38072424408042355
0.34245095256654495,1.1179052043049267,0.07236702360597264,-0.06685367111782962,0.9976122539159734,-0.0013358901763189362,0.017279840629968284,0.2942614643720608,-0.15188710890733928,-0.05279477393745946,-0.279201462528741,-0.004148911361650913,0.2437448972354593,0.29100916268119253,0.16366685339803355,0.13411591093579978,-0.2864935259153125,0.01191341497263254,-0.3807390678965232
0.34253313227312565,1.1178948272373908,0.07234593824955188,-0.06686179092188686,0.9976148837612151,-0.0013315262732033297,0.01709595421727219,0.2943126688518845,-0.15188976167030893,-0.05296049249229215,-0.2792579386179381,-0.004297431738660049,0.2436077576016238,0.29116639572213965,0.1636091564137397,0.1339853489233658,-0.28640032096306567,0.01186638069541726,-0.3806665629205171
0.34256697077889736,1.117885272872465,0.07234368552288699,-0.06688350443857469,0.9976152048341578,-0.001304716341575121,0.016994046986657903,0.2944098299043691,-0.15187912847437374,-0.053156162817648255,-0.2793579706291424,-0.004200044575117868,0.2433998529122824,0.2911846817595538,0.16366284823701838,0.13356085843385798,-0.28619769114703036,0.011451421640888236,-0.38104755075118996
0.34258502134880126,1.1178931354240325,0.07234832555810615,-0.06691934777755984,0.997615472398697,-0.001358083131365542,0.016832282494039934,0.2945733622619158,-0.15204878148291678,-0.05344966159472027,-0.2796192630002346,-0.004381881347816051,0.24344857401782505,0.2912143964964968,0.16346956932311285,0.13362535210474386,-0.28588926320206715,0.0113078471487666,-0.38111143781090867
0.3426120053269867,1.117887145630485,0.07233226709512265,-0.06701462187954373,0.9976101110391399,-0.0013836424730667594,0.01676879066371493,0.2947388470684652,-0.15213059587568564,-0.0536738010762675,-0.2795342577609742,-0.004372625127299853,0.24343938066323467,0.2913188074932717,0.1634326710835839,0.13319830068348595,-0.28561557768107987,0.011238832434160744,-0.3814413616352255
0.3426547113744517,1.1178894473196939,0.0723188901997977,-0.06709194729795084,0.9976076011689964,-0.001431614461439363,0.016604071116547544,0.29488654378612916,-0.1522620366004105,-0.05393471579807643,-0.2795646406991519,-0.0043528065691791715,0.243508202307749,0.29153328741210316,0.1632617426103672,0.13318536457555694,-0.2854721400122114,0.011016175336024635,-0.38160946652109873
0.3426899799185452,1.11788497220302,0.07231215820487663,-0.06720795905060917,0.9976017151390015,-0.0014158755888133605,0.016489496301920863,0.2951536320953299,-0.15228203515979913,-0.05415430793053464,-0.2795205339512888,-0.004318586924159074,0.24342935104792476,0.2917281267295844,0.16325076665551122,0.13308944397819372,-0.28516784413612817,0.010851663558094587,-0.38172393786109227
0.3427075501277734,1.1178624372349302,0.07229349277081225,-0.06730463503575737,0.9975958595735267,-0.0014741883365111212,0.016444264447162463,0.2953732532884303,-0.15237911078743077,-0.05426242796473942,-0.279688057242763,-0.0044413445906144695,0.2435956766896887,0.2918841208459587,0.16313903727903512,0.13257010902352354,-0.2850638942305255,0.010692110515172598,-0.38193275462179854
0.34274727493279633,1.1178656822762016,0.0722985992912993,-0.06742930255288998,0.9975894765358154,-0.0014889955529195642,0.016318956905147737,0.2956639140505143,-0.15246019340782427,-0.05444089524126234,-0.2796276178484115,-0.004505116448140228,0.24362098988566663,0.2921080580083809,0.16305113177979305,0.13221765951793063,-0.2847755658403857,0.010513909065958345,-0.38219135140717864
0.34279991965057965,1.1178597127583652,0.07228586046258156,-0.06753423378679058,0.9975849329207459,-0.0015424339455228542,0.01615703481043795,0.2959334578541809,-0.15256864506098364,-0.054530651767039015,-0.27973668520967493,-0.0043978652617804315,0.24343537265486975,0.292349450186326,0.16287857244171422,0.1318830249526298,-0.2845069578521689,0.010370271311687045,-0.38238090611237335
0.34279362742413727,1.1178559839384128,0.07226291713781813,-0.06770901923542734,0.9975758588921859,-0.0015590956433592584,0.015983231540238754,0.2961719954319126,-0.15263284220242126,-0.0548006696808406,-0.2796239367864917,-0.004324091387669866,0.24325513639031726,0.2926695121544321,0.1627873927216152,0.1314537781058943,-0.28420435538578154,0.010187641787003834,-0.3825312367297367
0.3428491816876983,1.117840739383653,0.07222979804338994,-0.06787980262492473,0.9975664026599512,-0.001564682874043227,0.015847916178126024,0.296501434841459,-0.15264296676124833,-0.055031155739024756,-0.2796244223328425,-0.004554149182358866,0.24320780795787236,0.29304744717106695,0.1627332542220257,0.13115389468358357,-0.28403220232474674,0.010057064511174626,-0.3826721581247932
0.3428864011412469,1.1178324819995396,0.07223408966939415,-0.06804294091183656,0.9975576436930506,-0.0015374145419152115,0.015701657815759308,0.2967586398110783,-0.15266350608324777,-0.0554372020034207,-0.27944813858377854,-0.004556317784513467,0.2431439437580502,0.29342393146457824,0.16274153551466033,0.13084898151381036,-0.28388644244155603,0.009849950330688728,-0.38272988005992176
0.3428878432780041,1.1178312420963072,0.07224581254096196,-0.06826411269369217,0.9975455200596836,-0.0014994093178961258,0.01551444806288139,0.29703416521700154,-0.15264315606341183,-0.055741770710850166,-0.27919429059126427,-0.004432765863596837,0.2430039495327575,0.29388552734485823,0.16274255240806315,0.13043846004608886,-0.28363574554181453,0.009630718778732297,-0.3828256027615218
0.3429074027588285,1.1178185435077792,0.0722272215133233,-0.06845225065758498,0.9975367140430778,-0.0014903714422580122,0.015250321603627522,0.29721709747726605,-0.15269511550399945,-0.056119370519870135,-0.2789708564227309,-0.004500915590362141,0.2428435728988754,0.29433165937004463,0.16266833997727295,0.12994742307987653,-0.2834310897515044,0.009438519805330614,-0.3829021157290287
0.34290068183692285,1.1178198697151625,0.07221005462136885,-0.06864848640752808,0.9975274192473672,-0.0014745832549694579,0.014975271879561729,0.2973666778977379,-0.152747489957906,-0.05672328157133497,-0.2786865355872255,-0.004508872208874846,0.2428289814821622,0.294836488605935,0.16262459125997578,0.1294283904035421,-0.28338017874160437,0.009242493946270327,-0.3829416983433815
0.34292584595155917,1.1178100504173767,0.07222819646246578,-0.06884494046795152,0.9975175172949637,-0.0014599957571733843,0.01473245648373073,0.2975518299287604,-0.15282220733013338,-0.0574813249161442,-0.27842895984526334,-0.004908193779716144,0.24300703482992692,0.2952723588161158,0.16254397398279755,0.12884949626327247,-0.2831582994409841,0.009054816315151823,-0.3831464325511822
0.3428895428138272,1.1178104063958527,0.07225484205765312,-0.0690620377294372,0.9975071564708075,-0.0013808793346175069,0.01442223652714568,0.2976802473113469,-0.1528131270382312,-0.05807477897168841,-0.27806024803559726,-0.004821183953610527,0.24314062454370322,0.2956941904864985,0.16256476617863105,0.12827530664192255,-0.28281288864376297,0.00867006686099052,-0.38343450584641575
0.34288296642571464,1.1178151432338812,0.07227263199925246,-0.06925982646184463,0.997498280163847,-0.0013616993360616443,0.014085570047410359,0.29776314285882477,-0.15290556801276856,-0.05864824304646437,-0.2777228547813895,-0.004940044451097873,0.2432402351898416,0.2961983173857613,0.1624806512628419,0.12774845747133248,-0.2827020425299318,0.008473989729790516,-0.3836464559669378
0.3428541633999637,1.1178207035801613,0.0722943287718177,-0.06946356171756843,0.997488497879447,-0.001369548358785905,0.01377078534458604,0.2978706589246697,-0.15304035426102783,-0.05924338709585335,-0.2773527632948581,-0.004954780745180665,0.2432686300786157,0.29666489758443504,0.16234443630628012,0.12699134593124162,-0.28250282911138647,0.008264012440171688,-0.3838820943555415
0.34280641601583695,1.1178167959895446,0.07228875467594374,-0.06965496144721689,0.9974802072113609,-0.0013579408419271276,0.01340069267005551,0.29788528840654344,-0.15308575193905827,-0.059767129672486874,-0.27697666791619185,-0.005091554573014312,0.24311819291420478,0.2970393064696993,0.1622810232989498,0.1265035801412939,-0.2822393333715983,0.00802800439558473,-0.3840434575577024
0.34279107468679415,1.1178188558049436,0.07230296516046647,-0.06982070591046814,0.9974733767470383,-0.0013719729264014312,0.013040298973338865,0.2978977459280688,-0.15323653502399887,-0.06036193194347491,-0.27673253000489845,-0.004908452951438196,0.24307910041953437,0.2974210223517456,0.16212196361728626,0.12572706930789557,-0.28201671693506447,0.007958095997599128,-0.3842083863238221
0.34275364079192894,1.1178138855427533,0.07234150624612917,-0.0699844856752994,0.9974661451744706,-0.0013870037957776835,0.01270972918737155,0.2979604616046054,-0.15340544306261336,-0.06076569876175519,-0.2764693194945953,-0.0050395934574239114,0.2430908238553159,0.2977931104798243,0.16196305128314967,0.12509105716563054,-0.281904695088381,0.007854879060948025,-0.38445453557829834
0.34269277939991694,1.1178266736724487,0.07235651372524352,-0.07019075784414015,0.9974561791986533,-0.0013798669238498373,0.012350063115705785,0.2980043635827529,-0.15348777999596558,-0.06143134940881077,-0.2760905475594512,-0.005143257512912528,0.2429894944603123,0.2982259142739062,0.16185646678071694,0.12473290760839821,-0.28165186468989284,0.007579141997202938,-0.3845513411172651
0.3426367710336555,1.117829342798715,0.07238591298448226,-0.07036334694621582,0.9974475299439582,-0.0014137513345673861,0.012059258782654299,0.29800884428990615,-0.1537400967996821,-0.06197754877094982,-0.27570209178228355,-0.005377508306026502,0.24326042564944125,0.2986096652488263,0.16173432803140156,0.12433844693129921,-0.28158638342921105,0.007368174207786106,-0.3848479560531914
0.3425619064801072,1.11783521062958,0.07240794880587079,-0.07052776631074716,0.9974388201317741,-0.0014499460460891493,0.01181236343051464,0.2980285802842949,-0.15389893657411907,-0.06273829516415831,-0.2753568484856776,-0.005054827574703734,0.24297240144867624,0.298848071939053,0.1615923646380626,0.12404412215218777,-0.2812776058857931,0.007146271985498752,-0.38519996633102166
0.3424799647111638,1.117855046614342,0.07242101661937336,-0.07069095134439334,0.9974305744405039,-0.0015167341813558074,0.01152120161850566,0.2980615630846784,-0.1541207879585701,-0.06318736304568355,-0.2751485392159217,-0.005157591433407357,0.24275990612724652,0.2991216577196631,0.16137073481432748,0.12383072708331318,-0.28096228987974264,0.006703394539381963,-0.38547626736391055
0.3423931238654852,1.1178578547860363,0.07243629462515905,-0.0708873846635517,0.9974191811522467,-0.0015755374043238694,0.011290413944182046,0.2981103438103523,-0.15431195604775308,-0.06351146820080966,-0.2747594711021109,-0.005297999308372716,0.24264061655314148,0.2993398895824283,0.16122480690103705,0.12345089411937385,-0.2806140019903503,0.006492479928178838,-0.3859736938241493
0.34229896633354423,1.117876128691208,0.07245553688471512,-0.0710517586521866,0.9974100644241997,-0.0016567269480173394,0.011048358862974214,0.2982169841490215,-0.15457476622393876,-0.0637826512338814,-0.27465145441634575,-0.0053729403651459375,0.24253771822345827,0.29946144520580126,0.1609597210749041,0.12364701743059621,-0.28013029554442287,0.006198402524180608,-0.38625661335515266
0.34218426333993396,1.117900811153966,0.07246839848343162,-0.07123206475491829,0.9973978249344092,-0.0018025956092389565,0.010969157484982006,0.2983591144417744,-0.15490017045810187,-0.06398552783955684,-0.27444649991110265,-0.005545781851375504,0.2425972961321921,0.2994948961965484,0.1606461744475647,0.1236945330434539,-0.2796159228071386,0.00598729149723088,-0.3866164449355718
0.34207491271886264,1.1179010764829749,0.07247172311860897,-0.07136797531026703,0.9973885095083992,-0.0019501717327238476,0.010907338398519059,0.2985264474786101,-0.15522354973909497,-0.06398455668030022,-0.27438867895956665,-0.005370294954041295,0.24250081007767335,0.29940410259815725,0.1603338888166467,0.12376279242450253,-0.2790167119118309,0.005786260791459001,-0.387002596119459
0.3419615517317579,1.1179042932832386,0.07247694265391251,-0.07151252475024412,0.9973776829410232,-0.002121862073249486,0.010918519880615605,0.29874984876963173,-0.1555895370614945,-0.06385647843264582,-0.2744876288664937,-0.005334432481616348,0.24256334477926203,0.2992045473642443,0.15995711679996785,0.12387214599721108,-0.2783040143092878,0.005712881439496535,-0.3873467791707664
0.34187854750166236,1.117929392533939,0.0724907051405246,-0.07164893032137444,0.9973662045798494,-0.0022967017403224773,0.011036752552496365,0.29906395895588284,-0.15591056228286018,-0.06364845527574851,-0.27446660918064913,-0.005315732172347299,0.24254032060767397,0.2990563685654415,0.15960405561929245,0.12424500291678317,-0.27768028803263817,0.005379680582168769,-0.38767331081956413
0.34178302054371934,1.1179291401119886,0.07251959451151191,-0.07175757054925784,0.997356783129788,-0.002477662235327707,0.011142683865061464,0.2993091768816538,-0.1563096248666532,-0.06343775290281745,-0.27459503701323024,-0.0052474865380884176,0.24235543195382137,0.29875932542526484,0.15920734944319836,0.12458321229906712,-0.27699435299071357,0.00525016854863954,-0.3879721452655925
0.3416398651188,1.1179348081343545,0.07252244240413994,-0.07189095642631571,0.9973450360403113,-0.0026295225574807395,0.011298454804943016,0.29946379825243485,-0.1565416643963276,-0.06305614033758818,-0.2744550516773968,-0.005515862296783633,0.24248483942327623,0.2985343268489633,0.15892231009074662,0.12489131669063444,-0.27640188281461464,0.005065465457956361,-0.3882401364230836
0.3414939028255758,1.1179477815467425,0.07251147361988154,-0.07203012425138994,0.9973332230999357,-0.002765177143140066,0.011421781681959528,0.29965880733007877,-0.15678131993988803,-0.06273397385966771,-0.2744439206742049,-0.00539146233851341,0.24256673376930774,0.2982073797579375,0.15863790124150534,0.12534701560715203,-0.2755275273002685,0.004893321086396659,-0.3884622322851326
0.3413349221624848,1.1179569823704845,0.0725062569415965,-0.07212612175056539,0.9973238658972089,-0.002877197512749188,0.011603913458024057,0.2997230027877608,-0.15694580106429745,-0.06248979162124181,-0.2743313458448277,-0.005849590232306872,0.24273166297774681,0.2979248772614713,0.15842099203603655,0.1256429952855502,-0.2750251277717044,0.004860516967932336,-0.3886348308825584
0.34119906429081004,1.1179800024625763,0.07248670380434818,-0.07223114702521027,0.997313930669495,-0.0029270833125685913,0.01179055873423449,0.2998986731518013,-0.15699380116491377,-0.06222844368841845,-0.2742824003305708,-0.005515651282039418,0.2426335109960878,0.29768116733485034,0.15835213496385717,0.12601387682856455,-0.27452193723572715,0.004759778234408246,-0.3887314489764288
0.3410294106601406,1.1179836656366524,0.07248442776933929,-0.07230001942542551,0.9973068683921079,-0.002976945351223973,0.011952206716155744,0.3000222537660425,-0.15705831039377888,-0.06192847482047269,-0.27441293410613066,-0.005299139669093279,0.24264715146963003,0.2973614028875137,0.1582531370037548,0.12620049550230414,-0.274096582339743,0.0047029951394147625,-0.3888214034608447
0.3408699928407762,1.117986105207198,0.07247895957817783,-0.07234948424079436,0.9973011663093261,-0.003041869461277303,0.012111269063539608,0.30000400652028586,-0.15713310274580944,-0.0616245923587141,-0.2743650529297203,-0.00542857040224402,0.24282982029086458,0.2971247819047046,0.1581430360171585,0.12644048573835423,-0.2738738737138955,0.0047719757388980785,-0.38883884584182216
0.34073826988104483,1.1179894640840968,0.07244129904765907,-0.07236223153258163,0.9972979611784918,-0.0031203023975792522,0.012277939151014917,0.2999221473539881,-0.15721104111509795,-0.06126831951104733,-0.27425811310848525,-0.005151143615944856,0.24296125944853159,0.2968034339889347,0.15805522741849679,0.12672436585072913,-0.2736119964141304,0.004767905873074218,-0.3889209790780275
0.34059154737952785,1.1180055264292692,0.0724213969278097,-0.07238649539381851,0.9972941645006697,-0.0031499041896258977,0.012434743306887076,0.299913384949833,-0.15722253489365143,-0.061062998882072346,-0.2742264880948562,-0.005434573666235358,0.24314136664934574,0.29657174862236907,0.1580337482484882,0.12697493281557062,-0.2734779322804445,0.004840898887976289,-0.38891689953058173
0.3404454692002366,1.1180110967276071,0.0723997696691988,-0.07240279029867343,0.9972909851064592,-0.003177353764649152,0.01258695377796829,0.2998331807179434,-0.15719271879226998,-0.06071246434174491,-0.27423174558144664,-0.005157662966631943,0.24315062140150454,0.2963791194223403,0.15806489108632488,0.12735966404688553,-0.27343573712643504,0.005017592985018111,-0.3890056393896553
0.3403041779897826,1.118006796086169,0.0723749373950345,-0.07241302813121335,0.9972882213325964,-0.0031760228669074947,0.012746365242026006,0.2997214370348718,-0.1571268024989392,-0.0605477056976968,-0.2740961254577504,-0.00486035828100889,0.2431595856612888,0.29622200039669405,0.15815429371349468,0.12776706912929192,-0.2735652103044485,0.005248613374079779,-0.3890907625729354
0.34017241457739356,1.1180110720408059,0.0723261596859608,-0.0724144251034041,0.997286575951437,-0.0031470020245456085,0.01287372682092432,0.299625169178551,-0.1569747840974322,-0.060246053462752996,-0.2740726843776472,-0.004768836168297765,0.2432241644743173,0.29612375832418486,0.15834991852876684,0.12794118163319226,-0.27368992335146325,0.005326766184400362,-0.3892201291657578
0.3400150344085226,1.1180081264099437,0.07230682686472499,-0.07239093570301368,0.9972856572048079,-0.003178007811857298,0.01306792362864902,0.2994882763255578,-0.15694350905071622,-0.05991895360544016,-0.274129025942301,-0.005074366097756902,0.24349712650176553,0.29593673305082363,0.1583555138920029,0.1281675120911502,-0.2739405347903265,0.005475918850015608,-0.3892308237087661
0.3399014779777298,1.1180160541192834,0.0722729731834735,-0.07240396482271758,0.9972833097601314,-0.003153633439346295,0.013180309099510758,0.29944567680928047,-0.15681869484601535,-0.05959490524173271,-0.2740988344721782,-0.00489845410494694,0.24368098275952246,0.2958458027430419,0.15845728867208644,0.12837836829937396,-0.27399132226027373,0.005573027451788925,-0.3891801738890892
0.33979704395038096,1.1180069775985324,0.0722408860276013,-0.07239049089477305,0.9972837539875533,-0.003101222611340928,0.013233037399707145,0.2993256047254506,-0.1566579945652925,-0.05948591634446533,-0.2740826554995655,-0.004802081864012842,0.2437919046294574,0.2958809573737833,0.15863531035032546,0.12842079557405967,-0.2743272397488147,0.0058017829034982,-0.389155755472517
0.3396603812549718,1.1180050626714328,0.0722155502208581,-0.07238687991473952,0.9972827978422732,-0.0030632786455725676,0.013333306717997597,0.2992353176327288,-0.1565243463626966,-0.059332641116483356,-0.27416940323275096,-0.0044054206223697575,0.243712102631528,0.29583252083374806,0.15876744092375494,0.12855958077556082,-0.2746349757875764,0.005841355836349697,-0.38918126400819975
0.33953356668534096,1.1179952004104101,0.07219555691148825,-0.07238103847290993,0.9972828161962525,-0.003011365500523117,0.01337540530514658,0.2991076752014977,-0.15638657140453027,-0.05924521789943164,-0.2741882547602292,-0.004389217278786824,0.24386647370462308,0.29583496675336324,0.1589148558737652,0.12853449345333773,-0.2749109891128868,0.006113220542039769,-0.3891276880570956
0.33938538918339234,1.1179924900490545,0.07216013806794465,-0.07239234249425092,0.9972819202280184,-0.002940832593533891,0.01339670997551582,0.2989595341042479,-0.1562076280735271,-0.05920692880810188,-0.27415335355289916,-0.004308955364846326,0.2439569493875706,0.29580670371626977,0.1591151123624577,0.12859674593124787,-0.2750744173679208,0.006203833381793014,-0.38903889517859885
0.33929113536246797,1.1180011793641853,0.07213267532397992,-0.07236836494174399,0.9972836878347161,-0.0028748092351196706,0.013408997214887114,0.2988327349289538,-0.15603500642146284,-0.059167063055585514,-0.2742028836921178,-0.004261342741644011,0.2439645940722269,0.2957114101329196,0.15926347249083828,0.1286205532808981,-0.27528379845908274,0.006372516898362094,-0.38901110298937297
0.33916351344156703,1.1180014652853256,0.0721116670247702,-0.07234495678168533,0.9972843204283399,-0.002816035311344636,0.013500422258783765,0.29868337360306213,-0.15585804447069596,-0.0590579356897716,-0.2741822186323341,-0.004073171394795217,0.24382968692782972,0.2956189409478853,0.15941745045758685,0.12855616204129594,-0.2755206064831765,0.006572144485605744,-0.3889414426597223
0.33907425164986765,1.1179898068758019,0.07204698144423609,-0.07233616967460411,0.9972845883432437,-0.00271356275187439,0.01354861568741688,0.29853237981102265,-0.15562544491531125,-0.059161336251244076,-0.2740880748876573,-0.003998282931635122,0.244089783018201,0.295486479968577,0.1597423155180106,0.12849179696209462,-0.2755593196800795,0.006882508220381597,-0.38901154560824436
0.33895810770905715,1.1179857081705358,0.07201981196147907,-0.07232008641555614,0.997286179245266,-0.002618674062207775,0.013536038319304488,0.2983320661155615,-0.1554057549665833,-0.05911631043651564,-0.2739780372547688,-0.0038102781637589104,0.24426298129756208,0.295379617121827,0.15996777482744926,0.12841828623067797,-0.2756580802638107,0.0071556488434333055,-0.38901488601578266
0.33884225240234134,1.1179836626358144,0.071991878494501,-0.07231128860604971,0.9972869523410265,-0.002508147510115458,0.013547008029345674,0.29814239278795784,-0.15512670610224616,-0.05908717627479196,-0.2739590751196577,-0.003714590083214334,0.24430910370230172,0.29527648748528396,0.16022564076496296,0.128436009287871,-0.27580458945584063,0.007313930596041759,-0.38904177585032257
0.33874083734124383,1.117991161047749,0.07194381725332928,-0.07232879158751872,0.9972861013267518,-0.0024336756456556762,0.01352979049463544,0.29803183299640623,-0.15492733117531876,-0.05904747507250532,-0.27392804621874195,-0.0034461667801877196,0.24432761017336405,0.2952883420171543,0.16042702452450047,0.12859263286884337,-0.27582852234617633,0.007409696638066863,-0.38893600200476025
0.3386341948958267,1.1179879559558894,0.07191969212937865,-0.07231228437911959,0.997288223360008,-0.0023746522868189276,0.013471974681859705,0.297840827405657,-0.15480378928167304,-0.05910833359910776,-0.27388181656901206,-0.0034715153426147674,0.2443084947592874,0.2951745136117039,0.160552450437278,0.12840907601161156,-0.2759694359880659,0.007697717626114939,-0.38893209928373906
0.3385462059378826,1.117993155275961,0.0718809535650622,-0.0723214278481357,0.9972883922530722,-0.0023050404839467875,0.01342238949131206,0.297749929387399,-0.15465601252162015,-0.059331741928515445,-0.27388964907356755,-0.0035585868022243667,0.24449165074965237,0.29516279039578525,0.1607261019466205,0.12826392104285037,-0.27599591351924474,0.007807729247651453,-0.38891025066710017
0.338483043199152,1.117990586550381,0.07182294278612456,-0.07230490067795314,0.9972915905743537,-0.002240135655753148,0.013284069401760653,0.29760160907034594,-0.15448680261696116,-0.05948012002035974,-0.2739687536681745,-0.0032135214680886217,0.2444395627843621,0.2951840949180824,0.160903934997847,0.1279986633291208,-0.2760500938905056,0.007821455743270245,-0.3890265160254915
0.33837309767390406,1.1179903297662699,0.071789245980058,-0.07230981445011712,0.9972922096627229,-0.00221045850654785,0.013215640484817512,0.29746499845973245,-0.15441180401462518,-0.05966099776103089,-0.2739795689798112,-0.0031810188375471222,0.24454475192349034,0.2951292987111816,0.16097780590464897,0.12798077836633256,-0.2760767794340912,0.007911019547649487,-0.389162591713306
0.3382519832942175,1.117990304145603,0.07175979884581099,-0.07233826858309127,0.9972908945304072,-0.002132229137583964,0.013171946858587162,0.2974098926101528,-0.15427970261786195,-0.05984266100155191,-0.27398475448200765,-0.002990455722558467,0.2445319390773287,0.2950261824118288,0.16112690473193653,0.1278690938664704,-0.27603470678525904,0.008040238705028764,-0.389218031602611
0.338156261818478,1.1179956090852983,0.07173142333577397,-0.07234008201839742,0.9972912419682248,-0.0020853448180722166,0.013143156547674877,0.29737524030862195,-0.15417072216620492,-0.05997689680401507,-0.27415975922874536,-0.0028631647798445644,0.24445079246934837,0.29498416780347764,0.16122056707857652,0.1276361691860197,-0.2760973933672682,0.00817586654114968,-0.3892569823380217
0.3380811225041929,1.1179895260128556,0.07169487304662858,-0.07236334395133087,0.9972904773933452,-0.0020474249768569846,0.013078922115340048,0.29732046278544333,-0.1540766891538775,-0.06014012898921187,-0.2741714222229218,-0.0028112765976821786,0.24431349551689274,0.29497593771076525,0.1613085245459544,0.12759139255590854,-0.2760480272825481,0.0081832921969861,-0.3892729608863102
0.3380163969315574,1.117993064514037,0.07163386847784223,-0.07237009607766452,0.9972913392884509,-0.001997635905887091,0.012983190083526722,0.2972883825214364,-0.15394979218621757,-0.06033623050503976,-0.27428183092314506,-0.002817200993314911,0.24441038246264968,0.2949883309748604,0.16143684109105177,0.12758632625077915,-0.2761666684523569,0.00827253834742136,-0.3892024338403622
0.337940213807909,1.1179911052312856,0.07161192161243317,-0.0723856729791409,0.9972907218157845,-0.0019404003085267834,0.012952427345911757,0.2972485575840475,-0.153838020375305,-0.06040181916916103,-0.27435197659445676,-0.002766207696732758,0.24447784429008806,0.29506499188714425,0.16158512685447657,0.12749880222208398,-0.27632704470820557,0.008316289777039274,-0.3891725805975128
0.3378554456580156,1.1179875496155864,0.0715901428879337,-0.07238989705220567,0.9972906592957771,-0.0019129861353179157,0.01293770343652092,0.2971769229552463,-0.15375149473612504,-0.06031152957278235,-0.2743562713904833,-0.0025281118695664444,0.244472003950565,0.29507051927917227,0.16166303667540083,0.1274929782123348,-0.27654560908774006,0.008524127728473252,-0.38907988263240917
0.3377661001180738,1.1179731327848226,0.07157923873339185,-0.07238994674172824,0.9972909526721133,-0.0018621747819018506,0.012922214754444519,0.29709645648180905,-0.1536476398313391,-0.06035338877933514,-0.2744285306895053,-0.0025064611312748267,0.24446719666801375,0.29500261696675,0.16178919676272666,0.12750687838699265,-0.27654319658767484,0.008659649421934873,-0.38910124900420895
0.3377196622070165,1.1179703343018685,0.07154338750845683,-0.07239927710575134,0.9972903448732579,-0.0018136069175285993,0.012923758241768347,0.2970921784449203,-0.15349496586225228,-0.060356308391453936,-0.2744367455529799,-0.002384769770121213,0.24438589682669354,0.2949962362463821,0.16191073260571845,0.12747661742117145,-0.27664636284547334,0.008856366151359662,-0.38904061603052414
0.3376411348667366,1.1179659338053334,0.07152319951186908,-0.07242143340856562,0.9972886357079686,-0.0017540332595429064,0.012939723262570037,0.297051798273102,-0.15334401482643434,-0.06037081174060301,-0.2744493489838484,-0.002346360275901002,0.24421515766487445,0.29498254196067136,0.16206144293561298,0.12736565034500216,-0.27662901653204913,0.008906716123615292,-0.3890009383398495
0.33755963676287903,1.1179700891670732,0.071513150086918,-0.07243553717020705,0.9972874399425554,-0.0017174755777715368,0.012957830270806802,0.29695471848333976,-0.15322855909259628,-0.060301989825788535,-0.27437588980848826,-0.002111189658411517,0.24414865034260944,0.2950777867676133,0.16216556818802974,0.12729191959238795,-0.2769565752858575,0.008957758186747577,-0.3889234397617078
0.33748587669343416,1.1179605105638046,0.07149684336860572,-0.07244103798988752,0.9972865473998179,-0.00165911661275291,0.013003296595996982,0.2968805665697013,-0.15307320975927793,-0.060319219484255344,-0.2743040548781492,-0.002015465578401309,0.2439657740767519,0.2950959478060718,0.16230246110625166,0.12742274337171852,-0.2771625765312822,0.00913357029364667,-0.3888498561825206
0.33740797266507305,1.1179493342234819,0.07147658859827966,-0.07247022909285436,0.9972843317656558,-0.0015796897139069678,0.013020448931056831,0.29687227500801316,-0.1528876160861957,-0.06032686223693705,-0.2743764515755572,-0.00201082754058189,0.24396796348310856,0.29513796957754085,0.16250673587228612,0.12748857533630228,-0.2773217188240139,0.009404680504703495,-0.38881403097577283
0.3373633474538045,1.1179451739605082,0.07144256651834321,-0.07248736949702024,0.9972822671538214,-0.0015425721336041716,0.013087450292131202,0.2968684971344944,-0.1527416307785643,-0.06030963624052995,-0.274398855576993,-0.0023327140115805296,0.24408240267352582,0.2952617670069032,0.16265002104231474,0.12749578800073413,-0.2775595673115436,0.009456955655136722,-0.38871990104981824
0.3372697604483511,1.1179372587267715,0.07143963427855198,-0.07253922723745725,0.9972779426363214,-0.0014754860583673748,0.013137297429453047,0.2968176495274891,-0.1525760743596256,-0.060283317712802445,-0.2742328376263013,-0.001925601894761791,0.24392723106027966,0.29533253966328926,0.1627954545516656,0.1275141168393769,-0.2777755754050478,0.009708340548058112,-0.3885862538059473
0.3371932471026616,1.1179337978214796,0.07142295229349256,-0.07257253462251628,0.9972748033645366,-0.0014519483666128373,0.013194151682811992,0.296786807418178,-0.15246934686118488,-0.06017094167468327,-0.274144201780847,-0.001854205121388049,0.2438835877221265,0.29539893935530676,0.1628813049264704,0.12760445134739334,-0.2779905240913195,0.009894603193334957,-0.3884713300860379
0.337103017013556,1.117932805804008,0.07141477930833487,-0.07261370550890162,0.9972707828477941,-0.0014266646067399168,0.013274037762276562,0.296813612810483,-0.1523881085863389,-0.06002040117308622,-0.27417019774204326,-0.001964764612986113,0.24389635844322421,0.29542841972565226,0.16297391945094722,0.1276816270427936,-0.2781074232162027,0.01004420981958725,-0.3883886195216698
0.33702082631224445,1.117932440580907,0.07139327012345585,-0.07266523018228478,0.9972656346547578,-0.0013988782678326832,0.013381382544059116,0.2968176930808214,-0.1522780026054344,-0.0601218831695314,-0.2739994787123156,-0.0017558078867274752,0.24385743919788236,0.29545485526252835,0.16307573499697936,0.12774363129655134,-0.2781407744504461,0.010068692053758628,-0.38829262297661055
0.3369265687724976,1.1179184621899345,0.07137027681936525,-0.07272305360810154,0.9972604547404991,-0.0013110801660347721,0.01346194463977005,0.29677777210571177,-0.1520549346979288,-0.059966024271228546,-0.2738662349138851,-0.001843872728633669,0.24390803655299542,0.2955186581191205,0.16329710128442992,0.1278510933489854,-0.2782631008989427,0.010275443948902138,-0.38819941581342116
0.33681186761913673,1.1179255790508633,0.07138295613964478,-0.07280479895820338,0.9972531616414809,-0.001277028722903167,0.013563260757154182,0.2968196403056217,-0.15193918469051512,-0.05975444793276284,-0.2737855637877851,-0.0018358963928412732,0.24388794955726656,0.29549593996327433,0.16339747194557086,0.12810131148773396,-0.2781897867114953,0.01023220803004419,-0.3880804505813556
0.3367270651002615,1.1179153239626574,0.07138000817631786,-0.07287233095980206,0.9972468105167954,-0.001236393625494206,0.013670904336084005,0.2968776703178983,-0.15180090890132844,-0.05955161170219386,-0.27365358947481183,-0.0016989449431093228,0.2438488822455937,0.29553961860452777,0.16350808618002236,0.12832892372835128,-0.2782509169344068,0.010376075329054378,-0.3880566212578535
0.33663418189723787,1.117932431239122,0.07139127086260735,-0.07295664426967005,0.9972391129983196,-0.0012553257946437638,0.013780555880763391,0.2969686253968267,-0.15183319146056728,-0.0594893781337785,-0.2736048403588216,-0.001847530156051273,0.24394154219621283,0.2956391980525313,0.16346756962108674,0.1283657065197486,-0.27837819296337835,0.010390558250012867,-0.3878006037601268
0.33653539471032806,1.1179077060768927,0.0713891474181509,-0.07306687703073884,0.9972294753799691,-0.001218313205587436,0.0138967847827976,0.2970679047719563,-0.15174677604028045,-0.05945110752346532,-0.27347619037837484,-0.0018268762804090784,0.24405549120856537,0.2956374996104031,0.16359431110089112,0.1285689753000877,-0.2782242235350613,0.010594198470906554,-0.3877912743656271
0.3364238590201164,1.117917670981352,0.07137056624122151,-0.07316659477663143,0.9972208351278521,-0.0012099269738121417,0.01399255060450702,0.29717844526369874,-0.15166192929074615,-0.059270286697527104,-0.2733981002315756,-0.0018899682271310463,0.24426072797385592,0.295742548197166,0.16362404273398187,0.12882984325452698,-0.27828603819421,0.010717670115528667,-0.3875655665419293
0.3363210159897405,1.1179134458018236,0.07133761873362911,-0.07329529315556929,0.9972090043858954,-0.001207276037816358,0.014161357897419607,0.2973800580694776,-0.1515604163030172,-0.05903610209468246,-0.27331016722742213,-0.001815880741485865,0.2443462805216251,0.29583688297702165,0.16372352698460885,0.12896539222619352,-0.2782281392702922,0.010731587147862084,-0.3874968925242817
0.33620991077227913,1.117902136429614,0.0713143315403915,-0.07339797539161252,0.9971993762939463,-0.0011750053134717312,0.014309454562981027,0.2974933711888541,-0.15140905406798755,-0.05864431256906665,-0.27325102621293024,-0.0019737405190855825,0.2443479683341561,0.2958422779893533,0.16388851120102865,0.12915819942859724,-0.27826080166955497,0.010918539141113105,-0.3875105458550347
0.336102674767507,1.117893725004405,0.07130313976483657,-0.07348481929104077,0.9971907526360657,-0.0011202332374125475,0.014468215797863658,0.297635275871111,-0.15122962130461337,-0.05843240472268747,-0.2731986038190491,-0.0017042423816367217,0.244293744594263,0.2958643982576311,0.16408037806275677,0.12931146860180495,-0.2782479125950952,0.011038478725683863,-0.38754773277079385
0.3360047708602774,1.1178888940657599,0.07131275226169705,-0.07351673639233514,0.997187232691349,-0.0011214645120002876,0.014548358839997218,0.2976750306715059,-0.1511792505822741,-0.0582192375735646,-0.27332065544196277,-0.0017893383687125329,0.2443161429338065,0.29579540134300847,0.16410712989659904,0.12957425171570022,-0.2781849948827017,0.011129122223373996,-0.3875406602519566
0.335934185507795,1.1179053196036404,0.07130488983773768,-0.07355423461484323,0.9971832993302471,-0.0011453910534509062,0.014626352464026342,0.2977058486395641,-0.1512546194776961,-0.05825170051836164,-0.27323942980469945,-0.001415835614559938,0.24406811010826696,0.2958883218645242,0.1641078430937115,0.12978985348582153,-0.27842211238092895,0.011065388661218586,-0.387571900325522
0.33585239219160845,1.1178844721012484,0.07127702193645175,-0.07355459431363291,0.9971829522688004,-0.0011637296267511053,0.014646743432991202,0.2976178852777447,-0.15122254448954822,-0.0581213905868519,-0.27334102579302894,-0.0015800182093451897,0.2441970862716393,0.2958556074445372,0.16409095659052703,0.12990405630534418,-0.2785510799221443,0.011183390369587631,-0.3875129560653625
0.3358004238918538,1.117880561088064,0.07126042731946183,-0.07353933221721276,0.9971839187023487,-0.0011405838784376407,0.014659398585557898,0.29762938410708606,-0.1511552915412403,-0.058018065523245385,-0.2734342193777152,-0.0016309517191925307,0.24416507318925076,0.29585344550588105,0.1641727331198181,0.12981701680918245,-0.2786532424536586,0.011250737966276705,-0.387467150129566
0.33573229476887206,1.117865703750582,0.07125066550151112,-0.07351099947775483,0.997186299214112,-0.0011058461101704422,0.014642223868858826,0.297554167823077,-0.1511072760942798,-0.058221100371880836,-0.2735837180313017,-0.001579828115690325,0.244449430997262,0.295840120557278,0.1642311240478048,0.13009447627407603,-0.27902103378260446,0.011540194898025819,-0.38729543616807927
0.3356737365169799,1.1178549463833196,0.07123871347479445,-0.07347369017386961,0.9971895042832952,-0.001079760514533871,0.01461312823119478,0.29744732493822423,-0.1510542935283622,-0.05826298460231215,-0.2736912399091564,-0.0015145129575528946,0.2445261313576846,0.2959035179770626,0.1643111665384441,0.1301373237878737,-0.2793926930832359,0.011718916012913715,-0.3871415594689313
0.3356398042522289,1.1178537829015298,0.07122107621984909,-0.07344161908505875,0.9971924529197346,-0.0010382101568759147,0.014576095010602886,0.2974237287601143,-0.15098299151139008,-0.058304320708309404,-0.27386329104390106,-0.0013588944133473958,0.24463596878278712,0.29593853130327646,0.16437920812794343,0.13005935040470612,-0.27965795685059297,0.01185089115757282,-0.3870994841345625
0.3355657123007966,1.1178503134803899,0.07121244975129006,-0.07340656395351364,0.9971951214086903,-0.0010030410101498747,0.0145725809648817,0.2972920300703371,-0.1509138391683094,-0.05835703522281191,-0.2739516273939189,-0.0010952755446588859,0.24458656076532329,0.2959271998788952,0.1644922183949161,0.12990568922898868,-0.2798592209654741,0.012009797391082698,-0.38701449796505255
0.33553106081502826,1.1178431616727424,0.07117565961286283,-0.07336831632599186,0.997198034937759,-0.000959014782134021,0.014568787403506256,0.2972845763133182,-0.15077392811955828,-0.05827936275737716,-0.27413547112081593,-0.0008867375615575768,0.24455856602898218,0.29595122272142965,0.16463195901066116,0.129826356783121,-0.28015086862509064,0.012239254543600685,-0.386898013415433
0.3354739540440843,1.1178306620751794,0.07115042953884232,-0.07336959148277326,0.9971991709012291,-0.0009343927103489946,0.014485976315559713,0.29724338672539424,-0.15071477244166206,-0.05852042852465572,-0.27431464289227875,-0.0008732941199010864,0.2445908402684801,0.29604651564237733,0.16466948187052338,0.12994480587042584,-0.2804225843019415,0.012396655925499201,-0.38673239948750193
0.33540866549818327,1.1178293105999662,0.07113977337217034,-0.07337422002403572,0.9971999337541071,-0.0009131940255503297,0.014411177375235023,0.29721464600332076,-0.15069038199134133,-0.058518465829801504,-0.27434574581785476,-0.0006548030815695599,0.24450934560139864,0.2961008445348141,0.16471145060505196,0.12981331962095521,-0.28050847752344144,0.012475373758568416,-0.3865441054023746
0.33535416535062745,1.117824848381848,0.07111928729187231,-0.0734138485586218,0.9971978020087249,-0.0008852071583945634,0.014358513748519241,0.2972608561038973,-0.15061210564484628,-0.058551393571607525,-0.27446445874636993,-0.0005377637185476165,0.24437295163718142,0.29619643811691976,0.16476830076880244,0.1298597689768612,-0.2806399255525273,0.012590888757711674,-0.38636608776211256
0.3353228211564395,1.1178209576666256,0.07108920628853743,-0.07347505149999504,0.9971939028427294,-0.0008582671988788362,0.014317832160410948,0.2973123120811095,-0.15054417884080823,-0.058647120045493634,-0.27445737650383906,-0.0006201875004692774,0.24440933886746885,0.29636853778756966,0.1648438964458108,0.12988739291181767,-0.28078031757671595,0.0126568835337704,-0.38624426713819326
0.3352238446748685,1.1178202888579338,0.07109609294678655,-0.07355205777765178,0.9971886451043497,-0.0008495881160052204,0.014289124243894417,0.2973778993007747,-0.1505226158383229,-0.0586936597642679,-0.2744244763223899,-0.00029686348320250814,0.2440552052945784,0.2964189715010181,0.16484560107204552,0.1298290723851207,-0.28068251494555807,0.01267588539763025,-0.38615197181996896
0.33516515275764747,1.1178205185881724,0.0710727616844656,-0.07366397389337674,0.9971805006803588,-0.0008553656979122244,0.014280628929698908,0.29745594005630493,-0.1504826668112345,-0.058559976333533076,-0.27425852899896286,-0.0003759236857909808,0.24395541540697255,0.2965872993358121,0.16485846683380492,0.1295451655940489,-0.28066500596698063,0.012648408043452627,-0.3861362473971333
0.33511383228223907,1.1178232247035866,0.07104357057434306,-0.07377593975330418,0.997172520575046,-0.0008223194238884301,0.014261792113592422,0.2975348898215306,-0.15038199860824975,-0.05853419492561684,-0.2740312318146496,-0.0002905080196246025,0.2437434835859514,0.2966663266465486,0.16491502209429937,0.12975538943579745,-0.2804774389529756,0.012686190887577208,-0.3860308681387649
0.3350209308272228,1.1178143468729378,0.07102280985749813,-0.07386707671623871,0.9971650689676184,-0.0008704434439614883,0.01430812833367622,0.2976001363758106,-0.1504440297633757,-0.05853558955994848,-0.2739781963251701,-0.0005019415932105721,0.24391633174614455,0.29663700893980494,0.16486405632939863,0.12959157521398765,-0.2802008681624014,0.012634604413837227,-0.3860372877471487
0.3349445354666629,1.1178217618572563,0.07101690283718122,-0.07396546511104941,0.9971575655909274,-0.0008677384445984057,0.014322932160454932,0.2976915410520256,-0.15044839555770875,-0.05854806636140426,-0.2739256276558547,-0.0006345875063970219,0.24415697384884455,0.2965880853915921,0.16487009863584753,0.12966351934537235,-0.27984171990231227,0.012535373909245914,-0.38603324951211204
0.3348684289610722,1.1178356665173217,0.071002691532042,-0.07407124989322121,0.9971496044925092,-0.0008968691389818892,0.01432870634201838,0.2977569944624326,-0.15049276944122952,-0.05853984057904523,-0.27368639834942354,-0.0003629258133939378,0.2440922883858823,0.2966058324887918,0.16480698239280003,0.1297301886261329,-0.2796254302434623,0.012497108086146085,-0.38604938011791423
0.3348020009269167,1.1178387804977319,0.07100687130171157,-0.0741273328444788,0.9971451061215469,-0.0009110988262473363,0.014350810504694719,0.29770691670929145,-0.15053056134132142,-0.05855361291957953,-0.27348480844830925,-0.00032287337403172665,0.2439652225915168,0.29654913704682584,0.1647782925207854,0.12985779112983903,-0.2794460629421339,0.012439723635398478,-0.3860796713018241
0.33472543674559296,1.1178475527329057,0.07100381895777043,-0.07418770792840021,0.9971402515036643,-0.0009398100770767489,0.01437426800079232,0.2976988778203101,-0.1505794488777936,-0.05850681737485085,-0.27334758509155876,-0.0003271522706605113,0.24396191268894957,0.2965099435514855,0.16472091019766746,0.12988314469655982,-0.27925940669637733,0.012435273331357783,-0.38612257818559415
0.3346733015483344,1.117851828715176,0.07098136878756521,-0.07425118106392682,0.9971352649637756,-0.0009554531004835098,0.01439140665834451,0.29775267765591695,-0.15058192116243826,-0.05852927159577807,-0.27325862639918497,-0.00017841603080637834,0.24384642664912934,0.29650868176155354,0.16471113178539362,0.12998721287958337,-0.27915548750953667,0.012431951056060181,-0.3862168452351054
0.3346235245467806,1.1178371938814615,0.0709553257286282,-0.0742778318386007,0.9971330358363657,-0.0009695517226621181,0.014407376949556435,0.29775852010691545,-0.15057813590417138,-0.05850349999520599,-0.2732752544026987,-0.000170715243965244,0.24387812270835943,0.29645865451602055,0.16472791144432286,0.13008871884713447,-0.2790327839041135,0.012370803575735466,-0.38632731732726494
0.3345792460773072,1.117844014914364,0.07093855797496824,-0.07435237245144921,0.9971280134682995,-0.0009414665370975248,0.014372303516244102,0.29776056306628185,-0.15051387394895874,-0.05854014274906254,-0.2730779592083039,-0.00026877649882955815,0.2438819778704155,0.2965616495888272,0.1647815849923052,0.13021981888437154,-0.2790074517574453,0.012496140253494496,-0.3862764171026329
0.334517196720983,1.1178359517175622,0.07093828766288483,-0.07439259384405075,0.997124890108147,-0.0009300899773802486,0.014381600766388199,0.29774133719281415,-0.1505006290906401,-0.058577525439107284,-0.27301052403061926,-0.00025685717360319,0.2440469105197099,0.29656534186088696,0.16480608816166423,0.13030455882314035,-0.27895240252741466,0.012527056100544234,-0.38627281335579583
0.3344697155792776,1.117841619016908,0.0709225409483902,-0.07441530738656824,0.9971236955453623,-0.0009406821752035066,0.014346181567493954,0.2977331956462029,-0.15051082101898136,-0.05863545604225748,-0.2730681599114464,-0.000463899767984423,0.24429514683742298,0.2965871163246337,0.16479565584611877,0.13004508991777824,-0.27893356058888424,0.012458570090400025,-0.3863636583530665
0.33441431080210804,1.1178396085366091,0.07090803633992987,-0.07445769058915304,0.9971212715707654,-0.0009136863214634515,0.014296407609457013,0.29772388439742675,-0.15045744362023478,-0.05866798675227465,-0.2729731653484884,-0.0003251574215649526,0.24443965535733173,0.2966503816504117,0.16485049011496802,0.1300446679276876,-0.2789065537810253,0.012528238227134817,-0.38641912323209526
0.3343628504766537,1.117837668974483,0.07090058475069995,-0.07448455520880859,0.9971206273308888,-0.0009133535879417477,0.014201104598728755,0.29772334181273924,-0.15044513335172785,-0.05870803155521462,-0.2730285758010893,-0.00031288537616702347,0.24418655082021895,0.2967256434164408,0.16484064679965804,0.12993854977220334,-0.2789855124045953,0.01244612304073491,-0.386512465302141
0.3343010534373177,1.1178334397211551,0.07087020018769122,-0.07453349186823197,0.9971185205696682,-0.0008883899412571157,0.01409344848489357,0.29766553100131143,-0.15042178775011678,-0.05895143039099971,-0.27294580145789166,-0.00024625389136481767,0.2442430108926618,0.2968094187267293,0.16487158506770047,0.13000973389786585,-0.2789802169848815,0.01246216053307515,-0.38643516744669304
0.3342681779063137,1.117843561135219,0.0708609836386532,-0.07455336611164218,0.9971179653018568,-0.0008829720577484475,0.014027802181876962,0.29764405236398656,-0.15043182150350445,-0.05911562946065759,-0.2729586954771414,-1.9192152285621005e-05,0.24405198478750434,0.2969245693568845,0.16490167163211739,0.12971218021392433,-0.2791481581874437,0.012469728866369113,-0.38647511918324023
0.3342017233023987,1.117829305141549,0.07083045691824763,-0.07458012989642136,0.9971182176936259,-0.000853448121401117,0.01386851810482608,0.2975491003269856,-0.15037080716975723,-0.05932480202422466,-0.2729239378082361,-7.895956770626333e-07,0.24413549115045863,0.2969659514273586,0.16493123851820893,0.12965205178105682,-0.2791420461941932,0.01253967119471251,-0.38645640516221663
0.3341558172861407,1.1178325982185737,0.07082681723980701,-0.07457962142168871,0.9971193902212592,-0.000841363223289218,0.01378745158861474,0.2975819075347022,-0.15038079645971547,-0.059484977831653886,-0.273158197860787,2.270509334370159e-05,0.24415776689185875,0.29699427138553625,0.1649531917632148,0.12937798027610425,-0.27917488972085863,0.012470010749637227,-0.38658444491491906
0.3341164346133906,1.1178275605739048,0.0707968336966796,-0.07463174869246982,0.9971171157858014,-0.0008222417161745717,0.013670530811519293,0.29752460538057723,-0.15036243723152498,-0.05972360643945807,-0.27299149538870504,6.558973849574398e-05,0.24411741994808897,0.29713550365025815,0.16497467740188337,0.12911435127323126,-0.2792177928568598,0.01245620865130783,-0.3867196065232352
0.33404710329912013,1.117823610571678,0.0707965724565577,-0.07462821376716931,0.9971189933613999,-0.0008378347424761075,0.013551413978416936,0.29754549516728374,-0.1503999224954609,-0.060005553159620056,-0.27327055471530304,0.0003164590536874853,0.24378118164473617,0.29710435723246753,0.1649024933245562,0.12883848880761245,-0.27918092402951555,0.012483016480041203,-0.3868477039206318
0.33402030539110045,1.117830782049337,0.07076129797260493,-0.07465191513595973,0.9971191631549192,-0.0008652235977695989,0.013405872738952341,0.29748133650414654,-0.1504770935249793,-0.06013094457614995,-0.2732216855851494,0.0005751998435539352,0.24370062080511984,0.2972330160645953,0.1648416212284339,0.12859204965566323,-0.2792421138704662,0.012347523320815823,-0.386952932542294
0.3339574654814182,1.1178231589155863,0.07074610762944332,-0.07465505969284143,0.997120362111318,-0.0008535868590294059,0.013299508063321717,0.297457014556462,-0.15047890610117926,-0.06038340701218231,-0.2733532933676241,0.0005541331324479703,0.2435814171544428,0.2972414142496083,0.16484471862470687,0.12840935879780258,-0.2792877389670424,0.012359447917932241,-0.3870586647249062
0.3339116742392863,1.1178208386349116,0.07070483921379352,-0.07468690762166716,0.9971198005723707,-0.0008520765756877348,0.013162184542749592,0.2973671039640567,-0.15047283827857974,-0.060425890898834,-0.27336654202574895,0.00047392520162745983,0.24378241203312065,0.29728639992243366,0.16485016550766857,0.12830920832221748,-0.2792166373808949,0.012396668174584213,-0.387113719448172
0.333857951796851,1.117816929681391,0.07069255169273657,-0.07468825797122156,0.9971202687360168,-0.0008187860772804185,0.013121104618039408,0.2973365284614815,-0.15040057291939773,-0.06060653673451731,-0.2733594300361261,0.0005772767531861546,0.24369945051589798,0.29724835769632535,0.16492244863378347,0.12819715559432246,-0.2791657361327876,0.0123997647144732,-0.3871973977580552
0.3338068714191357,1.1178229762688932,0.07068177597919031,-0.0747167440156723,0.9971197209893183,-0.0008125439005982983,0.013000382697832102,0.29731173742398204,-0.15040382135577723,-0.06072928414491167,-0.2733713090838828,0.0008173445547313462,0.24354473546744232,0.29727327701954676,0.1648871747576329,0.12808871179922587,-0.2791863975347875,0.012527937395702836,-0.38721753076553034
0.33376731566747597,1.1178131981491009,0.07064921144698383,-0.07471608749872559,0.9971205187115584,-0.0008369023696548999,0.012941291577701847,0.29725621920184364,-0.15045496905744749,-0.060930273691658134,-0.2735278927358141,0.0009246803980860291,0.24359074109182938,0.29724761795664023,0.16485691181780124,0.12799530064728512,-0.2791485838054878,0.01259205307188909,-0.38723194940926847
0.33372219477693876,1.1178274619689665,0.07061631615150425,-0.07471344349617905,0.9971209673848118,-0.0008571782511618254,0.012920642707152138,0.2973204312573181,-0.15047100581457606,-0.06098296799528617,-0.2736803259222655,0.0008757997927423132,0.2434980330036677,0.2971881691486556,0.16483162759789768,0.12785335167189027,-0.2791527755635857,0.01255180364356685,-0.3873074319698928
0.33367534777871855,1.1178123791331889,0.07058107364045149,-0.07471202942374487,0.9971214812602293,-0.0008786425196557525,0.012887678461002722,0.297243752907767,-0.15047775222520143,-0.06091283585096716,-0.2737264038922939,0.0008610923603429727,0.24350498752398228,0.2971656965541843,0.1648137876145143,0.12784155728122315,-0.2791438105317805,0.012565202609829922,-0.38732935545016905
0.3336193841485625,1.1178221812140994,0.0705514772374848,-0.07472525378799724,0.9971203735794929,-0.000883079534951012,0.012896402969304124,0.2972574965555823,-0.15046072001517757,-0.061042717558041464,-0.27380661344443613,0.0010625438996120884,0.24345504214457617,0.29713059554750093,0.16482827999253494,0.1278926146081873,-0.27916919681123775,0.012523392185379012,-0.38732369405362155
0.3335771256463762,1.1178206848350125,0.0705232753645766,-0.07472303282561706,0.9971200703719185,-0.0008622467897586921,0.012934069634705671,0.2973108731262982,-0.1503972285351642,-0.061024455998370676,-0.27392919082711964,0.001144911215206003,0.24335291403079673,0.29700783865679364,0.16490065944491122,0.12789745413061668,-0.2790744227084905,0.012619838563272891,-0.38728254817058233
0.33353500147340315,1.1178147815352806,0.0704920261094519,-0.07470572792109238,0.9971206190351396,-0.0008678807055414826,0.012991231421253266,0.2973070984807824,-0.15035612560836129,-0.06101230356576806,-0.27404587566271127,0.001028896419177516,0.24343950032956407,0.29692257588484405,0.16494149542458728,0.1280606787748421,-0.279141337349262,0.012768088970628495,-0.3872944226543836
0.3334901146206702,1.1178230497381503,0.07046058511979686,-0.07471580586009324,0.9971189117134874,-0.0008730172572814042,0.013063770468572497,0.2973520070535403,-0.15032477970989655,-0.06084239809317253,-0.2740811946007839,0.001314569821095193,0.24313634974224935,0.2968556382518065,0.16495610421291979,0.12822390370110867,-0.279086341263105,0.012755383195806493,-0.3871499811707197
0.3334550830755719,1.1178214195832417,0.07041050247371206,-0.07469596511784592,0.9971185604764118,-0.0008777815550164996,0.013202978758734508,0.297363816122518,-0.15023471938101648,-0.060713846144400244,-0.27418135492477125,0.0013912806952794839,0.24305115247599304,0.29674810361707604,0.16506819461472766,0.12824737205621364,-0.27905909627699954,0.012726184805377988,-0.38716420773584315
0.3334103027382768,1.117814993022015,0.07036270279223247,-0.074673335837054,0.9971188778279876,-0.0008546349164183069,0.013308117567150713,0.29730128805230505,-0.15009868004165652,-0.060716625923893895,-0.2741936907143735,0.0015427880271630839,0.24299872414465307,0.2966555335350041,0.16519908679441575,0.12841183832048017,-0.27920288025467216,0.012788013611204171,-0.38714343787504196
0.3333870266608651,1.1178026719653078,0.07034118920174007,-0.07464028285980112,0.9971202127463069,-0.0008162385001370811,0.013395643399228186,0.29728365481917,-0.14997772535036027,-0.060444695454071516,-0.2742953235193164,0.0016401882467105401,0.24303313480272146,0.29652931043869135,0.16530411037888953,0.1285904951521643,-0.2791752372668806,0.012999265841077719,-0.38712714439190976
0.33335387443640413,1.117805429695202,0.07029660653416725,-0.0746184124458427,0.9971200656976373,-0.0008049596203858463,0.013528456941239369,0.29721969422153816,-0.14986626898204355,-0.06021461682008327,-0.27423335878945027,0.0016127798034268263,0.24300138016703263,0.2964354223397178,0.16540810315747426,0.12897065943619596,-0.27941331774697287,0.013183542161273482,-0.386982084751122
0.3333202984605618,1.1178052835208572,0.07025511674080503,-0.07455907546143907,0.9971222815016012,-0.0007781457340089506,0.013692862688044106,0.2972155949257511,-0.1497308396831026,-0.060003392771414824,-0.2744290243899984,0.00162737913103958,0.24307494881873046,0.2962681185462748,0.16556454773636894,0.129040195874222,-0.27944102736848064,0.013244911035451267,-0.3868849467698381
0.3332928939124916,1.1178002554449218,0.07021585410714265,-0.0745346866167047,0.9971217967200453,-0.0007521945468482437,0.013861356358665632,0.29722127500496176,-0.1496067507912354,-0.059827060374378904,-0.2744734490861965,0.0018372647747626142,0.2429870762481513,0.29617220312208237,0.16570049918397958,0.12916287766814474,-0.2795331951819919,0.013287261951147052,-0.38682795761824756
0.33326525239392385,1.1177899488907603,0.07016508345107636,-0.07453158963271149,0.9971197873022912,-0.0007364807154737247,0.014022464591150278,0.29725225963447915,-0.14946004169314936,-0.059458782459552134,-0.274498528369778,0.001943811153013962,0.24298109524806652,0.29608445107054937,0.16582833350134668,0.1292258196846179,-0.2795379330353614,0.013378097177318188,-0.3868153911994652
0.3332381588058479,1.117783331258991,0.07012461713648686,-0.07450884783575586,0.9971197400533368,-0.0007048660160128522,0.014147747313744234,0.29724973801813154,-0.14931491701685404,-0.05922657333725097,-0.2745326033143593,0.0022062333028183036,0.24271038153454114,0.2960379932615398,0.16595130530448773,0.12972108904245092,-0.279779549937836,0.013594884506284382,-0.38662897830633225
0.3332073844977874,1.1177756575084214,0.07007678959760068,-0.07447527021751188,0.9971197720482583,-0.0006843216769854009,0.014322221206929171,0.2972538805372365,-0.14916464335288757,-0.058859446225492315,-0.27467269473993244,0.002307715190140503,0.24266087169974146,0.2959724227740024,0.16612108463267702,0.12975911679982954,-0.2799713128098734,0.013640828023453982,-0.38659905847051523
0.33317673084247496,1.1177687911926304,0.07002508723049251,-0.07445104899787837,0.9971198504510549,-0.0006814955873477088,0.014442323336140058,0.2972993920479832,-0.14906150156773362,-0.05857254696195755,-0.2748569620401577,0.0023922901267141635,0.2426265207745523,0.29592105163305676,0.16620844223422768,0.12988679928091987,-0.28008607386733775,0.013733665520205333,-0.3865161062178495
0.3331486830911835,1.117766828807477,0.06998806513446419,-0.07444311573310132,0.9971182522400084,-0.0006698732191182866,0.01459331489584657,0.2973682734713423,-0.14898058104372455,-0.058297225998026656,-0.2749206764555826,0.0028514910995988477,0.2422585859235066,0.29589967808010953,0.16629178825235696,0.13003305009655447,-0.28031065644023473,0.01384828997971363,-0.38643310876167697
0.3331110614933593,1.117750663639262,0.06993955045354143,-0.07442316049500465,0.9971182522520745,-0.0006567148477118179,0.014695337128213748,0.297429305032411,-0.14884924791761311,-0.05799611291999309,-0.27514036438111383,0.0028185632179315227,0.24231044910895316,0.2958274181208213,0.16641202081329703,0.13022169100944975,-0.28040867050219426,0.013892284519412,-0.3863489557942304
0.3330632566526782,1.1177441621266284,0.0698630377583539,-0.07440557868547244,0.9971182883202919,-0.0006254927085938349,0.014783021225806593,0.29747960006036495,-0.14868071547559134,-0.057717955707187525,-0.2754196558455485,0.0029848105256059447,0.24233793466556716,0.2957531415687891,0.16657759176903641,0.13034468132551325,-0.2805415091278244,0.014023043515853578,-0.38624186641994324
0.33303593016857846,1.1177416298779133,0.06985448028198991,-0.07439290645299768,0.9971174368655427,-0.0006116973831272207,0.014904307916757596,0.29759235995524563,-0.14859733013382292,-0.05748902152253455,-0.27560711412285827,0.002949202601999088,0.24224248101324125,0.2956796589543932,0.16663722213463986,0.13039614324223503,-0.2805789762138142,0.014182670435465073,-0.38611604694796153
0.332977870011304,1.1177411188456416,0.06979155319019698,-0.07438027545792239,0.9971175514352845,-0.0005700221871011706,0.014961227129242268,0.2975893362555854,-0.14845062748340204,-0.05743234889490609,-0.27572114714203744,0.003148435836027194,0.2419704297710851,0.2956028085722627,0.16678406647101512,0.13060222823919865,-0.2806842197770506,0.014272889398482527,-0.38598430675785705
0.33293986187350505,1.1177390023127172,0.06978539999189838,-0.07436544961071662,0.997117924710451,-0.0005593856868462021,0.015010370181065644,0.2976397712876473,-0.14841449139536833,-0.057348475570771155,-0.27592518269920147,0.0031451013684648003,0.24204705908543617,0.2955396374537263,0.16681266644819034,0.13055666171833974,-0.28069844462163046,0.014293565806240853,-0.3858960677742537
0.33290650929588356,1.1177374671210585,0.06974987134164295,-0.0743527857810858,0.9971181021112109,-0.0005486827248263881,0.015061627933139596,0.2977357075070679,-0.14835589811119718,-0.05726585510167176,-0.27622365354248263,0.00312449243976685,0.24209292859487755,0.2954826632949011,0.16686547174336513,0.13071448301204902,-0.28076872472983805,0.01435221322041143,-0.3857176988183706
0.33288292849645273,1.11773095090739,0.06968112926352364,-0.0743751406077259,0.9971160204906845,-0.0005298129944038876,0.015089713005651765,0.2977785752037943,-0.14824339320480148,-0.05712952899952639,-0.27626594479970873,0.0033026743800383977,0.24214270282862502,0.2955435454710787,0.16695925245064325,0.13092675217194827,-0.28086981442945474,0.01443691428608108,-0.38545002031132297
0.33283917827477455,1.1177281362078801,0.06964859788993477,-0.07437445753648987,0.9971150225437809,-0.000518664665054253,0.015159250332169482,0.29787987343815636,-0.1481588100765761,-0.05694854919181884,-0.2764806332596413,0.003402367817816818,0.24211520403405606,0.2955009799252478,0.16704532538238598,0.13075239776983152,-0.28091316652070014,0.014428591574850843,-0.3853372110844437
0.33281360871548854,1.1177204282727151,0.06962020933101173,-0.07433435191174927,0.997118788146295,-0.0004915618317141726,0.015109097209627657,0.297842885346891,-0.1480935897181229,-0.056904810181193366,-0.2767045223366734,0.003522947531787589,0.24208877577896382,0.2954282456271524,0.16709498263702963,0.13104993774713125,-0.2809869032502046,0.014543426783840501,-0.38512430727828884
0.3327866641623585,1.1177255062497322,0.06957628475895472,-0.07432213928860701,0.9971200446902446,-0.0005020345296351352,0.015085889096124459,0.29782342864946126,-0.14810337503286122,-0.05670752260398976,-0.27681179275878776,0.003856989507457586,0.24205399081124604,0.2954479017753389,0.16712553397554483,0.13075579809644927,-0.281039038678512,0.014484023407907174,-0.3850586160593328
0.3326859185335078,1.117712020153481,0.06956774466691491,-0.0742982826933552,0.9971212634992984,-0.0004705631803424017,0.0151238102564905,0.29776658313439375,-0.1480043149216954,-0.05682371987909091,-0.27699332315837843,0.003830288049105816,0.2420812344383609,0.29523395294134863,0.16719598360771593,0.1308619782518377,-0.2809906407197492,0.014565207288298925,-0.3850568148866719
0.332678959670073,1.1177231033039354,0.06952912376326516,-0.07426254228470243,0.9971253000254677,-0.0004467830557253106,0.015033670457836039,0.2977344731980965,-0.14793452371481916,-0.05672561237876904,-0.27713780515854525,0.0040207339761634,0.2420584996239037,0.2952266239179959,0.16725307765830447,0.13069601784439797,-0.28103613974442565,0.014641130522550855,-0.38499989314433014
0.332654949909826,1.1177161260136568,0.06949363446586222,-0.07424646814674635,0.997127686574741,-0.00044289772369689433,0.014954680720280026,0.2976819670271398,-0.14792417320984028,-0.056858615695503455,-0.2772019727263711,0.004065904650852182,0.24207683127605376,0.2952230159579646,0.167291237557003,0.13049084022575783,-0.28103902594961483,0.014551426251462597,-0.38492945505023596
0.33260355286641385,1.1177118796543852,0.06946255806100766,-0.07422938388711992,0.9971302257750727,-0.00044581040360836796,0.014869857651479225,0.29761817470108115,-0.14791077763938992,-0.056880227200416585,-0.27731752935726967,0.004063194263149321,0.24222740472787724,0.2951748309570104,0.16727213438978317,0.13037744724423694,-0.2810650469650905,0.014619817278586399,-0.38489690908105706
0.33257270303792785,1.1177103132274506,0.06944646130436453,-0.07418557299091887,0.9971341998749746,-0.0004423210525572775,0.014822029273669803,0.2975462688424232,-0.14791989160986574,-0.056922221065682996,-0.2774638343183435,0.004181885768543592,0.24223479613849497,0.29510043085832366,0.1672788357513047,0.13026181357685473,-0.28116286673356766,0.01478284324184932,-0.3848520378294752
0.3325771668643123,1.1177089379999487,0.06941437928577919,-0.07412229602226848,0.9971404950374465,-0.00044272915240572345,0.014714699445137824,0.29754559996669494,-0.14795063291395844,-0.05715349999481816,-0.27783401908953104,0.004347224877469043,0.24211948143616718,0.29504020404687836,0.1672549435677525,0.13030800570789575,-0.2812694327723115,0.014867689054358237,-0.384712609604726
0.33252940908740614,1.1177071630090119,0.06937485546076684,-0.07409284703646984,0.9971440082620565,-0.00042973253254309046,0.01462505162590894,0.29743010676673987,-0.14789679716016127,-0.05726471259734842,-0.2779307229107572,0.0043029862450290135,0.242192332627428,0.2949613117548049,0.1672885988893993,0.1303203836036028,-0.28121056444596126,0.014877144781621826,-0.38464095275824534
0.33251460727533005,1.1177085273422862,0.06933399495643058,-0.0740395399201949,0.9971487581921498,-0.0004392354710289084,0.014570780228261656,0.297374944478394,-0.14788380720069122,-0.05729179223095957,-0.27810211373895294,0.004412808254168151,0.24211452374368136,0.29489966618705155,0.16729221818920936,0.13017161453452453,-0.28131783510477126,0.014924870815505866,-0.38455458282991767
0.3325046375483414,1.1177053147798242,0.06931100902133372,-0.07400436820502729,0.9971525503027812,-0.0004322250675457251,0.01448993073569514,0.2973706319461618,-0.1478874257493759,-0.0574508617023676,-0.2783224066418107,0.004620777822896179,0.24206128462310542,0.2949100320635902,0.1673126865346349,0.12990482721623672,-0.2814164696572578,0.01494174671466283,-0.38460932132812864
0.3324811921321312,1.1177037248263046,0.06930140268075197,-0.07399626618654111,0.9971546820835375,-0.00044814548927119425,0.014383732302508244,0.2973118644585554,-0.14793765886903446,-0.05759488130876191,-0.2783639439913512,0.004722958814745184,0.24197750435449594,0.29496499250994684,0.1672604977835369,0.12962870751573966,-0.2815116837696066,0.014892115526385249,-0.3846673927132822
0.3324508115246436,1.1176926088969545,0.06929671001899337,-0.07397516906731452,0.9971563872030924,-0.00041174607838104503,0.014375127363110703,0.2973108968120701,-0.14786637625707022,-0.05760750022599725,-0.2784951370467934,0.004799996733476241,0.2419430432049012,0.2948838671342608,0.16732832073264617,0.12963723224038676,-0.2814897552167932,0.01496055044641451,-0.3847186375758189
0.33244129512451154,1.117698767253518,0.06926806468233404,-0.07400100148794464,0.9971553394336414,-0.0004016333577482413,0.014315009898931844,0.29728289058652424,-0.1478278592157087,-0.057688852168731375,-0.27848375705284684,0.004680074420128253,0.24200794143949134,0.2949576085187481,0.1673528012960624,0.1294209959472111,-0.28148464552966684,0.014922404214786238,-0.38477867408210115
0.33242784467806674,1.117709026388799,0.06925976337451148,-0.07399834044629633,0.997157021873941,-0.0003505040895086348,0.01421254676579657,0.29729221136981937,-0.14772895759097657,-0.057808229147974816,-0.27856595880368856,0.0046976723446048,0.2419072372763137,0.29500991301509644,0.16743352428117944,0.1294086654603775,-0.28158657399643916,0.014952155975828368,-0.3846639617954335
0.33240428347965073,1.1176907353437942,0.06926028158175927,-0.07399622530077661,0.9971571671129484,-0.0003199690189648215,0.01421408936030536,0.29725018335001485,-0.14767930963494003,-0.05790654186317084,-0.2785724088118855,0.004722682734693484,0.24195449613444545,0.29499192429718096,0.16751471694395717,0.1293213414925897,-0.2815353374037155,0.015022660948353202,-0.3846859682926681
0.33236793440310547,1.1177035389052097,0.0692551216517837,-0.07402972137150886,0.9971555181844316,-0.00025852598971233136,0.014156485167833027,0.29720115287946697,-0.1475746608402255,-0.05804456965322224,-0.27843764609554383,0.004852392661044432,0.24189797758744677,0.29503810663499774,0.16761738161953224,0.12917581803906217,-0.2815100778303544,0.01495306242612005,-0.3846752004011418
0.33232862866790014,1.1177040226520414,0.06925672359098096,-0.07406503697348736,0.9971535436515618,-0.0002484090447712594,0.014110952278110085,0.2971913085269239,-0.14753522768952815,-0.05817212899910834,-0.27840536174882513,0.004639577229352825,0.24190548706142767,0.29506641534248573,0.1676273868853003,0.12907707851131292,-0.2814645931779466,0.014965301709053991,-0.384784594746491
0.3323102873131868,1.1177029488614367,0.06925008637932074,-0.07411679541327708,0.9971505636677412,-0.00022120812359847846,0.014050091876510625,0.29718103975163174,-0.14749977602316733,-0.05821652384008161,-0.27829176939877454,0.004731736447194056,0.24180839585881897,0.2951767486021681,0.16766111580704507,0.12915683233863734,-0.28146387641943243,0.01497497085208105,-0.38477377921089634
0.3322630278416596,1.1177038136207722,0.06928051353677596,-0.07417515861564991,0.997146375801461,-0.00019472377363053965,0.014039699177917675,0.29715875737797126,-0.14748672175628624,-0.05838160351344302,-0.27808717565283114,0.004674179760591764,0.24174345617528623,0.29520586984719793,0.16767417242430482,0.12920924659540411,-0.2813847964866475,0.01502912381623821,-0.38474891209512696
0.332217898214013,1.1177213897227618,0.06924317024095719,-0.07425391822260442,0.9971402954741135,-0.00021551938464683785,0.014054903834008134,0.29721884329872067,-0.14746884844961217,-0.05839525764545148,-0.27792126608437545,0.004643031917375335,0.24177245890239643,0.2953194699400185,0.1676963469846635,0.1290244052847445,-0.28135118111128904,0.014925822142011637,-0.3848302586488009
0.33219854964294615,1.1177005036235086,0.06927549100801911,-0.07431479808752563,0.9971355759208266,-0.00021985128822037708,0.014067895495160531,0.297279696508107,-0.14749939277336277,-0.058342955137388325,-0.27781309201011034,0.004588685507525646,0.241665588111534,0.29536188513966194,0.16763832163038167,0.1291692456753708,-0.28126351326070853,0.015036093758117555,-0.38481801774603586
0.3321450103152895,1.1177093989982376,0.06929724786545823,-0.07437196533045665,0.9971315656507528,-0.00021035732647155678,0.014050171015296325,0.2972546664775857,-0.14751769953358862,-0.058410022355365694,-0.27762808217429896,0.004817513333210017,0.24147771581473404,0.29541039583521356,0.16764226169868401,0.12926940586623606,-0.28118095865772397,0.01503806138499974,-0.3848032343441825
0.3321158279716135,1.1177145283364638,0.06930496354039127,-0.07441358903300861,0.9971276024870898,-0.00025160834280923847,0.014110238085043575,0.2972555365310004,-0.14760054821880064,-0.058442911931441716,-0.27749687812996376,0.004495707224816989,0.24162710144764282,0.29542418080053756,0.1675892968507133,0.12911076897061552,-0.2811359738110014,0.015028262118248974,-0.38489678420709894
0.33207819046967624,1.117717266821691,0.0693086804476909,-0.07444656659702803,0.9971245759280289,-0.0002736770261121961,0.014149696221057023,0.2972568229266656,-0.147666202051854,-0.05853099798020053,-0.27743112166196154,0.004390399241193911,0.24177297678908857,0.29540334157133447,0.16753868831155355,0.12911086166690627,-0.28104337767897086,0.014936734014432112,-0.38497864487260747
0.33205988803787456,1.1177247341007988,0.06932687319237803,-0.07447737206854528,0.9971223369666273,-0.0002432781118839589,0.014145917705664167,0.29726212771372373,-0.14764090659281387,-0.058475031069902005,-0.2773093143003972,0.004648110439221685,0.24156563266162986,0.2953787425091617,0.16757329553814182,0.12916802206511163,-0.2809157423690509,0.014937754646063185,-0.3849986312011304
0.3320156171635708,1.1177186504170757,0.06934952430634048,-0.07450329091609852,0.997119805682638,-0.00024187648344993097,0.014187820616856577,0.2971935967818711,-0.14763865380750077,-0.05841542666720166,-0.2772367095092786,0.004535939518250076,0.2418007418087205,0.2953428432110032,0.16757133045243053,0.12941135743409948,-0.28087406054497155,0.014999698299459954,-0.3849403800829688
0.33200329157338637,1.1177279635799926,0.06935481796701588,-0.07453144216381921,0.9971171130329013,-0.0002622578398596673,0.014228782335076906,0.29722087295703575,-0.1476671107315742,-0.05847754564862651,-0.2770923515541377,0.004278637975606698,0.24206881539665973,0.295369433748591,0.1675342108347941,0.12958547497914633,-0.28092141396158854,0.01503356790907297,-0.3849478866082102
0.33198972917999126,1.1177193768117382,0.06938381159075618,-0.07455036263520352,0.9971146819959243,-0.0002634466790437513,0.014299824298702224,0.2972428645738432,-0.14766805183082368,-0.058274026402859266,-0.2770186780920538,0.004131953936088747,0.2422545994580921,0.29542234424943875,0.1675562150035476,0.12951803247098573,-0.2809735567348804,0.015018036033943371,-0.3850475418398669
0.33197035509323747,1.1177216780526509,0.06940763225164077,-0.07456821498981263,0.9971123406790695,-0.00022382639805129006,0.014370500356068103,0.2972238357034382,-0.14759544195013463,-0.058218492570607204,-0.2768691145924211,0.004276367922560658,0.2422769267042312,0.2954043105931437,0.16761638581446645,0.12955036212525084,-0.28096126068667737,0.01506496567216475,-0.3850394973906814
0.33191570394536224,1.1177286029440792,0.06941779620132132,-0.07461436563303347,0.9971082835539999,-0.0002188010932909292,0.014412474987223221,0.2972286598690815,-0.14756055208607272,-0.058174622728408,-0.27674576733159045,0.0042150356645987465,0.24227223244834992,0.2954313846318398,0.16761284139999671,0.12947345382971193,-0.2809294918337952,0.015092077831162868,-0.38502211925488944
0.3318859267480831,1.117727053223315,0.06944599715794754,-0.07461569500804537,0.997107229162072,-0.00022220459314335712,0.014478336793992035,0.2972447978626359,-0.14759433382801238,-0.05816470832667508,-0.27678041084169475,0.004157088312459974,0.24233002450207056,0.29539606095543736,0.1675886097555537,0.1296016097739004,-0.2809545862969053,0.015045288859952205,-0.3849904977503635
0.3318803999637868,1.1177322889557997,0.06946366698508583,-0.07461928947586553,0.9971067918800748,-0.00022010389511569324,0.01448995441736968,0.29725529963851405,-0.14758378498480323,-0.05807521162209532,-0.27672590809084807,0.004153866214682911,0.24234077430716322,0.2954077173948303,0.16757815934979314,0.1297180157806989,-0.28106503802838506,0.01515068714993761,-0.38503006943781726
0.33185913865951727,1.1177225376115167,0.06948396042294457,-0.07461250233383052,0.9971071451653869,-0.00022905506695814656,0.014500451351337906,0.2973026502503931,-0.14760517486333652,-0.05800193865897784,-0.2768811475149427,0.004124082765975051,0.24230064793001468,0.29541695793639783,0.16756648730779056,0.12972827149566418,-0.2811153732587917,0.015204374940916972,-0.38503083014714656
0.33182421084134195,1.1177128661742175,0.06951804653912344,-0.07461209219512413,0.9971059198825272,-0.0002435125875103828,0.014586326991577145,0.29733544811130613,-0.14764639305677782,-0.05789008603754245,-0.2769646914012622,0.00424865024768112,0.2422272828254885,0.2953121315389703,0.16751443752097056,0.12969716129490447,-0.2809787144632204,0.01517957630384962,-0.3850460036992391
0.33184248853639503,1.1177138553392716,0.06951956676988787,-0.07460319795375972,0.997107686061976,-0.00024327928205195186,0.014510894748258858,0.2973175118580226,-0.14767612639191083,-0.05794620234593333,-0.2770327702126549,0.004098657971917871,0.24244055677634077,0.29534903748215774,0.16746337223425892,0.12996264700748886,-0.2810973550279418,0.015264419111420065,-0.3849021475412139
0.3318313642898544,1.1177188273507055,0.06953390870077462,-0.07462891128613243,0.9971047411454518,-0.0002625305466774573,0.014580530279110654,0.2974321906343776,-0.14770535685397454,-0.0578268742752442,-0.27706531058120637,0.004234929221828409,0.24241397198535813,0.2953982978090626,0.167459049028212,0.12980771889733608,-0.2810999959791053,0.01528575158310825,-0.3848897358376416
0.33184248772578867,1.1177096184928523,0.06955787672233149,-0.07463235589521412,0.9971045881083431,-0.00025293233196524613,0.014573532586748544,0.2974941059101876,-0.14771661446754922,-0.05785487250172359,-0.27716946460798386,0.004067408103663335,0.24253098703467033,0.295462191118657,0.16744782695744861,0.12987821760774906,-0.28120891121310865,0.015351273989963847,-0.3848703234482119
0.3317978386739044,1.1177131968959122,0.06959632060349218,-0.07466743506385741,0.9971016671879304,-0.0002612870868074224,0.014593531481200427,0.297552279736597,-0.14777113999409866,-0.05786864537734792,-0.2771713725455091,0.004142659876350811,0.24245659749512782,0.2954801212949991,0.16740703687153466,0.12991248387967044,-0.2811907638702853,0.01535795778645685,-0.38485811023392424
0.3317800506769505,1.1177013061560155,0.069622922530939,-0.07468833698622074,0.9971000970377368,-0.0002800280555864171,0.014593505057270292,0.29757851658243484,-0.14784823935236194,-0.05790824771443984,-0.2771882565776009,0.004314817122927453,0.24230672818159502,0.29547376793421803,0.16734168331207644,0.12994879216355357,-0.28110859300296837,0.015400504831803724,-0.38486456309135925
0.33177459081189575,1.117691328994266,0.06963642916804022,-0.07469647545241533,0.9971002310629385,-0.00033596395445875427,0.014541420062793076,0.2976096403366077,-0.14796239925572038,-0.05791944904538465,-0.2772778484647612,0.004110277115519299,0.2424206639428637,0.2954659522937083,0.16720147886836328,0.1300073736514379,-0.2810633731424195,0.015438511949526614,-0.38478463622288184
0.3317284358110868,1.1176964845039778,0.06966633283349769,-0.074761974385704,0.9970953867597905,-0.0003476579152687593,0.01453671291142478,0.2976738569380027,-0.148034144715089,-0.057952597787476925,-0.27718251287738116,0.004296243789962581,0.24235841406872083,0.29548035521146954,0.16714574790328182,0.13000215370657292,-0.2809211884796295,0.015507997165841003,-0.3847874616515417
0.33168972965167587,1.1176875344161428,0.06968162583863417,-0.07481487989304242,0.9970916782966852,-0.00038263639852128927,0.014518002874906276,0.2977207977971558,-0.14812386918176218,-0.05794372954199165,-0.27720529614630607,0.00439396145577829,0.24244661628735076,0.2954606583579518,0.16702444324578863,0.13018714253123748,-0.280787267643527,0.01559453480730237,-0.38464872549183304
0.33165385203710657,1.117687003053461,0.06969752379746702,-0.07485768861851477,0.997088527701007,-0.0004502094803042206,0.014511777739324367,0.2978273697531625,-0.14828493421924532,-0.05793453348025832,-0.27724618064638085,0.004502777444762249,0.24225191810792895,0.295445855446328,0.1668795347114463,0.13015331620458157,-0.28065066206923694,0.015681104664456196,-0.38470097705636874
0.3316277196529144,1.1176932155731834,0.06970553978339636,-0.07493126441458081,0.9970832488267538,-0.0004987945770711636,0.014493161362784028,0.2979819208042933,-0.14837000789041618,-0.0578227387679791,-0.27731875823669766,0.004498682048299114,0.24215430324234888,0.2955015303328474,0.16676794920237903,0.13016269026999977,-0.2804619350633785,0.0156290705837486,-0.38466608447051154
0.3315842106990159,1.1176836915047206,0.06972288108075268,-0.07502256122895842,0.9970765950105157,-0.0005522784573160189,0.014476670107062594,0.29814709452321425,-0.1484812895319911,-0.05794310857564415,-0.27737770150633784,0.0045547684432233025,0.24193962367117575,0.29559052657155865,0.16663149054289922,0.1303828211560807,-0.2804104844375068,0.01566021577252885,-0.3846287988407427
0.3315385366245111,1.117677247953314,0.06974458612663222,-0.07508757424014965,0.9970711067546699,-0.0005924620555678943,0.0145159656399551,0.2982457995827964,-0.14859090049975116,-0.0578542709187777,-0.277301045666424,0.0045606258564531025,0.24183848991342186,0.2955934570474622,0.16652571223139037,0.13042340174834074,-0.2802560302368861,0.01568606722275812,-0.3846199246015372
0.331476189156014,1.1176821974745987,0.06976309755809909,-0.07516006704099511,0.997064425434227,-0.0006428880742999822,0.014597347390252804,0.29841558222447573,-0.1486822865115225,-0.05772833329955951,-0.27737724012703185,0.004577334938478372,0.24182947453742448,0.2955392214848709,0.16642836410165732,0.13036099245697522,-0.28000780662588953,0.015707658706443386,-0.38470819514564586
0.331469313999733,1.117674321574426,0.06976523617368802,-0.07518934909877775,0.9970620680143285,-0.0006561820137886068,0.014606975534222761,0.2984780880513703,-0.14872271855921024,-0.05765241566935183,-0.2774487806117474,0.004711468937914108,0.24185627369501386,0.29556149067113735,0.16639966691027436,0.13035525974840667,-0.27994099529753513,0.015603679639108012,-0.3847376136696614
0.33141964445218025,1.1176834702686849,0.06979033703737057,-0.07524199277841336,0.9970574854737033,-0.0006650952916874692,0.01464823647548986,0.2985293027015581,-0.14875354642210897,-0.05775027677282464,-0.2773312533901324,0.004436116265835131,0.2419234775610863,0.2956026646360552,0.16635372144692095,0.1306646667918447,-0.27996403579330364,0.0156096345077233,-0.38464694384201076
0.3313813218082414,1.1176890269756254,0.06981252793390245,-0.07530912610829925,0.9970515351607243,-0.0006503518724745147,0.014708800117248585,0.2986332738423676,-0.14873438330986613,-0.05775622892636792,-0.2772865113270782,0.0043256835400354255,0.242026934130996,0.2956450607907172,0.16638346989040564,0.13068379632064797,-0.2798763552737349,0.015644087142704464,-0.3846309156411047
0.3313496139145731,1.1176915527924496,0.06982695827900048,-0.0753493846173036,0.9970483178140006,-0.0006515603712391586,0.014720653896748431,0.29861633978704755,-0.14875783384760746,-0.05771923179766227,-0.277155807109047,0.004190468544286157,0.24220052309812173,0.29570671311454944,0.16635684379439714,0.13087239885190705,-0.2799120984685549,0.01565406766813279,-0.3845559318072351
0.3313215955192231,1.117692366771983,0.06983983021336856,-0.07539164470123523,0.9970436760284274,-0.0006269698589822,0.01481940989914343,0.29865776923927656,-0.1486740903610631,-0.057612057621556356,-0.2769547451862406,0.004238024382062886,0.24212319589639866,0.2957343828250875,0.1664362300956752,0.1310582365449227,-0.27995432814699134,0.015665998452112057,-0.38450720759061363
0.33130827965395976,1.1176941763298975,0.0698588786977753,-0.07543226398951404,0.9970391375607296,-0.0006054383777389399,0.014918618097645603,0.29867444121044573,-0.14862303524636877,-0.05748606758212445,-0.2767974282518155,0.0042144014027949385,0.24215794437337695,0.29577110673697893,0.16649644412442482,0.1309467744455671,-0.2799265846889939,0.015736192466392317,-0.38450090035706813
0.331281378983985,1.1176828963355574,0.06987825635001675,-0.07544551034177367,0.997036624444672,-0.0005805320539138984,0.015020235277043189,0.29865496279758197,-0.14856197654598524,-0.05735157374020199,-0.27667096521388423,0.004244193590769982,0.24222683386542038,0.2957511044369223,0.16656678106713266,0.13106500993953482,-0.27996953129111213,0.0157252388963678,-0.3845364514932792
0.33125389748898354,1.1176847657488793,0.06988037449504575,-0.07546644366825368,0.9970341805715842,-0.0005573483252460449,0.015078064028912522,0.2986071829639793,-0.14847030342789838,-0.05716614449092079,-0.2765610529762894,0.003863237088499999,0.24224142872641263,0.29576088327882244,0.16663820190195422,0.1312303755662495,-0.27995868629804493,0.015802933699144796,-0.3845996127415337
0.33123671299645757,1.1176827047848137,0.06990445204621268,-0.07550259774038565,0.9970299908481748,-0.0005224633058108994,0.015175049121376866,0.2986557646721226,-0.1483836019798617,-0.05702017588540114,-0.27640715630696644,0.0039409026285014605,0.2423072930520269,0.2957981954532578,0.1667184265875601,0.13129437006924824,-0.2800698336405241,0.015893489210146425,-0.38458945714021836
0.3312430373804894,1.1176762164555232,0.06991210899905606,-0.07548713685951196,0.997030423756163,-0.0004685288721468798,0.015225201281271063,0.29863836550768,-0.14828312410824962,-0.057024875713148716,-0.2764203347361653,0.0038937433108171193,0.24243317161970562,0.2958379709599586,0.1668279105687431,0.13173207411441118,-0.280241627482581,0.016037770512316116,-0.3845210553118254
0.331228535935898,1.1176830115803997,0.06989928239404111,-0.0755070664759172,0.9970274488120824,-0.00044709014415712637,0.015321531838390983,0.2986808370763882,-0.14818957014211576,-0.05687172821940234,-0.2763451404446932,0.003947617097101174,0.24248700610211682,0.2958555557356307,0.16693319737902768,0.13186685681343704,-0.280285939578915,0.016015603453927225,-0.3844515137816692
0.3312101623110428,1.1176820757508996,0.06992427823091919,-0.07554038924636072,0.9970235662388017,-0.0004201009828075328,0.015410433872354396,0.298749212490345,-0.1481561872500124,-0.056853358029420153,-0.2763374382964193,0.0039516244642954215,0.24248703852318107,0.295937956985773,0.16698663274053013,0.1319105477125084,-0.2804426234953852,0.016163346508063788,-0.3843333502064686
0.3312113930235286,1.1176757915284168,0.06993365432223031,-0.07551871522539225,0.9970238477009333,-0.0003939901157421408,0.015498888286613227,0.2987067940332526,-0.14806757810381413,-0.05666516668813492,-0.2762790728481311,0.003932244268041643,0.24248895474378607,0.29594449565427366,0.1670760807587454,0.1320709486464077,-0.280597458899732,0.016211407144244957,-0.3842251937833244
0.3312128406380003,1.1176897975518083,0.06993161667033011,-0.07554877120337299,0.9970204166309364,-0.0003831696573302082,0.015573219697541569,0.2987578425387625,-0.14802481269018347,-0.05665359850808402,-0.27620912790093394,0.0037256919511130353,0.24265882492622307,0.2959466703188983,0.16713315438603601,0.13203461808906958,-0.28049667073771034,0.016120160577643664,-0.3842832906504228
0.3311919363602051,1.1176749995498283,0.06993202663746625,-0.0755657512226227,0.9970195831489073,-0.000393977954140843,0.015543900447167006,0.29871620244191505,-0.14808204973477251,-0.05645983571429123,-0.2762091778783014,0.004043157644551988,0.24285529428099065,0.29589031864836063,0.1670850004487273,0.13223457325872204,-0.2803769906659301,0.016204869732073062,-0.384238395806582
0.33118206863028005,1.1176804897815478,0.06993942145860671,-0.07558291110877036,0.9970171618761252,-0.00038499353983582603,0.01561583339992858,0.29872151429517024,-0.14801581099242864,-0.05645316166862445,-0.27602425302932815,0.0037215982316747146,0.24295638898605842,0.2958561213025211,0.16711532568774443,0.1322896187823906,-0.28034701961490704,0.016252904336052747,-0.38413748528982256
0.33118365141064776,1.1176861199651194,0.06995597876669728,-0.0756139823703434,0.9970147029037463,-0.0003603907427571028,0.015622995307060126,0.29879955311521655,-0.14799689587701803,-0.05649666451604265,-0.2760369847369702,0.0036833402457960695,0.2430945504819221,0.2958558611463487,0.16713888620331643,0.13242089685510314,-0.2801932529082484,0.01620756480114423,-0.3841244516525164
0.3311822403012212,1.1176823416873776,0.06995468928265851,-0.0756554303132377,0.9970109834825039,-0.00038777714773522803,0.015659000870191387,0.298871094923579,-0.14805008297952502,-0.056618271312743815,-0.27599688789073806,0.0038195733094674865,0.24298235583439123,0.2958571826284265,0.16708613951585907,0.13249728091905325,-0.280110971688923,0.01621616586909484,-0.38414208737261696
0.331168722488775,1.117685984066076,0.06996670129281753,-0.07569438874895287,0.9970083847268189,-0.00040015364866580113,0.015635861773476277,0.2989383110204227,-0.14806128905191074,-0.05645770210603142,-0.2760415471492463,0.003650613299650489,0.24302747368528146,0.29590793172689683,0.16707233657609322,0.13234778166826608,-0.27997460413211317,0.016144111001665674,-0.38421823113549103
0.3311441992561774,1.117682120829688,0.06997954841591514,-0.07572791819678916,0.9970066317079128,-0.00042749958856593614,0.015584478821079144,0.29897777799300723,-0.14815226786185948,-0.056472946717461225,-0.27608887463367665,0.0037629681169695215,0.24313457113915454,0.29589332643571836,0.16696556977216098,0.13260096221099915,-0.2799034320512839,0.01618084012346534,-0.3841466332650128
0.33115921951402416,1.1176924311022127,0.06997723571816337,-0.07576263200915849,0.9970038674817681,-0.00047419591182303793,0.0155912461233555,0.299086125544858,-0.14824914158341493,-0.05629931142537894,-0.2760697213259304,0.0037734017597679075,0.24311577176666976,0.29594429593546406,0.1668922467739143,0.13233593634453444,-0.27974570639726204,0.016006251205085937,-0.3842647204955556
0.33116243424481967,1.1177026379182526,0.06997817099217106,-0.07581904281333295,0.9970002818243167,-0.0004825792764615863,0.015545993256953808,0.299179614746339,-0.148240967723475,-0.0565198653601759,-0.27599679333460936,0.00374964692522237,0.24293438281224686,0.296004852773609,0.1668444903267715,0.13222282522528692,-0.27958867915754887,0.015882175101736343,-0.3843383654320988
0.33113804542451614,1.1177051515872896,0.06998392289959068,-0.0758543764063038,0.9969988997329381,-0.0004976305754869872,0.015461561212626772,0.29923899497680023,-0.14831410959574806,-0.05654712729735056,-0.27605010098188343,0.003742152028643295,0.24284463630485517,0.29605519112984074,0.1667816406948077,0.13208801939846607,-0.2795038978570648,0.01580778859563505,-0.38441992251364343
0.3311437524259104,1.1177053613165437,0.06998901448072914,-0.07589591794240569,0.9969974357576001,-0.0005276165180931455,0.015350711816049295,0.2992749377014185,-0.1483980925564068,-0.05660841617147174,-0.2760877288035811,0.003848413351169205,0.24269767367916134,0.29613773290624823,0.16667995303173225,0.1319925216802003,-0.27940355031631764,0.01577508329342203,-0.3845256617396948
0.3311366348239512,1.117695190593287,0.06998305778806395,-0.07590772693071296,0.996998413435275,-0.0005377793335536295,0.015227980599714969,0.29926801891655214,-0.1484295902025261,-0.05676122296384987,-0.276130788217953,0.003680218645389163,0.24246991073180782,0.29617039078211166,0.1666083162100753,0.13200334427333588,-0.27936006142218267,0.01581579792043908,-0.384492156944316
0.33111539790548905,1.1176955100417607,0.06999526863675612,-0.07593575896781332,0.9969972853538963,-0.0005475793891782411,0.015161585133356543,0.29926965184015486,-0.1484862518668922,-0.05672370094518236,-0.2760739294990691,0.0038138076589509964,0.24243832369989715,0.29620869914618625,0.16657621592616287,0.13207838081761344,-0.27934615189007767,0.015767370942461226,-0.38451026288066736
0.33112584631711117,1.1176946055055907,0.06998865542036493,-0.07596012648376485,0.9969956257385169,-0.0005781684741406806,0.015147513460926847,0.2993404504307329,-0.14854967740870884,-0.056825200643590326,-0.276107139858058,0.003739188668047416,0.2424923006935069,0.29624562911429475,0.16652379179220567,0.13176879720269108,-0.2792431740274111,0.01577061195948532,-0.3845656862355833
0.33108380882619076,1.1176819728431437,0.0699723850728298,-0.07598524098441509,0.9969949764751925,-0.0005945429217574344,0.015063417755770823,0.2993329940796201,-0.1485773201255886,-0.05694579361200538,-0.2762049464789912,0.0038487528054437893,0.24249323521769053,0.29624027990960017,0.1664776282306019,0.13163423203690633,-0.2791089027489076,0.015721956942499678,-0.38461842718581446
0.3311224592147399,1.117683996721626,0.0699575756797073,-0.07598146092523447,0.9969978996686855,-0.0005617655442192466,0.014889260269400604,0.2993682122887862,-0.14855112957547445,-0.05719048114391215,-0.276278572250724,0.003892800829330545,0.24237984379098246,0.29638778443738073,0.16650143997240396,0.13173615397134994,-0.27920627195347664,0.015768329037183473,-0.3846654044332951
0.33111401357240866,1.1176775448401695,0.069944392401446,-0.076009738213549,0.9969970870074117,-0.0005625003202372555,0.014799046889332774,0.299376576759561,-0.14858514070833345,-0.05708881145920284,-0.2763436278734339,0.004069873785780332,0.24242963772422052,0.2965184827575481,0.16649857529315626,0.13150894144260622,-0.2793216357965361,0.01573687336818103,-0.3846292126789456
0.331101423514452,1.117673631349123,0.06992377867791995,-0.07599808510545038,0.9969995286274068,-0.0005750417869160034,0.014693546337648269,0.2994080406096806,-0.14859410576657212,-0.05715074827090684,-0.2765734887138361,0.004198931170761123,0.2424825227437262,0.29658807243891205,0.16647252973387927,0.1314183953344205,-0.2794577306561914,0.015764669904860844,-0.38465458908574834
0.3310696321850416,1.1176695018345482,0.0699138875506263,-0.07601647446376987,0.9969989484318995,-0.0005330326911623405,0.014639272930571589,0.2993933481594762,-0.14852249011229818,-0.05730946020521617,-0.27652775580773103,0.004239403466098189,0.24245015794684385,0.29666359561568384,0.16653525733126312,0.13130332258829988,-0.2795265617133727,0.015832523927368346,-0.38466298771762164
0.3310525857227089,1.1176713934796854,0.0698895921332772,-0.07602475467466968,0.9969993373731459,-0.0005110123197752989,0.014570409073639346,0.2994076873242009,-0.14845514042594526,-0.05729109266636869,-0.2765851439172964,0.004461432451070871,0.24223800627968942,0.29674347638889514,0.16660065318025458,0.13093536802727745,-0.2796102529925296,0.015797934708770778,-0.3848298816076371
0.3310304068222786,1.11767115707099,0.06987713326955677,-0.07602851933882282,0.9969998226959812,-0.00048268327615933496,0.01451842994896974,0.29944700436436766,-0.14839321394318186,-0.05759477312214447,-0.27668055207239267,0.004453759565890948,0.24209422602045122,0.29680058621935046,0.16663611065955283,0.1310293016892877,-0.2796988458097785,0.015798724435970028,-0.38482598868296825
0.33099918133951695,1.1176571366684218,0.06984550036640436,-0.07605873265455279,0.996998377240135,-0.0004517069871267716,0.01446032255236553,0.2993941977268433,-0.14831671713138575,-0.05768790632054581,-0.27668457585567,0.004286717329594972,0.24216106335987386,0.2968911407442111,0.16671730727976783,0.1309939596398285,-0.279760937095679,0.015846979088604208,-0.38477920549648326
0.33093412583647946,1.1176614050653233,0.06985758734774913,-0.07607664095429055,0.9969969397081476,-0.00039494738641271084,0.014466890829136077,0.29937994046895894,-0.14823353953751833,-0.057719549953242605,-0.27667580887773074,0.004519939525562516,0.24220575779938924,0.2969274562632599,0.1668364111794384,0.1309598371184679,-0.27990528262093045,0.015913577696749212,-0.3846790132972993
0.3309186529247001,1.1176600970554673,0.06981721943088247,-0.07609242629488447,0.9969968875030185,-0.0003734559644367671,0.014387824731125598,0.2993902434609789,-0.14815283207043525,-0.057818698257036616,-0.27671649948337734,0.004264812477910144,0.2422220841200579,0.29705003239320127,0.1669184158323983,0.1308780946451802,-0.2800630398115845,0.015907365061427946,-0.38466885612781143
0.33091068266518425,1.117651875626269,0.06980132370435821,-0.07611262841863614,0.9969960358197354,-0.0003010101401767879,0.014341608969529806,0.29938154043186366,-0.14803732763249816,-0.057956902956856356,-0.27669509985519675,0.004296770618020588,0.24240099877744264,0.29719424134968686,0.16708498180412693,0.1306726431571124,-0.28017199033113727,0.01592458148434395,-0.3846155072095002
0.33085155060191723,1.117640729107229,0.06978887344552306,-0.07612737748196746,0.9969953791906233,-0.00025610441573110845,0.014309810648343458,0.2993709474112448,-0.14791437858034834,-0.05804216091471018,-0.2767721661800935,0.004454612575500345,0.24219934665047227,0.2972276456170655,0.1671677911213346,0.1306581414636569,-0.28032102980411,0.01609815296792003,-0.38452318226430565
0.3308249383501702,1.1176560519479344,0.06976341191868364,-0.07616708271976991,0.9969922286477313,-0.00020129368805355945,0.014318903828181594,0.2994031666667158,-0.14775866497477763,-0.05822511990302021,-0.2766921765161879,0.004419299401975129,0.24199904048113716,0.297295091793031,0.16730221126028103,0.13059277885696988,-0.2803297319210579,0.016087176352839908,-0.38446444226472115
0.3307699921636056,1.1176534942057204,0.06973714272844016,-0.0762061855273793,0.9969896690759932,-0.0001641269132332175,0.014289510329769578,0.29939738066690624,-0.14765250047354236,-0.05813350417223407,-0.2766541295961964,0.004099531555836028,0.24187875366709105,0.2973187607166544,0.1674043999946647,0.13060395077200512,-0.2802767919835527,0.01607334152265601,-0.38442465118453706
0.33072324541320497,1.117668973821753,0.06972299756444489,-0.07624252765515747,0.9969860917123919,-9.726785878028987e-05,0.014345746678590378,0.2994078392627477,-0.1474966840544835,-0.05814820982767473,-0.27657075172323903,0.004255856597029919,0.24180020892625706,0.29730084117404787,0.1675598992504309,0.1306865334968701,-0.28029700551174497,0.016115851576769893,-0.38437916509895187
0.33067570141594343,1.1176645977222617,0.06969562781135243,-0.07628903221748111,0.9969816260219997,-6.316205729807212e-05,0.014408919057449131,0.2994507573524882,-0.14735315628165602,-0.058025391589625164,-0.27650940897472426,0.004211285562736257,0.24175709189245245,0.2973142455090222,0.1676816361947454,0.13073906466808208,-0.28019168410345335,0.016100076656204672,-0.3843975360925397
0.3306146710031599,1.1176695163695862,0.06968971184664412,-0.0763350354359385,0.9969769002094119,3.0430572536612146e-06,0.014492163557114001,0.29943910578799776,-0.14719039966111586,-0.05798856596691841,-0.2763608320451086,0.004274879799333853,0.24167596266194785,0.2973197324312203,0.16784976977200888,0.130825178441794,-0.2802020103919845,0.016142898426873328,-0.3843668087766237
0.3305639687780808,1.1176730760845568,0.06966051705171902,-0.07635322724735226,0.9969739940278155,3.952904868630467e-06,0.01459588659568263,0.2994543075847479,-0.14713775792657655,-0.0578724486173068,-0.2763681579028335,0.004118390455859736,0.24166016928686146,0.2972018535984471,0.16792723185786382,0.1306882178832893,-0.2800244961547742,0.016070007731629674,-0.3844738807487796
0.33051991641075606,1.1176740067306927,0.06964841777263199,-0.07640597476664655,0.9969689295802253,6.392742897174821e-06,0.014665620708005611,0.29954137636166556,-0.14708101917728833,-0.057880881767401735,-0.2763930526955024,0.004197781684686576,0.2415687190373211,0.2972080937328675,0.16794486378065657,0.13095540060169267,-0.28002913917138794,0.01619640544545639,-0.3844636419594347
0.3304908744984338,1.1176784471820067,0.06962082674618515,-0.07644301838822715,0.9969646062207991,1.1179807032300223e-05,0.014766135503783195,0.2995768456352042,-0.14702676396468814,-0.05769544031425909,-0.27626695027616854,0.00399433345430617,0.24168273650294786,0.29719710107660086,0.16802892046782975,0.13096920081704466,-0.2799329285765993,0.01603819542765749,-0.38453955082624014
0.33043741423077577,1.1176710810006831,0.06961077611377033,-0.07649077627046154,0.9969591041329173,1.9498346279771908e-05,0.01488977675613629,0.2996189409876845,-0.1469619928283477,-0.05755003955357096,-0.27615792545686896,0.003997187906060242,0.2416923585565782,0.2971700611871141,0.16808174400680384,0.1310584054696926,-0.27988770587119505,0.016094137845910746,-0.38460143956427634
0.3303987440830586,1.1176713631081239,0.06958692546109756,-0.07649436716821166,0.9969579899785053,1.1156444279054131e-05,0.014945831696070628,0.2996137400852764,-0.1469362119256421,-0.05752247141070811,-0.2761635258674942,0.0041086865437334995,0.24180125011676973,0.2971013322555865,0.16811209136456656,0.13118173564587424,-0.27986926705509135,0.016186984943040172,-0.3846521395520147
0.33034813644279776,1.1176799520249012,0.06959703028143474,-0.07652724566803726,0.9969543165215998,3.919586877687948e-05,0.01502231350683067,0.29967982422637596,-0.14686220899832814,-0.05739853140023576,-0.2761952857432436,0.004240737236417456,0.24166259848365948,0.297041382397421,0.16817621117820888,0.1313929307577461,-0.27974819066365303,0.01613585430637642,-0.3846848967883338
0.33029358204670406,1.117682523914274,0.06958265970417916,-0.07657525661963754,0.9969488755387219,6.71608720565814e-05,0.015138200855181635,0.2996961924624764,-0.14675751510768423,-0.05729185127349942,-0.2760235829469736,0.004212465098256218,0.24146825617576181,0.29701382218934747,0.16825867912086434,0.1317466775080036,-0.2797709005058678,0.016288669785828592,-0.38458873134244576
0.33025378074803013,1.117697931583563,0.06957425535894211,-0.07664094984180417,0.9969428701250956,9.341645338148822e-05,0.015200979818713102,0.29970998059585574,-0.1467049256347247,-0.05714467629781714,-0.2759018098190716,0.004256531364072208,0.2416054548797094,0.2970641587462225,0.16835185685231774,0.1318953801404705,-0.27973863654775455,0.016291933357681733,-0.3845685514779029
0.33019616327247975,1.1176955621030202,0.06959241635265717,-0.07666749570049117,0.9969379482187003,0.00010278082823032944,0.01538869522098576,0.2998494995464569,-0.14662085369869865,-0.057002704631084825,-0.2759629823334727,0.004049786493623643,0.2416545700669009,0.2969932356470089,0.16841403013440878,0.1317972305019653,-0.2797219348550238,0.016245910985542497,-0.3846133031627415
0.3301499732889579,1.1177142186015279,0.06958006104102434,-0.07673196750403548,0.9969318321986617,0.00011559844367158801,0.01546330330100598,0.2998533472974951,-0.14654666143868617,-0.05688975994500199,-0.2757379455087419,0.0039906398693764986,0.24176337294246375,0.2969624398963484,0.16844034733582056,0.13216300804537925,-0.2795664261057482,0.016292539657145104,-0.38455741573157776
0.3300895630758036,1.1177142609969393,0.06958523481915366,-0.07677920370639735,0.9969270948341136,0.00014986674009550096,0.01553380197459965,0.2998981655001072,-0.1464340922441014,-0.05663109622929065,-0.27572971053846207,0.003734626030652473,0.24177781444153754,0.2969344936586137,0.16852877350191517,0.1323583213500237,-0.2795209339264646,0.01628376599500524,-0.3845018525838925
0.33002180295951783,1.1177225668136779,0.06958068288555296,-0.07685632988359181,0.996918993962183,0.00013628995493223292,0.015671804596205662,0.30001246793392206,-0.14640182592338058,-0.056316576022453706,-0.27565648212695126,0.003931663607217513,0.24177543894436476,0.2969056126722268,0.16856738032202462,0.132456142412813,-0.27933059462661464,0.016241646650452933,-0.38458375895186236
0.3299716388337087,1.117729884154357,0.06957516319023178,-0.07691234411299586,0.9969132752718283,0.00015062760470590665,0.015760400412571342,0.3000618437296,-0.14634627046644869,-0.05590390869624002,-0.27552986889858483,0.0038967324779020495,0.24189191495569787,0.2969412068877463,0.16861291634369685,0.13265076416530341,-0.27936149645536995,0.01628579615765275,-0.3845090073128528
0.3299420870820116,1.1177329501465398,0.06956757439717179,-0.07696293610699843,0.9969079569801106,0.0001403695434691696,0.015849671035173214,0.3002593883026913,-0.14629751107964128,-0.05588523460500627,-0.2756558792859387,0.003829623288102289,0.24174656967342514,0.296963276863222,0.16863046666863055,0.13287819925102257,-0.2793343953910935,0.01627920743956981,-0.3845191090703675
0.3298732595482836,1.1177297280681489,0.0695571190578433,-0.07702666150225215,0.9969018546819611,0.00013127534464801453,0.01592382856813538,0.3003657876858064,-0.14629154838292538,-0.05588404103773143,-0.27569392793006026,0.0037108526218261806,0.24181585911487816,0.2969974167575407,0.1686679040610088,0.13285816533656997,-0.27929374910133264,0.0162694227655742,-0.3845960352619338
0.32984362171176596,1.1177405593412375,0.0695525322128059,-0.07708888474471176,0.9968969016071295,0.00013414112367604787,0.015932778197182265,0.3005058271165399,-0.14627147923410774,-0.05571152299577861,-0.27571459113226626,0.0037325621147795873,0.24167523520931614,0.29705558605173815,0.1686671338898503,0.13300005327220338,-0.2792394306314648,0.01627589757213849,-0.38457688950208935
0.3297975350824486,1.1177394187573555,0.06954417626320525,-0.07714382831048228,0.9968929170914047,0.0001244032244584227,0.015916222241168832,0.3005410583574686,-0.14624486615576804,-0.05557287023170387,-0.2756647269568883,0.0037336943678716603,0.2415347524469641,0.2971505747584877,0.168658797619164,0.1332366087597367,-0.279261024625391,0.016330233383130492,-0.3846181723192631
0.3297557044005581,1.1177481375786396,0.06953081448385015,-0.07717336488066716,0.9968900004994967,0.0001227142547573523,0.015955676053378897,0.30058163524887577,-0.14623059981107692,-0.05554619364458744,-0.27573028809020395,0.00379868144158929,0.24145283011387272,0.2971874004205989,0.1686752655546802,0.13325109241532604,-0.2793039061182064,0.01623169464209418,-0.3846315565531951
0.3297268228896995,1.117757462544149,0.06950962418770781,-0.07722874806847616,0.9968865747384485,0.00011999867872163393,0.015901672186795418,0.3006361608494131,-0.146244463041009,-0.055454011140087106,-0.2756275307739814,0.0038593718075743584,0.24141666440425658,0.29727775363253556,0.16869617939790577,0.13331988850540913,-0.2792744328224422,0.016193271065136763,-0.38475076174923467
0.329677727097787,1.1177601564578574,0.0694914193035513,-0.07725180914716205,0.9968847108549944,0.00012772311091353036,0.015906443155253764,0.3007277683459047,-0.14618736756659248,-0.05525176356251855,-0.27578268701143593,0.0040141229003471356,0.24118470997750055,0.29729215962174377,0.168735860572622,0.13322398355247717,-0.2792622810850476,0.01609327873225987,-0.38481304860043114
0.3296364517805271,1.117759262922727,0.06948459237880614,-0.07729157216610424,0.9968809836627077,8.446111916566547e-05,0.015947104755521746,0.30088233117932756,-0.14623604641268775,-0.05506270920406135,-0.27603287690473693,0.0036528721868324997,0.24119634018289463,0.2972641839397459,0.16867759998577783,0.13305357204471974,-0.27910698265481265,0.01604159482447804,-0.3850438720156442
0.3295910882488337,1.1177637974168284,0.0694682018468513,-0.07734050369017412,0.9968770751823642,3.284903618669615e-05,0.015954384530464584,0.30100392832498224,-0.14631740032046833,-0.05497996735874571,-0.2761049311432674,0.003635708535776358,0.24127372010313342,0.2972338323913238,0.16856529790041042,0.13310248544631428,-0.27895338693172067,0.015991241592431857,-0.3852315342811937
0.32953727706174957,1.117768488350234,0.06946238997343207,-0.07737679800892557,0.9968744474443804,-4.020957801719087e-05,0.01594257022995921,0.3011053875260008,-0.14645876005073313,-0.0549111745657376,-0.2762872772925684,0.0037823583154933007,0.24126494159878817,0.2971819926689165,0.1684122377668055,0.1333840722640548,-0.2787985040453311,0.015921746612454688,-0.385386378983888
0.329498267219318,1.1177764536253416,0.06944612423829936,-0.07741648887542345,0.9968703145485461,-9.76761105529419e-05,0.016007925582710584,0.3013089776461531,-0.14652679119852308,-0.054754456746504955,-0.27645367582265035,0.004139007782859751,0.24093541865117235,0.2971345696213061,0.16834186537630141,0.13328334704214928,-0.2786290453343909,0.015854188549763684,-0.38557638116272663
0.3294600500713729,1.1177815399624378,0.06941262797126094,-0.077463727009676,0.9968663117917733,-0.00014218061536872144,0.01602832483792165,0.30141590425461134,-0.14656872746120658,-0.05461695699190212,-0.2765551009815853,0.004056235981954187,0.24077206946258478,0.2970891003090408,0.16829359750195727,0.13339665242048387,-0.27842084682588797,0.015706891676123106,-0.38583397571103056
0.3293796308623237,1.117792516735115,0.06940924045120604,-0.07753211349522414,0.9968601047160239,-0.00016264771825919607,0.016083424642818846,0.3014842438345398,-0.1465819230686987,-0.054391910851282886,-0.276490003216086,0.004212391873367407,0.24058872859584401,0.29705899143939607,0.16825053023079353,0.13361428010755041,-0.2782855494660696,0.015667838645667675,-0.38591726415205496
0.32931619061869793,1.1177831428741414,0.06939271841026676,-0.07754679473375628,0.9968580382397277,-0.00020306446925704623,0.01614016691932198,0.30155831305538777,-0.14661877000825568,-0.05418876435153044,-0.2766774609411587,0.004096167017474086,0.2404684970675492,0.29692086708776255,0.16822641486032294,0.13358107921179516,-0.27809452916178523,0.015599141161557877,-0.3861766018844632
0.32928777612276966,1.117792818315415,0.06938381846282239,-0.0775835657002214,0.9968557444083819,-0.0002669120250772048,0.016104158817559618,0.3016477619658085,-0.14678822038614714,-0.053897736460544375,-0.2767703766772329,0.004116684089036662,0.2405498771787774,0.29688536728076137,0.1680675594797727,0.1339417054339041,-0.27796012732942404,0.01560225065659709,-0.3863544933541968
0.32925462822918106,1.117805699895262,0.06934019587335093,-0.07762281737094885,0.9968521312470668,-0.00034255327864862696,0.016137202633302837,0.30170795120537874,-0.1468535807851282,-0.05387263495363196,-0.27673038016971185,0.004145797717700238,0.24052477501857555,0.29684920096666406,0.16799439886015138,0.13386983086155257,-0.2777334010838479,0.015324193592799684,-0.38656230510404715
0.32920769626325597,1.117815520684932,0.06935210769426675,-0.0776739001934514,0.9968481362514772,-0.0003673819989498127,0.016137642676704058,0.30184223059694165,-0.14692164423444762,-0.05372771543290946,-0.2768198409894186,0.003970974700816499,0.24044312368476903,0.29679757142092894,0.1679281491084352,0.13396324753249286,-0.277462451776841,0.015214611603076108,-0.3868283477960093
0.3291756213732015,1.1178226864235392,0.06935435190904175,-0.07770719775024428,0.9968450354940848,-0.0004181604860688523,0.01616761486457018,0.30191939108733407,-0.14700949343855743,-0.053517241770372356,-0.27685351499509664,0.003965262280191996,0.24040295058847266,0.29674187177790745,0.16782646061863354,0.1338866584381603,-0.2773255122178791,0.0151108177364112,-0.3871024657763451
0.32916860491507405,1.117832102541851,0.06934262611890472,-0.07775030953715942,0.9968416039577167,-0.0004493282736946854,0.016171088089089118,0.3020430840433042,-0.14705683967563457,-0.05338062850027594,-0.2769082634409593,0.00417398764540708,0.24019745499091297,0.296735306087149,0.1677664654153574,0.13396584554953206,-0.27714424582948327,0.014930956845209769,-0.3873749521278148
0.3291061884297069,1.1178382663128366,0.06935114035506723,-0.07782421933176235,0.9968355414335562,-0.0005134276361686023,0.016187359646740743,0.3020686884747683,-0.1471934228865839,-0.05328941312923564,-0.27679704135556576,0.004057580091303843,0.24009538564445052,0.29670597833150436,0.1676308620300896,0.13401177280576373,-0.27691383212080184,0.014904803391863121,-0.3876020416578499
0.3290795100754958,1.1178418643124097,0.06936425883756507,-0.07786234271108128,0.9968323005530689,-0.0005281444697378994,0.016203123928342313,0.30205131625115866,-0.14723902668014874,-0.05330458502254579,-0.2766089181567125,0.004137908815652594,0.24001081463282087,0.2966716705151852,0.16759550529152198,0.13434724391783157,-0.276780101230401,0.014873401428822366,-0.3877519482336172
0.32906366670604703,1.1178600288685323,0.06936465587206223,-0.0779127764440649,0.9968273048851536,-0.0005656730810063247,0.016266638132798918,0.3021299688213619,-0.14727957010697257,-0.053132641021776034,-0.27651931028448223,0.004008796473472398,0.23996712636650236,0.29664907867405504,0.16757486652985015,0.13437158531288923,-0.27652950389449543,0.014685181551283556,-0.3880551875349066
0.32903432659740856,1.117880261240894,0.0693743691736961,-0.07800322582087017,0.9968192353790835,-0.0006264078896221749,0.016325328571072162,0.30220573832396913,-0.14737632368044,-0.05291124162305898,-0.27625529712578933,0.004022726640893407,0.23986547641553707,0.2966608214394948,0.16746132196123642,0.1344124657604147,-0.2763111939769992,0.014576788685754821,-0.3883298299684064
0.3289775217240306,1.1178795258417082,0.06940297940196957,-0.07807455846409173,0.9968126285964565,-0.0006474668599671511,0.01638681109689394,0.30224865852531363,-0.14741329869906256,-0.05271615692931657,-0.27611273671461384,0.0038226876470802635,0.2399391569269214,0.2965667127174521,0.16740998540163082,0.13466554637166817,-0.2759746340371211,0.014428258492941857,-0.3885420059266958
0.3289444504259327,1.117899294164727,0.06939716196761407,-0.07814611698810105,0.9968062425083246,-0.0007010302700501302,0.01643191567278311,0.30229936888230746,-0.14750639172660915,-0.052624410406151255,-0.27595368073152643,0.0034460633334842017,0.24007480310106077,0.2965114584180835,0.16732452803477693,0.1347508047004814,-0.2757206927717578,0.014311488093966677,-0.38882332447045276
0.3289176483695891,1.1179177861376686,0.06941611162566015,-0.07825922279118137,0.9967964848333705,-0.0007818361186864352,0.016481826483728715,0.3023910160433516,-0.1476645349608696,-0.05265135082044045,-0.2756347453611382,0.0034952704221531024,0.2401410867643946,0.29650352282810616,0.16715819377275182,0.13492887576511695,-0.2753056071926889,0.014146683239954659,-0.38915741325120173
0.3288449161321327,1.1179251291693628,0.06945021707190058,-0.07837837194896762,0.9967867586934906,-0.0008080429279161244,0.016502592844182526,0.3024169055782432,-0.14773374329534206,-0.052413287348973873,-0.2752770213358938,0.0035074034297105233,0.24011070206408297,0.2964553793676448,0.1670520185195593,0.13500483280469658,-0.2748400624957506,0.014009481826765719,-0.389391166718114
0.32882261699044085,1.1179502664781873,0.06945963385846346,-0.07847687146084317,0.996777793339375,-0.0008606512691022579,0.016573190115292128,0.30257649856645874,-0.14782127846287202,-0.05235709364041042,-0.27518195488685593,0.0031772255022179943,0.2402428031925467,0.2964131757752647,0.16695183806322775,0.1350903351745407,-0.274445010578401,0.013717569777633713,-0.3896748454300759
0.328823982753452,1.117959684900898,0.0694895579368388,-0.07858467090444214,0.9967693547835567,-0.0009279850272730696,0.016566282232350123,0.3027031691309047,-0.14798670352162402,-0.052360894681920345,-0.2749767421579515,0.002795876576936825,0.24042250795839257,0.29642425602108013,0.16676856841731774,0.13524865589112317,-0.2739684340723679,0.013456975383694307,-0.3899107735231443
0.32877221087090386,1.1179782279515942,0.06950941092026959,-0.0787208201435208,0.9967570941371453,-0.000996218222738321,0.016653387416921607,0.302879358495574,-0.14810088422712597,-0.05232473206599685,-0.27475972265880044,0.0027855859572837867,0.24037395638127515,0.2963402180095119,0.16659296633591117,0.13541771918485995,-0.2734094052695164,0.013249440690914709,-0.39013013219893056
0.32875392775800516,1.1179908975604052,0.0695501911535737,-0.07882341275986657,0.9967470413503998,-0.0010405567345478004,0.01676670515617163,0.303073091513324,-0.14819440920369914,-0.052218569932054475,-0.2745899878711155,0.0029186383626689746,0.24029445777607086,0.2962367286079928,0.16647082342020664,0.13536779840239405,-0.2729181661919197,0.013044419290868916,-0.39030636480862685
0.3287125973204935,1.11800934746348,0.06953980748575488,-0.07896132881106341,0.9967348663743468,-0.0011358860728032235,0.016835215143665483,0.3032247424836063,-0.14834375507626577,-0.05221507452804873,-0.2743636115779207,0.002418140153619331,0.24038765939433346,0.2961972969821063,0.16626722667136964,0.13553351712006853,-0.27243254011411705,0.012813192318609971,-0.3904450183775211
0.32871035495446044,1.1180266196941602,0.06954581536685851,-0.0790567658390918,0.9967260139340024,-0.0012083825573756396,0.01690623358092966,0.3034129728563563,-0.14847323699442588,-0.05181980537431366,-0.2741990571044173,0.0021682547081991344,0.24042634747085004,0.29609936644763485,0.16610888933032517,0.13551393532971967,-0.27187371814615374,0.012599086250825939,-0.39056660235346125
0.32867611861098506,1.1180320968817585,0.06955584581270662,-0.07916351855805659,0.996716174499748,-0.0012888657219735273,0.01698068447521375,0.3035990427143033,-0.14859212673055364,-0.05169102198522604,-0.27413737353913314,0.0019169610655399125,0.24055236655556256,0.2960251459001609,0.1659219011239298,0.1357920866391757,-0.27145950820452436,0.012468362047940782,-0.3907682068868072
0.3286594664267319,1.1180366872730223,0.0695842427041459,-0.07923222880650391,0.996709291138799,-0.0013678014294458084,0.017057901254146055,0.30384743821321614,-0.14876066623346806,-0.05133782583585384,-0.2742563978499313,0.00200588775963074,0.24059251746091667,0.29588568151015404,0.16574059597521668,0.13590103400921888,-0.27097065678666954,0.012258331992971386,-0.39093832937969814
0.32866209796958645,1.1180376736581248,0.06956515499706042,-0.07930069311318641,0.9967026455023024,-0.0014806440765642974,0.017118534212906995,0.3039451382761697,-0.14897371032291687,-0.05110669244450667,-0.27415490456915814,0.001983400385615333,0.24079332056890687,0.2958554066906917,0.16552972175397065,0.13605870849299287,-0.27067121345862877,0.012025971362447376,-0.3911096359000052
0.32868499579292204,1.1180456896053206,0.0696010522048763,-0.07933917394084784,0.9966989935252243,-0.0015757584979447536,0.017144350945566694,0.3042353178269315,-0.14916678531035932,-0.050878967125459654,-0.27438752168595737,0.0020862217119736537,0.24057072736417928,0.29583217187324723,0.16528981280572771,0.1361614992078007,-0.2704601553797712,0.0119268168262704,-0.39120782064587045
0.32865799808360724,1.1180365367622298,0.06959123880549645,-0.07937595143067143,0.996694454625222,-0.0016884943946462278,0.017227055479274594,0.3044645586085649,-0.14936641921645138,-0.05091758683618987,-0.2747063487523465,0.0020698372071875503,0.2404365323179699,0.2957296780847767,0.16506407231201842,0.13635423399062185,-0.27018812197957076,0.011797231896671895,-0.39124130601096474
0.32867495686206183,1.1180395568071673,0.0695868518537072,-0.0794114050504811,0.9966904861467747,-0.0017241169369715836,0.017289620967566015,0.3045947507549535,-0.14944029430699418,-0.05090086775098407,-0.27466744719296365,0.002282302977640525,0.24031928635031463,0.2957323507270997,0.16501332160421436,0.13624086076158162,-0.26994176666983255,0.011568209285180769,-0.39129657103686066
0.3286823694240236,1.1180373822138605,0.06958862624322856,-0.07936730289916571,0.9966936225448135,-0.0017749909464175701,0.017306166997604386,0.30472317493938433,-0.14952262182899406,-0.050863890357609985,-0.2750228808036286,0.0023337167513264355,0.2402000015831926,0.29561116844680624,0.16491002118345485,0.13631123203417003,-0.26994903888313515,0.011621628008328225,-0.39117868196701117
0.3286959026184072,1.1180558073526226,0.06958010993558468,-0.07936883700474621,0.9966935853254909,-0.0017858705282890485,0.017300154623261278,0.30475525762917505,-0.1495617981831776,-0.050786327382258814,-0.2750194866456129,0.002318787636436753,0.2401798609538391,0.2956241060400617,0.16488690547613374,0.13638287677450495,-0.2699316212598319,0.011709838417018515,-0.3909795593228223
0.3287164336789552,1.118051847853502,0.06958980341283431,-0.079307773390569,0.996698164197183,-0.0018301398247078926,0.017311763457756844,0.30483583263306385,-0.14965301099245434,-0.05090367632125822,-0.2754285680652502,0.002215788796563764,0.24010261254682813,0.2955665230358183,0.16475434675132478,0.13659900999678834,-0.2701278407714881,0.011876463542495063,-0.39063411294689376
0.32872774386469444,1.1180551112183086,0.06958473626784294,-0.07926354235776237,0.9967014861486334,-0.0018833775529300985,0.017317368477859852,0.3048650122382443,-0.149768362655549,-0.05086061675667401,-0.27564499156473027,0.002305364926031223,0.24007485503314457,0.29553674069720837,0.16465295846973202,0.13660132701701913,-0.2702225002882575,0.011799655113091176,-0.3905063704001721
0.3287678105031152,1.1180512001241243,0.06958891052848859,-0.07917625746331733,0.9967082148362303,-0.0019117224127459507,0.01732628204474351,0.3048697679393281,-0.14982841709795852,-0.05071981103134067,-0.2758954017209171,0.0025054946327652547,0.23997863317549292,0.29548677406383733,0.16456923096100312,0.13634317897459847,-0.2703848354072091,0.011730140940139171,-0.39030602503953105
0.3287752007403267,1.1180426569641486,0.06957422743280799,-0.07911315037560368,0.9967134644777804,-0.0019346590805082828,0.01731000463863181,0.30473702703434624,-0.14989157779079984,-0.050696965873543234,-0.27599477592566146,0.002606020231515908,0.24003445725786723,0.29540069802333,0.16450830515648543,0.13638660819308895,-0.2704807589984623,0.01181443238721842,-0.39013115512995544
0.3287925324575029,1.1180484073582893,0.06957170444673735,-0.07906761020849523,0.9967187634130903,-0.0019029505734183259,0.01721622651200068,0.30470749354229276,-0.1498239266250671,-0.05074280159074205,-0.27605121880681865,0.002679798209591949,0.23989048259581175,0.2954558991106926,0.16453308822234666,0.1365110238710708,-0.27064515613219237,0.011822993586381914,-0.39000118002507184
0.32881663607064504,1.1180430016170164,0.06960464953323137,-0.07899511721684019,0.9967245543935711,-0.0019160603722692187,0.01721228739837986,0.3047086478215204,-0.14990525435722676,-0.050764779206891694,-0.276315277001853,0.002773632220621627,0.23975934525084264,0.2953827391015862,0.16447472574677888,0.13629382015348773,-0.27075782003765336,0.011843162626543077,-0.38993232520991367
0.3288345598944254,1.1180354797985956,0.0696015550117912,-0.0789294665488973,0.9967310402398916,-0.001955419417650462,0.0171332736950989,0.30459938386779195,-0.15003253392097943,-0.05066427544457215,-0.2764788026155385,0.0029613123270749928,0.2397792905344529,0.2953396817414449,0.16434877625198405,0.13628216073274912,-0.2709177591452472,0.011873469213918422,-0.3898818016469059
0.32888721329779286,1.1180347722716573,0.06962159205983212,-0.07884817852571277,0.9967382042378957,-0.001980737832585861,0.01708782120197022,0.3046128919260227,-0.1501106035873879,-0.05087957639282243,-0.27672898737694457,0.002849842956966702,0.23968226702643947,0.29533057676675645,0.1642585485074488,0.1364321416129095,-0.2711200768794615,0.011990424158505089,-0.38967996575003616
0.32889007819108723,1.1180269768694269,0.06964728869107947,-0.07878907322734482,0.9967437777196948,-0.0019964028063344133,0.017033434559206365,0.3045837963651909,-0.15018951652097198,-0.050916651611413136,-0.2769453163608723,0.0028988270255742303,0.23970880731262514,0.2952657391777753,0.1641836315730311,0.13622467328318866,-0.2711114472707252,0.011968350224533198,-0.3896380543949475
0.3288869332038418,1.1180206284143575,0.06969090953392666,-0.07873957414275388,0.9967485595964506,-0.002026964773782894,0.01697880502345798,0.304513256365673,-0.15032601251352729,-0.050973150514951375,-0.2771391744139153,0.002733393614683248,0.23989690985760534,0.29520352871229233,0.16403498411171988,0.13624429866900328,-0.27124218835712827,0.01214531871288268,-0.3894379103134805
0.3288992046898557,1.1180234931379855,0.06972859645503056,-0.07870824827572846,0.9967519375001038,-0.0020717500504119596,0.01692024216387264,0.30451414043326275,-0.1504876324704379,-0.05108935679954513,-0.27716357001456987,0.003096245931393876,0.23986273336986044,0.295167607127103,0.16387402341636298,0.13595113711815437,-0.2711856832558471,0.012067290142635497,-0.38933996567392165
0.3289150772028864,1.1180337112688097,0.0697782402060519,-0.0786616310733807,0.9967577590210862,-0.0020899636251392384,0.016791357306157877,0.30444568953889295,-0.15063131508823568,-0.051147754076853694,-0.277256396547131,0.003054570717327268,0.23983704197841632,0.2951602269970031,0.16378541805363836,0.13601167089049782,-0.27120887221441203,0.011830883553819428,-0.38935573448655436
0.3288818966046862,1.1180237646414979,0.06984733087418159,-0.0786586344759505,0.9967579756768213,-0.002135407019209279,0.01678681577566585,0.3043575181940413,-0.15082174340798454,-0.051156386805371566,-0.27726301073853293,0.0030575813870413466,0.23995657976825874,0.2950688264646509,0.16360797242029954,0.13580951393811364,-0.27109358221970364,0.011814361618088806,-0.3895439419545613
0.3288996500039867,1.1180119415108536,0.06988948090715912,-0.07857151125768459,0.9967662096762502,-0.0022359224109413382,0.0166925587402693,0.30427197558126257,-0.15107121172045146,-0.05121460409667226,-0.2775086374939681,0.002958265914694338,0.2401695962283344,0.2949666676953811,0.16336079911063453,0.13588534954679957,-0.2712213294601113,0.012094180387753792,-0.38956600254081597
0.32892361747891724,1.1180079574363575,0.0699438989898123,-0.07853482558355704,0.9967693001212125,-0.002263478788840615,0.016676935276030702,0.3041853370221828,-0.15122358727410373,-0.05133374650564722,-0.27745393238916194,0.0029578536272757915,0.2404190750673187,0.294911928464385,0.1632573648972456,0.1359599711238133,-0.27119035293579974,0.012181279844854611,-0.3895288783589917
0.32895781146725256,1.1180097321703142,0.07000832439819729,-0.07845208860862346,0.9967754564520739,-0.002343847511489354,0.016687288172352405,0.3041586673370195,-0.15141817980651076,-0.05136827755377879,-0.27754356279886866,0.003012244791701817,0.24037184268579906,0.2948310104135543,0.16306229784381518,0.13596021289869004,-0.27124992559204736,0.012134135536970495,-0.38959534853425404
0.3289538277423997,1.1180220313576257,0.07005898203949408,-0.07841769420377581,0.9967776804308491,-0.0024284050305633065,0.016704007892315825,0.30408161411386786,-0.1516605613778571,-0.0511995849406388,-0.27754514506617645,0.003336380672480181,0.24028783236290688,0.29474924871502667,0.16284787782192542,0.13608554319926777,-0.271381607536972,0.012196051672317182,-0.38959060113597294
0.3289741150418522,1.1179944207679284,0.07015413108623722,-0.07834599618536905,0.9967833400262128,-0.0024712911187035314,0.01669642620790175,0.3040186829652504,-0.15187617099110715,-0.05116995878289011,-0.27769853736863653,0.003724175414478658,0.24006033757090695,0.29464796411936367,0.1626464239258932,0.13637314842307918,-0.2714574059562719,0.012482815238653019,-0.3895191491248854
0.32900634533658807,1.1179854840266628,0.07022671845456517,-0.0782589147816259,0.9967898745196788,-0.0025431024998131607,0.016703919956727,0.3039723279750329,-0.15207694833564223,-0.05122170491968561,-0.2778960769017768,0.0032718714396618104,0.24003136531093025,0.29456700821104514,0.16246040311416016,0.13645584359921378,-0.2716262540549663,0.012610634717148114,-0.38937215594677693
0.32901702660449483,1.11800459665222,0.07030977951965257,-0.07822221655417724,0.9967923023147326,-0.0025767644758136537,0.016725763608344536,0.3039148962504734,-0.15226133392915225,-0.05132641443663542,-0.2778324477571551,0.003341336138117851,0.2401567086022879,0.29453795517966624,0.1623039228470885,0.13648157564354155,-0.2717427603300964,0.01261911075517361,-0.38927204884856464
0.3290317119623782,1.117990453685028,0.07041126994578213,-0.07814270055628406,0.996798950132066,-0.0026000801644994096,0.016697633021484026,0.3038261007931419,-0.1524213654220652,-0.05139907877529857,-0.27797836202829085,0.003380748288681777,0.2401775453335481,0.29446072188900485,0.1621319195396539,0.13646273044494603,-0.27190861062537136,0.012863523172438603,-0.3891464185739379
0.3290748776614963,1.1179920986473,0.07048375923325818,-0.0780626276359185,0.9968054305793266,-0.0026547934699519046,0.016676684495762907,0.3037505398680315,-0.15261661617971048,-0.05145613086026449,-0.27805189240531003,0.0031524919045772047,0.24025989294123465,0.29442396702263185,0.161959466816559,0.13663815722089906,-0.2720917869652183,0.012937750198064382,-0.38900699642620595
0.32911238568465223,1.1179885431673506,0.07060796322014448,-0.07799852234094527,0.9968116876215406,-0.0026529514902918915,0.016602764291384183,0.3036706232111136,-0.1527472170233884,-0.05172084615614473,-0.27809234538234273,0.00336278809262919,0.2401974304654827,0.29447702918589913,0.16186186200380798,0.1368211577157423,-0.27233245995671845,0.012948688128279592,-0.3887892503758191
0.32914406604752594,1.1179868689762567,0.07068733787079189,-0.07796493444558115,0.9968147067638966,-0.002667996628656078,0.016576826297344124,0.3035864619464011,-0.15288437670695257,-0.051722679940099395,-0.2780339148678804,0.0033725944869416047,0.2401146747610137,0.2945326313179836,0.1617375916597986,0.13670380855116485,-0.2725144251287027,0.013046809440310581,-0.38863486496715927
0.32916358021864317,1.11796967762746,0.07079492964790805,-0.07788458853795617,0.99682073898162,-0.002742344130461466,0.016579648762265014,0.3034981061413059,-0.153170652249093,-0.0517129945439947,-0.27819207424798664,0.0035336599909581326,0.240116872592101,0.2944438275914728,0.16147416286712402,0.13659251616552953,-0.27265315793231687,0.013251829997040972,-0.38853399373095093
0.32923718313950834,1.1179571837924331,0.07084541664684443,-0.07776893683752142,0.996829985047136,-0.0028328641011065,0.016551382270754086,0.3035507598532295,-0.1534330749349422,-0.05184065317433253,-0.27864817846925166,0.0037785201988449263,0.24006007290916995,0.294385890684316,0.1612109158439814,0.13661233478069879,-0.2728532899213148,0.013372290285431538,-0.3885058743059829
0.3292748123640587,1.1179555570793163,0.07094318641708192,-0.07768286320526531,0.9968369786561344,-0.0028928402325573673,0.01652398932855971,0.30356377216117997,-0.1536711082698208,-0.05195915414788048,-0.2789028868474311,0.003809317100131257,0.23995384220630014,0.2943239854141284,0.1609823870350187,0.13671090123420201,-0.2729997486601499,0.013351451662332231,-0.3883298991742188
0.3293308275789031,1.1179712845845833,0.07100727114340576,-0.07759223956273298,0.9968450483421498,-0.0029914102425919677,0.016445224843002346,0.30354732759221725,-0.1539575934367818,-0.0523101696564065,-0.2791377604497966,0.0035521949489498122,0.24004760037200087,0.29430539462483934,0.16080099290659347,0.1368900295846838,-0.2731644196400872,0.013478280480759518,-0.388313795442453
0.3294011798485731,1.1179603838817138,0.07109290474305192,-0.07748648322365814,0.9968548392434236,-0.00301992153395983,0.016344860615089142,0.30349634817783755,-0.15418730846311837,-0.05266220283315172,-0.279418899697537,0.003312941867161442,0.24016579474631072,0.2942551577383462,0.16063378658461358,0.13708941521158863,-0.27329539154534715,0.013673572998735355,-0.388386887027494
0.3294456553783456,1.1179558110975012,0.07117786644348721,-0.07736923766687427,0.9968648592915016,-0.0030955336255905383,0.01627485926680611,0.3033700594167551,-0.1544973651930937,-0.05280274902839285,-0.27967050994484904,0.003185753900961806,0.24050829912966323,0.29412270378398,0.16033653571876433,0.1367601170923274,-0.2734173033684449,0.01346424721093222,-0.3882343714666547
0.3295400842545742,1.1179446790995304,0.07129668055938981,-0.07718449828259757,0.9968812337164407,-0.003207332451492645,0.01612675129703408,0.3032616896904325,-0.15498258430052653,-0.052977698942286544,-0.2801415046231741,0.0033765606404295156,0.24086317419556078,0.2939718553768306,0.15991667675845797,0.13639322784949182,-0.2735661346253705,0.013340965935099695,-0.3879953035694746
0.3295940214663264,1.1179522794344083,0.0713997210436397,-0.07704646585422144,0.996894096136838,-0.0032855286946287914,0.015975246104143317,0.30313188276936665,-0.15533930778058613,-0.05332744743972193,-0.2803745479296682,0.0034150224762195284,0.24111017589081182,0.2938208688494547,0.1596320543038438,0.13628839077589863,-0.27364744770722366,0.013504225330851096,-0.38791791247942975
0.3296576150240116,1.1179663029279587,0.07149054355316542,-0.07693676219324032,0.9969048374917314,-0.0033293370564980987,0.015823878272079206,0.3030046184471751,-0.15556997450958732,-0.05364165188701292,-0.2805637322331284,0.0033381713267132936,0.241340266878426,0.2937493695119533,0.15942944183124566,0.13617300058035692,-0.2736991538121895,0.01357137709084431,-0.3878979664560137
0.32971042346042045,1.1179669637008534,0.07159452535871727,-0.07679567803176428,0.9969183684117304,-0.003400721937865208,0.015640513074586537,0.30279050866878043,-0.15590371163236114,-0.05359766221594349,-0.2807371833644198,0.0036099212028130037,0.24135520639358274,0.2936414952260157,0.15912296230328027,0.13600637902046536,-0.273830403067489,0.013660759721023076,-0.38789573356988666
0.3297512446793045,1.1179489662026065,0.07171703759332046,-0.07662328759774453,0.9969331540618341,-0.003488901095656901,0.01552371409106908,0.30275283230225336,-0.15627764272547423,-0.05393024249447547,-0.28138024764961034,0.0034497317049048066,0.24166764894704773,0.2933423384471449,0.15880472758392977,0.1360187155836881,-0.27379408786249987,0.01379003335609914,-0.38796474339503667
0.32982877809173566,1.1179509591499441,0.07178726530336604,-0.07649295658376319,0.9969438736011619,-0.0035424334143056807,0.015465821920939815,0.3025856194336372,-0.1565232930011632,-0.05402452748405695,-0.2814693110622975,0.0032828188881705712,0.2420039568075928,0.2932297108139246,0.15861413980212954,0.13554835578270755,-0.2739815904484344,0.013901527622961913,-0.38791045322748274
0.3299055115881396,1.1179486996562813,0.0718876022464124,-0.07633508145946068,0.9969588113778547,-0.003681699688150528,0.015248896420354329,0.302535070465626,-0.15701784400914828,-0.054290768623177804,-0.28204315229887145,0.0034897052625186345,0.2423862514071453,0.29307651477800334,0.15815842745589895,0.13546929246189549,-0.27403229781149835,0.013876083390216872,-0.3879493770227374
0.32999789502037224,1.1179313184338358,0.07196442848879624,-0.07620332321431621,0.9969703492994388,-0.0037280064189551885,0.015141932406060068,0.3024702667251874,-0.15723924418944188,-0.054330455272455155,-0.2823145919017566,0.0035744493037571452,0.24259290578914788,0.2930267774416287,0.15795818131776718,0.13545568076979067,-0.27419860874266605,0.014045158703243216,-0.38793429178788763
0.33008624837650913,1.1179275149089616,0.07207638350369243,-0.07603468089978431,0.9969850413864745,-0.003849802111860646,0.014991116562057729,0.3024556113454521,-0.15766170313654326,-0.05434805161618165,-0.28286548711665777,0.0036083519349945315,0.24279412912059395,0.29293840092190687,0.15758237601489936,0.13522804972002317,-0.2744453974325018,0.014019809009912405,-0.3878812341867686
0.3301861237714069,1.1179173684665482,0.07215839139513498,-0.07589739045379751,0.9969967788117708,-0.003918646623139033,0.014888027737061637,0.30246917926876776,-0.1579259987258775,-0.05455090138872108,-0.2833542107865423,0.0038821912095243225,0.24285868942988115,0.2929108262293574,0.15733348392612373,0.13510011349656875,-0.27467129822433983,0.01405233668512986,-0.3878597060069419
0.3302913717183448,1.1179231588196645,0.07227579818461337,-0.07576943288261188,0.9970072871444512,-0.003990798531186307,0.01481674554660563,0.3025486162019839,-0.1582202953830524,-0.05480062821313379,-0.2838005350695681,0.003975357966700196,0.24269253673288585,0.2928661700794912,0.1570317501214595,0.1349474172034754,-0.2748849531610288,0.014095582124110979,-0.3878098414153933
0.33039862337425574,1.11792392845438,0.07233594940106829,-0.0756674958175533,0.9970164635429849,-0.004014869964234539,0.014713338170203392,0.3025728734622686,-0.15834140673908223,-0.05491576610799131,-0.28403128395279187,0.003842427535549639,0.24243405061106002,0.29290244415920264,0.15691749503056884,0.13500120000841737,-0.27507883177687237,0.014075892935139904,-0.387782326398279
0.3305173123121077,1.1179170132686507,0.07241897033740033,-0.07553675163328254,0.9970278816937733,-0.00405035965079887,0.014601262432344459,0.302623700944677,-0.15855870043331977,-0.054866029214909434,-0.2845503549408351,0.0038362036611135795,0.24243403587793622,0.2928671992656718,0.15673720441535055,0.13464957894652482,-0.27530832995272014,0.014183217219846762,-0.3876242053090835
0.3306102826167772,1.1179102438655983,0.07254559326274554,-0.07539152692089361,0.9970399136994117,-0.004109940278884737,0.014513323179407175,0.3026138506293418,-0.1588508425211706,-0.055034631047780044,-0.28499653861812463,0.003895899026100816,0.2424349558255713,0.29280169924664806,0.1564618659904008,0.13456004069217264,-0.27546637267672014,0.01427540061912404,-0.387509142335954
0.33072097530634537,1.1179096136399862,0.07262498323156771,-0.07524698856750375,0.9970514745443995,-0.004185183423019553,0.014447562426804249,0.302625635812318,-0.15911234554338158,-0.055251938657547885,-0.28543548569367316,0.003673788630342258,0.24245486178937295,0.29273546009358753,0.15621989508749115,0.13444258891872696,-0.27569226159644755,0.014325069438279756,-0.38734950312140193
0.33083010527414575,1.1179240222781732,0.07270083118762742,-0.07516809666024837,0.9970581822681548,-0.004233678741348373,0.014381042414016257,0.3026945341265178,-0.15930809118352549,-0.05518772305331272,-0.2855987979527162,0.0036968711018918756,0.24237038962584406,0.29282214785776595,0.15603672416599748,0.1343279382238838,-0.2759469951725646,0.01431503422797369,-0.38729811662043456
0.3309343096849511,1.1179176925207785,0.07279319363131875,-0.07506240498268518,0.9970666616487137,-0.004276578079066959,0.014332427109121217,0.30264058447446957,-0.15950198540959173,-0.055434015057824595,-0.2858154383669602,0.0035576474496101596,0.24238609145412376,0.2928378892420185,0.15586180052879278,0.13448315318663948,-0.27620449101954453,0.014262372916543455,-0.3872286374083551
0.3310365673912664,1.1179157922873728,0.0728610832355226,-0.07498287928789599,0.9970731243668775,-0.004324896472259411,0.014284528325225447,0.3025658984950097,-0.1596771511579405,-0.05532312573088679,-0.2858411188792625,0.0037156420558370983,0.24232574738087778,0.29288901869110284,0.15568857633580824,0.13445403544877785,-0.27640656472281616,0.014335399364196,-0.3872012588229301
0.33113428296381625,1.1179087189306607,0.07294410196877749,-0.07488402303199002,0.9970807645458074,-0.004341215175028154,0.014264849038692998,0.3025556997791742,-0.1597607431110912,-0.05514062151505431,-0.2859629937775135,0.0036175444396288016,0.24224979028803192,0.29287729261950496,0.155591776001265,0.13455739701517855,-0.27654394149148065,0.014339009631450034,-0.3872172824509371
0.3312557373854147,1.1179036007766159,0.07299525006983178,-0.07483773679252982,0.9970840739617923,-0.004342138328885148,0.014276149279824684,0.3026551329412813,-0.1598068951031679,-0.05502042138007089,-0.2861248760203666,0.003403668446507491,0.2422333954582193,0.2929361767960789,0.15554735631835173,0.13458224148556566,-0.27664172206881316,0.014398823355755735,-0.38716971782217613
0.3313573585642752,1.1179117023174574,0.07305742605187929,-0.07481918325905111,0.9970854907126948,-0.004353406288851801,0.014271015393354796,0.30272518783368213,-0.15990499261848362,-0.05514508504020031,-0.28608573439713925,0.003316896956500981,0.24220572885410668,0.2929927971112676,0.15549398833369835,0.13464932517582928,-0.27662391405851183,0.014333951642444687,-0.3871660964424115
0.3314240477018058,1.117913287178118,0.0731512730992023,-0.0747838911166923,0.9970880305253021,-0.004413788517828985,0.014259995916575664,0.30265257438319854,-0.16009450181644463,-0.05520056818646171,-0.28597940934584315,0.0031680384031727575,0.2421289373093591,0.2930210165046126,0.15528226663021386,0.13456014854703396,-0.2767201214629391,0.014319938851682968,-0.38719905742959077
0.3315386783583019,1.1179275504415238,0.0732010924739029,-0.07476034304638937,0.9970908610946512,-0.004441721742757252,0.014176633488710438,0.30262337828285013,-0.16022907395964117,-0.05514847663780632,-0.2858402275625842,0.0030920732113048446,0.24205729808775842,0.29307053618482953,0.15513029999543632,0.13460534534439833,-0.2766581492178279,0.01417541710432304,-0.3872295220445625
0.33164262905330283,1.117931814609508,0.07325737908299362,-0.07476060131565156,0.9970908516589669,-0.004410350863356543,0.014185726424129805,0.3026702657606759,-0.16022883298779775,-0.055246674203474906,-0.2856646972623231,0.0029465738702481705,0.24194264710931365,0.293158687092008,0.1551559679005508,0.13481665460922723,-0.27664932314175084,0.014129830619601344,-0.38724638122151983
0.3317236792418761,1.1179428044802382,0.07329994903366226,-0.07478305349559397,0.9970886534081295,-0.0043887622927855615,0.014228524877002092,0.30257850929274627,-0.16018888001705875,-0.0554036587881409,-0.28521385863946286,0.0026107585867890548,0.2419997620990783,0.29319063105579807,0.15517954815924465,0.1349408276640317,-0.2764724227310818,0.014049437619950967,-0.387278257827912
0.3318037548357092,1.117947058181515,0.07333949029282126,-0.0747566996048369,0.9970899799993227,-0.0043950833794838395,0.014272031783514593,0.3025398623733605,-0.16023840449093535,-0.05526910989995901,-0.2851178314233028,0.0024576281694671798,0.24201607239062742,0.2932038140235576,0.15515322122880051,0.13452388983072833,-0.2763935926682277,0.013984097965692078,-0.3871996980147042
0.33192789175620246,1.117948161932266,0.07336336494956452,-0.07473988889400991,0.9970909767287381,-0.004368482612854306,0.014298583632762287,0.3025757663268927,-0.1601862439963925,-0.055081750557494105,-0.28494388082234806,0.0024247118476313106,0.2419500191339721,0.29326487385297567,0.15518725823928542,0.13437481749285204,-0.27639531035911036,0.013923581154261438,-0.3870976428945734
0.3320235560454835,1.1179533510276922,0.07341523257237072,-0.07471782384941182,0.9970925689255079,-0.00438516348813333,0.014297766745952562,0.3024542663797439,-0.16021756779951513,-0.055068678081942324,-0.2845546704887082,0.0021376046803304716,0.24180284800537047,0.29331009608665815,0.1551084472834417,0.13445526045027495,-0.27636632174061343,0.013850998839438305,-0.3870458281381626
0.3321411596139638,1.1179668904385975,0.07344549254999692,-0.07469407683904561,0.9970939333130145,-0.004403653464931077,0.014320994089283756,0.302425369550789,-0.1602627049060827,-0.05508285763752463,-0.2843428070011368,0.0017682341175573014,0.2418286240284693,0.2933733628148229,0.15503517073448353,0.13453591440297538,-0.2763989977401816,0.01373539042603025,-0.387020579639913
0.3322524692720145,1.1179489689675361,0.07345849089779374,-0.07465096855644819,0.9970963862328691,-0.004457198812922568,0.01435837155388012,0.3026182242158134,-0.1603893909613745,-0.055050944494876554,-0.2846632484520009,0.001764837729362163,0.241912028454292,0.2933987161209456,0.15494061710927057,0.13460479347339405,-0.27644143210907396,0.013694987391880672,-0.38700954758050393
0.3323571576984793,1.1179460606526153,0.07347550176796062,-0.07462763856515416,0.9970973585318095,-0.004477456610229843,0.014405747234362385,0.30268963023508283,-0.16043397597784825,-0.05504388998147701,-0.2846563636561251,0.00177051195991047,0.24197580842682342,0.29342412288996267,0.1548932954240745,0.13463745877482813,-0.27640237273032725,0.013688726150527474,-0.3868918304325973
0.3324762554609635,1.1179499114065228,0.07348704920103322,-0.07459933083364097,0.9970989213443625,-0.004502922110344154,0.01443622476792006,0.3027923230854872,-0.16049979771831596,-0.055042577399944614,-0.28468710874361336,0.0017221805933029012,0.24201516001477844,0.2935293744401683,0.15484405949705846,0.13462969228331562,-0.27651382467804614,0.01356936093502595,-0.38682156637123544
0.33258902532083695,1.117938796180465,0.0735061888571,-0.07454879988976906,0.9971022323024437,-0.004503930294110996,0.014468219807029802,0.30285076630937985,-0.160517033824032,-0.05499475147016978,-0.28477840030072016,0.0016770695995146408,0.24213289409550434,0.29355171149853365,0.15484331812856497,0.13469875866325193,-0.27656406505236736,0.013574732502318982,-0.3868109191246067
0.33275665610434674,1.1179485037672905,0.07348118611787392,-0.07450848288499838,0.9971055865882787,-0.004510338937506877,0.014442714955615278,0.3029378045394507,-0.16052131368924527,-0.05489534961868668,-0.2847760985044858,0.001449774658723394,0.2422605697043766,0.29372533642271625,0.15485101889585412,0.1347508127951137,-0.2767623154110844,0.013587106670621098,-0.3867428842050846
0.3328544214576967,1.1179414517256518,0.0735140447130466,-0.07442800719564427,0.9971115836782892,-0.004507221291606679,0.014444597456745626,0.30287120013766733,-0.16054878913345386,-0.0548869682181552,-0.2848165443014877,0.0014490322773571544,0.24227184807128072,0.29373332833529764,0.1548215472291937,0.13474151857533412,-0.27689203511562105,0.013472559615357458,-0.38668179925193324
0.33299938222332487,1.1179475664798275,0.07347597684163416,-0.07432930454718466,0.9971195805941273,-0.0045164315547117,0.014397858428770558,0.3029339834639205,-0.1605460133187976,-0.05499573737681923,-0.2850749090325315,0.0013869331113801106,0.24220539092133747,0.2937521967700126,0.154829783043633,0.13463291217294343,-0.2770404809807409,0.013360658444293908,-0.38659294880113665
0.33312486474961106,1.1179474775260407,0.0734729419157048,-0.07425594583552123,0.9971254247610803,-0.004502024478255286,0.014376146170114876,0.30294210291206897,-0.1605597152627702,-0.05472520781900076,-0.28519019564392123,0.001530802748534333,0.24228563486958574,0.29380888786537224,0.15486323672815383,0.1344841692551137,-0.2771674640488385,0.01331449059469145,-0.38652997963460156
0.33328584167714836,1.1179483178895389,0.0734441938221321,-0.07417120035775969,0.9971315585349131,-0.004491548956402918,0.014391455770578643,0.30301266382373165,-0.16047701644827736,-0.05484676430917595,-0.28533569623464305,0.0016955724979540046,0.24205806068496302,0.29388331540669466,0.15492180915296674,0.13442075703806874,-0.27735196318822064,0.013289129798672307,-0.3864035043533337
0.33340307273106695,1.117941064560866,0.0734361372739393,-0.07410103091707172,0.9971363173105013,-0.004450309866192478,0.014435950248365506,0.30303493971134143,-0.16040398825164084,-0.05510283995159636,-0.2853599544381922,0.0014362718550453705,0.2419973958033901,0.29391401283655094,0.1550398319046321,0.1344366737498556,-0.27753580725725385,0.013301153812522476,-0.38632540220833267
0.3335521601213804,1.1179380374030465,0.07341362350386109,-0.07399823611650905,0.9971440486960853,-0.0044339626595246455,0.014434236272082544,0.30302356868723573,-0.16034868316757472,-0.05509465335194968,-0.2855015061429537,0.0013544133229398806,0.24189907747215153,0.2939536205134897,0.15511138232108732,0.13440221716752587,-0.2777264323048545,0.013177227913530806,-0.386301528021671
0.33367850447208763,1.1179291829111002,0.073389072234448,-0.07390051941235574,0.997151438453299,-0.0044257387580041085,0.014426879688500947,0.302948779989985,-0.1603332976205229,-0.05506601306907932,-0.28558984384184105,0.0012695929551264664,0.24208977588966807,0.29397733871550813,0.155149899784245,0.13433212938773537,-0.2779257713392932,0.013099809137177962,-0.38625125060912635
0.33379830519611015,1.1179286133270259,0.07338291644271057,-0.0738285475637973,0.9971568495091264,-0.004359173330027175,0.014441629047046788,0.3029304903643838,-0.16018565256900297,-0.0551194685551616,-0.28553806218430033,0.0016028051070063872,0.24185507528875333,0.2940306212088328,0.15530953885743873,0.13440915426354866,-0.2780959997207433,0.013116086725097302,-0.3861356899410685
0.3338975393588596,1.1179291007387366,0.07335695940413357,-0.0737674657572742,0.9971613796449175,-0.004326959406822035,0.014450652673351622,0.30291434346136475,-0.16010425219837054,-0.055006343544975946,-0.2855872759505087,0.001576503567205177,0.2416972368903503,0.2940781640175937,0.15539433782465495,0.13432654726132554,-0.27826139480440387,0.013115110092835084,-0.3860528298179808
0.33404257966742296,1.1179220364863693,0.07331719335724189,-0.07365206051713177,0.997170209499139,-0.00429155015237582,0.014440563227018203,0.3028360089302518,-0.15999724727569578,-0.05487780604957363,-0.28566487206430974,0.0016416546890294632,0.2418313617999581,0.29410783294057513,0.15551504797192958,0.13423802903628765,-0.27850071404592225,0.013061834439226368,-0.38595994381697174
0.33410283874849134,1.1179271200530874,0.07333309787349766,-0.07359661726326146,0.9971727990230653,-0.0042433178253870685,0.014558195964582217,0.3029055849749167,-0.15985548406837807,-0.05500040216591992,-0.2857477738798259,0.0015124447659154087,0.24165558089407654,0.2940740349191718,0.1556314726435652,0.13437027457526116,-0.2786173717687472,0.012998882091479298,-0.385860285019747
0.33422183167381275,1.1179142752310387,0.07329819955218933,-0.07354832992295561,0.9971760644503365,-0.004190806389261642,0.01459372449685605,0.30285950929932914,-0.1597435072007445,-0.05491899323503708,-0.2857603801591863,0.0013608768472483828,0.2418850386827099,0.2941322565180691,0.15580102690552175,0.1342807106752276,-0.2787241056730022,0.013046051159188561,-0.3857708831429032
0.33431699601618997,1.1179154170675767,0.0732876721822111,-0.07349299620239513,0.99717977038923,-0.004156145272862927,0.01462913162659141,0.30287209833098916,-0.15965901477552258,-0.05487423946542174,-0.2857667840023846,0.0014867943426142608,0.24184207263457458,0.29418643606692085,0.15589729127616478,0.1344190745915277,-0.2789063257057388,0.013010605360246091,-0.38562155622013844
0.3344291298307957,1.117913675238204,0.07325719643829756,-0.07343245661417507,0.9971832007093854,-0.004128027765192631,0.01470707059079399,0.30290031636651227,-0.15954306601479243,-0.055025011216322604,-0.2857838520166715,0.001053002886450039,0.24200893627434672,0.29422456252842577,0.15599984608606618,0.1344509825190338,-0.2790677613069581,0.012947730485859562,-0.38553617362174303
0.3345504613046176,1.1178892594075616,0.07321028318446007,-0.07332092360683153,0.9971910664001563,-0.004115742407881423,0.014733632192778323,0.3028157449036181,-0.15949957260206965,-0.0548771582176747,-0.28587731575019243,0.0010818488000345777,0.24227161488235074,0.2942227097391089,0.15610276370794698,0.1344577139523634,-0.279312886042292,0.012892988001085159,-0.38548404841783607
0.3346294306841722,1.1178906934278545,0.07318492876940716,-0.07324922444097016,0.9971948042718595,-0.004083153600853567,0.014845918923252667,0.30275215955174717,-0.15939798475181957,-0.054854880600759985,-0.2858399668303089,0.0009965141557276309,0.24256708816982733,0.29421524517199443,0.15623568902200743,0.1345991516810375,-0.2795153753358305,0.012915598403326827,-0.3853744878992264
0.33473499506330884,1.1178996411673447,0.07316328488405487,-0.07320916846722991,0.9971958712672416,-0.004010097825481386,0.014991033831382132,0.302857756714718,-0.15914395425417555,-0.05481314986035659,-0.2857690414670084,0.0009789748615951516,0.2425662082211406,0.29423636082740673,0.15644821263563655,0.13471954408006795,-0.27968808282609636,0.013020252502514592,-0.38528006048896407
0.33487030323717815,1.1178920495941698,0.07313337832875064,-0.07312176313470979,0.9972004551842637,-0.003946137329269416,0.015129042816619568,0.3028543853628697,-0.1589423896042923,-0.05459404763725687,-0.2857449424391864,0.0011244140506756458,0.2424034277292898,0.29426181753212927,0.15666289693269303,0.13485786681126608,-0.27987391453242894,0.012960280559361595,-0.3851622617316389
0.33496028940723743,1.1178874620417496,0.07308863016910998,-0.07305244324819932,0.9972041650924864,-0.003910852823157,0.015228226681435624,0.30281640553991973,-0.15881767582336032,-0.0543830050293645,-0.28577191334340446,0.0010085420176700935,0.24256074851448256,0.29425965611474275,0.1568089000259019,0.13514227501427759,-0.28011196830433566,0.01291568275800835,-0.3851597451979447
0.33505783352817065,1.117881611443729,0.07307758832254366,-0.07300159043511571,0.9972058487593748,-0.0038270818773737288,0.015382341770437012,0.3027938926836473,-0.15856772257384505,-0.054055279832216176,-0.28563137811153416,0.001078182939778927,0.2425365451712035,0.2942837267761993,0.15705621582383336,0.13531190690489642,-0.2803318581094413,0.012860362939584974,-0.38515962692625205
0.3351726167462772,1.1178845021268946,0.07303429367549433,-0.07291597718468151,0.9972105765829734,-0.0037864616437916754,0.015491576113383287,0.3027449702872349,-0.15839682692705942,-0.053900166373122706,-0.2856600274449115,0.0007161437456005876,0.24277358860083947,0.2943242931553656,0.15723472731385174,0.13542565643670043,-0.28059094108455884,0.012838523725760645,-0.3851355273468277
0.3353049915275811,1.1178772737200848,0.07301716584362075,-0.07280100219233823,0.9972182246837121,-0.0036975255799030857,0.01556132202104617,0.30270040741043175,-0.15817916895458614,-0.053661060823533585,-0.28568555267027024,0.0006652734118963768,0.24282735655900098,0.2943249374301173,0.157476571599623,0.13561147090931303,-0.2808407955097943,0.012852443627702805,-0.3850037578813972
0.33543732540784266,1.117873328107571,0.07300015692528301,-0.07267711901943635,0.997225670229076,-0.0036371922548822317,0.015677048182158766,0.30265221161926126,-0.15800596911973958,-0.053620580273219004,-0.2857469032339877,0.0007963945342705767,0.2427017165721124,0.29428750875115506,0.15766621728898692,0.13571669804258185,-0.2811353972331435,0.012880035793934583,-0.3848608787281467
0.3355635095088057,1.1178705267808677,0.07297217327627029,-0.07256389736877669,0.9972335363426786,-0.003567746061448112,0.015717060163084686,0.30258038729972336,-0.1578162023697282,-0.05360385327406086,-0.2857993719891654,0.0007772811984331411,0.24257222906653197,0.2942723004621497,0.15786712265976766,0.1357430115144307,-0.2813382975628117,0.012873897340914311,-0.384830650170555
0.33567880070247946,1.1178710331533628,0.07295275676727647,-0.07247358964083739,0.997239218304131,-0.003465956690849349,0.015795804030013957,0.3024536043745473,-0.15754064629250378,-0.05346307998154902,-0.28565934968951956,0.0006486415356467409,0.2424768259109721,0.29426614871961315,0.15812560788637833,0.1357221458404387,-0.28151302622246444,0.012904610084136,-0.384733975876853
0.3358124701834606,1.1178572312231259,0.0729418827582655,-0.07234622408204276,0.9972488653101699,-0.0034441993944413414,0.015775360191794992,0.30232345725488036,-0.1575228332846522,-0.05328364517203686,-0.2858540348492628,0.00044243612906274036,0.2427438575693032,0.29428431575285086,0.15818966241243773,0.1356975323331038,-0.28181767660729795,0.01301210164767863,-0.38465524077852736
0.33594384128740357,1.1178730881671677,0.07292031214937347,-0.0722504137492714,0.9972555494756176,-0.0033617867966113423,0.015809653464811772,0.3022657735607794,-0.15729873144382947,-0.05343022976166049,-0.2857325563205425,0.00037778683771688367,0.24267600282529284,0.29428242423235595,0.15840531732628008,0.13577287704920962,-0.2820227773918971,0.01302642635616838,-0.38460479551506943
0.33605830288460126,1.1178635148755514,0.07290835701304459,-0.07216865403046036,0.9972614223853492,-0.0032879209989070475,0.01582815127823689,0.302279675531031,-0.1571484724587974,-0.05343110503990484,-0.28591530641981616,0.00018670665331231744,0.24284002378049468,0.2942983520930022,0.1585928108192622,0.13579727356302665,-0.28212360791641317,0.013035699535882428,-0.384462707289805
0.33619324725219496,1.1178719089761553,0.07287237721576446,-0.07208633287247264,0.9972676452306766,-0.0032191701722079674,0.01582533830484598,0.30219468392408844,-0.1569657740911828,-0.05347205647167285,-0.2858267873306434,8.502305097882865e-05,0.2429176685170134,0.2943619859168518,0.15878999582368739,0.13560278617951027,-0.2822885439329666,0.012914807475976276,-0.38434904550030974
0.3363192940623657,1.117868889043444,0.07286398290793958,-0.07201421102569663,0.9972736782254591,-0.0031526802257571904,0.015786853277455923,0.3021462756043375,-0.15681565578812376,-0.053431301418709436,-0.2857560094322463,0.00018472412226578028,0.24273792030894767,0.29446464301652814,0.1589421858368691,0.1354488841780893,-0.28248458960345,0.01283383160521639,-0.38426500398346775
0.33646417585456667,1.1178569642219247,0.07285147374390605,-0.07191385874288037,0.9972813769165397,-0.003093068082209845,0.015769752883242602,0.3020422982853059,-0.15670256256583698,-0.05331644420799183,-0.2857872711917225,4.717393287909024e-05,0.24289122387941137,0.2944796615348758,0.15908144744559713,0.13536158667174014,-0.282659850753981,0.012741963134794072,-0.384222881257415
0.3365682470927611,1.1178634550227529,0.07283732386736975,-0.07184243631209644,0.9972873226661039,-0.003019735542454621,0.015733454530731966,0.3020240888535734,-0.1565458722259199,-0.05336008062137855,-0.2858077611352883,0.0001274443124195971,0.24281064937153465,0.2945750238416331,0.15924497414040226,0.13535249030729066,-0.28288557452329993,0.012701821763509721,-0.38425527219648414
0.3367181489226107,1.1178619313885583,0.07284686776094289,-0.07177051689047906,0.9972932482317988,-0.002967136931049166,0.015696051572728128,0.3019548235744576,-0.15645313118535562,-0.053374466905510266,-0.28577293858810926,1.8878547592339397e-05,0.24275376301478158,0.2946789219361561,0.15935877194080908,0.1354105464100829,-0.28308214771902396,0.012732452279450327,-0.38427089560414857
0.3368738842760575,1.117859655103402,0.07282999979398119,-0.07166779151305577,0.9973013757299272,-0.0029079845004711564,0.015660052777078694,0.30187988069426624,-0.1563374026327465,-0.05341329949523153,-0.2857761747486258,9.604765455767267e-05,0.242629496351594,0.2947487295826429,0.15951952789078427,0.13532840392347453,-0.28331714449436857,0.012715978226175458,-0.38424678054155675
0.3370078233056469,1.1178547771740475,0.07279674516898033,-0.07163182940090783,0.9973042828990338,-0.002867902626315031,0.01564683554106325,0.3019058478205056,-0.1562252584757874,-0.053375673367370126,-0.2857264883379877,6.065845954964151e-05,0.24262548465689313,0.29493928806040964,0.15965817857853828,0.13521774443418216,-0.28357849949671987,0.01262107333449551,-0.38416509356236184
0.33714191741841243,1.1178481537965383,0.07278473111376633,-0.07161997927247693,0.9973059534959979,-0.0027765480835349058,0.015611036838985315,0.3019316208101732,-0.15602570752016656,-0.053481319873832485,-0.2856145971342608,-0.00028952325492734646,0.24278251389407776,0.29514997467880344,0.15985698037908533,0.13507406169888767,-0.2837480099329626,0.012600259401292013,-0.384126157148776
0.3372953930427796,1.1178425021174483,0.07275736154251353,-0.07157175872957056,0.9973099433047283,-0.0026721564540666673,0.015595509538343507,0.3019446383259935,-0.15577934005707364,-0.05354732940046284,-0.2855765347538511,-0.000600287289302989,0.24278884144055943,0.2953436780884151,0.160121278455765,0.13488232019816707,-0.2840004467568614,0.012518890413208916,-0.38405588597811857
0.3374300599260094,1.1178461899973726,0.07274505285395941,-0.07156551209865553,0.9973111593556973,-0.002578629948293479,0.015562119721998521,0.30193920804521784,-0.15557183378455144,-0.053583874661966784,-0.2853806393208296,-0.0008960538761064684,0.24290891418478175,0.29561424787548274,0.16032895423224647,0.13479264543850303,-0.28424929879189853,0.012405270001460918,-0.38395940105957677
0.3375808261382379,1.1178429108721213,0.07273508024818509,-0.07151939320953712,0.9973151891335349,-0.0024889572097677418,0.01553045429113243,0.30192996206411804,-0.15537704523080131,-0.053614868119904825,-0.28526052951266273,-0.0010514661493823832,0.24273394221090835,0.29583854507384316,0.1605332657373038,0.13494380284344046,-0.28455833862350133,0.012418880752952985,-0.38401092998981295
0.3376976851834804,1.1178379279361144,0.07273609953614617,-0.071490737435277,0.9973172501734127,-0.002396081652849666,0.015544637667554633,0.3019055279997572,-0.15517939898308084,-0.05365429505764012,-0.2850869606273255,-0.0009022524415372917,0.2426209324436988,0.2960198591636048,0.1607661336698618,0.13491871860541835,-0.2847619340864926,0.012336881360979867,-0.38401884419478216
0.3378422422936338,1.1178309608980141,0.07271725821178661,-0.07142348457855315,0.9973216756386886,-0.00232455390166318,0.015580680378399,0.30192228414871214,-0.15500231277111742,-0.05364570187838636,-0.2851327478930357,-0.0010467754140999397,0.2426304975788685,0.2961439232898528,0.16096320179609014,0.13477858280007923,-0.28504240237948825,0.012297841537203393,-0.3839417879569701
0.3379843779701367,1.1178264745277153,0.07264678607372414,-0.07138902272524082,0.9973237810316966,-0.0021804282122683603,0.015624626580715893,0.30179257403432014,-0.15463166750962748,-0.053652317826371754,-0.28479604881292253,-0.001227545267652966,0.24271590123452513,0.296362100728134,0.16136613269716465,0.13477884765255424,-0.2853924235552566,0.012385089490824994,-0.38388058561831273
0.33811857760419833,1.1178383884081613,0.07262809523406621,-0.07130194620946666,0.9973293172005288,-0.002091658742051303,0.015680895471122367,0.3016825851480744,-0.15441574016313955,-0.05360388570823109,-0.28460562505599235,-0.0012832303663509006,0.24273044826055482,0.2964406691912271,0.16162475433127985,0.13475688496231403,-0.2856922298909232,0.012369072144944667,-0.3838038263419676
0.33824874063143007,1.1178323833672257,0.07263718793001206,-0.07125332724175411,0.9973328655763164,-0.001970380753257086,0.01569191505202345,0.3016815914948874,-0.15415194915257974,-0.05348593435078583,-0.2845093918767267,-0.0014871022779641106,0.24279036352446517,0.2966357777711466,0.16188660212797462,0.13469744316622512,-0.2859440900967092,0.012274501199309116,-0.38371515991646077
0.33839227157294494,1.1178311660906126,0.07261946922072579,-0.07116563466804841,0.9973379894857239,-0.001891811826484857,0.015773655850209685,0.3016768752811578,-0.1539881157563705,-0.05357027222648139,-0.28447217630453303,-0.0017122293723685295,0.24300517014794792,0.2966961872601426,0.1621247771813584,0.1346867953243854,-0.2861810903789456,0.01218199559936735,-0.38376126154858875
0.338516524573957,1.117821946848679,0.07262188950690471,-0.07109450662869377,0.9973424296404527,-0.0017986472365209697,0.015824475796046157,0.3015822543858627,-0.153752529900187,-0.05355401736297467,-0.28437888548354096,-0.0017967863628563284,0.24321267584235673,0.29678887002892806,0.16230433004742456,0.13457736954022603,-0.2865139313769015,0.012228731973865151,-0.38357018243578145
0.33864045265473786,1.1178146296138785,0.07262065478891275,-0.0710378345280134,0.9973463064682007,-0.0016871107070967005,0.015846914440054365,0.30152724526111324,-0.15350360703082078,-0.05349659688963502,-0.28428234688866133,-0.0018791268376458314,0.24333183145376583,0.2969313297161075,0.16256792485178467,0.13462167484633253,-0.2867311650612615,0.01236069812510577,-0.3834736370541034
0.3387875415126735,1.117800951411227,0.07258965206696345,-0.07092196480068005,0.9973538782367343,-0.0016048595178944937,0.015897826923331457,0.30142357887934373,-0.15327298864635924,-0.05343751151201083,-0.28429717926301395,-0.0021694599801556514,0.24353899863221276,0.29698310156077856,0.1628018016190047,0.13472721041537128,-0.2871409340341006,0.012499097826138828,-0.3833122879075895
0.338925876439876,1.117806635113624,0.07259148576261083,-0.07081435701003179,0.997360445743215,-0.001541202306183892,0.015971624951847462,0.3013727588981778,-0.15312893542950506,-0.05332722223822095,-0.284258541073063,-0.0021934092544620047,0.24347899643900234,0.2970360345936799,0.16298407458713512,0.13455706762115405,-0.2874325216967663,0.01239308637042012,-0.3831743872038599
0.33905460179519525,1.117801502343245,0.07261281070451325,-0.07070558218079405,0.9973671529564372,-0.0015228951459957537,0.016036322596531528,0.30146078268204884,-0.15308486892236617,-0.05321784135826488,-0.28458788147569314,-0.002108224539370677,0.2434629488241388,0.29702315072372953,0.16302555759361811,0.13465084190019938,-0.2876465015271239,0.0123426301751683,-0.38308357359156303
0.33919592035686297,1.1177995012655288,0.07257914162171149,-0.07061906514308866,0.9973730235130047,-0.0014696343071335255,0.016057390256412417,0.3013622439897441,-0.15294685108047001,-0.05314663481844117,-0.2843990093048638,-0.002131523039772899,0.2433529037504739,0.2971013551499919,0.16319455870449032,0.13466392949487457,-0.2879102480913881,0.012272329415436968,-0.38305049954080267
0.33930315143291667,1.1177880876267745,0.072608132490815,-0.07050604212553208,0.997380068625761,-0.0014391370701152982,0.01611910718241475,0.3012523625088049,-0.15287575309387116,-0.05311030071893684,-0.28445271163771174,-0.0023904491754356354,0.24345356203798016,0.2970811088637556,0.16325467361587276,0.13482432438132413,-0.2882010920927169,0.01236058441901956,-0.38291485155841654
0.33946084742823684,1.1177914361305286,0.07258636137697835,-0.0703720649719721,0.9973892556969672,-0.001382760787522309,0.016141036659226116,0.3011394813856671,-0.1527301397245137,-0.053107285267506174,-0.2844425695209012,-0.0025159543166769593,0.2436540368389974,0.29714069378746116,0.1634191472826466,0.13478946961593793,-0.28857115125474475,0.012404706143565014,-0.3828322816823941
0.3396217487772039,1.1177880252765868,0.07256865096976449,-0.0702502258046713,0.9973986579999098,-0.0013302945499425128,0.016095126926554734,0.30106498086544026,-0.15262471641348346,-0.05316239880261529,-0.284555190058644,-0.002613020674879794,0.2436898078912234,0.297186637126468,0.1635618030498431,0.1345641535287477,-0.28880191907363556,0.012319877373354129,-0.38273091261006953
0.339767969220509,1.1177980643077798,0.07257731833479088,-0.0701252911574275,0.9974077371693141,-0.001267892206945311,0.016082345109657326,0.3010068386418114,-0.15252403413521207,-0.05322346127689832,-0.28465271406571363,-0.0023768052734578398,0.243618956138689,0.2972274634784338,0.16367495626855105,0.13455929582893533,-0.28915369082519815,0.01232176910460511,-0.38257771658891343
0.33990023214511306,1.117788233619283,0.0726030502554763,-0.07001088396308286,0.9974157991287498,-0.0012622258469331352,0.01608124873809034,0.30100510453894247,-0.1525250517352007,-0.0532091130903936,-0.2848655752839669,-0.0026063053786077985,0.24360405558221793,0.29722482137872547,0.16367799259717025,0.13444728339830642,-0.2893483950753412,0.012394630703120324,-0.3825188020069505
0.34001863293077395,1.1177760264307905,0.07263260700323758,-0.06991838074251829,0.9974221696211778,-0.001239552192514837,0.01609034160261163,0.30098214885893215,-0.15251066924702178,-0.05318664106825714,-0.28499779737805186,-0.002716829428140935,0.24368725431208116,0.2972798459922174,0.16371059895849954,0.1344448057216358,-0.2896242807403676,0.01241478688062135,-0.38239032137162066
0.34014700032346046,1.1177781376262685,0.07261186429488695,-0.06983045042839214,0.9974285924368392,-0.0012302779805894578,0.016074750340950964,0.30081829418263223,-0.15246252329367915,-0.053229849795451034,-0.28478936949059935,-0.002898419157186842,0.24363961529792424,0.29730236838631074,0.16376942968966812,0.13445053964475484,-0.2897597897701335,0.012488355044762457,-0.38234297842007114
0.3402673559680963,1.1177689824022745,0.07264267140264556,-0.06973672784739306,0.9974350984795273,-0.001183280667613707,0.016081447606983223,0.30074564296695455,-0.15241859549078252,-0.053108576998104465,-0.28482741099480874,-0.002685018385554395,0.24359932950380295,0.2973158062535293,0.16384733055616219,0.1342611028769933,-0.2898924562641049,0.012499380117366543,-0.38219223517221684
0.3404043511003168,1.1177685867362326,0.07265891183397438,-0.06962668056071218,0.997443434984233,-0.001164606737294774,0.01604253882956193,0.3006384560538317,-0.1523966158702247,-0.053120179744225136,-0.28486925324334456,-0.0027252946533075687,0.2436327465929597,0.29730834446653753,0.16386194482492797,0.1343891052393182,-0.29007277970721984,0.012494624230557017,-0.38214584303778615
0.3405343609574008,1.1177715322872388,0.07267403504413077,-0.06950407309161225,0.9974510868033671,-0.0011560458156243392,0.0160989694244578,0.3005559041506076,-0.15234720389580006,-0.053045823867533266,-0.2848641060008039,-0.003096303046694804,0.24376880337508033,0.29723087818729343,0.16391924459885962,0.13450076186824142,-0.29022627338993584,0.012357400403738351,-0.3821588548192657
0.3406459940576419,1.1177772153711079,0.07269545671250795,-0.06940504581918876,0.9974569091927857,-0.0011496868645767707,0.016165770582450695,0.3005166592306693,-0.1523475945632694,-0.05301421631396161,-0.2849207259861125,-0.0031665528455155152,0.24388688078640033,0.2971392010958305,0.1639177903208184,0.1345654860154352,-0.2902802726278115,0.01231938935667055,-0.38208185865543315
0.34077146201570646,1.1177824959825786,0.07271742903129158,-0.06930300250822528,0.997463521093926,-0.0011297624613880763,0.016196961660534137,0.30045807241367406,-0.15233580321382723,-0.05300896589750293,-0.2849375150952371,-0.003138525925425649,0.24379791289785382,0.2970755660773721,0.16394703197248678,0.1346619809288863,-0.290399207167693,0.012292846841875179,-0.38205070447609313
0.3408953739848731,1.1177822154432895,0.0727345904834001,-0.06922191627325561,0.9974694105272689,-0.0011167240982079304,0.016181912653622177,0.30041990808938557,-0.15232238765510664,-0.052951506191793216,-0.2849552965546008,-0.0031194608605592594,0.24367392860759723,0.29708560672041706,0.16397660945095627,0.13463854438180284,-0.290472593712039,0.012213808657164992,-0.3819957653339793
0.34103715315583827,1.1177860288413575,0.07274235026594787,-0.06914678532055787,0.9974736916654059,-0.0011140261333536306,0.016239318366040527,0.300410004258987,-0.1522871866783759,-0.053094050744239334,-0.28498046439765656,-0.003239900462286968,0.2435448851088462,0.29712117798171145,0.16401015672831762,0.13484925727624864,-0.2906132963087527,0.012084458322365982,-0.3820777951058891
0.34117978445341207,1.1177796032714074,0.07277152731196834,-0.06908521110516043,0.9974779850382168,-0.0011068960745028507,0.016238157276440183,0.30044107029936495,-0.15230983339876128,-0.05298713332306344,-0.28498053211578817,-0.0034235982416515737,0.24355591865408044,0.29721265399887015,0.16404141291393493,0.1348831265182068,-0.2907132538452943,0.011970913785073246,-0.38214631475213084
0.3412893901427218,1.1177790002025143,0.07281489519454229,-0.06903819699085974,0.997480240183041,-0.0010986456157845046,0.016300023878655066,0.30056834873597316,-0.15228051971228468,-0.05287366798249874,-0.28514419365122956,-0.00370471842446075,0.24364889977942486,0.2971665415275129,0.16401674942022323,0.13492531538053712,-0.2907088069371858,0.011945217367578231,-0.38202704654548664
0.3414241654490841,1.1177999900512479,0.07282533119784104,-0.06898859495353254,0.997483344968408,-0.0011006798541026823,0.016319889118257488,0.30060677956019016,-0.15229345208077713,-0.05271940277603091,-0.28508650365988064,-0.0039926059819582905,0.2438652425399974,0.2971931901234391,0.16401060832342804,0.13487604058367383,-0.2906805167241151,0.011812290431872086,-0.38194215148611016
0.34152952704086936,1.1177980703635868,0.07284972618183905,-0.06893271820384358,0.9974863561649054,-0.001139519748444198,0.01636921258434778,0.30063351668248117,-0.15239365297577637,-0.052903782902557143,-0.28513233917554637,-0.004162722555596036,0.2439719216804545,0.2971629065296729,0.1639249328450752,0.13491681670444305,-0.290701282508469,0.011788423016042545,-0.38182782191923004
0.3416523385682063,1.1177926568391532,0.07285938323685598,-0.06885021222341513,0.9974918422732107,-0.0011476375152827507,0.016381569012767213,0.30058555952821525,-0.15239984995660924,-0.052938022340571086,-0.2851892510144929,-0.004203497771846993,0.2439125619823113,0.2971024662148,0.1638927362764995,0.13523606208457528,-0.2907340173404522,0.011811136546415489,-0.3817686809069683
0.3417751349225444,1.1178070131325968,0.07287816196620217,-0.06880822047965186,0.9974943671145743,-0.0011308091908625573,0.016405414950324864,0.3005919378520528,-0.152380505583044,-0.052816621639054755,-0.28503278077358774,-0.00422533354260145,0.24378115033692085,0.29713115504326926,0.16393971687561207,0.1353223737879072,-0.29077085050618917,0.011721896663591327,-0.38180199081658533
0.34188690045138925,1.1178102287629734,0.07289429822718065,-0.06876021487434257,0.9974973514923728,-0.0011258010119265163,0.016425565080609203,0.3006015365198416,-0.15235693758996857,-0.05262354058035652,-0.28501038575689497,-0.004274791674539313,0.24365295630876674,0.2971393714701531,0.16398296141742869,0.13533380955616103,-0.2907210140373812,0.011601370013462065,-0.3818458941149718
0.34198353556602984,1.1178200318734837,0.07291213072721686,-0.06871969292865247,0.9974991845357079,-0.0011216655302450917,0.016484008032868036,0.3005797056981123,-0.15235311827309667,-0.05254444037785714,-0.28486566419224807,-0.004432780933887752,0.24355322880544683,0.29709348297571764,0.16399484227285985,0.13540552097818423,-0.29068805131110936,0.01164163123783181,-0.38186446037901384
0.34208886537715494,1.1178165745227338,0.07295534763840165,-0.06865687934417244,0.9975037400058752,-0.0011309372291752997,0.01646944364557265,0.3005694845745364,-0.15242273472857726,-0.05260083710463825,-0.28490343702923177,-0.004616585833714571,0.24366733878169033,0.2970902115776343,0.1639419260548446,0.13557879343948206,-0.29071246448094257,0.011581304690534347,-0.38191418239587654
0.34218156724068655,1.1178247517129403,0.07298306449978842,-0.06860264514290089,0.9975072357027388,-0.0011528342783945842,0.016482195642706927,0.3004745161230362,-0.1524727722764423,-0.05268202320524403,-0.2848193607583791,-0.004653057546401969,0.2436166423697732,0.29705607100413123,0.1638877438607671,0.1357548627263453,-0.29074788160480963,0.01150143343425546,-0.38197073699530815
0.3422523491231344,1.117837710128845,0.07300999645911493,-0.06854424534429572,0.9975108334766546,-0.0011598411361719572,0.01650691659365177,0.300409679904453,-0.15250759684449164,-0.05257255470048161,-0.2847074395381731,-0.0046875818211117295,0.24350664100697278,0.29699359901334593,0.16385823983091996,0.13578191073579107,-0.2907354548496782,0.011359293893715507,-0.38200810322126094
0.3423124140906547,1.1178422052301074,0.07305070136225039,-0.06852948410545469,0.9975108667964682,-0.0011659038339726971,0.01656566024789948,0.30039548615415196,-0.15254761785460863,-0.05258150327548939,-0.2845742804109341,-0.004722206521640182,0.2433756735374065,0.29688252489299016,0.16384779595504356,0.13573342390433019,-0.2905590308789077,0.011353628527521031,-0.3821596657303221
0.34238367117839746,1.117856234565823,0.0730645842593023,-0.06849570917161632,0.99751307347074,-0.0011838943690057765,0.016571194107801532,0.30031558588275364,-0.15256571756544143,-0.05249988154119649,-0.2844002073305477,-0.004942557595318718,0.24348821002462986,0.2968809782039595,0.16378226862653855,0.13571999383862446,-0.29050703566716934,0.011241528410090264,-0.38226187968575487
0.34243405012278755,1.1178595079222273,0.07309588976920664,-0.06848025368982519,0.9975131167475918,-0.0011943446234268396,0.016631605815522883,0.3002389676708409,-0.1526057072218667,-0.05260469132605111,-0.2842135256144414,-0.005132994923995916,0.2435477100377188,0.29675051001894887,0.16373735051071137,0.13565228285644296,-0.2903168478355515,0.01118316197890611,-0.38246283600028014
0.34251365597007505,1.1178776343207555,0.07312128774089574,-0.06843281283226409,0.9975157943065552,-0.0012148686192475762,0.01666476315657163,0.3001980759427142,-0.1526936154331563,-0.05273643552256519,-0.2840634761808765,-0.005261607679024331,0.24359034848547276,0.29670648764232177,0.1636565670652442,0.13579872878605784,-0.29023569210237066,0.011004438541910525,-0.382454936913759
0.3425406592931737,1.1178785224727257,0.07315902140073445,-0.06841868875378407,0.9975160274753649,-0.0012389420903834675,0.016706974037108028,0.30009040986506047,-0.1527120021279181,-0.052605674590751,-0.28392044246519704,-0.005464307509857948,0.24367665207873446,0.29655027024528946,0.163570744361666,0.13580833615275864,-0.29007390676886247,0.011050325128492746,-0.38251423623262787
0.3426098922195862,1.1178835011369634,0.07317062880889462,-0.06832885083063667,0.9975205065892117,-0.001289430173815724,0.01680310828370394,0.29993990772492407,-0.15280487882298707,-0.05255302336432157,-0.28375623222531454,-0.00558721304873335,0.24396643565794315,0.29637151582090304,0.1634917238039415,0.13590478129357902,-0.2900171245985577,0.010934613164652938,-0.3826114811293395
0.34264161919680153,1.1179068017072342,0.07320142477360025,-0.06827639575554913,0.9975223098885732,-0.0012941143040095734,0.016908587326127322,0.2998261689777167,-0.15282468107600963,-0.05239877970157334,-0.2835416762200681,-0.005433351697221645,0.24384548557263183,0.29618519805325677,0.16346948336932596,0.13615816480931944,-0.28987488563602315,0.010781600284395775,-0.38266080430231814
0.34270563550559285,1.1179172477702473,0.07321829292887873,-0.06817079780470074,0.9975274707191446,-0.0013263248806558328,0.01702728250918287,0.2996939773127857,-0.15287909068231761,-0.05229337806110038,-0.283535517342758,-0.005641002451349747,0.24382709913276013,0.29595876095632007,0.1634185830658801,0.13631611991492223,-0.2898877660997404,0.010684052547047889,-0.3826954638288125
