,,Lowerbody:LIAS,,,Lowerbody:RIAS,,,Lowerbody:LIPS,,,Lowerbody:RIPS,,,Lowerbody:LFLE,,,Lowerbody:LFAL,,,Lowerbody:LFCC,,,Lowerbody:RFLE,,,Lowerbody:RFAL,,,Lowerbody:RFCC,,,Lowerbody:LFME,,,Lowerbody:LTAM,,,Lowerbody:LFM5,,,Lowerbody:LFM1,,,Lowerbody:RFM5,,,Lowerbody:RFM1,,,Lowerbody:RTAM,,,Lowerbody:RFME,,
1,0,244.618927,-220.56897,1003.764771,236.756607,49.283985,1009.507874,414.818726,-118.635071,1033.419312,418.432892,-50.573566,1030.205322,323.986023,-255.338257,514.609436,372.975708,-280.149872,97.098076,426.825867,-244.147308,80.365868,344.273895,113.4189,528.14447,383.57666,122.926353,98.911957,430.96048,82.465538,77.388176,332.153046,-151.932816,490.968567,365.223999,-191.491669,106.278923,248.692505,-310.786743,53.962009,202.256836,-239.838821,64.381058,261.313019,163.933456,57.953079,203.357239,98.804268,64.257202,354.730927,36.290894,103.139091,344.837799,1.42297,503.821381
2,0,244.647156,-220.523361,1003.670959,236.779877,49.309639,1009.494873,414.892578,-118.616959,1033.427124,418.18689,-50.464211,1030.515625,323.976349,-255.344147,514.590332,372.980133,-280.124023,97.10466,426.773071,-244.135498,80.34568,344.330231,113.493767,528.209167,383.728149,122.958626,98.959785,430.891785,82.51738,77.354286,332.144836,-151.913727,490.957672,365.229279,-191.484207,106.270233,248.321869,-310.966614,54.291527,202.269363,-239.81488,64.377914,260.805603,163.996201,57.664547,203.391769,98.817917,64.290092,354.714447,36.306992,103.211205,344.859436,1.401611,503.857086
3,0,244.366425,-219.965103,1002.971191,236.824142,49.307323,1009.531372,414.895081,-118.627556,1033.362427,418.18396,-50.454124,1030.53894,323.988007,-255.318909,514.58728,372.977997,-280.127106,97.106865,426.81012,-244.152649,80.290001,344.343079,113.46981,528.220093,383.73053,122.976501,98.905357,430.930145,82.502327,77.400436,332.133331,-151.911926,490.926971,365.203918,-191.478745,106.234566,248.567245,-311.116486,54.028259,202.264053,-239.835846,64.4132,260.797546,163.906052,57.840549,203.325699,98.822411,64.288383,354.580505,36.261768,103.365982,344.864685,1.389275,503.842102
4,0,244.67305,-220.508286,1003.751282,236.849426,49.312992,1009.559631,415.468872,-118.619965,1033.354248,418.228088,-50.450695,1030.488892,323.973541,-255.31546,514.560608,372.937378,-280.121796,97.048759,426.777374,-244.155029,80.353241,344.269135,113.348602,528.135193,383.679321,122.965744,98.932884,431.24588,82.312172,77.451271,332.144165,-151.89238,490.939117,365.216919,-191.462692,106.285538,248.318832,-310.955261,54.285404,202.246017,-239.828018,64.367279,260.940002,163.892639,57.89883,203.562881,98.706047,64.233788,354.853485,36.240177,103.257401,344.848419,1.438724,503.8237
5,0,244.716248,-220.477737,1003.764038,236.893631,49.326942,1009.560486,414.961945,-118.628471,1033.337158,418.304504,-50.463768,1030.44397,323.986511,-255.308685,514.593201,372.965851,-280.140259,97.106407,426.845062,-244.178497,80.298637,344.186035,113.257484,528.054382,383.783813,123.021637,99.055923,431.019073,82.447571,77.379631,332.14978,-151.892014,490.953461,365.206512,-191.470779,106.291779,248.679428,-310.721497,54.06554,202.265091,-239.837524,64.398506,260.710846,163.63205,57.753574,203.376358,98.823563,64.267197,354.610199,36.304577,103.082863,344.840332,1.421162,503.832825
6,0,244.721344,-220.457169,1003.67749,236.951416,49.317051,1009.568481,415.134857,-118.602829,1033.321655,418.647614,-50.553204,1030.067261,323.985962,-255.304153,514.570984,372.896179,-280.119812,97.061607,426.813812,-244.163971,80.328148,344.198425,113.318665,528.062256,383.612915,122.923828,98.869484,431.019073,82.457703,77.353455,332.110748,-151.898926,490.941498,365.23291,-191.485504,106.293602,248.712051,-310.730682,54.069912,202.276474,-239.825745,64.382256,261.114471,163.832809,57.766598,203.624039,98.699753,64.190094,354.904205,36.223465,103.309792,344.886597,1.40211,503.875427
7,0,244.787659,-220.44548,1003.705505,237.025558,49.321686,1009.609802,415.23819,-118.617043,1033.299805,418.415955,-50.444611,1030.30481,324.007294,-255.287643,514.579956,372.913818,-280.10498,97.058456,426.81369,-244.16713,80.301964,344.233673,113.409988,528.092712,383.933014,123.00058,98.9291,431.051971,82.43924,77.340614,332.114532,-151.891022,490.922699,365.217865,-191.452652,106.316025,248.589508,-311.082947,54.059879,202.64447,-239.860962,64.315102,260.852692,163.928558,57.590965,203.600784,98.713097,64.206505,354.979675,36.223042,103.430428,344.873779,1.436641,503.851471
8,0,245.042023,-220.730713,1004.433899,237.067307,49.343361,1009.636658,415.325439,-118.595795,1033.223022,418.715118,-50.52972,1030.005859,324.022522,-255.281479,514.583313,372.903839,-280.116028,97.073677,426.81012,-244.149826,80.274506,344.289001,113.499489,528.137817,384.037537,123.018982,99.018188,431.049225,82.433769,77.360703,332.105347,-151.89386,490.907898,365.215637,-191.461243,106.359863,248.386185,-310.808411,54.363125,202.353485,-239.826126,64.36203,260.776733,163.795929,57.639996,203.596512,98.693573,64.209305,354.790527,36.323151,103.395432,344.847015,1.468625,503.881104
9,0,245.171387,-220.750793,1004.378784,237.127609,49.36536,1009.649414,415.307007,-118.576012,1033.212769,418.547302,-50.423386,1030.237915,324.057098,-255.282257,514.571289,372.950287,-280.104889,97.192139,426.815613,-244.171997,80.260857,344.30249,113.553001,528.151733,383.618896,123.163673,98.726974,431.09845,82.405907,77.327263,332.113342,-151.867767,490.886475,365.212341,-191.453003,106.348495,248.353851,-310.848602,54.313599,202.374832,-239.830185,64.362854,260.891602,163.733078,57.754951,203.602951,98.710541,64.20546,354.896973,36.305679,103.36763,344.797943,1.498905,503.890686
10,0,244.931808,-220.420593,1003.837097,237.190506,49.388054,1009.675049,415.493652,-118.579926,1033.17688,418.609406,-50.420803,1030.182983,324.090881,-255.263657,514.562073,372.864655,-280.080841,97.205566,426.835236,-244.167145,80.274612,344.281555,113.553291,528.12793,383.973969,122.987251,98.934364,431.046295,82.39534,77.253487,332.125061,-151.858063,490.865845,365.229492,-191.45108,106.359283,248.451874,-310.821716,54.318352,202.37619,-239.833755,64.354118,260.79483,163.877045,57.571999,203.558807,98.700233,64.189453,355.15094,36.285664,103.704613,344.813385,1.524992,503.877594
11,0,245.279739,-220.699326,1004.447937,237.272919,49.423149,1009.729736,415.492004,-118.591995,1033.128052,418.703003,-50.441742,1030.121704,324.098358,-255.234863,514.540466,372.848206,-280.107849,97.100937,426.79248,-244.143494,80.325424,344.288849,113.567772,528.103699,383.94873,123.044083,98.927856,431.105804,82.387321,77.272324,332.121155,-151.859268,490.86496,365.203674,-191.472031,106.353302,248.66095,-310.632538,54.084866,202.404709,-239.831268,64.375084,260.960754,163.944214,57.644844,203.363937,98.79142,64.20681,355.024536,36.263248,103.533722,344.817017,1.523062,503.927704
12,0,245.009857,-220.357025,1003.900269,237.350159,49.422981,1009.773254,415.578583,-118.59771,1033.092529,418.954498,-50.517578,1029.882568,324.137604,-255.259537,514.553101,372.788269,-280.086365,97.13443,426.863434,-244.164764,80.284286,344.239594,113.537514,528.040649,383.891724,123.04557,98.913368,431.076935,82.400093,77.273148,332.11377,-151.839325,490.818237,365.21991,-191.47908,106.395554,248.414429,-310.902649,54.243,202.391846,-239.818558,64.357506,261.050323,164.014847,57.882984,203.417053,98.755402,64.214394,354.809509,36.36063,103.377403,344.793243,1.564358,503.937653
13,0,245.074341,-220.283264,1003.742432,237.398254,49.448112,1009.770386,415.562378,-118.601364,1033.080322,419.005402,-50.509712,1029.826782,324.112518,-255.25206,514.572083,372.839111,-280.101349,97.138794,426.833252,-244.166962,80.262917,344.182617,113.510918,527.943176,384.004181,123.062119,98.991638,431.306427,82.228897,77.319595,332.190613,-151.8134,490.891998,365.217285,-191.456619,106.391617,248.478607,-310.897125,54.256111,202.427872,-239.842209,64.35598,260.874237,163.931091,57.594601,203.441345,98.782547,64.209068,355.880341,36.214863,104.223511,344.896088,1.569574,503.911255
14,0,245.08136,-220.328339,1003.908508,237.470016,49.471596,1009.800781,415.692169,-118.604103,1032.991333,419.066162,-50.50631,1029.769775,324.136719,-255.245865,514.573425,372.778442,-280.069916,97.109787,426.844666,-244.164536,80.283073,344.202789,113.565033,527.935181,383.81543,123.018677,98.98288,431.145966,82.352196,77.273392,332.21521,-151.816116,490.881317,365.223999,-191.449493,106.404785,248.907867,-310.948761,53.889805,202.465698,-239.831573,64.359428,260.95517,164.092438,57.611786,203.42366,98.775162,64.196259,355.109528,36.307747,103.547531,344.683167,1.655718,503.909821
15,0,244.698212,-220.016312,1003.859253,237.496368,49.510189,1009.787109,415.762207,-118.596451,1032.951416,418.64035,-50.478844,1029.810059,324.138916,-255.252396,514.566406,372.782318,-280.036163,97.100624,426.856415,-244.191071,80.219307,344.255432,113.639046,528.00592,383.777374,123.064728,98.945358,431.148438,82.385231,77.296097,332.152802,-151.818863,490.822449,365.229675,-191.449799,106.415642,248.837692,-310.945984,53.852802,202.406601,-239.836411,64.353775,260.656158,163.957001,57.295017,203.624069,98.701126,64.168686,355.257416,36.330959,103.68425,344.807281,1.642046,503.900299
16,0,245.193878,-220.334595,1004.034302,237.58313,49.525837,1009.843567,415.843445,-118.593437,1032.88501,418.665955,-50.47245,1029.812134,324.177338,-255.244049,514.626404,372.768677,-280.057648,97.023163,426.86792,-244.182312,80.290573,344.322083,113.709427,528.029175,384.028595,123.084076,99.010269,431.164886,82.355354,77.265045,332.220093,-151.799026,490.840668,365.200684,-191.440735,106.390083,248.692505,-310.713562,54.021793,202.446503,-239.839661,64.361992,260.621918,163.979584,57.264011,203.427826,98.791656,64.171844,356.365784,36.185787,104.396156,344.929718,1.607105,503.91275
17,0,245.389923,-220.325912,1003.760559,237.641785,49.548836,1009.841309,415.824036,-118.576843,1032.882568,418.716919,-50.469456,1029.776855,324.178619,-255.229141,514.567871,372.913055,-280.084686,97.246025,426.856506,-244.187881,80.260689,344.36731,113.740837,528.015808,383.923798,123.068649,98.935165,431.164673,82.39502,77.281052,332.188843,-151.797562,490.812256,365.218536,-191.443497,106.403366,248.702988,-310.723969,54.051609,202.39444,-239.840195,64.356239,260.836029,164.046524,57.423473,203.477036,98.76062,64.223564,355.195312,36.306332,103.62458,344.903748,1.629891,503.93515
18,0,245.247742,-220.276611,1004.025208,237.666779,49.581253,1009.870056,415.958954,-118.578384,1032.869385,418.623535,-50.387779,1029.940308,324.184845,-255.203995,514.558228,372.750031,-280.088165,97.066254,426.852722,-244.192795,80.253464,344.438843,113.725235,528.026306,383.79306,122.993484,98.948013,431.296539,82.276894,77.301781,332.207703,-151.782669,490.82074,365.193207,-191.45575,106.382706,248.435089,-310.768646,54.291233,202.409561,-239.838745,64.369087,260.633179,163.853577,57.414478,203.60054,98.717827,64.169449,355.729767,36.252617,104.027351,344.882202,1.686523,503.921753
19,0,245.233566,-220.219101,1003.930908,237.708099,49.600044,1009.88855,415.930481,-118.578247,1032.866455,418.641541,-50.38102,1029.938843,324.207153,-255.214371,514.582336,372.874603,-280.088165,97.181778,426.891022,-244.190277,80.248383,344.524353,113.777969,528.068176,383.721619,123.107002,98.818298,431.28653,82.258194,77.278366,332.206543,-151.775085,490.826141,365.234497,-191.440155,106.394455,248.737381,-310.763855,54.028049,202.379242,-239.826828,64.358498,260.642365,164.118546,57.491333,203.453812,98.803314,64.177811,355.714905,36.238258,104.032532,344.913116,1.661303,503.926453
20,0,245.238937,-220.211411,1003.874207,237.777664,49.642075,1009.904053,415.941742,-118.57476,1032.850098,418.826172,-50.454849,1029.767212,324.219208,-255.204086,514.619324,372.910492,-280.111359,97.120796,426.8284,-244.15683,80.27948,344.266571,113.625107,527.680481,383.959686,123.040993,98.961494,431.161713,82.364326,77.255203,332.225159,-151.77272,490.825256,365.194946,-191.442932,106.365364,248.665115,-310.678955,54.101212,202.420715,-239.817001,64.356262,260.645813,164.02771,57.34127,203.58168,98.723709,64.206322,355.445679,36.286953,103.849312,344.909393,1.703882,503.933441
21,0,245.267944,-220.162415,1003.875488,237.829865,49.674103,1009.891846,416.008392,-118.574539,1032.863281,418.840576,-50.465488,1029.770752,324.224121,-255.189423,514.592957,372.829895,-280.047821,97.1157,426.856689,-244.188568,80.251236,344.423553,113.833237,527.800964,383.915649,123.191162,98.840172,431.312317,82.240494,77.285286,332.255005,-151.752121,490.848267,365.25116,-191.421051,106.428993,248.698257,-310.656128,54.19022,202.369843,-239.809708,64.365494,260.607178,163.991669,57.28112,203.419724,98.80294,64.183327,355.556274,36.279594,103.810966,344.96286,1.653944,503.95578
22,0,245.288498,-220.141083,1003.882996,237.864624,49.669502,1009.897217,416.001099,-118.578621,1032.889771,418.874268,-50.447704,1029.764893,324.239014,-255.170197,514.573853,372.869904,-280.043854,97.141586,426.854126,-244.168304,80.313461,344.305145,113.816124,527.564209,384.127045,123.088768,98.988251,431.160034,82.38224,77.2799,332.302032,-151.736191,490.873383,365.244049,-191.441299,106.42614,248.745712,-310.706543,54.10376,202.401535,-239.847336,64.391365,260.810028,164.09053,57.471588,203.448746,98.794693,64.190163,355.259308,36.294411,103.760017,344.964081,1.724157,503.949219
23,0,245.351837,-220.164993,1003.9823,237.943146,49.682041,1009.93335,416.077515,-118.574081,1032.871582,418.889404,-50.455734,1029.786621,324.275116,-255.181229,514.58905,372.771759,-280.035431,97.077522,426.843597,-244.173431,80.230309,344.349579,113.652954,527.676147,384.05426,123.078133,99.011032,431.150146,82.370598,77.247871,332.288818,-151.726151,490.837433,365.252319,-191.43161,106.386818,248.687149,-310.71875,54.070793,202.386322,-239.822556,64.369644,260.681824,163.832504,57.422939,203.626755,98.710068,64.181,355.338409,36.256153,103.642426,344.978546,1.723428,503.946777
24,0,245.333435,-220.105576,1003.968262,238.008331,49.715649,1009.928345,416.124908,-118.597015,1032.851196,418.782104,-50.387779,1029.93689,324.258606,-255.161942,514.57843,372.873993,-280.06781,97.149467,426.824188,-244.159027,80.287567,344.371094,113.674477,527.683472,384.163635,123.18988,99.000183,431.204712,82.347183,77.240242,332.278534,-151.747253,490.825714,365.227905,-191.432068,106.363441,248.672165,-311.008972,54.095257,202.399078,-239.827347,64.3965,260.642273,164.025986,57.268845,203.516769,98.780716,64.194862,355.53653,36.291416,103.914604,345.034485,1.740811,503.945648
25,0,245.34874,-220.081238,1003.891846,238.029129,49.739719,1009.889587,416.211029,-118.581161,1032.834595,418.955536,-50.481857,1029.759277,324.273102,-255.200211,514.643311,372.857941,-280.054077,97.207451,426.843872,-244.170914,80.260406,344.425171,113.66861,527.6875,383.960449,123.188148,98.979584,431.297974,82.256233,77.28923,332.318695,-151.715698,490.820374,365.257507,-191.449554,106.373184,248.53923,-310.77417,54.275574,202.376129,-239.815826,64.361343,260.540588,164.009903,57.260212,203.570404,98.730576,64.196182,355.537201,36.269203,103.881485,345.044006,1.747917,503.939758
26,0,245.370331,-220.08165,1003.854736,238.109985,49.752678,1009.896301,416.233795,-118.571541,1032.815918,418.870117,-50.401131,1029.939575,324.233215,-255.526993,515.016113,372.773285,-280.075684,97.089493,426.789886,-244.133362,80.294182,344.439301,113.695442,527.697571,384.170319,123.180481,98.992813,431.160492,82.355537,77.238075,332.321533,-151.732712,490.848236,365.247589,-191.430939,106.380119,248.743988,-310.66684,54.075405,202.357895,-239.818893,64.372322,260.968414,164.03653,57.443184,203.588837,98.742798,64.186958,355.459167,36.283127,103.769035,345.039581,1.748775,503.913818
27,0,245.411652,-219.984253,1003.581787,238.174484,49.763092,1009.906311,416.365021,-118.595421,1032.773193,418.936676,-50.406841,1029.913818,324.296173,-255.16748,514.574402,372.79361,-280.079712,97.174644,426.873871,-244.201431,80.236961,344.503754,113.691643,527.698547,384.062653,123.073288,98.918304,431.14978,82.373962,77.245781,332.341766,-151.712769,490.818573,365.220428,-191.447342,106.378464,248.476334,-310.851257,54.246193,202.388992,-239.820908,64.359291,260.568024,163.900162,57.342915,203.597824,98.725151,64.179031,355.21759,36.331882,103.762848,345.02301,1.755604,503.923889
28,0,245.121811,-219.692932,1003.491394,238.197632,49.77626,1009.927734,416.286682,-118.59742,1032.765869,418.942749,-50.396221,1029.946045,324.301819,-255.157166,514.596252,372.77887,-280.062683,97.130943,427.009827,-244.248062,80.383865,344.542358,113.691437,527.705505,383.938202,123.062164,98.880943,431.154907,82.367088,77.24762,332.37323,-151.712616,490.839539,365.204041,-191.459335,106.374313,248.734253,-310.693176,54.006329,202.651276,-239.818207,64.32724,260.684113,163.885574,57.433136,203.600174,98.747459,64.199791,355.264679,36.299377,103.772522,345.091187,1.747822,503.940948
29,0,245.513443,-220.034058,1003.994324,238.298203,49.787197,1009.944824,416.445343,-118.591331,1032.75415,419.146851,-50.499531,1029.738525,324.313629,-255.145706,514.579163,372.764587,-280.055634,97.085869,426.80542,-244.168411,80.270432,344.561188,113.706421,527.720703,384.009918,122.973114,98.965431,431.183014,82.364372,77.253044,332.36731,-151.72287,490.825562,365.234039,-191.451172,106.376541,248.73381,-310.737976,54.045273,202.462784,-239.809555,64.368675,260.681641,163.850616,57.428757,203.459,98.826538,64.216782,355.144287,36.324223,103.606636,345.175842,1.752391,503.923889
30,0,245.553177,-220.015991,1003.917786,238.369141,49.813473,1009.96521,416.552063,-118.57412,1032.776733,419.066406,-50.401695,1029.890137,324.320587,-255.137268,514.574158,372.858337,-280.04306,97.184372,426.854218,-244.201599,80.209526,344.615143,113.712929,527.706543,383.934296,123.007393,99.069069,431.195282,82.377098,77.240608,332.365784,-151.739243,490.827362,365.231812,-191.443848,106.370422,248.854111,-310.890167,53.886177,202.469879,-239.806198,64.370842,260.707214,163.827576,57.427338,203.447205,98.80162,64.214111,354.928345,36.375935,103.494438,345.194061,1.772593,503.935455
31,0,245.628265,-220.003738,1003.932129,238.42804,49.807995,1009.962708,416.592651,-118.581566,1032.785645,419.261688,-50.473652,1029.718262,324.342224,-255.134521,514.602112,372.84848,-280.080841,97.133911,426.964233,-244.195007,80.409035,344.606354,113.705643,527.685181,384.153381,122.992996,99.038521,431.164795,82.38768,77.255219,332.405029,-151.704498,490.810364,365.226685,-191.451752,106.345345,248.545639,-310.868652,54.192295,202.466644,-239.827209,64.353195,260.576416,163.859818,57.620239,203.522156,98.807343,64.241737,355.266388,36.318329,103.753601,345.161774,1.784569,503.927246
32,0,245.636993,-219.99054,1003.921387,238.488419,49.82774,1009.973999,416.623566,-118.581802,1032.770386,419.310303,-50.473709,1029.714966,324.34491,-255.147491,514.624023,372.765503,-280.056305,97.063293,426.830536,-244.140671,80.273102,344.62616,113.716591,527.717102,383.929291,122.926582,98.938622,431.053741,82.458298,77.246597,332.424896,-151.716461,490.86026,365.226105,-191.438126,106.367744,248.508408,-310.840576,54.181946,202.443924,-239.829559,64.358032,260.602142,164.005447,57.27092,203.586075,98.746742,64.175018,355.112,36.377701,103.610916,345.290497,1.728244,503.946136
33,0,245.748825,-220.002182,1003.980652,238.564209,49.822521,1010.002625,416.65097,-118.563927,1032.78125,419.242218,-50.387222,1029.875854,324.36441,-255.10228,514.598694,372.778687,-280.083282,97.138321,426.835449,-244.186172,80.247597,344.658173,113.714142,527.726074,384.115662,123.015991,98.949303,431.103394,82.416695,77.229698,332.451355,-151.689667,490.844879,365.218811,-191.450729,106.377167,248.747681,-310.697723,54.069984,202.438812,-239.815063,64.361122,260.829865,164.060486,57.399704,203.430771,98.842979,64.21357,354.784058,36.398972,103.453369,345.269745,1.739963,503.942535
34,0,245.455612,-219.598999,1003.449768,238.628586,49.806091,1010.015015,416.686798,-118.564316,1032.772583,419.290039,-50.384003,1029.89978,324.385162,-255.091675,514.582825,372.760651,-280.049011,97.059631,426.893921,-244.185867,80.252045,344.682861,113.735458,527.730225,384.01123,122.975197,98.995537,431.146088,82.375183,77.245659,332.454285,-151.703888,490.852905,365.257843,-191.457291,106.38224,248.498779,-310.892822,54.249641,202.69487,-239.852097,64.344604,260.567322,164.013565,57.264595,203.442154,98.817848,64.240921,355.133179,36.29937,103.534241,345.342438,1.76715,503.92926
35,0,245.901642,-219.997147,1003.98468,238.676361,49.839863,1010.064575,416.738098,-118.576698,1032.803833,419.50351,-50.455715,1029.750244,324.430847,-255.110107,514.577698,372.759003,-280.05304,97.068817,426.842316,-244.182678,80.257034,344.71286,113.722771,527.737183,383.882355,122.896713,98.886559,431.102478,82.432388,77.230011,332.495544,-151.705261,490.879425,365.240723,-191.441757,106.354256,248.461823,-310.759613,54.317207,202.468002,-239.816986,64.378098,260.824829,164.135513,57.47578,203.547745,98.804695,64.271576,354.711517,36.36861,103.360367,345.410095,1.718049,503.954529
36,0,245.929871,-220.012573,1003.989929,238.727982,49.837784,1010.033508,416.80777,-118.585472,1032.799316,419.42984,-50.387314,1029.89624,324.407074,-255.091583,514.56543,372.720703,-280.052399,97.098198,426.854004,-244.193237,80.242348,344.740051,113.73056,527.720215,383.922028,122.985687,98.871391,431.320953,82.264725,77.297371,332.48175,-151.712616,490.8508,365.202667,-191.470795,106.341133,248.47789,-310.810211,54.266636,202.439087,-239.817703,64.386429,260.724365,164.062271,57.421402,203.419312,98.864136,64.216225,355.087921,36.325974,103.532562,345.274078,1.789691,503.92865
37,0,246.041367,-220.019501,1004.05658,238.776169,49.854588,1010.063904,416.978149,-118.592766,1032.783936,419.492981,-50.394836,1029.842285,324.424591,-255.084747,514.590942,372.857635,-280.076752,97.128944,426.896179,-244.202957,80.207382,344.777954,113.735062,527.722168,383.929565,123.061104,98.794441,431.19458,82.378517,77.252045,332.492981,-151.703644,490.858521,365.240509,-191.453644,106.348892,248.464371,-310.878052,54.197598,202.731964,-239.83783,64.340706,260.932831,164.098709,57.546986,203.4655,98.843735,64.214546,354.856873,36.364685,103.441734,345.362701,1.762895,503.961914
38,0,246.067856,-220.013733,1004.000793,238.848251,49.842781,1010.07666,416.92157,-118.589394,1032.751221,419.684906,-50.457726,1029.697754,324.434265,-255.110504,514.610657,372.795868,-280.06839,97.096321,426.842163,-244.197281,80.190674,344.801758,113.743011,527.74176,383.95694,123.016823,98.812782,431.173431,82.383537,77.233917,332.534454,-151.689896,490.854645,365.224457,-191.459625,106.351074,248.516983,-310.826569,54.307934,202.491806,-239.831146,64.372246,260.869995,163.984421,57.779945,203.416931,98.854652,64.207314,354.786804,36.347393,103.293915,345.46524,1.710585,503.965485
39,0,246.089569,-220.004578,1004.035706,238.920563,49.85704,1010.101196,417.037994,-118.583435,1032.766968,419.756195,-50.457134,1029.707031,324.482941,-255.103119,514.583618,372.965668,-280.032196,97.267166,426.86264,-244.184738,80.216606,344.788483,113.737961,527.734009,383.68927,122.97226,98.71476,431.177399,82.384552,77.225128,332.574982,-151.678818,490.860413,365.228699,-191.479645,106.367172,248.495239,-310.895508,54.224598,202.480698,-239.822098,64.377998,260.761169,163.933777,57.456486,203.579559,98.789108,64.204239,354.799774,36.25573,103.341103,345.374237,1.78645,503.930573
40,0,246.185715,-220.000763,1004.053833,238.949356,49.847244,1010.098938,417.021423,-118.603348,1032.751465,419.670044,-50.407646,1029.871704,324.519409,-255.132492,514.637878,372.759766,-280.076965,97.062561,426.831757,-244.167191,80.277206,344.863953,113.735359,527.736938,383.876251,123.177376,98.672806,431.32193,82.273941,77.272957,332.579254,-151.69426,490.856995,365.223175,-191.463821,106.357292,248.507797,-310.895874,54.215637,202.461716,-239.815384,64.366745,260.772614,163.761459,57.6754,203.666885,98.748451,64.227142,354.84314,36.32196,103.443726,345.421112,1.797103,503.904938
41,0,246.249908,-220.018692,1004.073242,239.050964,49.847851,1010.102966,417.056641,-118.602386,1032.738159,419.875061,-50.501549,1029.692383,324.51712,-255.142426,514.651917,372.812561,-280.078247,97.167389,426.846893,-244.177719,80.245415,344.87851,113.727158,527.73584,383.72049,123.086929,98.68058,431.084381,82.439545,77.197174,332.613586,-151.689224,490.88855,365.227295,-191.468277,106.363228,248.848129,-310.837311,53.952156,202.435852,-239.803833,64.35154,260.683929,163.803604,57.436859,203.457733,98.838829,64.229111,356.361389,36.247932,104.433487,345.464447,1.763601,503.946838
42,0,246.267792,-219.993179,1004.011292,239.102371,49.8414,1010.098938,417.195312,-118.630753,1032.739258,419.899475,-50.524651,1029.679932,324.56488,-255.148834,514.645264,372.804626,-280.124176,97.12719,426.855652,-244.228882,80.222618,344.928833,113.72068,527.734314,384.015442,123.037849,98.77079,431.009491,82.512489,77.232819,332.628204,-151.704727,490.852966,365.247253,-191.453796,106.393875,248.733154,-310.711365,54.002525,202.461838,-239.828094,64.387512,260.61792,164.179367,57.459358,203.428802,98.869034,64.223183,355.217499,36.29921,103.734589,345.46521,1.803234,503.910126
43,0,246.304749,-220.012177,1004.027954,239.150681,49.8424,1010.091675,417.19223,-118.630661,1032.746338,419.956329,-50.522022,1029.684937,324.585724,-255.157471,514.632812,372.776367,-280.060242,97.130585,426.862183,-244.200241,80.161873,344.957855,113.730934,527.743408,384.029541,123.063187,98.86911,431.319061,82.267395,77.252296,332.676147,-151.696304,490.876221,365.239258,-191.48024,106.348831,248.742203,-310.741669,54.074451,202.448883,-239.821426,64.360687,260.575531,164.016159,57.227032,203.479034,98.853279,64.246895,355.541382,36.254379,103.952156,345.594055,1.70854,503.956024
44,0,246.425537,-220.02417,1004.00293,239.227722,49.828014,1010.10022,417.327911,-118.650185,1032.737793,419.965912,-50.537277,1029.697632,324.598145,-255.121735,514.599121,372.753723,-280.057373,97.132416,426.851898,-244.193008,80.215614,344.96582,113.721054,527.745483,384.189606,123.036583,98.990585,431.160736,82.398735,77.237587,332.710297,-151.702942,490.894958,365.215057,-191.4776,106.382904,248.734009,-310.711212,54.029743,202.457245,-239.811493,64.360458,260.958893,164.031464,57.434418,203.505295,98.844063,64.214668,355.574005,36.268353,103.889336,345.519623,1.756931,503.934753
45,0,246.382248,-219.983261,1003.945618,239.305893,49.799328,1010.125427,417.352448,-118.650604,1032.725708,420.068726,-50.538029,1029.668823,324.630585,-255.158905,514.623413,372.712708,-280.035187,96.986038,426.843109,-244.194763,80.225937,344.971008,113.700668,527.747986,384.215302,123.155029,98.99614,431.321014,82.256371,77.254547,332.676056,-151.731812,490.868866,365.273346,-191.460815,106.388771,248.724625,-310.743561,54.058887,202.448578,-239.817383,64.359856,260.624573,164.024658,57.264408,203.633179,98.764038,64.193207,355.52243,36.265396,103.920395,345.574249,1.71452,503.925507
46,0,246.44278,-219.986343,1003.894714,239.346481,49.778667,1010.122803,417.429657,-118.643379,1032.741333,420.09906,-50.561024,1029.683716,324.654755,-255.166168,514.613464,372.84906,-280.063263,97.102486,426.826721,-244.166489,80.26226,345.029266,113.696205,527.76886,384.30722,123.177269,98.996902,431.222504,82.341492,77.222198,332.74353,-151.718307,490.886261,365.257233,-191.473862,106.385567,248.476364,-310.789032,54.265961,202.419266,-239.832657,64.383904,260.582916,164.029831,57.278255,203.483612,98.842354,64.259254,355.509705,36.309738,103.918472,345.548492,1.727508,503.937256
47,0,246.494415,-220.034241,1003.907532,239.448212,49.752346,1010.120178,417.457855,-118.683449,1032.753174,420.131317,-50.550083,1029.704224,324.673279,-255.167252,514.643311,372.918579,-280.063263,97.255066,426.849457,-244.213821,80.218033,345.017761,113.681953,527.765198,384.349854,123.268921,99.035347,431.148773,82.408218,77.247612,332.723663,-151.743729,490.895142,365.2742,-191.483337,106.400032,248.908371,-310.888062,53.923721,202.431961,-239.829697,64.393837,260.615479,164.011826,57.261036,203.798676,98.786858,64.329224,355.351044,36.324799,103.751595,345.574463,1.735311,503.898804
48,0,246.53894,-220.020218,1003.955261,239.46994,49.730957,1010.141479,417.453094,-118.684174,1032.742554,420.195496,-50.559509,1029.673706,324.688965,-255.184357,514.63623,372.763702,-280.074738,97.162956,426.898315,-244.207428,80.223877,345.077881,113.675728,527.758545,384.375427,123.236702,99.027199,431.341522,82.276276,77.262177,332.764709,-151.748978,490.905762,365.264435,-191.474686,106.38253,248.473038,-310.752502,54.295563,202.419662,-239.830017,64.397453,260.63681,164.14212,57.470116,203.503571,98.848907,64.253471,355.52182,36.249458,103.909195,345.579193,1.705234,503.910553
49,0,246.623444,-220.042923,1003.924744,239.543213,49.712563,1010.133057,417.508881,-118.673798,1032.729126,420.244781,-50.573872,1029.653687,324.731903,-255.20694,514.614136,372.963959,-280.121033,97.253815,426.89386,-244.242462,80.162849,345.088745,113.667114,527.777832,384.464294,123.171837,99.128166,431.212585,82.37278,77.227867,332.802185,-151.739594,490.889221,365.293121,-191.433594,106.437004,248.437469,-310.821014,54.240807,202.42305,-239.828552,64.381195,260.623779,163.957413,57.49789,203.476212,98.817917,64.271057,355.300507,36.346081,103.847099,345.602356,1.702629,503.900513
50,0,246.649582,-220.012192,1003.803162,239.567566,49.694565,1010.129211,417.576996,-118.682205,1032.729614,420.281647,-50.586613,1029.640137,324.745514,-255.202301,514.642151,372.774261,-280.066925,97.021675,426.829346,-244.206161,80.209465,345.118134,113.657074,527.770996,384.443298,123.128311,99.115417,431.241516,82.355148,77.206642,332.776428,-151.748245,490.884918,365.248871,-191.469604,106.404678,248.493622,-310.872498,54.215847,202.361008,-239.821472,64.371315,260.605957,163.8582,57.411762,203.441254,98.879654,64.24395,355.469818,36.287807,103.622093,345.644684,1.699627,503.913239
51,0,246.735107,-220.073273,1003.917786,239.644562,49.580765,1010.169739,417.686462,-118.69725,1032.738892,420.337219,-50.584084,1029.639648,324.744507,-255.188644,514.637024,372.854004,-280.103149,97.15332,426.922302,-244.240814,80.172264,345.126465,113.643661,527.772278,384.453644,123.063576,99.143089,431.181671,82.368439,77.231567,332.82431,-151.770447,490.900299,365.288452,-191.465302,106.421654,248.936569,-310.957245,53.869411,202.407272,-239.842682,64.378052,260.54715,164.175354,57.478874,203.43338,98.855553,64.241631,355.510406,36.248478,103.829834,345.636322,1.702223,503.904175
52,0,246.812851,-220.097824,1003.936768,239.722107,49.534744,1010.179016,417.635925,-118.67794,1032.760376,420.377014,-50.587139,1029.629395,324.803467,-255.216782,514.639404,372.709198,-280.058899,97.095711,426.847321,-244.185333,80.261459,345.150726,113.637398,527.782898,384.366364,123.039955,99.150269,431.197968,82.35067,77.197441,332.841461,-151.772018,490.900024,365.281525,-191.476807,106.40995,248.520737,-310.868256,54.213585,202.38942,-239.830658,64.383141,260.518097,163.996246,57.23967,203.255386,98.883034,64.014282,355.289642,36.30286,103.861397,345.66272,1.666444,503.909454
53,0,246.875916,-220.126724,1003.883606,239.741043,49.5368,1010.182617,417.693451,-118.674187,1032.789307,420.404449,-50.584866,1029.642944,324.836517,-255.21756,514.610168,372.79361,-280.11734,97.047882,426.84082,-244.204651,80.205925,344.962128,113.751152,527.580994,384.343018,123.032181,99.054283,431.197449,82.358475,77.223068,332.843689,-151.792465,490.889282,365.300781,-191.469543,106.425171,248.728119,-310.73056,53.972801,202.381516,-239.834778,64.390221,260.667267,163.993042,57.306526,203.45015,98.836884,64.199318,355.181915,36.31834,103.747192,345.64447,1.67421,503.909698
54,0,246.502823,-219.759171,1003.496155,239.767929,49.527496,1010.168213,417.71991,-118.694771,1032.773071,420.436432,-50.588943,1029.646484,324.879425,-255.252029,514.689209,372.748199,-280.092102,97.076363,426.903748,-244.213531,80.188309,345.164948,113.636513,527.766907,384.161774,123.054359,98.946999,431.328888,82.28463,77.251381,332.875488,-151.772476,490.904755,365.282227,-191.464081,106.40287,248.491196,-310.842102,54.244038,202.440506,-239.840439,64.383987,260.697449,164.085281,57.450802,203.567398,98.744652,64.168373,356.011719,36.254349,104.22023,345.677368,1.698239,503.884918
55,0,246.942093,-220.170517,1003.881226,239.811142,49.503159,1010.155945,417.53421,-118.628471,1032.904053,420.457825,-50.589592,1029.642212,324.882904,-255.285141,514.759033,372.791351,-280.085876,97.153961,426.867279,-244.207672,80.20813,345.084503,113.631622,527.632568,384.117859,122.995827,98.926292,431.322601,82.26265,77.203949,332.952789,-151.789719,490.946777,365.251526,-191.490601,106.394196,248.691315,-310.678558,54.153385,202.443298,-239.844955,64.393265,260.552979,163.898804,57.462334,203.437805,98.858025,64.171364,355.204895,36.376572,103.641495,345.708466,1.623549,503.904388
56,0,246.89743,-220.160187,1003.819946,239.840256,49.459812,1010.162231,417.836914,-118.673454,1032.852417,420.501221,-50.586391,1029.623169,324.974365,-255.270981,514.685303,372.742493,-280.109131,97.03878,427.051605,-244.249313,80.322548,345.058167,113.628311,527.701416,383.853699,122.973122,98.988365,431.202576,82.349899,77.197502,332.937744,-151.785294,490.906189,365.275452,-191.484222,106.402481,248.889694,-310.96402,53.847626,202.731598,-239.869385,64.352051,260.892303,164.063736,57.579445,203.450806,98.819817,64.186508,355.249634,36.309814,103.688309,345.776031,1.627295,503.888794
57,0,246.952698,-220.151123,1003.768677,239.831497,49.483292,1010.169128,417.824066,-118.691689,1032.769531,420.52243,-50.569744,1029.638062,324.958191,-255.274261,514.69342,372.839966,-280.095093,97.14196,426.880768,-244.228378,80.133652,345.092255,113.585732,527.722168,384.024811,122.98362,98.90773,431.325684,82.296143,77.267509,332.943085,-151.802109,490.931366,365.260254,-191.482819,106.369064,248.786987,-310.765961,53.991859,202.483154,-239.840622,64.376495,260.870789,164.07019,57.557018,203.438828,98.856041,64.193108,355.484528,36.280315,103.821556,345.821503,1.633185,503.891357
58,0,247.022919,-220.20874,1003.867249,239.841278,49.453785,1010.137085,417.825195,-118.662674,1032.804688,420.584229,-50.573574,1029.628296,324.978729,-255.280319,514.71875,372.773285,-280.081329,97.09803,426.889191,-244.23233,80.158943,345.179108,113.584229,527.779724,384.107239,123.00367,98.936211,431.33847,82.24752,77.224548,332.959442,-151.809525,490.924194,365.266663,-191.508667,106.371719,248.891296,-310.967102,53.826702,202.494904,-239.863419,64.40406,260.87973,164.014572,57.504101,203.484222,98.805923,64.21965,355.425629,36.27684,103.651695,345.778259,1.636491,503.90686
59,0,247.060059,-220.226624,1003.848999,239.853348,49.456398,1010.171265,417.885162,-118.670891,1032.776733,420.586548,-50.568127,1029.63269,325.015106,-255.251434,514.656067,372.837585,-280.09198,97.08976,426.878784,-244.218094,80.185722,345.172363,113.543694,527.811279,384.104156,122.962601,98.969185,431.170319,82.422066,77.235321,332.987122,-151.816238,490.933167,365.295776,-191.485931,106.430061,248.673935,-310.653229,54.135307,202.485596,-239.853348,64.379013,260.947754,164.159943,57.751068,203.480865,98.819931,64.213417,355.175293,36.333939,103.730682,345.787415,1.65342,503.896057
60,0,246.803345,-219.927521,1003.478394,239.881561,49.430237,1010.174744,417.923248,-118.67276,1032.782593,420.636719,-50.560623,1029.605835,325.025665,-255.283035,514.710815,372.766815,-280.104462,97.143684,426.862274,-244.199036,80.190346,345.245636,113.508072,527.87085,384.130371,122.978638,98.995949,431.225464,82.391029,77.222206,332.989532,-151.82811,490.906555,365.28595,-191.490997,106.407822,248.88353,-310.948792,53.855396,202.532547,-239.866592,64.405785,260.99884,164.14502,57.771057,203.585999,98.771004,64.167236,355.543213,36.309608,103.890915,345.871857,1.609252,503.920258
61,0,247.127426,-220.224594,1003.815308,239.872803,49.443127,1010.138733,417.895874,-118.663216,1032.814209,420.621399,-50.550274,1029.630981,325.057617,-255.280762,514.669434,372.810883,-280.136597,97.131165,426.908325,-244.201553,80.161774,345.284821,113.483841,527.917969,384.058258,123.005859,98.944687,431.199768,82.382324,77.230133,333.017609,-151.82399,490.899872,365.263794,-191.51915,106.39814,248.89975,-310.9617,53.850796,202.761124,-239.886063,64.375916,261.053741,163.890594,57.785614,203.443985,98.833931,64.201797,355.188965,36.261154,103.737541,345.878052,1.609491,503.912445
62,0,247.087967,-220.212936,1003.756165,239.900879,49.433517,1010.149597,417.914917,-118.681389,1032.822388,420.624176,-50.539474,1029.660645,325.061279,-255.306595,514.712708,372.758301,-280.094482,97.081635,426.87439,-244.214508,80.205627,345.314331,113.474617,527.956299,383.983246,123.013832,98.828949,431.150055,82.46064,77.196594,333.007935,-151.8181,490.919617,365.264984,-191.512146,106.368767,248.502533,-310.820099,54.231037,202.493393,-239.873062,64.400536,261.206512,163.959518,57.925697,203.464981,98.849403,64.199219,355.472076,36.29681,103.859688,345.900665,1.649467,503.91214
63,0,247.070312,-220.244537,1003.737122,239.87854,49.44693,1010.148621,417.958618,-118.670074,1032.80957,420.494812,-50.45863,1029.842163,325.0896,-255.307678,514.752869,372.779144,-280.110931,97.060059,426.917694,-244.238754,80.142509,345.322357,113.45578,527.968994,383.906677,123.076744,98.777176,431.163025,82.413757,77.202095,333.008026,-151.827667,490.921082,365.259613,-191.470154,106.423409,248.772369,-310.779175,53.977268,202.499115,-239.886093,64.39138,261.213654,163.839508,57.938656,203.444046,98.80555,64.200462,355.904968,36.275932,104.213196,345.911438,1.625037,503.904877
64,0,246.879837,-219.95079,1003.494629,239.881729,49.415321,1010.152588,417.937592,-118.65538,1032.832764,420.614166,-50.537857,1029.676514,325.061737,-255.307678,514.778748,372.874847,-280.070251,97.127876,426.854492,-244.192429,80.211334,345.37973,113.502914,528.008911,383.933258,123.082008,98.832794,431.078217,82.492264,77.222763,332.994385,-151.830704,490.933411,365.26236,-191.50824,106.398323,248.849625,-310.967133,53.886906,202.500122,-239.875473,64.390923,260.892639,163.858536,57.810261,203.676926,98.819496,64.314285,355.343964,36.349926,103.815582,345.897308,1.641363,503.912018
65,0,247.114182,-220.256058,1003.796936,239.89299,49.416168,1010.141968,417.963684,-118.661949,1032.845825,420.602081,-50.534954,1029.677124,325.112854,-255.324692,514.779907,372.783844,-280.101013,97.060982,426.880341,-244.206772,80.147362,345.431763,113.536583,528.028809,383.984467,123.043358,98.850204,431.1745,82.435501,77.217331,333.022339,-151.835953,490.935608,365.274353,-191.500626,106.406548,248.479828,-310.861298,54.225525,202.753677,-239.903351,64.375862,261.219666,163.847809,57.688339,203.601807,98.758987,64.215118,356.346252,36.196724,104.417641,345.920563,1.645062,503.896484
66,0,247.099747,-220.264023,1003.819336,239.884171,49.417271,1010.147095,417.955658,-118.654869,1032.819092,420.617249,-50.543114,1029.651123,325.098999,-255.317368,514.77478,373.052826,-280.046906,97.281143,426.831696,-244.204269,80.187889,345.459595,113.65274,528.026611,384.057129,122.963287,98.871613,431.102722,82.501915,77.210304,333.04895,-151.811905,490.946289,365.313782,-191.480835,106.437202,248.996826,-310.770386,54.064999,202.775909,-239.884842,64.373634,260.89679,163.873566,57.561863,203.625824,98.757851,64.190483,355.356812,36.279308,103.740982,345.895905,1.663212,503.889679
67,0,247.121765,-220.289139,1003.851624,239.865738,49.428413,1010.136475,417.868622,-118.669411,1032.823975,420.58844,-50.544064,1029.663696,325.112305,-255.312531,514.747192,372.887299,-280.090149,97.10321,426.915985,-244.207138,80.175644,345.481049,113.703407,528.025757,384.008942,122.964973,98.856583,431.341553,82.295769,77.223228,333.056427,-151.820984,490.928131,365.316467,-191.507141,106.428764,248.699371,-310.694794,54.07346,202.525467,-239.873047,64.414505,260.850555,163.921509,57.56411,203.513428,98.841507,64.232231,355.68457,36.262173,103.895958,345.937866,1.619121,503.887177
68,0,247.0681,-220.294205,1003.842957,239.879745,49.441864,1010.107971,417.862885,-118.679695,1032.803833,420.570709,-50.548271,1029.668823,325.073059,-255.322433,514.775208,372.81601,-280.111389,97.109787,426.832092,-244.199615,80.223785,345.487579,113.739143,528.03656,384.124481,122.875267,98.899872,431.230438,82.371262,77.219498,333.082428,-151.807693,490.961884,365.260834,-191.512741,106.397415,248.716904,-310.779663,54.041206,202.510345,-239.871704,64.381561,261.270386,163.971634,57.889053,203.586853,98.761597,64.189278,355.721008,36.238739,103.909149,345.883057,1.650664,503.895508
69,0,247.06813,-220.277618,1003.808716,239.845886,49.453033,1010.117065,417.836761,-118.657394,1032.826172,420.539093,-50.562637,1029.63623,325.147705,-255.480133,514.953247,372.792633,-280.106232,97.003181,426.875305,-244.204361,80.154266,345.491058,113.787491,528.024414,384.055298,122.967773,98.859566,431.352081,82.292084,77.245628,333.038116,-151.829147,490.956726,365.304657,-191.502304,106.434402,248.853058,-310.939087,53.823696,202.493835,-239.877335,64.386986,261.077393,163.959885,57.923367,203.53418,98.810684,64.219719,355.66214,36.246063,103.931412,345.906067,1.660415,503.868103
70,0,247.011826,-220.259918,1003.850342,239.800919,49.484989,1010.077209,417.746246,-118.664673,1032.783691,420.540497,-50.561008,1029.614136,325.064026,-255.292572,514.746216,372.802979,-280.121338,97.04834,426.874359,-244.227219,80.201324,345.477875,113.750992,528.021484,383.950867,122.969528,98.908188,431.171814,82.432594,77.220337,333.027435,-151.815475,490.914001,365.292328,-191.487305,106.424492,248.858719,-310.937836,53.86771,202.475677,-239.863647,64.39344,261.381775,163.863052,57.943569,203.401245,98.846733,64.186501,355.50415,36.259094,103.868584,345.899597,1.66325,503.858673
71,0,247.212784,-220.325195,1003.646606,239.796997,49.483051,1010.113708,417.7341,-118.670197,1032.764893,420.348602,-50.478458,1029.781738,325.03595,-255.266663,514.681396,372.78241,-280.099243,97.077873,426.888794,-244.207291,80.191879,345.458984,113.72538,528.022644,384.041351,122.934998,98.896851,431.210175,82.400558,77.218216,332.972412,-151.814667,490.907074,365.271393,-191.47908,106.406738,248.739548,-310.733795,54.010826,202.475967,-239.844559,64.393135,261.053894,164.007202,57.743176,203.579971,98.774483,64.152275,355.393036,36.276806,103.734467,345.847137,1.681086,503.847595
72,0,246.927902,-220.255081,1003.866821,239.755051,49.511467,1010.074036,417.659302,-118.685295,1032.762573,420.442505,-50.565353,1029.596191,325.076996,-255.49382,515.018311,372.726318,-280.075256,96.951004,426.873016,-244.210861,80.183754,345.445282,113.703362,528.032349,383.755463,122.934769,98.872284,431.345001,82.29216,77.224335,332.980255,-151.827301,490.920807,365.270386,-191.499084,106.414452,248.523926,-310.87793,54.200493,202.497192,-239.85878,64.387764,261.195068,163.934189,57.678486,203.598099,98.80558,64.263672,355.495941,36.265491,103.895363,345.8703,1.642763,503.864166
73,0,246.874207,-220.254837,1003.927612,239.76207,49.528831,1010.109436,417.643433,-118.689201,1032.741333,420.402924,-50.568363,1029.581665,324.9823,-255.279984,514.711548,372.750854,-280.109344,97.064049,426.86145,-244.195404,80.218407,345.460724,113.67659,528.038757,383.805573,122.868645,98.873238,431.20224,82.388054,77.207138,332.959167,-151.823166,490.908508,365.288666,-191.50119,106.384758,248.479874,-310.886993,54.233128,202.48761,-239.846832,64.391228,261.333893,163.888428,57.778652,203.491837,98.802124,64.231346,355.519409,36.295986,103.95549,345.919098,1.608973,503.896301
74,0,246.831757,-220.246216,1003.884216,239.729538,49.563778,1010.097412,417.62146,-118.712006,1032.737183,420.4245,-50.580601,1029.559937,324.914307,-255.297058,514.728271,372.812836,-280.096405,97.071136,426.861481,-244.172791,80.225876,345.396942,113.683487,528.009399,383.766418,122.930283,98.881165,431.180969,82.383949,77.226685,332.922455,-151.835815,490.927124,365.274078,-191.491974,106.413452,248.500565,-310.871552,54.216488,202.439163,-239.851349,64.344246,261.174438,163.89296,57.69471,203.576843,98.755096,64.161697,355.311432,36.301643,103.673019,345.832397,1.648088,503.878418
75,0,246.476624,-219.821487,1003.43335,239.73288,49.56271,1010.132568,417.631561,-118.727966,1032.702026,420.398102,-50.598927,1029.567749,324.888519,-255.273041,514.666565,372.750061,-280.1073,97.070068,426.890747,-244.231567,80.159836,345.356354,113.649284,528.005981,383.981445,123.170692,98.801865,431.315002,82.276833,77.261108,332.876068,-151.829483,490.915497,365.287415,-191.483246,106.424957,248.859207,-310.968811,53.833191,202.424133,-239.835831,64.357536,260.875397,163.868423,57.586292,203.476654,98.832687,64.257294,356.15802,36.212112,104.306831,345.755249,1.642678,503.890045
76,0,246.792038,-220.227921,1003.934753,239.756943,49.575542,1010.149353,417.648773,-118.732109,1032.692749,420.437622,-50.621716,1029.540771,324.817261,-255.318405,514.826416,372.935913,-280.142822,97.225014,426.85257,-244.210892,80.193626,345.316803,113.641655,528.004639,384.031158,123.105446,98.89521,431.183075,82.373123,77.252228,332.83316,-151.807114,490.932922,365.226593,-191.491074,106.394981,248.511932,-310.8367,54.231953,202.421646,-239.849243,64.367622,260.92041,163.824951,57.626255,203.585663,98.746712,64.184914,355.261841,36.314419,103.741127,345.743652,1.638079,503.903564
77,0,246.744278,-220.187363,1003.873352,239.748337,49.611237,1010.170349,417.649475,-118.742897,1032.689087,420.406799,-50.640114,1029.5448,324.774933,-255.228882,514.642334,372.863464,-280.101807,97.188324,426.879303,-244.230453,80.218468,345.292084,113.588326,527.979797,384.161011,123.137329,98.943954,431.355103,82.247887,77.275322,332.80896,-151.816986,490.925201,365.24353,-191.509033,106.389343,248.465454,-310.850128,54.197891,202.411942,-239.821045,64.390846,260.823914,163.835419,57.753448,203.420319,98.847626,64.20816,355.324097,36.296196,103.604675,345.732025,1.612435,503.880188
78,0,246.758698,-220.200714,1003.949158,239.772171,49.629135,1010.161377,417.648956,-118.732758,1032.656738,420.448608,-50.640785,1029.512817,324.727234,-255.213257,514.602966,372.736725,-280.090027,97.139427,426.892151,-244.240768,80.222542,345.275757,113.574066,527.992004,384.085052,123.15007,99.002655,431.180328,82.35836,77.222107,332.794617,-151.795471,490.9216,365.260956,-191.485275,106.414322,248.3815,-310.872009,54.23735,202.415833,-239.813309,64.381783,260.888702,163.777115,57.777733,203.476898,98.816818,64.194695,355.250305,36.286583,103.635139,345.65329,1.650953,503.876282
79,0,246.760666,-220.152817,1003.855591,239.792648,49.652645,1010.181091,417.673462,-118.769409,1032.65918,420.356689,-50.56089,1029.644287,324.678833,-255.688431,515.273743,372.807587,-280.104126,97.087502,426.836609,-244.19902,80.253212,345.258575,113.550636,527.995544,384.132812,123.118408,98.949593,431.196106,82.384384,77.217606,332.759155,-151.799423,490.970062,365.241211,-191.469788,106.412415,248.70784,-310.718719,54.075722,202.687164,-239.857758,64.344727,261.214996,163.878235,57.686337,203.437744,98.845093,64.194702,356.005066,36.245552,104.228729,345.647156,1.620147,503.905609
80,0,246.814163,-220.181488,1003.988403,239.794434,49.671074,1010.201355,417.763763,-118.736649,1032.663452,420.49234,-50.623711,1029.466064,324.653381,-255.21756,514.692932,372.833862,-280.110474,97.116425,426.850739,-244.22049,80.229973,345.25058,113.569519,528.025391,384.160187,123.121979,98.999603,431.318054,82.239456,77.261467,332.732666,-151.78981,490.935822,365.275269,-191.476974,106.422935,248.46463,-310.907562,54.262295,202.45752,-239.841644,64.360641,261.091766,163.923431,57.66597,203.391235,98.825996,64.180016,355.29422,36.271709,103.673309,345.604065,1.685867,503.891937
81,0,246.884583,-220.183868,1003.971436,239.817612,49.647446,1010.196106,417.696625,-118.714241,1032.651123,420.502289,-50.597797,1029.457153,324.708221,-255.185638,514.616333,372.777161,-280.111786,97.182549,426.883392,-244.224136,80.292824,345.221313,113.546989,528.027161,384.114044,123.098358,98.959007,431.306519,82.274948,77.285164,332.729767,-151.788773,490.933899,365.233826,-191.489624,106.416626,248.524231,-310.846619,54.219547,202.428299,-239.833527,64.364311,261.044586,164.087357,57.797157,203.494125,98.836105,64.213409,355.368439,36.262413,103.667389,345.650269,1.664771,503.882599
82,0,246.92334,-220.193985,1003.921387,239.848572,49.655422,1010.20575,417.68573,-118.684669,1032.659912,420.544708,-50.559303,1029.464233,324.722931,-255.20575,514.66803,372.732361,-280.08725,97.114075,426.833191,-244.182907,80.255028,345.239655,113.5308,528.017212,383.864624,123.05687,98.926895,431.185822,82.354103,77.238419,332.751984,-151.760101,490.952179,365.264404,-191.498169,106.37365,248.627853,-310.665649,54.194984,202.452606,-239.844574,64.387398,260.994751,164.025482,57.635918,203.429901,98.831169,64.202522,355.22583,36.277637,103.611229,345.692932,1.627949,503.910675
83,0,246.957825,-220.182846,1003.912476,239.84317,49.652149,1010.187378,417.752625,-118.629082,1032.673584,420.544098,-50.541042,1029.481934,324.746033,-255.165512,514.593384,373.022308,-280.064545,97.276749,426.84436,-244.194565,80.256584,345.235077,113.514046,528.022522,383.952637,123.06916,98.919167,431.175995,82.405014,77.276939,332.772003,-151.766983,490.938873,365.247559,-191.470291,106.402695,248.744644,-310.782745,54.014091,202.451721,-239.832291,64.367447,261.460693,163.841278,57.94529,203.575668,98.751846,64.208496,356.073334,36.234818,104.227097,345.63974,1.696867,503.885803
84,0,246.829208,-220.130234,1004.03656,239.885254,49.657177,1010.178467,417.799377,-118.607285,1032.684937,420.585968,-50.49852,1029.470703,324.802063,-255.169235,514.618591,372.853241,-280.090912,97.149269,426.863983,-244.226959,80.201477,345.256042,113.536102,528.028931,383.826813,123.037384,98.876007,431.324463,82.288216,77.255135,332.792206,-151.754501,490.925476,365.244781,-191.487213,106.389145,248.741653,-310.743896,53.987762,202.44194,-239.83017,64.376221,261.019989,163.929092,57.850536,203.588943,98.720047,64.220726,356.093384,36.223373,104.274399,345.713867,1.693029,503.914948
85,0,247.055252,-220.231003,1003.974548,239.880264,49.656071,1010.165222,417.790009,-118.540695,1032.707275,420.604523,-50.441761,1029.494141,324.873138,-255.124725,514.591431,372.769653,-280.0849,97.042213,426.870026,-244.192734,80.266602,345.313232,113.585266,528.017822,383.79599,123.046211,98.863602,431.314453,82.296326,77.247528,332.846283,-151.744843,490.918304,365.268646,-191.447601,106.397202,248.471863,-310.797028,54.354263,202.465836,-239.848938,64.374741,261.059601,164.113586,57.873737,203.560013,98.758003,64.179535,355.319672,36.312504,103.666046,345.783264,1.687711,503.884186
86,0,247.113586,-220.215759,1003.881226,239.886063,49.684238,1010.157104,417.83963,-118.514343,1032.728271,420.626373,-50.415268,1029.502197,324.935852,-255.163467,514.649414,372.854279,-280.085297,97.10704,426.880554,-244.214279,80.206406,345.403839,113.655075,528.140991,384.044281,123.066368,98.908112,431.317139,82.259689,77.238228,332.883667,-151.736847,490.922455,365.255646,-191.455383,106.409256,248.517868,-310.881439,54.202358,202.733017,-239.882553,64.37429,261.046692,164.001633,57.704144,203.488342,98.798492,64.257599,356.105713,36.286938,104.142349,345.810547,1.688884,503.918762
87,0,247.154663,-220.198959,1003.857117,239.916336,49.692123,1010.145447,417.889862,-118.493668,1032.740356,420.652679,-50.379597,1029.535156,325.001038,-255.160034,514.617798,372.78064,-280.079193,97.051964,426.865326,-244.191849,80.211945,345.449402,113.710068,528.149536,384.03418,123.080246,98.83387,431.322998,82.309792,77.265175,332.933838,-151.737518,490.92749,365.266022,-191.500336,106.415764,248.678711,-310.786285,54.044167,202.468582,-239.845291,64.374237,260.990448,163.964386,57.6675,203.552689,98.760345,64.172241,355.288788,36.320129,103.710136,345.836914,1.772279,503.893127
88,0,247.277023,-220.203125,1003.993408,239.957489,49.680157,1010.140747,417.915558,-118.467033,1032.762207,420.669281,-50.345493,1029.535889,325.032135,-255.189713,514.716492,372.719666,-280.048798,97.005585,426.835022,-244.168274,80.259422,345.500824,113.766327,528.159546,383.853699,123.219276,98.713654,431.333618,82.287247,77.256363,332.995697,-151.730896,490.936615,365.259247,-191.483307,106.398613,248.527847,-310.899719,54.215031,202.514374,-239.86409,64.397018,261.051971,163.909378,57.698429,203.469925,98.825058,64.245026,355.164795,36.358776,103.6157,345.963531,1.730926,503.927765
89,0,247.362457,-220.185577,1003.930542,239.981827,49.687725,1010.121826,417.959961,-118.407982,1032.837524,420.720917,-50.324615,1029.587891,325.099884,-255.161072,514.711548,372.861267,-280.125122,97.133781,426.967346,-244.199249,80.365639,345.536163,113.791809,528.167358,384.067352,123.262115,98.797714,431.343567,82.314453,77.27047,333.028473,-151.722015,490.895172,365.277802,-191.472626,106.444595,248.491135,-310.833954,54.244659,202.445633,-239.860611,64.392769,261.184875,163.916687,57.770046,203.407547,98.838486,64.217339,355.219238,36.349533,103.736252,345.989594,1.758721,503.905487
90,0,247.405731,-220.184479,1003.937256,240.02124,49.709743,1010.126587,417.999695,-118.387581,1032.814941,420.593719,-50.216579,1029.752319,325.181244,-255.19809,514.75,372.718597,-280.105743,97.014351,426.985565,-244.208954,80.414902,345.587189,113.861046,528.184753,384.122681,123.092476,98.887886,431.355164,82.319496,77.237541,333.09848,-151.717468,490.91449,365.236664,-191.471954,106.382507,248.716843,-310.775116,54.034519,202.770447,-239.880386,64.371964,260.980652,163.86557,57.614491,203.489075,98.805923,64.209831,355.373779,36.31686,103.751122,346.050964,1.763953,503.898865
91,0,247.478119,-220.170547,1003.935913,240.067032,49.72562,1010.128235,418.029785,-118.351112,1032.862427,420.808044,-50.251389,1029.588257,325.225098,-255.2202,514.790283,372.779938,-280.119629,97.074211,426.903259,-244.180603,80.218468,345.626312,113.879616,528.191467,384.103088,123.147812,98.882744,431.19223,82.422356,77.210693,333.129517,-151.710281,490.926178,365.296417,-191.468613,106.411331,248.680222,-310.997223,54.076065,202.526443,-239.881088,64.398865,260.937164,163.917755,57.968296,203.575363,98.753036,64.20369,356.09021,36.289692,104.255173,346.111176,1.751672,503.916382
92,0,247.554886,-220.159515,1003.829834,240.091431,49.70779,1010.122986,418.106812,-118.330765,1032.807861,420.844452,-50.267807,1029.51416,325.238312,-255.175613,514.759521,372.809723,-280.099121,97.162277,426.887909,-244.173264,80.194458,345.656372,113.900497,528.199463,384.128021,123.138313,98.91069,431.192383,82.463745,77.215332,333.173859,-151.698135,490.954163,365.275452,-191.475296,106.401718,248.421295,-310.7901,54.338783,202.482178,-239.875732,64.397736,261.313202,163.777206,57.95229,203.604156,98.735107,64.220657,355.198639,36.365547,103.651367,346.149933,1.796193,503.911072
93,0,247.668106,-220.201935,1003.976318,240.096298,49.747486,1010.092834,418.144745,-118.297684,1032.85144,420.774048,-50.118637,1029.772949,325.291046,-255.208221,514.818054,372.773499,-280.087158,97.094543,426.82251,-244.162689,80.179932,345.680145,113.888092,528.179932,384.189728,123.165619,98.935692,431.356384,82.317337,77.221642,333.188568,-151.699753,490.927643,365.229095,-191.459793,106.40226,248.855804,-310.966736,53.880844,202.73233,-239.902649,64.381447,260.883301,163.944397,57.637241,203.444153,98.842911,64.192703,355.352905,36.356079,103.688866,346.131287,1.871776,503.885864
94,0,247.751617,-219.915421,1003.38208,240.143448,49.765457,1010.092957,418.200653,-118.251564,1032.816162,420.790436,-50.063053,1029.80835,325.345093,-255.186523,514.746826,372.908203,-280.117767,97.204636,426.856873,-244.18399,80.21814,345.684875,113.885796,528.158386,383.988312,123.115395,98.889084,431.237732,82.439583,77.209129,333.213379,-151.694809,490.932526,365.27066,-191.472748,106.422279,248.725067,-310.794983,54.023544,202.504745,-239.888641,64.3946,261.064972,163.792786,57.827713,203.457718,98.81768,64.237038,356.018372,36.324627,104.230263,346.19873,1.842122,503.926514
95,0,247.901779,-220.216324,1003.632568,240.170181,49.759121,1010.098816,418.235413,-118.249825,1032.833252,420.962677,-50.120255,1029.643066,325.377686,-255.247208,514.871216,372.870514,-280.10022,97.190147,426.884796,-244.185776,80.203209,345.700134,113.864845,528.140564,384.212799,123.152626,98.978386,431.252808,82.409065,77.209503,333.260498,-151.693558,490.943207,365.289764,-191.468842,106.413223,248.662369,-310.690094,54.11972,202.478714,-239.888916,64.387207,261.099731,163.918396,57.666553,203.570023,98.742859,64.21299,355.239258,36.384232,103.650635,346.157684,1.926327,503.937653
96,0,247.927078,-220.191513,1003.874512,240.219055,49.727528,1010.100464,418.316864,-118.216187,1032.815063,420.889282,-50.010998,1029.854248,325.375458,-255.158066,514.757568,372.864075,-280.064636,97.171219,426.909393,-244.176666,80.133797,345.673431,113.837532,528.091431,384.222168,123.186462,98.898964,431.229828,82.46212,77.246185,333.292816,-151.667068,490.937134,365.325195,-191.467529,106.412094,248.494141,-310.861481,54.267723,202.499496,-239.877319,64.39801,261.133423,164.001511,57.88065,203.50235,98.832466,64.237907,356.0755,36.303806,104.268677,346.201996,1.893002,503.923889
97,0,248.002625,-220.206055,1003.900635,240.261368,49.749207,1010.118103,418.328125,-118.175629,1032.837769,421.035797,-50.073124,1029.662354,325.403442,-255.337067,515.017639,372.93335,-280.092255,97.168396,426.850067,-244.147934,80.195564,345.698273,113.822853,528.079956,384.281403,123.154976,98.894569,431.355713,82.379776,77.249557,333.286987,-151.666595,490.938049,365.269073,-191.456909,106.41375,248.474182,-310.888306,54.203377,202.503296,-239.857971,64.392487,261.38623,163.846161,57.96949,203.480392,98.836372,64.249588,355.461853,36.335407,103.786064,346.247192,1.913718,503.915314
98,0,248.063354,-220.216843,1003.972778,240.281784,49.786118,1010.105347,418.391846,-118.161774,1032.871094,420.951172,-49.971733,1029.840332,325.390564,-255.24115,514.939148,372.745972,-280.069031,97.141396,426.864471,-244.1698,80.218536,345.692383,113.826912,528.066406,384.047943,123.125023,98.921509,431.366547,82.337746,77.251358,333.230774,-151.645538,490.914703,365.26413,-191.468689,106.396828,248.712418,-310.741302,54.045467,202.505554,-239.878998,64.407509,260.992737,164.079346,57.838192,203.616287,98.75705,64.209282,355.343475,36.424656,103.589928,346.260803,1.933692,503.912445
99,0,247.912064,-220.162048,1003.966309,240.255112,49.779778,1010.092041,418.448242,-118.163551,1032.821167,421.107208,-50.025696,1029.681885,325.416443,-255.243423,514.919739,372.838959,-280.053772,97.013908,426.900116,-244.209793,80.162209,345.719025,113.831947,528.095459,383.881104,123.164009,98.920952,431.227692,82.451248,77.198296,333.299194,-151.620544,490.965271,365.288696,-191.458511,106.40419,248.685226,-310.69751,54.11393,202.478394,-239.887756,64.397705,261.052063,163.998459,57.800568,203.47052,98.842712,64.235481,356.135895,36.330585,104.223373,346.228302,1.970901,503.920685
100,0,248.078583,-220.177505,1003.828186,240.317764,49.783443,1010.100037,418.448486,-118.140396,1032.877808,420.996124,-49.92662,1029.891479,325.470062,-255.626648,515.493469,372.951019,-280.106659,97.163452,426.892731,-244.152359,80.153008,345.76178,113.842476,528.120239,384.297638,123.144005,98.933311,431.357605,82.359726,77.254112,333.301697,-151.61467,490.972778,365.25296,-191.445465,106.375504,248.532791,-310.884521,54.213345,202.475723,-239.870514,64.422974,261.029205,164.06752,57.858192,203.453125,98.834579,64.242668,355.238403,36.327694,103.668892,346.334259,1.932271,503.902313
101,0,248.132812,-220.227127,1003.946167,240.349655,49.802139,1010.067444,418.491943,-118.143196,1032.899658,421.028351,-49.925743,1029.879883,325.477631,-255.414871,515.137146,372.784302,-280.042999,97.030632,426.904938,-244.193588,80.109436,345.806,113.845367,528.139832,384.336365,123.130791,98.946983,431.235016,82.477219,77.244713,333.283325,-151.61821,490.923553,365.262146,-191.477631,106.369514,248.541428,-310.862671,54.2015,202.455322,-239.879532,64.392372,261.046234,163.944855,57.705811,203.438904,98.83345,64.223137,355.304352,36.367031,103.616341,346.374725,1.914838,503.914642
102,0,248.138809,-220.234024,1003.940674,240.390457,49.808369,1010.115295,418.533905,-118.142021,1032.85144,421.042358,-49.922176,1029.875732,325.402222,-255.159348,514.87793,372.891479,-280.057495,97.132133,426.941467,-244.178955,80.162941,345.796387,113.842918,528.129333,384.184296,123.158005,98.92411,431.385101,82.326683,77.237236,333.355377,-151.578415,490.95694,365.268188,-191.447815,106.380905,248.718918,-310.800354,54.027763,202.44429,-239.847626,64.383919,261.158783,163.923218,57.69096,203.575958,98.79644,64.182861,355.436157,36.352024,103.718483,346.325562,1.928248,503.908997
103,0,248.198242,-220.241898,1003.996399,240.37265,49.817802,1010.118347,418.524323,-118.144455,1032.886963,421.011536,-49.941105,1029.907593,325.461243,-255.279449,515.013367,372.833099,-280.092102,97.092644,426.888794,-244.178864,80.148972,345.79126,113.833115,528.114197,384.259827,123.123047,98.944504,431.342957,82.357185,77.263451,333.289795,-151.596176,490.922577,365.270447,-191.447556,106.367302,248.898483,-310.949829,53.866894,202.45726,-239.865814,64.414047,260.994598,163.99437,57.646618,203.47699,98.835785,64.233711,355.364349,36.352489,103.683372,346.386963,1.914686,503.925751
104,0,247.830963,-220.024673,1003.832214,240.389923,49.809692,1010.116699,418.532471,-118.166092,1032.866821,421.034668,-49.932049,1029.910034,325.408478,-255.14325,514.829346,372.84787,-280.089935,97.133797,426.92514,-244.207886,80.153358,345.790588,113.813629,528.109375,383.941895,123.146019,98.941582,431.20816,82.476585,77.204193,333.311096,-151.602127,490.966248,365.245697,-191.479828,106.36866,248.801865,-310.785736,54.017513,202.407684,-239.868057,64.399323,261.011078,163.99585,57.631889,203.438812,98.817558,64.253822,356.081848,36.315716,104.269112,346.346313,1.926251,503.935516
105,0,248.13945,-220.234955,1003.907654,240.358231,49.794235,1010.10083,418.53244,-118.183479,1032.877075,421.07251,-50.00293,1029.762573,325.452606,-255.302368,515.065552,372.780762,-280.081451,97.043068,426.865417,-244.169006,80.195244,345.741364,113.807449,528.064941,383.994904,123.131935,98.890884,431.223267,82.470085,77.206795,333.303314,-151.61116,490.944489,365.285675,-191.476379,106.415077,248.689896,-310.750946,54.022697,202.434891,-239.865143,64.400337,260.997162,163.975143,57.914669,203.237961,98.856506,63.99028,355.285034,36.358276,103.7089,346.320648,1.922078,503.915771
106,0,248.137115,-220.217453,1003.785034,240.359848,49.791191,1010.111206,418.477295,-118.172935,1032.890991,421.152405,-50.042095,1029.717407,325.428528,-255.141174,514.849854,372.858551,-280.081177,97.099594,426.837341,-244.171921,80.163116,345.726471,113.803467,528.047729,384.251373,123.148827,98.94062,431.355499,82.378754,77.249771,333.285919,-151.624619,490.945312,365.29953,-191.475006,106.394585,248.751999,-310.727692,54.10593,202.409531,-239.85614,64.398224,261.056763,164.031937,57.6991,203.440521,98.853256,64.18,356.081299,36.297379,104.27269,346.303284,1.946323,503.926819
107,0,248.129532,-220.235794,1003.911621,240.317459,49.817986,1010.101685,418.489441,-118.183121,1032.919434,421.028534,-49.966209,1029.890259,325.508942,-255.37854,515.104919,372.769043,-280.074524,97.037262,426.843201,-244.164764,80.161575,345.758636,113.804947,528.049988,384.218781,123.158768,98.962814,431.2435,82.462822,77.201927,333.311676,-151.621002,490.94751,365.290375,-191.460632,106.405678,248.523407,-310.874634,54.174294,202.444107,-239.870605,64.380615,261.336426,164.061768,57.874382,203.369247,98.8451,64.179794,356.23111,36.313545,104.306129,346.3685,1.929401,503.89624
108,0,248.096329,-220.213425,1003.934631,240.356903,49.795437,1010.090698,418.506317,-118.187477,1032.894897,420.999725,-49.983685,1029.908203,325.458069,-255.199402,514.89624,372.799194,-280.084229,97.113182,426.938293,-244.189621,80.161339,345.760986,113.814476,528.06427,384.398499,123.135666,99.003304,431.257629,82.448242,77.210426,333.328156,-151.637405,490.923035,365.287109,-191.44812,106.388481,248.523819,-310.84314,54.268456,202.462631,-239.870041,64.388855,261.113983,164.163727,57.906071,203.573151,98.781326,64.157372,356.138397,36.32061,104.265358,346.339447,1.954331,503.904388
109,0,248.116394,-220.231903,1003.876587,240.316589,49.78146,1010.093079,418.49527,-118.202103,1032.883667,420.971527,-49.989235,1029.928223,325.467072,-255.182648,514.820251,372.888916,-280.140289,97.171371,426.882568,-244.168839,80.172813,345.745911,113.823341,528.043579,384.18338,123.150703,98.932579,431.228119,82.481606,77.216629,333.326111,-151.619843,490.938354,365.31073,-191.447601,106.394882,248.500229,-310.845764,54.27726,202.457031,-239.880737,64.404106,261.490387,163.983597,57.868061,203.489227,98.860008,64.198036,355.511169,36.359585,103.73214,346.358154,1.93204,503.916687
110,0,248.10257,-220.258942,1003.979431,240.321259,49.771225,1010.102966,418.418488,-118.189758,1032.966675,420.959015,-49.993431,1029.915894,325.444672,-255.185394,514.835327,372.826965,-280.09375,97.071915,426.8927,-244.171631,80.188072,345.731262,113.848053,528.065796,384.1987,123.149696,98.958015,431.36911,82.357895,77.222313,333.318695,-151.622375,490.937164,365.271912,-191.456955,106.391335,248.701797,-310.800903,54.041073,202.43721,-239.88414,64.41114,260.990387,164.022568,57.880001,203.553909,98.731285,64.159325,355.417053,36.41383,103.746223,346.306885,1.917234,503.916809
111,0,248.088074,-220.225967,1003.61969,240.281448,49.746311,1010.123718,418.379639,-118.197578,1032.93042,420.925598,-50.003426,1029.928711,325.443604,-255.164505,514.798279,372.798676,-280.129425,97.065262,426.897919,-244.189651,80.183601,345.724457,113.895454,528.08313,384.124207,123.120544,98.877853,431.255402,82.469643,77.219666,333.295868,-151.648453,490.933899,365.283569,-191.460983,106.372299,248.443756,-310.897644,54.2705,202.456863,-239.882889,64.40834,260.928345,164.138657,57.841015,203.446518,98.827339,64.21167,355.351074,36.408344,103.643784,346.304688,1.9042,503.946533
112,0,248.03952,-220.255112,1003.846313,240.250381,49.745216,1010.120056,418.377167,-118.198631,1032.889648,421.033569,-50.089844,1029.761353,325.400665,-255.180771,514.833313,372.835663,-280.083374,97.115608,426.884949,-244.166962,80.144691,345.736206,113.907013,528.080383,384.180969,123.0765,98.898651,431.36203,82.357704,77.231316,333.294067,-151.643829,490.955627,365.251617,-191.474091,106.372574,248.757339,-310.806458,54.085533,202.427917,-239.874847,64.405777,260.990417,163.9245,57.629028,203.458893,98.842278,64.184456,355.402313,36.371231,103.689224,346.319489,1.916933,503.912567
113,0,248.021423,-220.238113,1003.846191,240.272461,49.736828,1010.125854,418.377747,-118.208008,1032.897339,420.856628,-49.999794,1029.926392,325.350708,-255.166,514.795654,372.839325,-280.095459,97.074402,426.886414,-244.182327,80.167336,345.726135,113.909393,528.110107,384.163544,123.091263,98.861473,431.362671,82.360138,77.247917,333.277344,-151.66153,490.933228,365.277924,-191.453247,106.410858,248.730499,-310.744232,54.00737,202.413132,-239.862228,64.401985,261.197754,163.846024,57.654995,203.447021,98.841583,64.198074,355.463959,36.363102,103.719353,346.295563,1.874688,503.902802
114,0,248.015045,-220.308716,1003.916382,240.246628,49.716938,1010.145081,418.356903,-118.216942,1032.907959,420.863312,-50.022236,1029.914917,325.391724,-255.523895,515.257202,372.878601,-280.042358,97.293617,426.894562,-244.172379,80.144951,345.702545,113.919273,528.12738,384.100525,123.095917,98.869614,431.366699,82.37339,77.2388,333.267853,-151.667267,490.973602,365.287384,-191.467041,106.380669,248.870193,-310.962372,53.87891,202.427856,-239.8685,64.422569,260.763977,163.887177,57.802753,203.646973,98.758896,64.203796,355.426544,36.369213,103.739021,346.222137,1.879964,503.912933
115,0,247.941132,-220.257446,1003.887756,240.166046,49.722935,1010.147339,418.310577,-118.224442,1032.845581,420.93866,-50.120255,1029.735352,325.338745,-255.267944,514.893677,372.846405,-280.116913,97.130653,426.84082,-244.148911,80.189499,345.659607,113.895584,528.114746,384.145905,123.121201,98.865486,431.227875,82.450691,77.20829,333.168365,-151.679001,490.912048,365.268188,-191.451401,106.41877,248.708984,-311.081024,54.048706,202.442169,-239.869019,64.403214,260.857025,163.914627,57.626202,203.619339,98.78331,64.175537,355.415985,36.385529,103.774696,346.269196,1.820334,503.91687
116,0,247.921051,-220.275467,1003.902649,240.101944,49.727276,1010.15332,418.224579,-118.24691,1032.872925,420.765167,-50.053776,1029.920166,325.305115,-255.401169,515.080994,372.807129,-280.113586,97.123466,426.899689,-244.178177,80.142395,345.63858,113.879906,528.119263,384.166992,123.119362,98.887581,431.378479,82.334305,77.234818,333.125061,-151.711456,490.930542,365.239136,-191.451233,106.407669,248.446976,-310.897583,54.252731,202.426178,-239.867065,64.401802,260.862854,163.912247,57.652679,203.616684,98.739342,64.185066,355.366913,36.325745,103.721382,346.230835,1.818051,503.915558
117,0,247.830444,-220.2742,1003.907898,240.087357,49.712456,1010.148193,418.154114,-118.267731,1032.914795,420.768402,-50.076214,1029.864014,325.29541,-255.496033,515.212524,372.860535,-280.080566,97.124229,426.839569,-244.179123,80.14238,345.56778,113.855057,528.118408,384.0336,123.110603,98.886726,431.244537,82.434769,77.195595,333.115326,-151.681198,490.927216,365.251801,-191.462906,106.405365,248.719376,-310.779755,54.009125,202.408997,-239.859116,64.412834,260.926849,163.889999,57.629833,203.479172,98.805016,64.221642,356.116943,36.310852,104.25824,346.108063,1.865145,503.898193
118,0,247.800491,-220.269501,1003.766663,240.049057,49.702736,1010.179382,418.16217,-118.29837,1032.846802,420.841858,-50.165733,1029.699341,325.23175,-255.385071,514.99823,372.766663,-280.070923,97.016541,426.804474,-244.126175,80.23642,345.534515,113.839058,528.093018,383.894135,123.044693,98.892914,431.19043,82.45504,77.180382,333.058105,-151.677704,490.929321,365.237671,-191.466309,106.405548,248.741272,-310.7453,54.035091,202.426117,-239.872284,64.422218,261.183014,163.860565,57.736065,203.292023,98.867668,63.980328,355.338104,36.32497,103.740868,345.998352,1.891163,503.930939
119,0,247.683167,-220.312897,1003.917603,240.001114,49.661259,1010.156982,418.020599,-118.312012,1032.874512,420.803436,-50.241383,1029.544922,325.128387,-255.164795,514.684875,372.830994,-280.114136,97.176483,426.83905,-244.157867,80.139824,345.463806,113.805977,528.102417,384.204468,123.110023,98.931168,431.362091,82.311829,77.244698,333.022522,-151.690399,490.922821,365.258514,-191.4814,106.406982,248.793671,-310.799072,54.030205,202.4729,-239.860428,64.424538,260.991486,163.772125,57.782784,203.501709,98.803108,64.186104,355.528473,36.328854,103.726471,346.008942,1.810509,503.942444
120,0,247.615799,-220.30426,1003.911133,239.997055,49.65258,1010.172974,418.053192,-118.327309,1032.809814,420.774963,-50.232098,1029.62146,325.127777,-255.31691,514.876953,372.851593,-280.114807,97.109047,426.839203,-244.159882,80.187851,345.42804,113.769859,528.092773,384.067993,123.135872,98.914719,431.342499,82.340385,77.22963,332.958679,-151.706314,490.911133,365.262054,-191.461517,106.394653,248.51181,-310.905396,54.251434,202.447098,-239.87294,64.407875,260.843109,163.875839,57.570335,203.442276,98.844452,64.192932,355.263214,36.41061,103.681046,346.012787,1.780124,503.921143
121,0,247.576279,-220.296585,1003.837097,239.948532,49.64053,1010.184265,417.989319,-118.364174,1032.781738,420.69519,-50.258499,1029.657104,325.074829,-255.290543,514.834045,372.763123,-280.090973,97.097473,426.874146,-244.174637,80.17334,345.369476,113.758797,528.088379,384.07312,123.106667,98.952171,431.223755,82.432693,77.238434,332.97522,-151.687805,490.897675,365.229095,-191.480484,106.37986,248.51767,-310.872925,54.233505,202.411133,-239.863922,64.412239,260.859253,163.864822,57.635628,203.579163,98.772614,64.168182,356.03125,36.238613,104.312881,345.918457,1.754443,503.902435
122,0,247.495941,-220.324631,1003.838867,239.92218,49.635201,1010.222534,417.956757,-118.36985,1032.782104,420.640686,-50.319454,1029.540527,325.028259,-255.177948,514.657104,372.795288,-280.065521,97.017914,426.884827,-244.194229,80.155525,345.330444,113.726273,528.06012,384.131439,123.114777,98.944389,431.344849,82.324562,77.245796,332.902527,-151.717041,490.89328,365.288696,-191.458298,106.416908,248.517273,-310.840271,54.300705,202.410797,-239.871033,64.400719,261.044678,163.91127,57.786205,203.548706,98.768387,64.126381,355.308563,36.382767,103.664436,345.834442,1.780836,503.916504
123,0,247.400177,-220.315933,1003.812927,239.873947,49.603504,1010.220154,417.898651,-118.398613,1032.814209,420.609314,-50.294453,1029.633667,324.946259,-255.205719,514.723389,372.759125,-280.092499,97.067932,426.863556,-244.162125,80.184944,345.301605,113.698608,528.066162,384.187134,123.1008,98.99765,431.19812,82.43586,77.200607,332.871765,-151.730026,490.920044,365.230225,-191.485275,106.398262,248.515518,-310.864899,54.213554,202.417404,-239.862747,64.383011,260.950958,163.826447,57.820374,203.480225,98.822289,64.19162,355.246094,36.346737,103.68956,345.79776,1.736705,503.891998
124,0,247.252151,-220.307251,1003.801208,239.72934,49.699818,1010.186646,417.832855,-118.437271,1032.80127,420.553467,-50.337688,1029.585815,324.931519,-255.1716,514.596558,372.811188,-280.062653,97.072105,426.914337,-244.217529,80.118057,345.252411,113.685997,528.074463,384.257019,123.107018,99.034164,431.202271,82.403023,77.220123,332.841675,-151.728607,490.896362,365.224091,-191.472794,106.39933,248.507629,-310.849915,54.245121,202.407761,-239.859833,64.397301,260.908661,163.931091,57.68713,203.44458,98.827377,64.186974,355.208771,36.357193,103.681908,345.719086,1.745911,503.879059
125,0,247.194611,-220.313446,1003.829712,239.715271,49.693573,1010.208374,417.806458,-118.471428,1032.803223,420.48819,-50.359573,1029.61499,324.844269,-255.189575,514.589539,372.787933,-280.109528,97.086411,426.894226,-244.179672,80.137894,345.204285,113.674324,528.054504,384.169708,123.122368,98.97007,431.204529,82.388969,77.203583,332.770905,-151.761337,490.870789,365.226776,-191.474609,106.363136,248.508377,-310.814087,54.221626,202.728134,-239.888748,64.355789,261.004028,163.9375,57.687988,203.433594,98.820526,64.216972,356.149384,36.225849,104.354668,345.715088,1.697892,503.895447
126,0,247.137909,-220.356766,1003.870361,239.73288,49.593254,1010.213867,417.668579,-118.506912,1032.796997,420.442352,-50.408562,1029.571655,324.817383,-255.226288,514.677979,372.766296,-280.116333,97.023918,426.861084,-244.169373,80.20034,345.149292,113.675468,528.04364,384.289581,123.105156,98.98645,431.216064,82.360565,77.218468,332.805054,-151.744476,490.922913,365.209076,-191.48024,106.358063,248.467941,-310.889709,54.235104,202.509888,-239.855667,64.394119,261.229645,163.937073,57.854599,203.571121,98.744225,64.170975,355.358246,36.348679,103.78582,345.660736,1.679124,503.91568
127,0,247.065735,-220.349472,1003.825928,239.687454,49.669624,1010.195007,417.668152,-118.559418,1032.786865,420.375641,-50.45438,1029.588135,324.755676,-255.235641,514.626282,372.871277,-280.124329,97.072777,426.885284,-244.224808,80.148605,345.127747,113.65506,528.030762,384.091217,123.079102,98.981918,431.143463,82.425926,77.233932,332.758636,-151.769623,490.913452,365.248901,-191.46312,106.403244,248.765442,-310.704041,54.127907,202.468582,-239.847092,64.390358,260.898407,163.970932,57.696423,203.468109,98.836586,64.203529,355.128174,36.356945,103.598244,345.615997,1.679722,503.901245
128,0,246.982925,-220.365601,1003.869202,239.624298,49.668716,1010.215271,417.628204,-118.587921,1032.761353,420.319702,-50.478874,1029.574585,324.737274,-255.248703,514.59906,372.836182,-280.096405,97.149681,426.82782,-244.184662,80.198158,345.064117,113.632774,528.032654,383.951904,123.063721,98.967293,431.138824,82.406204,77.212242,332.694702,-151.780655,490.901367,365.180695,-191.462372,106.368431,248.491165,-310.885376,54.212452,202.505783,-239.860062,64.381989,260.95694,163.928024,57.664028,203.635666,98.746628,64.19886,355.207092,36.359516,103.61879,345.513519,1.676812,503.898621
129,0,246.976608,-220.439423,1003.940247,239.594513,49.544376,1010.227783,417.564453,-118.606476,1032.771851,420.276886,-50.512516,1029.557739,324.686462,-255.259598,514.594543,372.757812,-280.111877,97.077148,426.909729,-244.213882,80.149223,345.043243,113.605972,528.019714,383.827789,123.072121,98.954765,431.198425,82.360596,77.181114,332.68399,-151.789536,490.903778,365.251282,-191.484421,106.364288,248.514771,-310.851349,54.174747,202.46254,-239.840683,64.363678,260.887482,163.975403,57.695679,203.496552,98.813988,64.232941,356.137604,36.241291,104.274307,345.524963,1.628663,503.90451
130,0,246.879684,-220.40683,1003.88147,239.506302,49.556454,1010.217285,417.548035,-118.655594,1032.753052,420.2164,-50.550812,1029.590698,324.632111,-255.313309,514.656006,372.794586,-280.093628,97.001427,426.845703,-244.215927,80.192795,345.014771,113.588173,528.013062,384.08847,123.090714,98.907715,431.145447,82.389038,77.183083,332.632843,-151.837173,490.862396,365.24588,-191.480621,106.355804,248.771088,-310.854401,54.236168,202.469879,-239.845932,64.389984,261.073761,163.908478,57.666908,203.479034,98.827499,64.235092,356.373749,36.235306,104.356674,345.44751,1.632914,503.909882
131,0,246.802078,-220.44603,1003.979187,239.43692,49.629433,1010.195007,417.434235,-118.676804,1032.758057,420.152924,-50.574753,1029.588745,324.60199,-255.305206,514.61499,372.845459,-280.1073,97.174042,426.857269,-244.192871,80.184326,344.981293,113.542633,528.010925,384.142792,123.067497,98.975906,431.167114,82.377502,77.206871,332.654846,-151.814545,490.893463,365.22821,-191.484161,106.380112,248.667404,-311.057922,54.036457,202.483292,-239.848831,64.371918,261.287109,163.949768,57.81926,203.46817,98.815903,64.236893,355.894226,36.261662,104.220627,345.368164,1.663222,503.884369
132,0,246.705521,-220.450623,1003.893127,239.430038,49.500301,1010.214233,417.377411,-118.70565,1032.761719,420.099823,-50.609379,1029.60144,324.569641,-255.31369,514.61908,372.783356,-280.099396,97.117325,426.859283,-244.200073,80.184952,344.96283,113.525436,528.009644,384.113708,123.051369,98.944817,431.082214,82.443375,77.208344,332.654572,-151.829453,490.897034,365.292297,-191.491592,106.395302,248.703918,-311.056763,54.088661,202.457962,-239.844528,64.376938,261.304504,163.875443,57.772614,203.650696,98.74543,64.208557,355.474121,36.252949,103.906662,345.344208,1.597248,503.89624
133,0,246.659363,-220.482635,1003.922241,239.356216,49.578007,1010.194885,417.313324,-118.755363,1032.717163,420.044373,-50.638504,1029.587524,324.52951,-255.347549,514.645325,372.808746,-280.104187,97.077271,426.907898,-244.251099,80.157562,344.913361,113.510773,528.006104,384.167053,123.03936,99.019379,431.182129,82.362206,77.229607,332.621338,-151.864426,490.887634,365.251404,-191.493423,106.361427,248.743164,-310.75885,54.006622,202.487656,-239.843552,64.369675,260.98175,163.924118,57.725624,203.501312,98.814827,64.24353,356.118561,36.226418,104.318512,345.35614,1.546499,503.891632
134,0,246.61412,-220.48616,1003.904236,239.248428,49.558987,1010.194092,417.21756,-118.779778,1032.747925,419.980408,-50.668518,1029.591064,324.491119,-255.373627,514.652222,372.882568,-280.136749,97.166077,426.900818,-244.227341,80.18029,344.89801,113.482132,528.022949,384.065063,123.042801,98.962608,431.180206,82.348877,77.199196,332.602356,-151.870529,490.901276,365.236237,-191.49231,106.406456,248.476654,-310.866455,54.222504,202.442993,-239.846603,64.385094,261.216858,163.86261,57.978405,203.521973,98.809944,64.263252,356.109772,36.239998,104.230652,345.211975,1.584141,503.901825
135,0,246.397217,-220.204071,1003.33252,239.17865,49.544731,1010.191772,417.152252,-118.781349,1032.740723,419.907196,-50.69342,1029.605835,324.481903,-255.371719,514.603271,372.876251,-280.12207,97.189209,426.825195,-244.185883,80.200607,344.825348,113.469894,528.022339,384.073822,123.001915,98.972534,431.167511,82.365181,77.222618,332.584015,-151.895554,490.890472,365.224701,-191.492722,106.362785,248.655487,-310.734436,54.015854,202.414978,-239.852066,64.38942,261.057983,163.776337,57.868084,203.426102,98.821777,64.205612,356.109894,36.179497,104.317879,345.204041,1.550309,503.901428
136,0,246.479355,-220.439423,1003.592957,239.155106,49.521328,1010.197998,417.152252,-118.826065,1032.728149,419.84848,-50.706036,1029.619873,324.441284,-255.395416,514.626648,372.868835,-280.120331,97.261269,426.798096,-244.184158,80.218422,344.842194,113.474365,528.032288,384.173431,122.998528,98.991554,431.30777,82.241943,77.243996,332.559601,-151.900894,490.905792,365.240021,-191.478302,106.385201,248.640167,-311.011658,54.075417,202.420303,-239.835663,64.396477,260.922974,163.852737,57.684956,203.256393,98.858353,63.996651,355.418365,36.266701,103.71254,345.216919,1.490678,503.897552
137,0,246.431992,-220.608856,1003.908752,239.114319,49.520695,1010.169006,417.043854,-118.840149,1032.716553,419.78009,-50.72892,1029.644409,324.421844,-255.402863,514.613464,372.833771,-280.164368,97.085449,426.789673,-244.186768,80.228859,344.816956,113.455139,528.035889,384.060364,123.012573,98.940109,431.126617,82.351372,77.206429,332.535767,-151.924683,490.864563,365.23053,-191.506027,106.351379,248.737579,-310.747925,54.022873,202.729767,-239.839752,64.389999,260.956268,163.852173,57.637932,203.475418,98.813751,64.210663,356.036957,36.241978,104.207008,345.221466,1.458586,503.91449
138,0,246.381271,-220.636566,1003.973633,239.070648,49.488068,1010.158875,416.968414,-118.863472,1032.698975,419.744019,-50.761269,1029.609497,324.384583,-255.364807,514.514282,372.801483,-280.14563,97.076172,426.853333,-244.229858,80.200989,344.795929,113.445808,528.030701,384.169373,122.997101,99.05719,431.131927,82.366547,77.206787,332.53656,-151.935364,490.890137,365.236298,-191.501221,106.381973,248.677246,-311.028625,54.04258,202.483536,-239.827576,64.365341,260.835419,163.875549,57.644753,203.559525,98.721458,64.17482,356.136017,36.181381,104.310768,345.209686,1.413269,503.921875
139,0,246.340454,-220.635864,1003.958008,239.00174,49.483086,1010.177002,417.01236,-118.86496,1032.696045,419.565155,-50.703018,1029.76709,324.327301,-255.397797,514.610596,372.666107,-280.118988,97.006462,426.855865,-244.211365,80.205612,344.753662,113.445839,528.046692,384.158722,122.998558,99.026039,431.139374,82.339516,77.192368,332.462341,-151.953735,490.861725,365.238037,-191.494446,106.36998,248.745804,-310.711823,54.008648,202.481308,-239.842407,64.378105,260.846252,163.864456,57.637032,203.548553,98.746384,64.166245,356.01532,36.18961,104.318039,345.135162,1.457954,503.904938
140,0,246.235321,-220.629517,1003.89801,238.93364,49.436764,1010.164124,416.977631,-118.87767,1032.708496,419.664062,-50.821068,1029.565918,324.334778,-255.373901,514.507996,372.771393,-280.156738,97.147964,426.859985,-244.23732,80.187393,344.685242,113.435303,528.028809,384.060272,123.060867,99.026115,431.143097,82.360611,77.216347,332.448883,-151.956238,490.870636,365.248535,-191.488419,106.391792,248.733154,-310.718597,54.004612,202.46814,-239.843781,64.368263,260.836151,163.849564,57.65099,203.59404,98.721756,64.175163,355.99118,36.198715,104.252243,345.047638,1.437901,503.927246
141,0,246.1521,-220.677841,1003.844116,238.886566,49.43589,1010.174255,416.877838,-118.905342,1032.693359,419.648041,-50.833786,1029.575195,324.259216,-255.427658,514.612488,372.731934,-280.165588,97.037735,426.872711,-244.223175,80.222801,344.654999,113.423645,528.017578,384.142578,123.044846,99.012634,431.302673,82.246399,77.24382,332.462982,-151.95488,490.882355,365.197266,-191.513489,106.356842,248.67511,-310.713074,54.067383,202.477264,-239.851517,64.375793,261.143311,163.852249,57.841934,203.433884,98.82618,64.189789,355.280548,36.24173,103.650627,345.08252,1.392233,503.922058
142,0,246.103928,-220.68071,1003.881226,238.836197,49.439701,1010.161255,416.775055,-118.924461,1032.676758,419.445801,-50.754257,1029.750732,324.27533,-255.409988,514.557861,372.708099,-280.13269,96.980522,426.812073,-244.19223,80.232094,344.656433,113.403877,528.02417,384.197998,123.070915,99.028336,431.101471,82.379364,77.243774,332.429596,-151.975113,490.880402,365.240112,-191.500214,106.347374,248.814331,-310.906525,53.913506,202.48497,-239.826736,64.360458,261.155273,163.796112,58.078312,203.590469,98.73658,64.186874,355.250732,36.293324,103.61013,344.936401,1.445661,503.907013
143,0,246.138596,-220.718292,1003.91864,238.778152,49.448017,1010.149109,416.76767,-118.928741,1032.634888,419.413971,-50.756657,1029.720337,324.263824,-255.411835,514.541321,372.818909,-280.147491,97.207306,426.864532,-244.250885,80.198654,344.633331,113.388985,528.013611,384.180939,123.065681,99.014442,431.146271,82.332695,77.205078,332.481659,-151.963379,490.91629,365.209106,-191.536835,106.365303,248.510284,-310.891449,54.199352,202.48642,-239.823929,64.377846,260.990448,163.822754,57.710075,203.435562,98.796829,64.17823,355.905426,36.240524,104.124146,344.978973,1.457413,503.877869
144,0,246.062286,-220.719879,1003.924988,238.701523,49.430939,1010.144958,416.757477,-118.94619,1032.665527,419.533234,-50.8848,1029.539551,324.250397,-255.447891,514.603149,372.783997,-280.141602,97.10141,426.837677,-244.226593,80.22673,344.632172,113.367775,528.034424,384.215271,123.053024,99.08268,431.164856,82.339981,77.193375,332.421997,-151.977478,490.867249,365.187958,-191.501877,106.381714,248.499466,-310.779236,54.210049,202.457916,-239.820572,64.353058,261.086639,163.7771,58.060589,203.391663,98.818298,64.189018,356.028259,36.16853,104.313698,344.953247,1.429635,503.921936
145,0,245.958023,-220.7229,1004.067749,238.70845,49.403797,1010.14447,416.729553,-118.94751,1032.632935,419.516754,-50.889118,1029.525391,324.235901,-255.432312,514.554138,372.68161,-280.118286,97.083069,426.835999,-244.235931,80.188889,344.603973,113.357384,528.026245,384.172729,123.039597,99.022575,431.148102,82.324242,77.225266,332.417725,-151.991913,490.892975,365.233673,-191.500595,106.393814,248.726746,-310.735168,54.088364,202.462128,-239.825363,64.376991,261.098694,163.846863,57.865696,203.434357,98.805687,64.207115,355.989014,36.215363,104.21389,344.901031,1.43103,503.912079
146,0,246.002701,-220.657974,1003.799805,238.682114,49.417755,1010.129089,416.644775,-118.959557,1032.641724,419.467407,-50.879318,1029.602295,324.222473,-255.449921,514.576843,372.736603,-280.167419,97.111893,426.859467,-244.20813,80.243546,344.597137,113.335854,528.047241,384.080536,122.979156,98.963875,431.126465,82.363419,77.195778,332.400879,-151.996094,490.868958,365.221252,-191.516357,106.371117,248.753113,-310.7099,54.100235,202.436249,-239.835251,64.3638,261.034271,163.654282,57.820217,203.42421,98.805229,64.217941,355.947723,36.224632,104.208557,344.991974,1.367903,503.896423
147,0,245.943298,-220.77095,1003.976318,238.59137,49.414845,1010.152954,416.597137,-118.971664,1032.66626,419.458496,-50.92181,1029.54834,324.207825,-255.446228,514.531067,372.76709,-280.151093,96.995506,426.841766,-244.227371,80.204597,344.568085,113.312309,528.06311,384.020935,122.920128,98.98732,431.179688,82.294525,77.217278,332.403839,-152.013336,490.873138,365.217407,-191.500107,106.363335,248.435974,-310.859619,54.214958,202.461426,-239.830948,64.365486,260.861481,163.848694,57.672737,203.398026,98.825218,64.20163,355.091278,36.294472,103.630623,344.996002,1.371715,503.878113
148,0,245.955215,-220.812775,1004.066101,238.604767,49.409359,1010.116577,416.60257,-118.982857,1032.640991,419.414551,-50.936478,1029.554199,324.192749,-255.43454,514.504333,372.745605,-280.174194,97.0075,426.759766,-244.166824,80.268501,344.540131,113.285553,528.030762,384.066284,122.934334,98.983032,431.082977,82.354774,77.208717,332.434265,-152.004196,490.912994,365.231018,-191.491684,106.382355,248.639236,-311.003937,54.08065,202.414169,-239.839432,64.394012,261.145538,163.758347,57.952961,203.392151,98.831154,64.200745,355.311218,36.246975,103.785416,344.966064,1.386712,503.875092
149,0,245.944061,-220.803467,1004.044312,238.556503,49.410049,1010.123352,416.587128,-118.996323,1032.639771,419.223175,-50.863953,1029.730103,324.181488,-255.460052,514.523132,372.825836,-280.192352,97.051666,426.821899,-244.224289,80.195526,344.513977,113.256828,527.976685,383.755829,122.875137,98.927467,431.155548,82.322914,77.218742,332.38797,-152.014099,490.877716,365.220764,-191.513229,106.368469,248.643494,-310.623016,54.128609,202.419052,-239.836044,64.375305,260.914429,163.840027,57.689655,203.548904,98.758507,64.221558,355.205627,36.286785,103.63356,345.031158,1.336512,503.881805
150,0,245.877609,-220.790634,1004.019409,238.530472,49.409653,1010.118103,416.509369,-118.998077,1032.666016,419.215424,-50.871307,1029.751465,324.179657,-255.455963,514.555847,372.676117,-280.143311,97.033142,426.808807,-244.19046,80.239265,344.534546,113.254761,528.0271,383.898865,122.878853,99.016907,431.112488,82.368996,77.185028,332.362305,-152.017334,490.856689,365.201721,-191.517502,106.352791,248.466125,-310.90387,54.219482,202.40744,-239.818253,64.35968,260.963013,163.8452,57.674694,203.37764,98.804306,64.2024,355.316315,36.275936,103.710571,344.994415,1.387183,503.917053
151,0,245.875015,-220.784393,1003.976013,238.506943,49.397148,1010.104553,416.549042,-119.029831,1032.685059,419.341705,-50.985798,1029.559082,324.166534,-255.46843,514.575806,372.70282,-280.137054,97.102486,426.841095,-244.219742,80.185829,344.565063,113.241989,528.015015,384.042633,122.95063,98.987404,431.154236,82.332008,77.188637,332.362885,-152.020203,490.855408,365.254089,-191.503845,106.402649,248.531815,-310.880676,54.217495,202.413254,-239.823166,64.381767,260.934631,163.865463,57.68111,203.607819,98.732605,64.190987,355.309174,36.285667,103.730003,345.036743,1.372336,503.866913
152,0,245.842041,-220.788025,1003.932739,238.467438,49.40588,1010.093323,416.505005,-119.016144,1032.704102,419.165344,-50.889172,1029.771606,324.186707,-255.482025,514.537537,372.693359,-280.167114,97.0009,426.835754,-244.221375,80.202972,344.574066,113.260735,528.004272,384.133179,122.92321,99.084648,431.323425,82.214066,77.239456,332.37854,-152.031204,490.885345,365.223022,-191.520721,106.390381,248.789398,-310.765717,53.987675,202.418503,-239.823685,64.379059,261.098267,163.714996,57.864532,203.661255,98.709114,64.213547,355.183533,36.280075,103.562965,345.034668,1.346862,503.904449
153,0,245.813324,-220.805786,1003.988159,238.509277,49.387733,1010.082458,416.461884,-119.038811,1032.709595,419.12793,-50.899082,1029.785034,324.178864,-255.480682,514.566833,372.709259,-280.161926,97.0383,426.84967,-244.229614,80.24086,344.612885,113.276642,528.03302,384.019257,122.969887,99.082115,431.298523,82.233215,77.228912,332.343536,-152.056488,490.82962,365.212952,-191.527084,106.384293,248.676376,-310.717529,54.078773,202.400406,-239.835754,64.378471,261.025574,163.889526,57.720898,203.603119,98.730576,64.216911,355.148651,36.260868,103.56356,345.04184,1.349873,503.895111
154,0,245.803619,-220.809204,1004.045715,238.421768,49.380615,1010.088562,416.372772,-119.049652,1032.727173,419.143494,-50.913586,1029.818726,324.209503,-255.45961,514.532227,372.720276,-280.128937,97.114571,426.85675,-244.25267,80.19001,344.663208,113.278214,528.061829,384.052612,122.953285,99.06385,431.184601,82.323097,77.213448,332.414978,-152.044876,490.855743,365.238403,-191.515442,106.383026,248.732925,-310.690674,54.095146,202.447678,-239.827133,64.380341,261.399994,163.803329,57.797531,203.544342,98.732895,64.203644,355.942291,36.199387,104.214134,345.00058,1.391479,503.884857
155,0,245.814682,-220.824524,1003.976318,238.458893,49.372463,1010.055786,416.421906,-119.046631,1032.734863,419.220398,-50.986626,1029.661255,324.236908,-255.480942,514.550598,372.731262,-280.168488,97.093826,426.87616,-244.243332,80.216431,344.680115,113.299538,528.063171,384.161682,122.948975,99.08139,431.080353,82.386612,77.200516,332.412506,-152.048981,490.86264,365.228699,-191.530792,106.405319,248.679733,-310.727203,54.007984,202.425888,-239.837753,64.393105,260.977264,163.949387,57.672855,203.615128,98.723572,64.229561,355.200043,36.258266,103.812187,344.968506,1.385049,503.923828
156,0,245.767242,-220.832367,1003.986267,238.442047,49.376591,1010.043274,416.45816,-119.065849,1032.780884,419.085571,-50.911972,1029.861572,324.243561,-255.480133,514.524658,372.762939,-280.168304,97.055901,426.887421,-244.240936,80.20414,344.709686,113.311012,528.060303,384.202698,122.974083,99.127541,431.167572,82.33622,77.219147,332.471466,-152.041595,490.881012,365.266449,-191.532349,106.383568,248.458221,-310.855225,54.190269,202.413132,-239.813126,64.385811,260.931549,163.943878,57.920395,203.477524,98.774559,64.219635,355.920044,36.189808,104.295692,345.013245,1.397987,503.885498
157,0,245.754562,-220.835327,1004.029297,238.406525,49.40815,1010.047546,416.412842,-119.05954,1032.805786,419.040192,-50.907562,1029.887939,324.273346,-255.518402,514.56543,372.819977,-280.145599,97.086418,426.862427,-244.246613,80.20388,344.712708,113.322456,528.049438,384.093323,123.029289,99.048645,431.158875,82.334358,77.238243,332.480591,-152.034042,490.882416,365.267731,-191.519791,106.420334,248.473785,-310.855225,54.222431,202.372498,-239.803009,64.370903,261.030701,163.96257,57.731125,203.485367,98.808479,64.238342,355.342438,36.276432,103.761978,345.010742,1.381451,503.907074
158,0,245.681046,-220.835754,1003.940552,238.401154,49.390785,1010.018799,416.352783,-119.070953,1032.831909,419.804047,-51.012108,1029.691406,324.252289,-255.535751,514.606445,372.82251,-280.14856,97.122704,426.828156,-244.224625,80.237801,344.7341,113.338547,528.053955,384.124237,123.054192,99.05764,431.154022,82.366692,77.216423,332.504974,-152.052292,490.908783,365.218689,-191.531845,106.372475,248.499603,-310.889404,54.240791,202.424973,-239.829666,64.376892,260.93338,163.974884,57.685291,203.616608,98.706009,64.219902,355.443085,36.271175,103.825256,345.032562,1.404076,503.878937
159,0,245.980179,-221.030304,1004.000183,238.366714,49.392792,1009.999878,416.249512,-119.093117,1032.858643,419.126556,-50.950649,1029.920776,324.267975,-255.52887,514.578369,372.758209,-280.144348,97.034164,426.83197,-244.231277,80.231415,344.779327,113.381134,528.066772,384.286255,122.978958,99.115349,431.152313,82.352989,77.217278,332.48996,-152.067719,490.889404,365.256866,-191.532211,106.392464,248.69165,-310.76297,54.003136,202.435974,-239.825195,64.395447,261.051086,163.883194,57.918575,203.621841,98.727386,64.209061,355.288239,36.278313,103.77906,345.133118,1.36326,503.841217
160,0,245.644836,-220.832642,1003.925537,238.345398,49.375767,1009.98938,416.246338,-119.126038,1032.888672,419.101257,-50.958908,1029.942383,324.28421,-255.546036,514.586121,373.059998,-280.137238,97.314461,426.908569,-244.262741,80.223831,344.779877,113.372192,528.063599,384.283356,123.012428,99.114761,431.328522,82.241936,77.256149,332.512299,-152.064667,490.868042,365.278534,-191.536804,106.38166,248.61615,-310.992493,54.04755,202.739395,-239.85733,64.346527,261.206635,163.799469,57.864689,203.445511,98.794121,64.227119,355.106384,36.326607,103.666412,345.062561,1.449748,503.872864
161,0,245.630112,-220.837799,1003.887756,238.3125,49.370514,1009.970642,416.187347,-119.125885,1032.952515,419.086426,-50.973217,1029.953003,324.291748,-255.550354,514.554321,372.803528,-280.188873,97.16301,426.87558,-244.278885,80.209465,344.775085,113.387154,528.042175,384.240997,123.054482,99.12899,431.150574,82.386131,77.246445,332.514618,-152.07872,490.866547,365.273468,-191.499313,106.432884,248.403305,-310.769348,54.332802,202.471619,-239.81691,64.337181,261.180756,163.874161,57.949596,203.668777,98.683723,64.198776,355.287842,36.268494,103.744408,345.061371,1.424224,503.886475
162,0,245.630508,-220.887527,1004.126099,238.33931,49.363419,1009.952881,416.113556,-119.140846,1032.935791,419.032104,-50.978271,1029.990479,324.311523,-255.570923,514.567139,372.688507,-280.129883,97.126854,426.836578,-244.223969,80.276527,344.785278,113.374405,528.039062,384.173157,123.032631,99.0588,431.331818,82.247345,77.270912,332.521423,-152.087982,490.896912,365.268646,-191.521637,106.415283,248.628326,-311.006256,54.086784,202.519226,-239.840851,64.384193,261.184357,163.849197,57.957993,203.42688,98.816101,64.208191,355.259613,36.21682,103.723083,345.066223,1.427759,503.856171
163,0,245.597305,-220.895996,1004.006531,238.28476,49.336037,1009.962769,416.098694,-119.152664,1032.961426,419.04306,-50.996857,1030.009399,324.300354,-255.572647,514.599548,372.818909,-280.19751,97.088982,426.882935,-244.247711,80.20533,344.781982,113.382172,528.03418,383.888519,123.218307,98.788368,431.325226,82.254639,77.259132,332.515381,-152.096222,490.874359,365.298859,-191.509567,106.428139,248.829025,-310.906158,53.85244,202.456833,-239.831192,64.352554,261.027039,164.020615,57.730419,203.446747,98.80658,64.214706,355.222412,36.291073,103.612335,345.072296,1.490203,503.826965
164,0,245.596207,-220.933319,1004.021179,238.266296,49.330669,1009.955078,416.110413,-119.168274,1032.990479,419.618347,-51.07299,1029.799805,324.332703,-255.569992,514.556458,372.772278,-280.171265,97.049263,426.875031,-244.248138,80.234245,344.784485,113.370766,528.046936,383.899017,123.065613,99.019539,431.129089,82.391785,77.23275,332.530518,-152.098633,490.90094,365.255096,-191.523407,106.399925,248.808609,-310.870667,53.970257,202.479858,-239.823853,64.349777,261.32019,163.984818,57.889347,203.671951,98.689499,64.238121,354.948914,36.319016,103.794449,345.181061,1.374929,503.865417
165,0,245.960403,-221.262039,1004.34314,238.233505,49.338554,1009.948486,416.071533,-119.165871,1033.002441,419.451355,-51.025322,1029.947021,324.323669,-255.599411,514.587158,372.744598,-280.190002,97.088165,426.872345,-244.236313,80.240318,344.805298,113.382469,528.048889,383.836578,123.038483,99.001183,431.182678,82.356735,77.239029,332.535522,-152.100082,490.894714,365.239227,-191.531982,106.374489,248.438507,-310.777618,54.361797,202.430222,-239.818115,64.371582,261.115479,163.876526,57.917011,203.444458,98.809799,64.237717,355.376617,36.282585,103.634598,345.163116,1.377777,503.851776
166,0,245.720078,-221.111862,1004.216064,238.19046,49.319561,1009.932068,416.03363,-119.153236,1033.032715,419.550049,-51.079769,1029.796143,324.346313,-255.567734,514.515503,372.777802,-280.176208,97.115227,426.827393,-244.233597,80.253456,344.76355,113.358986,528.015503,384.009216,123.094597,98.974541,431.157562,82.366272,77.271103,332.494781,-152.125519,490.8685,365.264343,-191.523331,106.432793,248.461685,-310.804016,54.300468,202.465927,-239.825302,64.377831,261.143372,163.920624,57.917847,203.616043,98.705498,64.228249,355.241272,36.255829,103.628799,345.183105,1.34115,503.886414
167,0,245.198242,-220.552643,1003.507629,238.170792,49.306458,1009.929443,415.99942,-119.144035,1033.044922,419.529846,-51.076565,1029.787964,324.330811,-255.606415,514.631592,372.723053,-280.15155,97.000969,426.845825,-244.242584,80.240265,344.723694,113.356026,527.992432,384.1073,123.05764,98.988411,431.185852,82.362228,77.233681,332.549011,-152.098495,490.91925,365.255615,-191.550797,106.415215,248.630569,-310.998627,54.105267,202.699371,-239.833649,64.337837,261.28421,163.8853,58.139336,203.405487,98.828949,64.204628,355.435852,36.225544,103.857887,345.104004,1.391205,503.821899
168,0,245.485855,-220.895935,1004.002197,238.105118,49.316074,1009.907715,415.962189,-119.1576,1033.042358,419.497101,-51.059029,1029.811646,324.301666,-255.58313,514.582886,372.797577,-280.17981,97.048843,426.789948,-244.192413,80.298851,344.713165,113.335632,528.006775,383.892548,123.071304,99.020844,431.14151,82.396515,77.263649,332.576508,-152.095139,490.91153,365.267059,-191.542053,106.435509,248.72554,-310.695282,54.060898,202.492844,-239.835556,64.373924,261.051666,163.968216,57.71455,203.449783,98.804733,64.219147,355.048737,36.306892,103.633438,345.08667,1.38622,503.838959
169,0,245.448608,-220.898254,1003.983398,238.073547,49.29435,1009.908569,415.943542,-119.142708,1033.015747,419.471588,-51.056019,1029.800049,324.312317,-255.613953,514.573669,372.695526,-280.139221,97.03373,426.831573,-244.23259,80.246002,344.625305,113.323509,527.915771,384.086121,123.088409,99.064659,431.297211,82.248322,77.255913,332.565216,-152.109406,490.936157,365.260437,-191.529312,106.459518,248.737671,-310.771515,54.0098,202.493439,-239.842072,64.388657,261.159668,163.882309,57.972878,203.441544,98.801819,64.209076,355.208923,36.269848,103.633507,345.050659,1.38286,503.837463
170,0,245.443481,-220.907639,1004.026428,238.024109,49.320137,1009.91333,415.936127,-119.127846,1033.040771,419.263519,-50.985031,1029.952881,324.299591,-255.585815,514.549988,372.735321,-280.174164,97.122459,426.87851,-244.253922,80.220016,344.42926,113.310158,527.640015,384.235687,123.07486,99.104279,431.186096,82.358849,77.259689,332.51712,-152.106964,490.909058,365.248505,-191.531723,106.397263,248.726868,-310.805725,54.004234,202.46727,-239.839355,64.379478,261.246185,163.78418,57.901329,203.612595,98.709602,64.190521,355.349548,36.28965,103.756073,345.096771,1.34597,503.843781
171,0,245.399857,-220.900528,1003.965881,237.962494,49.301239,1009.885437,415.950989,-119.117859,1033.026245,419.26062,-50.980045,1029.946777,324.271484,-255.601379,514.551025,372.767426,-280.152924,97.084579,426.814026,-244.218307,80.255882,344.515533,113.305428,527.852295,384.211914,123.057091,99.049644,431.17337,82.361404,77.262192,332.51004,-152.095428,490.91452,365.280701,-191.524323,106.433609,248.464752,-310.855774,54.306137,202.44751,-239.824356,64.368904,261.265686,163.795532,57.913441,203.606277,98.691391,64.183151,355.177216,36.278584,103.603752,345.066956,1.354992,503.838226
172,0,245.053726,-220.514923,1003.414185,237.923599,49.317791,1009.871948,415.876892,-119.112206,1033.006958,419.238953,-50.961372,1029.924438,324.229401,-255.598633,514.610107,372.756989,-280.145355,96.997673,426.878937,-244.235458,80.236794,344.495636,113.304489,527.84491,384.276428,123.079346,99.12014,431.169495,82.367043,77.245689,332.452789,-152.092133,490.904022,365.245087,-191.521118,106.436516,248.674149,-311.062622,54.08083,202.456924,-239.832657,64.357597,261.30484,163.899323,57.839077,203.511887,98.751808,64.2509,355.249664,36.282402,103.676872,345.094177,1.342696,503.85434
173,0,245.368423,-220.908722,1003.922607,237.884094,49.327648,1009.889954,415.862366,-119.085449,1032.993896,419.350861,-51.009602,1029.752808,324.224487,-255.577332,514.583435,372.723816,-280.137085,97.060783,426.842834,-244.227661,80.207939,344.450195,113.298241,527.84021,383.903015,123.076416,99.072884,431.195007,82.339485,77.25547,332.396027,-152.090958,490.884613,365.250244,-191.524063,106.436256,248.508698,-310.896271,54.220097,202.462936,-239.832245,64.369247,261.199371,164.004272,57.885235,203.390823,98.79319,64.209312,355.318573,36.266186,103.625435,345.082123,1.324639,503.845825
174,0,245.359222,-220.862061,1003.879883,237.865768,49.331078,1009.880432,415.875305,-119.053848,1032.993652,419.336395,-50.99535,1029.769531,324.201935,-255.532318,514.514038,372.749054,-280.126282,97.075493,426.821594,-244.235962,80.205215,344.419983,113.316772,527.814148,384.237244,123.026825,99.12027,431.174988,82.384895,77.27774,332.376648,-152.097321,490.87442,365.258636,-191.523026,106.422386,248.678757,-311.041168,54.072834,202.456451,-239.829712,64.383087,261.119019,163.926727,57.743607,203.586441,98.699738,64.19426,355.208679,36.295753,103.628899,345.012146,1.382218,503.828766
175,0,245.348663,-220.879288,1003.99408,237.828201,49.324554,1009.885071,415.806641,-119.031082,1032.997192,419.302155,-50.943027,1029.855103,324.150513,-255.515778,514.546631,372.649323,-280.117706,97.034515,426.840027,-244.225449,80.233871,344.382355,113.333145,527.78833,384.312134,123.056252,99.13781,431.084564,82.431168,77.266808,332.343384,-152.095154,490.886505,365.224701,-191.530838,106.430939,248.879532,-310.910431,53.880741,202.436722,-239.824402,64.366676,261.105164,163.948563,57.740044,203.432785,98.776138,64.195648,355.292145,36.281109,103.6362,344.92923,1.396398,503.882599
176,0,245.350861,-220.880173,1004.034546,237.779297,49.337578,1009.878845,415.789734,-119.008286,1033.016602,419.283875,-50.93681,1029.732788,324.150146,-255.521423,514.521118,372.715851,-280.12146,97.034721,426.834961,-244.210556,80.237244,344.384857,113.33403,527.858093,384.257782,123.097198,99.05101,431.172302,82.358078,77.24015,332.335846,-152.057724,490.904175,365.177246,-191.526978,106.394806,248.633804,-311.030975,54.069168,202.401581,-239.840286,64.390305,261.110931,163.837708,57.90226,203.371567,98.7537,64.193176,356.01651,36.214844,104.219131,345.027069,1.364866,503.851898
177,0,245.328613,-220.876953,1004.034973,237.717834,49.335545,1009.848694,415.78421,-118.972031,1032.989868,419.111633,-50.859131,1029.917847,324.146454,-255.529556,514.578064,372.790771,-280.116302,97.091812,426.848633,-244.216095,80.249947,344.357849,113.354034,527.854431,384.176788,123.1036,99.077629,431.115601,82.395309,77.221413,332.320709,-152.052261,490.875336,365.200623,-191.526031,106.389137,248.675949,-311.00415,54.120686,202.730515,-239.867966,64.368698,261.048889,163.949768,57.728546,203.419006,98.772301,64.181923,355.25296,36.292831,103.885788,344.907776,1.404877,503.858276
178,0,244.98584,-220.502151,1003.598572,237.690033,49.35722,1009.858948,415.751404,-118.920944,1032.955811,419.065338,-50.823818,1029.904785,324.136017,-255.501663,514.562195,372.698822,-280.094604,97.127098,426.854095,-244.231445,80.227654,344.256073,113.407547,527.824219,384.21521,123.05864,99.077377,431.329041,82.25412,77.294342,332.304199,-152.037537,490.85907,365.197388,-191.529831,106.359962,248.513336,-310.904816,54.238075,202.417633,-239.836548,64.376701,261.000549,163.996353,57.740372,203.592041,98.670746,64.175812,355.383911,36.263149,103.714973,344.972839,1.407286,503.861023
179,0,245.305481,-220.84584,1004.027466,237.634354,49.401958,1009.84729,415.781738,-118.891739,1032.981079,419.182831,-50.83231,1029.746094,324.148376,-255.489044,514.500732,372.683258,-280.114716,97.061134,426.847656,-244.221176,80.252243,344.216309,113.423035,527.794922,384.07843,123.131744,99.047318,431.206757,82.37603,77.255814,332.290436,-152.033386,490.85321,365.176361,-191.505035,106.378944,248.819031,-310.931152,53.833755,202.487549,-239.828262,64.381912,261.022797,163.972382,57.761181,203.452606,98.759491,64.222099,355.087494,36.320236,103.628418,345.020691,1.374051,503.852295
180,0,245.282425,-220.828796,1004.006287,237.630783,49.393101,1009.856689,415.745026,-118.88044,1033.003174,419.16687,-50.80489,1029.746826,324.146912,-255.468246,514.571716,372.782104,-280.098633,97.111145,426.772827,-244.15686,80.292877,344.171539,113.448952,527.745239,384.112457,123.045044,99.052574,431.154633,82.422356,77.251694,332.261108,-152.030441,490.830536,365.204163,-191.511383,106.37989,248.887131,-310.924713,53.86171,202.476822,-239.829697,64.366829,261.095245,163.969727,57.799557,203.429276,98.767593,64.208199,355.239685,36.265385,103.648026,344.913788,1.475766,503.862152
181,0,245.271805,-220.769272,1003.914978,237.623962,49.419575,1009.866821,415.768311,-118.834396,1033.031128,419.162201,-50.765179,1029.732056,324.141815,-255.489502,514.598328,372.883667,-280.137665,97.182602,426.826904,-244.183624,80.327858,344.164642,113.478935,527.734802,383.901428,123.149391,98.938843,431.119934,82.424812,77.258301,332.252014,-152.025452,490.854187,365.19873,-191.503601,106.388069,248.728058,-310.648651,54.062401,202.708603,-239.850967,64.35099,261.101013,163.97966,57.781898,203.578644,98.685112,64.18058,355.165955,36.30217,103.629005,344.909454,1.475748,503.865662
182,0,245.285614,-220.795471,1004.00708,237.577087,49.423473,1009.820557,415.680756,-118.80027,1033.076904,418.986115,-50.671303,1029.93457,324.168762,-255.466873,514.583862,372.826324,-280.141998,97.075089,426.818237,-244.185257,80.255234,344.176575,113.49604,527.774536,383.937744,123.152504,98.937859,431.32724,82.290497,77.307304,332.31134,-152.002777,490.852844,365.184082,-191.506485,106.372925,248.621277,-311.024139,54.136967,202.432831,-239.841263,64.363754,261.138916,163.972015,57.788342,203.40506,98.761055,64.197708,355.206909,36.27961,103.587555,344.948761,1.496984,503.910553
183,0,245.304214,-220.744781,1004.002808,237.575485,49.445625,1009.833191,415.64566,-118.757637,1033.098877,419.120239,-50.699909,1029.782593,324.153015,-255.433258,514.551575,372.803497,-280.150574,97.085907,426.787628,-244.164917,80.316238,344.246124,113.470848,527.796692,383.856445,123.113708,98.903709,431.318481,82.297478,77.295609,332.290131,-152.001251,490.813385,365.216553,-191.495651,106.409782,248.675323,-311.02298,54.102978,202.697281,-239.858963,64.350006,261.132202,164.004578,57.773041,203.4086,98.759392,64.202438,355.292358,36.282139,103.595825,345.033691,1.454853,503.901947
184,0,245.31015,-220.769043,1004.000916,237.588272,49.453129,1009.829041,415.665863,-118.73568,1033.101562,418.969849,-50.613453,1029.947632,324.187378,-255.446609,514.592163,372.854309,-280.13739,97.165443,426.816467,-244.172562,80.276451,344.203827,113.504784,527.721802,383.889893,123.134575,98.966064,431.171844,82.412949,77.260674,332.301086,-151.978867,490.812622,365.217804,-191.515244,106.369003,248.650101,-310.982147,54.076351,202.47168,-239.833679,64.368858,261.130524,163.982025,57.737,203.569077,98.666122,64.204857,355.253937,36.275471,103.52771,345.064911,1.463325,503.89212
185,0,245.287766,-220.71492,1004.066833,237.570572,49.477116,1009.813904,415.591644,-118.710991,1033.080688,419.10495,-50.634499,1029.780029,324.193756,-255.40712,514.530334,372.882202,-280.149597,97.11628,426.85965,-244.221283,80.238472,344.275146,113.537895,527.773132,383.7948,123.206245,98.855263,431.31073,82.299423,77.286255,332.327301,-151.957077,490.834106,365.196869,-191.504486,106.40316,248.666901,-310.972717,54.100113,202.467651,-239.832321,64.376587,261.031494,164.031509,57.739464,203.469635,98.768127,64.209839,355.155701,36.334347,103.53302,344.99057,1.542014,503.876221
186,0,245.281067,-220.696365,1003.958435,237.54689,49.489731,1009.818909,415.625244,-118.661789,1033.130371,419.085052,-50.597214,1029.817993,324.230255,-255.371994,514.503601,372.73941,-280.095764,97.117111,426.825958,-244.153061,80.281319,344.277679,113.568054,527.75824,384.044189,123.204315,98.884605,431.330658,82.30114,77.301956,332.342804,-151.932693,490.839417,365.199768,-191.491364,106.388199,248.724426,-310.707031,54.079716,202.684769,-239.851959,64.338211,261.233337,163.901978,57.973255,203.434402,98.760803,64.225037,355.016235,36.34211,103.64225,345.073303,1.502423,503.914368
187,0,244.896896,-220.31868,1003.571655,237.572861,49.519814,1009.805176,415.644348,-118.629318,1033.114868,418.884918,-50.490231,1030.011475,324.192749,-255.382538,514.555786,372.746582,-280.110504,97.092499,426.857574,-244.22023,80.245583,344.245056,113.580658,527.731567,383.873169,123.206802,98.857964,431.170624,82.430923,77.260246,332.380066,-151.909561,490.837463,365.229919,-191.474884,106.414436,248.930588,-310.968109,53.860256,202.463928,-239.832199,64.369881,261.063293,164.147705,57.937759,203.658813,98.645264,64.201546,355.012756,36.37616,103.738014,345.058319,1.567361,503.893982
188,0,244.933945,-220.243652,1003.325317,237.565216,49.540569,1009.803772,415.649475,-118.592926,1033.092285,419.066406,-50.54118,1029.824219,324.226257,-255.356644,514.547546,372.835815,-280.080536,97.157173,426.870056,-244.215088,80.238319,344.287262,113.59343,527.790344,384.042969,123.255417,98.910461,431.32605,82.300941,77.268242,332.398651,-151.898178,490.844788,365.217773,-191.501175,106.409966,248.517303,-310.884094,54.233276,202.452682,-239.842514,64.361809,261.107391,164.015686,57.79702,203.549774,98.680679,64.174088,355.193542,36.28788,103.703735,345.079834,1.619039,503.879669
189,0,245.241013,-220.582733,1003.929504,237.540543,49.569683,1009.782288,415.596161,-118.552025,1033.146118,419.048431,-50.504486,1029.872803,324.250946,-255.325592,514.471497,372.825317,-280.09494,97.04879,426.836975,-244.179855,80.241852,344.232056,113.639595,527.666626,383.666595,123.217697,98.795471,431.369873,82.275436,77.302208,332.432678,-151.888214,490.846313,365.207123,-191.485199,106.373474,248.640015,-311.022095,54.039597,202.684906,-239.842606,64.332603,261.055267,164.038391,57.779812,203.60405,98.675705,64.211342,355.25943,36.338543,103.742653,345.124939,1.607324,503.911743
190,0,245.262436,-220.538528,1003.830811,237.562454,49.623447,1009.767883,415.641418,-118.526566,1033.12854,418.88501,-50.42107,1030.063965,324.233734,-255.349014,514.547852,372.771881,-280.089508,97.077461,426.836273,-244.198257,80.258675,344.335266,113.641174,527.815613,383.891235,123.223595,98.881653,431.343109,82.289497,77.250763,332.421753,-151.878998,490.82547,365.178253,-191.483826,106.375168,248.842026,-310.88739,53.932224,202.700378,-239.872498,64.352554,261.114349,163.956696,57.958496,203.573105,98.671722,64.186371,356.001892,36.246494,104.289864,345.07486,1.648423,503.871277
191,0,245.2435,-220.514191,1003.940552,237.548889,49.658833,1009.748108,415.55661,-118.503609,1033.132935,419.038544,-50.456921,1029.884155,324.266907,-255.340134,514.554565,372.781921,-280.11972,97.066933,426.881165,-244.202209,80.214638,344.289825,113.664841,527.745239,383.872711,123.185928,98.860687,431.34848,82.322655,77.284119,332.466766,-151.873672,490.823242,365.202942,-191.487747,106.375214,248.704895,-310.715057,53.98558,202.431473,-239.831085,64.384422,261.077484,164.159729,57.896389,203.651062,98.657043,64.230202,355.136322,36.37009,103.610069,345.122528,1.655234,503.88855
192,0,245.234756,-220.515427,1003.901123,237.568924,49.645039,1009.759277,415.572113,-118.466423,1033.191162,418.86145,-50.370083,1030.121216,324.274353,-255.342697,514.568359,372.838715,-280.05304,97.150856,426.889709,-244.223724,80.21006,344.315033,113.688637,527.731628,383.990845,123.262093,98.929878,431.353271,82.297081,77.289986,332.447601,-151.870926,490.836823,365.223816,-191.489319,106.399742,248.46637,-310.834167,54.191231,202.725662,-239.847809,64.340279,261.167603,164.095612,57.840862,203.626617,98.671326,64.22644,355.165802,36.324577,103.636108,345.0849,1.710548,503.911865
193,0,245.223053,-220.466049,1003.866577,237.556137,49.666649,1009.739014,415.55249,-118.461334,1033.221069,419.006744,-50.413673,1029.95459,324.29126,-255.302612,514.48645,372.751587,-280.078094,97.049011,426.861755,-244.20134,80.232178,344.40036,113.699799,527.853821,383.969818,123.254631,98.967316,431.344513,82.333633,77.280762,332.479584,-151.840424,490.819641,365.22113,-191.488586,106.366928,248.852524,-310.895386,53.88755,202.711639,-239.852417,64.344261,261.042755,164.026718,57.702015,203.48494,98.776764,64.227821,355.290039,36.344269,103.715096,345.133789,1.741934,503.90094
194,0,244.844955,-220.057816,1003.146545,237.550446,49.690411,1009.752991,415.473419,-118.431946,1033.208618,418.99527,-50.378227,1029.971802,324.272858,-255.305054,514.523926,372.763031,-280.080658,97.028152,426.838623,-244.203491,80.25528,344.337158,113.723297,527.775269,384.131561,123.215225,98.986641,431.19751,82.449768,77.257187,332.447083,-151.845032,490.833252,365.202972,-191.493652,106.318993,248.722794,-310.77652,53.993847,202.440796,-239.833908,64.359116,261.101135,163.899231,57.824917,203.387756,98.754692,64.199249,355.119537,36.389305,103.645767,345.230255,1.71683,503.900879
195,0,244.999695,-220.147568,1003.284668,237.508972,49.710579,1009.745605,415.503265,-118.392799,1033.243774,418.963928,-50.358704,1030.016235,324.245911,-255.281204,514.544922,372.782349,-280.094086,97.049408,426.858459,-244.217972,80.259026,344.37146,113.736908,527.789551,383.842987,123.236847,98.828003,431.348877,82.304131,77.267685,332.490204,-151.828186,490.843689,365.201416,-191.457062,106.386742,248.463562,-310.920532,54.228584,202.451874,-239.817307,64.361015,261.154175,163.932144,57.927872,203.461563,98.776878,64.183281,355.220764,36.319992,103.598755,345.207336,1.734683,503.910614
196,0,245.090759,-220.356567,1003.59906,237.480453,49.731537,1009.737,415.406128,-118.379913,1033.256592,418.939514,-50.344051,1030.019287,324.286072,-255.265228,514.521606,372.670593,-280.067719,97.075943,426.820648,-244.196915,80.270393,344.363129,113.760696,527.787842,384.512268,123.29702,99.150734,431.367401,82.29985,77.304977,332.464752,-151.801361,490.830109,365.242157,-191.469055,106.42054,248.493576,-310.898926,54.200142,202.475693,-239.816116,64.378265,261.194214,164.024139,57.753197,203.594986,98.693573,64.187645,355.149261,36.35675,103.64135,345.136841,1.785573,503.873596
197,0,245.04126,-220.30748,1003.550049,237.496704,49.749172,1009.714844,415.482361,-118.353912,1033.239502,418.920593,-50.304348,1030.047607,324.255432,-255.258942,514.531677,372.870728,-280.107208,97.208603,426.868927,-244.18782,80.27063,344.413605,113.760139,527.848816,384.206207,123.293892,99.08252,431.167755,82.468353,77.262581,332.460632,-151.807785,490.810913,365.213806,-191.481247,106.384933,248.778625,-310.915894,53.864986,202.452606,-239.830383,64.373856,260.998505,164.168274,57.866039,203.57309,98.692207,64.187653,355.078613,36.400734,103.581924,345.112823,1.810287,503.889618
198,0,245.028091,-220.311844,1003.623474,237.441879,49.783611,1009.723083,415.458374,-118.321068,1033.307251,418.751709,-50.230545,1030.240356,324.304596,-255.205902,514.434448,372.83136,-280.084717,97.222549,426.836823,-244.179977,80.269409,344.381714,113.782722,527.794983,384.485107,123.359581,99.148254,431.345856,82.329605,77.279282,332.472595,-151.774765,490.825073,365.193329,-191.474411,106.373947,248.905594,-310.950073,53.807568,202.422012,-239.805756,64.36171,261.040314,164.082626,57.714848,203.525558,98.728806,64.240822,355.173004,36.394554,103.514244,345.172241,1.814712,503.889252
199,0,245.034546,-220.302292,1003.624939,237.451385,49.784214,1009.701477,415.44989,-118.31588,1033.278931,418.872894,-50.267864,1030.056763,324.298981,-255.246933,514.52948,372.757812,-280.069061,97.079018,426.800476,-244.156631,80.300957,344.369873,113.790154,527.802673,383.95639,123.286011,98.880699,431.347687,82.34314,77.291603,332.446899,-151.77153,490.788452,365.238647,-191.476532,106.371033,248.688141,-310.749359,54.033211,202.443939,-239.800369,64.352142,261.280914,163.910263,57.964489,203.643951,98.709473,64.175186,355.135803,36.365776,103.546707,345.089722,1.865364,503.866211
200,0,245.009506,-220.280502,1003.565918,237.403687,49.804115,1009.681091,415.445831,-118.28566,1033.291382,418.844208,-50.249813,1030.097412,324.301239,-255.22435,514.507812,372.701904,-280.064697,97.063858,426.853241,-244.160339,80.299759,344.424011,113.808914,527.884216,383.705353,123.233955,98.745972,431.204071,82.445816,77.236649,332.419037,-151.780762,490.766144,365.244049,-191.463654,106.394836,248.498138,-310.79892,54.249916,202.427063,-239.814285,64.370613,261.429657,164.006561,58.077347,203.468887,98.759315,64.221741,354.914246,36.391674,103.470566,345.233582,1.815721,503.873413
201,0,245.01416,-220.272171,1003.627808,237.377945,49.824188,1009.684448,415.436371,-118.264229,1033.292358,418.81424,-50.218609,1030.130005,324.31427,-255.186325,514.476868,372.770081,-280.060455,97.189247,426.82663,-244.182297,80.229752,344.37796,113.815529,527.856201,384.321014,123.298264,99.037872,431.362854,82.326668,77.280342,332.462097,-151.741104,490.804047,365.226227,-191.464691,106.384956,248.628235,-311.075562,54.103439,202.44194,-239.81723,64.38475,261.148743,164.047272,57.759205,203.646225,98.679886,64.201302,354.823822,36.402119,103.361214,345.169434,1.827799,503.895874
202,0,244.894257,-220.21347,1003.573547,237.361877,49.823376,1009.72345,415.33606,-118.233368,1033.341309,418.638763,-50.142532,1030.283325,324.286652,-255.206116,514.521301,372.73587,-280.06311,97.039597,426.872833,-244.202164,80.250275,344.383209,113.839188,527.837585,383.92807,123.264893,98.883789,431.335022,82.344238,77.268387,332.408844,-151.763199,490.76001,365.213745,-191.462051,106.355331,248.498489,-310.90387,54.208954,202.402817,-239.80954,64.365829,261.153625,164.172867,57.902287,203.657364,98.666359,64.170998,355.039886,36.393341,103.466507,345.135925,1.871976,503.886749
203,0,244.938675,-220.239746,1003.614685,237.284195,49.874058,1009.678101,415.331635,-118.194954,1033.302002,418.581482,-50.119072,1030.324585,324.302399,-255.179291,514.49115,372.839905,-280.075714,97.099518,426.847595,-244.185242,80.272659,344.381805,113.863945,527.882385,384.139038,123.282372,99.081207,431.183411,82.484421,77.265724,332.437714,-151.735397,490.790283,365.202271,-191.47142,106.364594,248.942764,-310.913727,53.858013,202.403244,-239.812088,64.371956,261.163666,164.03627,57.742279,203.444183,98.764748,64.199669,354.615082,36.447868,103.188492,345.222137,1.850854,503.875977
204,0,244.914505,-220.213745,1003.601562,237.276611,49.876427,1009.659424,415.294952,-118.182381,1033.338623,418.525269,-50.097115,1030.343872,324.278748,-255.469498,514.807922,372.791046,-280.045593,97.05452,426.825439,-244.174225,80.298279,344.352264,113.863312,527.860107,384.324646,123.242188,99.113571,431.335022,82.362747,77.281151,332.436096,-151.733994,490.773438,365.17868,-191.489349,106.35228,248.558456,-310.8237,54.248459,202.397385,-239.813553,64.371399,261.181274,163.954971,57.917385,203.417786,98.77317,64.20256,354.80127,36.363205,103.390419,345.214203,1.817822,503.918884
205,0,244.893997,-220.232208,1003.641479,237.261032,49.915073,1009.692566,415.218689,-118.191086,1033.358276,418.677551,-50.145477,1030.18811,324.266998,-255.140579,514.433228,372.741699,-280.067444,97.103249,426.863678,-244.183014,80.269958,344.353668,113.890182,527.846313,384.341583,123.257668,99.070847,431.151825,82.484253,77.24649,332.420715,-151.713242,490.789276,365.218384,-191.483887,106.35305,248.513977,-310.844849,54.266933,202.426453,-239.799927,64.373253,261.154938,163.945358,57.834484,203.45018,98.76889,64.220428,354.496307,36.411793,103.053635,345.036743,1.916946,503.895569
206,0,244.882919,-220.232269,1003.680359,237.220444,49.923138,1009.675049,415.212189,-118.175743,1033.320312,418.655121,-50.118271,1030.234619,324.297485,-255.143936,514.48175,372.680359,-280.022156,97.066093,426.851562,-244.201385,80.248688,344.32016,113.897064,527.851135,384.293365,123.240845,99.122704,431.191162,82.462486,77.24942,332.423737,-151.717789,490.771362,365.245941,-191.466919,106.385658,248.839905,-310.887909,53.893959,202.412125,-239.813171,64.391319,261.024231,164.066742,57.699409,203.503662,98.749031,64.215775,355.455322,36.350807,103.769974,345.025635,1.918587,503.889862
207,0,244.89357,-220.211105,1003.678772,237.151733,49.939289,1009.663086,415.147003,-118.162491,1033.358521,418.59494,-50.121937,1030.189453,324.266663,-255.124771,514.423218,372.851837,-280.069366,97.226532,426.846893,-244.169403,80.312798,344.318115,113.892708,527.875244,384.448822,123.220116,99.096565,431.174438,82.471939,77.266914,332.38559,-151.72757,490.773804,365.235229,-191.458527,106.393913,248.4711,-310.869354,54.213612,202.405746,-239.809982,64.379799,261.421448,163.997437,57.770985,203.394623,98.769348,64.203239,355.10968,36.381229,103.64608,345.041321,1.90606,503.895416
208,0,244.782547,-220.161179,1003.618347,237.132202,49.964317,1009.647156,415.084351,-118.144577,1033.393188,418.570618,-50.144524,1030.226929,324.226105,-255.454514,514.826904,372.847839,-280.075806,97.124229,426.843781,-244.165497,80.305557,344.307617,113.918221,527.894226,384.093506,123.280823,99.05703,431.341675,82.352539,77.290443,332.373444,-151.700378,490.768738,365.202911,-191.485153,106.3536,248.739517,-310.71875,54.031834,202.369263,-239.815414,64.384323,261.103363,164.173996,57.919556,203.407944,98.778061,64.212669,355.284973,36.358158,103.757629,345.067535,1.929658,503.899994
209,0,244.754883,-220.172501,1003.558167,237.078171,50.003448,1009.651794,415.0578,-118.151024,1033.391357,418.544067,-50.131485,1030.18811,324.209747,-255.159851,514.542664,372.798309,-280.054779,97.075439,426.804443,-244.134979,80.345329,344.249268,113.931946,527.86615,384.19635,123.233383,99.091232,431.171265,82.50174,77.265457,332.377014,-151.677902,490.799591,365.208893,-191.450394,106.352127,248.70285,-311.048523,54.045082,202.322861,-239.787994,64.391762,261.134857,164.079453,58.093472,203.595718,98.696709,64.180237,355.398132,36.397205,103.602631,345.020203,1.941961,503.904694
210,0,244.665756,-220.135635,1003.538757,237.003372,50.01553,1009.642334,415.055328,-118.130798,1033.393921,417.870148,-50.005657,1030.443237,324.210846,-255.116135,514.480774,372.868286,-280.062866,97.207916,426.835114,-244.140961,80.282562,344.2258,113.950592,527.855408,384.477814,123.256813,99.05938,431.350708,82.353516,77.291039,332.361176,-151.661972,490.776337,365.212311,-191.456543,106.369911,248.551163,-310.866394,54.236881,202.420151,-239.825089,64.397148,261.070831,164.143005,57.862213,203.388977,98.783295,64.192795,355.736725,36.356812,103.971458,345.118256,1.903968,503.905304
211,0,244.662857,-220.104691,1003.528137,236.976242,50.022121,1009.612915,414.943207,-118.11731,1033.425049,417.833862,-49.993324,1030.453003,324.184143,-255.166916,514.559082,372.81897,-280.068085,97.167221,426.816956,-244.146454,80.335075,344.205414,113.951767,527.811401,384.207489,123.244484,99.097633,431.305359,82.367531,77.272095,332.339691,-151.669678,490.746948,365.202515,-191.467178,106.373291,248.763,-310.737396,54.037678,202.379684,-239.806183,64.366158,261.094177,164.198471,57.935333,203.618851,98.699242,64.180466,355.061707,36.416557,103.553986,345.001556,1.979118,503.889557
212,0,244.578613,-220.11557,1003.5802,236.930679,50.017807,1009.612427,414.960693,-118.123878,1033.410645,417.904663,-50.071049,1030.281128,324.17572,-255.104034,514.476929,372.780731,-280.027405,97.177544,426.854675,-244.173569,80.235222,344.22287,113.960152,527.882019,383.896637,123.273682,98.883583,431.353912,82.332634,77.302429,332.308563,-151.679047,490.724457,365.235748,-191.448914,106.387863,248.436157,-310.853943,54.265659,202.393448,-239.799911,64.360565,261.083618,163.991409,57.902138,203.508255,98.748108,64.209328,355.151001,36.405926,103.517029,345.040833,1.948692,503.930695
213,0,244.548752,-220.103928,1003.486389,236.860901,50.048191,1009.604004,414.812439,-118.07972,1033.451904,417.708954,-49.969406,1030.498047,324.14917,-255.095718,514.480896,372.782196,-280.001251,97.110214,426.841644,-244.169296,80.26461,344.144897,113.941628,527.804138,384.029938,123.281181,98.795654,431.216675,82.469986,77.253731,332.318329,-151.648972,490.743195,365.21109,-191.472488,106.375534,248.446899,-310.887939,54.237206,202.397415,-239.818146,64.38047,261.023163,164.051941,57.652664,203.509521,98.747421,64.209709,355.122009,36.407593,103.464409,345.082642,1.950591,503.916138
214,0,244.529953,-220.110764,1003.633362,236.837173,50.060425,1009.595642,415.134918,-118.063271,1033.432983,417.796875,-50.056862,1030.27771,324.06427,-255.085709,514.465637,372.868683,-280.030762,97.271675,426.833801,-244.173569,80.252342,344.173645,113.970245,527.86792,384.187836,123.24115,99.031448,431.193878,82.44696,77.25428,332.281189,-151.651077,490.749451,365.187531,-191.456482,106.351982,248.751022,-310.741974,54.03923,202.378784,-239.807266,64.356056,261.338898,164.116776,57.910641,203.578247,98.688484,64.188904,355.041229,36.421177,103.437798,344.958282,1.959145,503.895935
215,0,244.47438,-220.087936,1003.483032,236.747757,50.072231,1009.596924,415.092621,-118.048676,1033.433594,417.719025,-50.040245,1030.307617,324.072754,-255.096252,514.493347,372.717773,-280.047424,97.142288,426.82843,-244.164825,80.261131,344.174835,113.977562,527.865967,384.410095,123.24231,99.115471,431.369904,82.402596,77.377441,332.282257,-151.653595,490.752686,365.234253,-191.448471,106.364723,248.440414,-310.802155,54.242622,202.419998,-239.809402,64.364937,261.315979,164.048126,57.829685,203.593567,98.679314,64.186287,354.893433,36.417622,103.394394,345.049316,1.955655,503.918884
216,0,244.407227,-220.115173,1003.533386,236.686874,50.092304,1009.610657,414.757202,-118.056412,1033.429932,417.503601,-49.952507,1030.500854,324.070435,-255.054443,514.432007,372.822449,-280.059326,97.173576,426.833649,-244.186539,80.27346,344.171631,113.982147,527.924866,384.323639,123.226616,99.059593,431.174408,82.512192,77.279419,332.251984,-151.647934,490.750366,365.207031,-191.453293,106.378624,248.69899,-310.695496,54.086693,202.397797,-239.808228,64.369942,260.93634,164.066162,57.662998,203.671356,98.689613,64.20636,354.982269,36.374035,103.484436,344.951508,2.002203,503.905304
217,0,244.341309,-220.061722,1003.565186,236.658615,50.118908,1009.635315,414.626587,-118.038986,1033.469604,417.579193,-50.021534,1030.32312,324.040314,-255.051529,514.455933,372.911621,-280.072723,97.286613,426.802856,-244.16217,80.259697,344.104492,114.01635,527.892761,384.09491,123.227715,99.056587,431.36438,82.349014,77.296509,332.245605,-151.619553,490.726044,365.193756,-191.438187,106.341537,248.875076,-310.946594,53.881191,202.353226,-239.770569,64.375305,261.049957,164.069794,57.708523,203.54248,98.707474,64.243294,354.812531,36.457592,103.269028,344.947083,2.005431,503.919373
218,0,244.201996,-219.837646,1003.016846,236.582642,50.137394,1009.615417,414.571136,-118.056824,1033.486572,417.490204,-50.03653,1030.312866,323.987457,-255.039368,514.442078,372.825226,-280.070526,97.11721,426.806763,-244.151093,80.296036,344.109924,114.002823,527.889771,384.365265,123.21579,99.125961,431.223694,82.4841,77.275314,332.25473,-151.608139,490.768372,365.149139,-191.459,106.332741,248.718414,-310.765625,54.068832,202.401413,-239.783203,64.355164,261.34494,164.042236,57.788883,203.598999,98.687233,64.174728,354.830902,36.411118,103.49913,344.924744,1.996458,503.901672
219,0,244.116531,-220.01944,1003.404236,236.56134,50.098858,1009.586426,414.582733,-118.039543,1033.473877,417.273041,-49.940304,1030.508179,324.004425,-255.043411,514.419495,372.743134,-280.049011,97.09774,426.941132,-244.166306,80.424606,344.034485,114.020813,527.878479,384.092712,123.229141,99.097656,431.365479,82.361099,77.305542,332.234772,-151.630875,490.74707,365.230743,-191.451614,106.355858,248.493179,-310.800507,54.302326,202.409058,-239.799988,64.358437,261.110657,163.949554,57.911774,203.601044,98.677177,64.186028,354.932526,36.373756,103.313049,344.90213,2.006208,503.933502
220,0,244.088394,-220.059387,1003.437134,236.540573,50.089386,1009.614685,414.472137,-118.055008,1033.499023,417.199585,-49.945942,1030.51001,323.976471,-255.033493,514.399841,372.751312,-280.057983,97.135918,426.836517,-244.164978,80.298653,344.030396,114.017441,527.905579,384.148193,123.244301,99.034874,431.084442,82.556976,77.243919,332.211426,-151.640945,490.737549,365.194916,-191.430618,106.338165,248.470917,-310.818542,54.23193,202.375473,-239.799622,64.374756,261.147247,164.016708,57.97002,203.65979,98.65284,64.220734,355.406464,36.358932,103.797905,344.867462,1.97564,503.936218
221,0,244.002945,-220.033295,1003.394714,236.466644,50.091721,1009.616821,414.369995,-118.065086,1033.509155,417.105408,-49.938423,1030.532471,323.947205,-255.058228,514.430298,372.775421,-280.048981,97.170769,426.815674,-244.159012,80.272278,343.997955,114.012154,527.875793,384.00473,123.21904,99.044693,431.08197,82.568764,77.273705,332.16507,-151.647446,490.72934,365.198303,-191.436783,106.347038,248.788589,-310.884094,53.827217,202.38382,-239.806717,64.36161,261.243805,163.999985,58.025295,203.405975,98.790359,64.217552,356.380707,36.271175,104.351402,344.892426,1.979189,503.916565
222,0,243.977493,-220.009338,1003.322388,236.409485,50.106438,1009.607422,414.335846,-118.052124,1033.510864,417.158356,-50.01009,1030.353271,323.906708,-255.05191,514.411621,372.901794,-280.08374,97.200264,426.956207,-244.195969,80.462807,343.9599,114.019302,527.858276,384.166229,123.208656,99.133026,431.36499,82.343536,77.292915,332.187958,-151.625259,490.76825,365.189514,-191.465897,106.349808,248.486008,-310.88681,54.243912,202.661484,-239.828751,64.336685,261.283447,164.086945,57.827381,203.613419,98.686562,64.182388,354.750031,36.422131,103.219643,344.785614,1.973676,503.919312
223,0,243.926422,-220.02507,1003.316406,236.375259,50.098103,1009.61377,414.297028,-118.070076,1033.463745,416.861145,-49.901451,1030.559448,323.859528,-255.055511,514.44574,372.829803,-280.068451,97.204712,426.807343,-244.143402,80.290024,343.93927,114.010521,527.873291,384.019104,123.212967,99.115417,431.34198,82.378517,77.309074,332.133118,-151.632355,490.731995,365.214142,-191.444427,106.392647,248.436127,-310.848206,54.212334,202.464188,-239.814255,64.360321,261.099945,163.943665,57.883808,203.544357,98.703751,64.162163,355.301392,36.30093,103.498329,344.793396,2.009179,503.909637
224,0,243.865204,-220.007553,1003.288757,236.309433,50.107021,1009.620789,414.185333,-118.062851,1033.48584,416.836273,-49.884567,1030.55127,323.812469,-255.040436,514.446106,372.800995,-280.054626,97.235176,426.810181,-244.15538,80.28759,343.931519,114.022942,527.852112,384.144409,123.224083,99.103317,431.012482,82.629364,77.263916,332.090393,-151.616989,490.733643,365.204102,-191.433105,106.379738,248.515045,-310.80838,54.243908,202.385315,-239.752045,64.36451,261.163177,163.912033,57.884613,203.429001,98.754028,64.20713,355.691925,36.332363,103.798843,344.82019,1.986456,503.932465
225,0,243.814682,-220.027527,1003.270874,236.228622,50.080498,1009.595032,414.119141,-118.067688,1033.51709,416.806244,-49.866131,1030.550537,323.770935,-255.054749,514.460632,372.811005,-280.041168,97.160637,426.761871,-244.106049,80.331909,343.879425,114.019409,527.840942,384.092041,123.180786,99.130043,431.080109,82.553986,77.260895,332.033325,-151.625473,490.721588,365.190308,-191.44458,106.353973,248.848938,-310.921692,53.887043,202.444427,-239.81749,64.349403,261.17453,163.864441,57.813232,203.557022,98.683975,64.163574,355.597168,36.335003,103.842834,344.879608,1.932888,503.927948
226,0,243.788101,-220.026291,1003.239502,236.156845,50.070198,1009.575378,414.066681,-118.04818,1033.526367,416.893219,-49.961617,1030.335938,323.760773,-255.055313,514.445068,372.754364,-280.022552,97.116356,426.744507,-244.098465,80.361526,343.875793,114.006027,527.88269,384.037811,123.231667,99.112396,431.064178,82.578804,77.255791,332.045807,-151.623474,490.736267,365.212128,-191.439987,106.383652,248.697479,-310.675537,54.105373,202.42691,-239.797531,64.361794,261.194702,163.968719,57.964859,203.596436,98.682579,64.186211,355.549377,36.344273,103.807785,344.831604,1.971517,503.936707
227,0,243.82782,-220.01799,1003.192078,236.120682,50.062122,1009.580505,413.996948,-118.030838,1033.57605,416.695374,-49.868015,1030.556519,323.73941,-255.049057,514.443848,372.80246,-280.045868,97.202103,426.847687,-244.160294,80.324249,343.83667,113.993271,527.860962,384.14743,123.150536,99.17318,431.017181,82.614807,77.262543,331.984039,-151.630997,490.706909,365.179291,-191.450516,106.361046,248.440094,-310.783691,54.279114,202.464508,-239.797272,64.352692,260.98407,164.142288,58.153183,203.610031,98.658981,64.182594,355.549561,36.292404,103.817505,344.715088,1.982182,503.942383
228,0,243.730331,-220.070312,1003.330933,236.107437,50.040775,1009.612915,413.853455,-118.054886,1033.570801,416.799103,-49.956829,1030.376465,323.747467,-255.059097,514.450867,372.860687,-280.025604,97.171173,426.833649,-244.159271,80.306526,343.81839,113.974327,527.851868,384.114197,123.176285,99.156876,431.086853,82.548714,77.270073,331.978973,-151.628525,490.741913,365.149445,-191.425156,106.340469,248.822388,-310.900116,53.847839,202.382095,-239.791412,64.331268,260.983459,164.049545,57.663555,203.455658,98.745018,64.208664,355.572388,36.281464,103.813484,344.752533,1.944064,503.915955
229,0,243.697433,-220.100098,1003.373596,236.03331,50.044735,1009.55072,413.866211,-118.063042,1033.546753,416.611816,-49.889645,1030.554688,323.695038,-255.074951,514.471313,372.722198,-280.006531,97.205879,426.811737,-244.135971,80.324608,343.803314,113.958229,527.908203,384.117645,123.161461,99.156563,431.080109,82.57682,77.255669,331.982513,-151.628326,490.709503,365.195709,-191.426773,106.364799,248.704742,-310.752563,54.044724,202.337631,-239.769638,64.366623,261.302216,163.822906,57.837742,203.441452,98.752571,64.227425,355.491516,36.33437,103.795868,344.756561,1.899492,503.959595
230,0,243.62439,-220.075317,1003.287415,235.999207,50.025467,1009.533386,413.769135,-118.064529,1033.555908,416.567047,-49.902802,1030.569336,323.706207,-255.051376,514.419434,372.835846,-280.009979,97.262627,426.788635,-244.149277,80.294189,343.752197,113.955887,527.87915,384.053864,123.186279,99.127434,431.062347,82.571411,77.268837,331.983063,-151.636169,490.755249,365.189484,-191.415359,106.361183,248.90213,-310.919617,53.882488,202.354904,-239.745041,64.369179,261.030212,163.99527,57.668739,203.603424,98.702271,64.15184,356.239655,36.298481,104.603394,344.631042,1.946219,503.947845
231,0,243.572906,-220.084946,1003.312805,235.98642,50.001087,1009.583618,413.747559,-118.084221,1033.577393,416.665466,-50.012848,1030.380005,323.675385,-255.06514,514.423279,372.797485,-280.037964,97.086182,426.789185,-244.115433,80.345848,343.786041,113.938148,527.929565,384.050629,123.161438,99.094154,431.017853,82.597687,77.276604,331.983032,-151.6474,490.735138,365.162201,-191.414749,106.378563,248.606842,-310.917816,54.119186,202.372116,-239.758072,64.375755,261.226105,163.802795,57.855747,203.626709,98.668671,64.150513,355.456726,36.329819,103.82267,344.667938,1.951829,503.914062
232,0,243.558807,-220.092606,1003.285767,235.894272,50.01178,1009.526489,413.699677,-118.093071,1033.58606,416.596466,-50.029549,1030.37439,323.652283,-255.067169,514.417786,372.802704,-280.022827,97.154213,426.988831,-244.198334,80.438171,343.764435,113.928314,527.911926,384.016083,123.122513,99.052208,431.084869,82.559624,77.293839,331.975006,-151.664856,490.718048,365.156647,-191.454712,106.349899,248.649338,-310.705109,53.982586,202.359085,-239.751907,64.374275,261.436035,163.93103,57.873344,203.469391,98.756874,64.199005,356.303955,36.25959,104.46357,344.698608,1.885908,503.917084
233,0,243.46846,-220.097092,1003.245972,235.900757,49.96125,1009.525391,413.615906,-118.129532,1033.603638,416.428253,-49.970852,1030.595215,323.634216,-255.10788,514.417236,372.743774,-280.024567,97.16877,426.766205,-244.126602,80.321915,343.739594,113.914024,527.893616,384.324341,123.126244,99.102318,431.057343,82.562111,77.27446,331.983856,-151.677155,490.75238,365.206177,-191.410263,106.376991,248.879898,-310.917786,53.819546,202.338791,-239.784119,64.331947,261.300079,163.95932,57.860966,203.419464,98.757675,64.203705,355.674805,36.302387,103.961327,344.670746,1.870451,503.944641
234,0,243.405258,-220.11525,1003.207947,235.898834,49.924461,1009.577148,413.56842,-118.165749,1033.592407,416.368073,-49.988583,1030.602661,323.650757,-255.115326,514.415771,372.752045,-280.006653,97.126137,426.800415,-244.147232,80.348808,343.737152,113.881874,527.901672,383.644562,123.201706,98.737114,431.116455,82.50753,77.279266,331.959076,-151.69574,490.74649,365.216888,-191.43486,106.368912,248.508301,-310.864105,54.172638,202.372604,-239.799515,64.36541,261.008972,163.964233,57.725986,203.547379,98.681664,64.187134,356.319244,36.229576,104.51371,344.521027,1.938502,503.938843
235,0,243.3535,-220.124939,1003.132935,235.848083,49.910343,1009.53009,413.536469,-118.207603,1033.57605,416.483337,-50.117092,1030.390381,323.607697,-255.14743,514.445374,372.803284,-280.034363,97.114861,426.77179,-244.12973,80.322006,343.758392,113.876541,527.934204,383.971619,123.268646,98.844505,431.329254,82.344063,77.329483,331.965759,-151.705887,490.742188,365.175293,-191.427048,106.349693,248.871796,-310.938202,53.83345,202.381271,-239.797119,64.356438,261.477783,163.760727,58.046803,203.622192,98.666367,64.183006,355.530487,36.310745,103.822548,344.551239,1.87837,503.928894
236,0,243.337067,-220.177795,1003.275391,235.843613,49.901123,1009.535645,413.506897,-118.221397,1033.596069,416.451385,-50.131531,1030.41333,323.600555,-255.136871,514.41925,372.818878,-280.022308,97.192406,426.825409,-244.15155,80.314278,343.748596,113.849152,527.934326,383.737671,123.138336,98.949471,431.164185,82.469391,77.286514,331.921387,-151.731003,490.743683,365.185883,-191.439438,106.389145,248.685196,-310.737793,53.990284,202.307755,-239.768295,64.382004,261.083496,163.915161,57.689732,203.577408,98.687752,64.182487,355.307892,36.325924,103.968842,344.629852,1.837641,503.929321
237,0,243.313126,-220.195953,1003.277527,235.793488,49.883934,1009.529236,413.526642,-118.23674,1033.586914,416.307739,-50.054455,1030.599854,323.571899,-255.154495,514.463257,372.803711,-280.03775,97.278816,426.799377,-244.139175,80.330605,343.773651,113.821106,527.968994,383.863647,123.094093,98.884552,431.333435,82.327133,77.325691,331.934265,-151.725739,490.73526,365.188995,-191.456131,106.374954,248.729874,-310.758423,53.999634,202.611404,-239.778946,64.33638,261.108643,163.92244,57.704235,203.565002,98.69603,64.148857,355.176147,36.246613,103.733444,344.570312,1.853391,503.93396
238,0,243.281784,-220.184982,1002.969482,235.749252,49.86311,1009.515747,413.436646,-118.249809,1033.62207,416.386871,-50.179138,1030.367676,323.587372,-255.158966,514.415161,372.748138,-280.066437,97.115433,426.784393,-244.1548,80.384232,343.72522,113.825638,527.936584,383.753387,123.094398,98.926628,431.334686,82.3256,77.359131,331.90387,-151.740692,490.765717,365.181183,-191.446838,106.375458,248.704529,-310.774963,54.002441,202.347702,-239.756943,64.342789,261.175964,163.908844,57.795361,203.574844,98.670311,64.186722,355.240448,36.347946,103.749519,344.605499,1.835759,503.921631
239,0,243.171967,-219.881912,1002.498962,235.711334,49.838074,1009.505981,413.365051,-118.272537,1033.637573,416.35025,-50.192638,1030.395874,323.576447,-255.183868,514.416016,372.824493,-280.039825,97.201744,426.759369,-244.158646,80.341248,343.727539,113.790024,527.946838,383.752502,123.090332,98.893036,431.196747,82.460388,77.316017,331.936279,-151.75473,490.752991,365.198944,-191.441986,106.360794,248.628464,-311.011047,54.010929,202.619736,-239.78952,64.328651,261.021942,163.809357,57.813587,203.56076,98.656197,64.187668,355.010101,36.391884,103.664543,344.642487,1.780141,503.933655
240,0,243.193649,-220.22522,1002.941467,235.679688,49.810471,1009.460205,413.277679,-118.279526,1033.674072,416.294281,-50.216373,1030.396362,323.575043,-255.206528,514.421692,372.765167,-280.039307,97.134285,426.782837,-244.14386,80.31366,343.726257,113.754448,527.93103,383.767883,123.06002,98.88163,431.346741,82.305031,77.329124,331.946686,-151.750565,490.786591,365.217102,-191.447891,106.354645,248.46376,-310.82489,54.263386,202.442459,-239.805481,64.34005,261.035248,163.796829,57.793556,203.543091,98.656693,64.15892,355.697449,36.282963,103.832382,344.602966,1.754725,503.951538
241,0,243.11705,-220.219788,1003.050781,235.687866,49.772411,1009.490601,413.316162,-118.31427,1033.629272,416.137085,-50.139797,1030.639893,323.574585,-255.211227,514.399902,372.713379,-280.04538,97.092201,426.805115,-244.201111,80.310051,343.71463,113.762733,527.934448,383.709381,123.027313,98.885666,431.341492,82.31662,77.323776,331.874939,-151.805237,490.70462,365.226624,-191.462189,106.406204,248.638306,-311.001038,54.085846,202.416855,-239.795639,64.36911,261.167877,163.881577,57.751358,203.602493,98.652863,64.183983,355.519836,36.295509,103.857964,344.572388,1.737478,503.9422
242,0,243.088547,-220.19989,1002.868896,235.600571,49.748695,1009.427551,413.27774,-118.333763,1033.655151,416.24173,-50.255325,1030.452637,323.528625,-255.274689,514.500793,372.678619,-280.047455,97.055656,426.791077,-244.179626,80.334373,343.700104,113.744278,527.936707,383.634247,123.029594,98.890724,431.17453,82.454811,77.283905,331.899597,-151.817078,490.726776,365.217041,-191.481979,106.39473,248.450623,-310.805176,54.222866,202.427841,-239.819611,64.354485,261.049683,163.755096,57.832821,203.592377,98.623642,64.209068,355.509705,36.290569,103.877495,344.588684,1.7265,503.937836
243,0,242.702011,-219.888504,1002.81189,235.619415,49.742653,1009.477234,413.240204,-118.336502,1033.660889,416.217316,-50.280922,1030.432617,323.527557,-255.263779,514.44281,372.788147,-280.031616,97.102219,426.760193,-244.163223,80.320312,343.673004,113.747162,527.936951,383.702423,123.008018,98.863098,431.175568,82.461105,77.310577,331.901459,-151.825775,490.741577,365.17276,-191.48024,106.357185,248.495346,-310.838196,54.165241,202.370346,-239.763916,64.361633,261.130524,163.723892,57.80056,203.378693,98.755203,64.19516,355.382935,36.302486,103.823318,344.49588,1.766888,503.907379
244,0,243.039047,-220.269791,1003.108521,235.598465,49.72443,1009.495239,413.183594,-118.36792,1033.601685,416.198273,-50.294682,1030.444702,323.490326,-255.299561,514.484802,372.714813,-280.05014,97.11219,426.743805,-244.147781,80.322838,343.49295,113.798172,527.637451,383.649628,123.009636,98.867439,431.189056,82.407005,77.30172,331.865997,-151.837524,490.747681,365.203308,-191.448196,106.418335,248.705078,-310.712128,54.035866,202.384384,-239.771286,64.354736,261.041473,163.832382,57.961441,203.536957,98.666817,64.15686,355.319824,36.268265,103.705147,344.462494,1.727119,503.937531
