FF_TX,FF_TY,FF_TZ,FF_Rquat0,FF_Rquat1,FF_Rquat2,FF_Rquat3,Hip_Z_R,Hip_X_R,Hip_Y_R,Knee_Z_R,Ankle_Z_R,Ankle_X_R,Hip_Z_L,Hip_X_L,Hip_Y_L,Knee_Z_L,Ankle_Z_L,Ankle_X_L
0.334839935027456,0.9769373464828655,0.06983196275548555,0.19222013723022235,-0.9809266559750303,-0.010744725812868993,0.026813296882435632,0.583698740410169,-0.15335675670075458,-0.13105328682193268,-0.38579733705439845,0.12197074627753736,0.07536096218899076,0.6179346102356336,0.17227267682529163,0.017018017095882493,-0.3719488371106986,0.05187929693220709,-0.2244665796297854
0.33482714060041124,0.9767984755274483,0.06983339236556156,0.1934376330675005,-0.9807221701034237,-0.009112720526580196,0.026131695419032607,0.5876054520622502,-0.15631121081485735,-0.1292623705082953,-0.3873138216921003,0.12287469686019296,0.06470049855094617,0.6191274649130843,0.1690591733467456,0.018470954783278544,-0.3701998861758383,0.05309912979120627,-0.22031455083745072
0.3348319119700091,0.9767590175445486,0.06988089296849441,0.19395094756440123,-0.9806337854169296,-0.008389763381452626,0.025884758220570174,0.5891567669373616,-0.15755273948165177,-0.12819380694708016,-0.38785338188721,0.12342937348717316,0.056686705816183625,0.6197838577571183,0.16762108183280067,0.019504085120070562,-0.3697599681839904,0.05296536461521124,-0.21710090943770813
0.3348442322713108,0.976703684485283,0.06992194019844769,0.19400415805226315,-0.9806279454166948,-0.008071852066534133,0.025808226023502558,0.5899080144515396,-0.15809451681937953,-0.12749470160614035,-0.3889352647921477,0.12393528570106134,0.050432003653298564,0.6197071444970842,0.1669637193903984,0.020132717773021676,-0.3695174029937588,0.05375169149712623,-0.21506630691819748
0.3349100201534266,0.9767135183515578,0.06983250324521703,0.19420240653243048,-0.9805895942211362,-0.008118128743709839,0.025759832839917268,0.5894169354781097,-0.1578314771593454,-0.1274437672591611,-0.3870035943113971,0.12406835452890981,0.04680920321100175,0.6203787150721386,0.16715028441726576,0.020142005884480615,-0.3698586759640291,0.05295637626123911,-0.21338343192370793
0.33487473671940504,0.9766361795403815,0.06980817380273334,0.19412147618141196,-0.9806022127693798,-0.008439935211487185,0.02578604837061258,0.5891684367192206,-0.15707523809901577,-0.12776207794631272,-0.38689455934203143,0.12432217682229124,0.043817944774757776,0.6201835536831265,0.1678559511126722,0.020071133832390124,-0.36972239040624927,0.05397448157605721,-0.21258269278181846
0.3348889565321877,0.9766497412053459,0.0698609488974575,0.19400748080990446,-0.9806247972734472,-0.00832213056625161,0.02582337129507403,0.5896227537440029,-0.15730731670979864,-0.1275057081752095,-0.38837941894425604,0.1245192247161687,0.04093248454577656,0.6200333211971271,0.16748805544073256,0.019798413207240722,-0.3700531628017763,0.053798968993107196,-0.2114871618330912
0.3350380994615625,0.9766352664505993,0.0698864970925077,0.19386846423119458,-0.9806536020687474,-0.008335144405479828,0.025769297506303593,0.5895286967846146,-0.15727213312568336,-0.1275734612139934,-0.388333739194392,0.12445306916999276,0.03874695380383718,0.6198181791483639,0.16753291428055336,0.019990976871558354,-0.36984482974143906,0.05422838542390441,-0.21120781354766235
0.33500836659594524,0.9766540728409442,0.0698150123700661,0.19403809407505546,-0.980618566814703,-0.008386926108603292,0.025808989450311955,0.5892546505393355,-0.15705765211722558,-0.12764094307891985,-0.3871666636746053,0.12439074174742709,0.03755731525928933,0.6202397774960857,0.16766991980483284,0.0197301942512164,-0.3699925521178044,0.053568647372614284,-0.2106494202932664
0.3349895823120302,0.976640444226191,0.06982588042782623,0.1939973732330914,-0.9806230022310973,-0.008435966091712951,0.02593031334228516,0.5890750714522298,-0.15702553056887147,-0.12800927731027614,-0.38719629209759016,0.1245392249642502,0.03668733824456934,0.6201947790451213,0.1677049939668841,0.01958836694073052,-0.3700259866049129,0.05351903409634081,-0.21046290401024517
0.33503742796962555,0.9766492931317028,0.06983900261115761,0.19400152074630414,-0.9806216044101238,-0.008414216518814906,0.025959196301317575,0.589223064700289,-0.15708091631369958,-0.12782096864883707,-0.38729632847544565,0.12438431945311507,0.036005462863723095,0.6202974380890511,0.16759134732345798,0.019647737790626507,-0.37011245319184,0.05364175703676033,-0.21004838758634392
0.33504708569877373,0.9766098733010362,0.06985538986825483,0.1939775490888494,-0.9806255525964123,-0.008548614617517067,0.02594527380054906,0.5890294968112816,-0.15686173609144052,-0.1278331488176925,-0.3871789225814441,0.12455071613115183,0.03576487388467336,0.6201098929840513,0.16789059244646662,0.01965494299676189,-0.36970352634764525,0.054465152206410905,-0.21011849212509529
0.33509132082228826,0.9766246936475241,0.0698662210136352,0.1939050080135265,-0.9806420219956616,-0.00836032726956605,0.025926386008855922,0.5894013942871233,-0.15718648582465708,-0.12786754262550043,-0.38797757164645785,0.1244742918800144,0.03477103192081485,0.620044785836596,0.1674853337163738,0.019654939588769068,-0.36993418838379016,0.0538185847624224,-0.20983759903273147
0.3350775944456264,0.9766254066688413,0.06987663257115981,0.19392825533710387,-0.9806352608542692,-0.008318097452014856,0.02602164879413051,0.5895101196751736,-0.15731086223733445,-0.12772873638146004,-0.3882256373631295,0.12463426987129703,0.0341976948496856,0.6200215850455033,0.16731519903551656,0.01971333490533213,-0.3697830652763507,0.053811234578579406,-0.20961607061319273
0.3351191134736349,0.976705272046595,0.0698818445504632,0.194155586402417,-0.9805913822162949,-0.008211413131690427,0.026013882567784134,0.5896595579968141,-0.15754172001290134,-0.12766977233547114,-0.3873799743317901,0.12411389919227779,0.03411686096383672,0.6205076625539392,0.1670378804175479,0.0196777187449505,-0.36963899541984696,0.05308200856502595,-0.20955671153561262
0.33513018389569843,0.9766292560084385,0.06990135514993197,0.19401964450675951,-0.9806192173937334,-0.008243582296982957,0.025968661391866397,0.5897941589971858,-0.15742317875280726,-0.12746556642483262,-0.3882316510984102,0.12461961865196008,0.03381603115917062,0.6201742638086299,0.1671718940633122,0.01979152963801636,-0.3695266622898724,0.05377919265014883,-0.20975636903463246
0.33514125893793256,0.9766382843790485,0.06988141197858647,0.19404941163699682,-0.9806118913866945,-0.008390739428071007,0.025975754198776475,0.5895035063664468,-0.15707797092924972,-0.12742942300374802,-0.3874352395644204,0.12463153615883016,0.03395611992001732,0.6203108313597686,0.16755673508455043,0.019842551833949056,-0.36963818692323647,0.05294281546995728,-0.21004661400452315
0.33511048169884233,0.9766297734821785,0.06992650025504943,0.19403475541599446,-0.9806156297832355,-0.00824862292040457,0.025989623610212308,0.5899637869369049,-0.15742763881117078,-0.12750987173731002,-0.38851844610271175,0.12478614274787223,0.03343826825433416,0.6201048376007744,0.1671727681008707,0.019907786042936294,-0.3693425308219428,0.05360822146767191,-0.21035898258460614
0.3351702243121228,0.9766376421333771,0.06993188289607068,0.19410630950437907,-0.9806005772558255,-0.008295960140866584,0.026008182202397475,0.5898696713061979,-0.15731782298359345,-0.12739477267603516,-0.387871748619086,0.12466837501632039,0.03324754782264055,0.6203326537134222,0.16727217998105814,0.020021847200279757,-0.36945340310775576,0.05274928419067829,-0.2104821939476794
0.33517565562339297,0.9766463382160862,0.06991520088620835,0.19417418407062362,-0.9805887940819944,-0.008170614230940579,0.025985461789559423,0.5899916018396362,-0.15753886933644573,-0.127515073418804,-0.38789281763724826,0.12471442399339247,0.03315150208764248,0.6204218473871275,0.16701441674669038,0.019945707250856537,-0.3693026623548667,0.05279667717766333,-0.21021339358047397
0.3351939092716101,0.9766578865121093,0.06991358624157033,0.19426125533218472,-0.9805692997150293,-0.008336830847229573,0.026017501505053886,0.5899211801704495,-0.1572033835682196,-0.12725335667474053,-0.3872119941243523,0.12428790738547862,0.03347952305618115,0.6206618961266795,0.1673132432255742,0.019798554311619587,-0.36924895303764294,0.05285455143616788,-0.21017262225997516
0.33518186930779087,0.9766441488149049,0.06995160483289477,0.19421887439271213,-0.9805785347580388,-0.008292116881297225,0.0260001307502973,0.5900914696085838,-0.1572796360903948,-0.1271437478430673,-0.3877373240418046,0.12446893326276405,0.033417839883988616,0.6205743861563217,0.16718157847050236,0.019749669121872458,-0.36936203190990674,0.052949197930204764,-0.20993285634496586
0.3351881550069634,0.9766484423323879,0.06998136666577225,0.1941398751067309,-0.9805942930892194,-0.00814016913220497,0.026043788144125314,0.5901837475006602,-0.1576507080145535,-0.12708748882421736,-0.38829638913130965,0.12454194962659192,0.03307237740649855,0.62051673114541,0.16678642987537312,0.019755501094038896,-0.3696004178289146,0.05300064430539907,-0.20974639397432238
0.33525282457976274,0.9766723483857719,0.06996707206510297,0.19413149706403726,-0.9805951202770433,-0.008116964072509182,0.02608230876997301,0.5900471744290317,-0.1576934232458119,-0.1270359148167098,-0.3879119367532303,0.12442596198042505,0.03304553534054039,0.6206857707769705,0.16673879481545448,0.01979034835307468,-0.36970553004584195,0.05238489012287847,-0.20975945158729203
0.33524974923384615,0.9766286526465682,0.06995805523392541,0.19408824147432116,-0.980607129645626,-0.008184322047767069,0.025931229862667007,0.5897677565229816,-0.15748350781449102,-0.12705867253504965,-0.38748304443068626,0.12463132749652835,0.03332496477849524,0.6204460035013717,0.16701727832342486,0.01988623848526476,-0.36968288397244475,0.05293355773855809,-0.20977614039323333
0.33528138038389543,0.9766139361856921,0.07003818845782767,0.19395454019856004,-0.9806355511528229,-0.008130798036082399,0.025873582567184115,0.5898474314902165,-0.1576558296741091,-0.12698425477723663,-0.3880666396861457,0.12470787919961429,0.03329364967324718,0.6201944453486006,0.16686061663079904,0.019902669545941748,-0.36971173703595334,0.05390511948450823,-0.20987105774602033
0.33527856576505116,0.9766260626921243,0.07003107043625063,0.19398124809616174,-0.9806314876678144,-0.0081464398824175,0.025822399166358156,0.5897502438841692,-0.15756908799246097,-0.1266327457694017,-0.3878085008799461,0.12475587023579497,0.03359343128588674,0.6203417043320157,0.16692642531960744,0.01990850860131804,-0.3699723032349488,0.05355124783476081,-0.20973495685298743
0.33531108523984865,0.9766170110894474,0.070068166533096,0.19388422090225146,-0.9806518532712146,-0.008003836955462734,0.025822280202368098,0.5898323003745073,-0.1579227454795542,-0.1267065510586808,-0.38827863840855736,0.12480780498796411,0.03354913886035754,0.620202620007565,0.16660299348228977,0.020049217542972654,-0.3701393622323538,0.053628198954783275,-0.20966899403703235
0.3353318347367127,0.9765974168668806,0.07007688615588013,0.19381584160640394,-0.9806665405706265,-0.007989183775983134,0.025782332909081968,0.589913501792976,-0.15792889537200983,-0.1264254454637082,-0.3887588065438319,0.12506141491367045,0.0335137241181371,0.6200088274298747,0.16661166844310363,0.0201105224802461,-0.36999196206803314,0.05420168434291153,-0.20992499621984184
0.3353508426571541,0.9766257679520542,0.07005253519048793,0.19387188913439637,-0.980654820830822,-0.007851843036094914,0.025848820972438617,0.5901037661595324,-0.15820752247223488,-0.12618544966961734,-0.38870656980274215,0.12478922929613442,0.03334730822784369,0.6202723978788106,0.16628638953126149,0.02010069358359797,-0.3702255119579323,0.05324122949387487,-0.20986136299245828
0.33537695486695884,0.9766095475397991,0.07008502666153336,0.19388487619609118,-0.9806543112707129,-0.007836572593784445,0.025775273006745866,0.5901894246816523,-0.15823798639406758,-0.12619860921406528,-0.3888088260958932,0.12493752647386022,0.03340517487918868,0.6202905237353261,0.16623813735065265,0.020300121828822935,-0.37026484777931845,0.05333751519336735,-0.2095513457421943
0.3354323263409688,0.9766131924449575,0.0700834202221462,0.1938465437437144,-0.9806635254839298,-0.007739155164169869,0.025742430759172104,0.5903272927822263,-0.15842779140114574,-0.1260143598215445,-0.3891000430210227,0.12478979654862604,0.03333866397425907,0.6203862456154784,0.166066243182572,0.020360970274650482,-0.3705381995459276,0.0531600756800178,-0.20954434518152257
0.3354357861027956,0.9766009041939685,0.07009052384366853,0.19382506918680545,-0.9806671161593532,-0.007921508226568392,0.025711856133782015,0.5900493678951877,-0.1580650853680706,-0.12603865645060647,-0.38851523232259827,0.12475632734763645,0.03362120099577264,0.6203001533892949,0.16647012600826155,0.02018477377730526,-0.3704269857527018,0.053716924720483145,-0.20922299741382025
0.33550187192766373,0.9766011646223577,0.07013517583022538,0.19367019536779717,-0.980699105788686,-0.007794538292566541,0.025697558332975608,0.590151778370569,-0.1583588207203011,-0.1259438979861675,-0.3892767295088033,0.12494662598337421,0.033540856661737554,0.6200826074142204,0.1661756180217779,0.02020438825705523,-0.37062123085937687,0.05371077606412412,-0.20921118548237286
0.33548694885751595,0.9765774110357314,0.07010505658983451,0.1935918119006757,-0.9807141376057811,-0.0077430562992013684,0.025730055272184946,0.5899903039481561,-0.15845938237665846,-0.12590726901861637,-0.38947628845220356,0.12537104975401953,0.03368100106080984,0.6200287345233236,0.16616528214643647,0.02056224127073921,-0.3708802708129552,0.05322368701404654,-0.20942528246850364
0.3354882029852451,0.9765796700351583,0.07011443984480542,0.19360451128935802,-0.9807127459518815,-0.007727206149854591,0.025692283297652243,0.589997566360948,-0.1585081361321864,-0.12594587853817424,-0.389246076478006,0.12516607995473888,0.033604111836112956,0.6199939134939768,0.1661045813282816,0.02058374072144534,-0.3708086486884652,0.05353763952646553,-0.20933301501485746
0.3355202897581386,0.9765543832190181,0.07015363300617009,0.19353198862294385,-0.9807289112912456,-0.007757603681782686,0.025612331448995638,0.5901082547499751,-0.15847372968869772,-0.12592297172645436,-0.3897114359372572,0.12511339168990035,0.033438639307782125,0.619822057784772,0.16618763893048985,0.020751169886060634,-0.3707051482776298,0.05396120702483353,-0.20943467382929223
0.3356247677212858,0.9765746524926912,0.07013472975374711,0.1934779370905011,-0.9807376326813386,-0.007976633314388842,0.025619465700433608,0.5894986492825594,-0.15800106506566833,-0.1260728040274614,-0.388487431633452,0.12493584753198667,0.033555715169527815,0.6200034445122035,0.1666432235459941,0.020524800304173526,-0.3710470089957323,0.05400459810615855,-0.20931884396992056
0.33556438339218697,0.9765538054042733,0.07019406569179673,0.19338452781471746,-0.9807567217319341,-0.00791482612229057,0.025613135437941945,0.5897573587113055,-0.15818280636731524,-0.12612604107708267,-0.3895969662553497,0.12518435418988016,0.03334974881091964,0.61969909577094,0.16650613131904754,0.020484573372493375,-0.3710498290795508,0.05474793350386638,-0.2095731292031572
0.33567872195169624,0.9765861272759591,0.07016755140625272,0.1933305007586518,-0.9807667997967036,-0.007841174518789365,0.025657705959569156,0.5896558088096688,-0.15834375120803895,-0.12605376251156272,-0.389382790378916,0.12498107980001477,0.03341449476209658,0.6199165590326685,0.166312701643827,0.02027343451307023,-0.3714513887481713,0.05401229320517452,-0.2094092904398178
0.3356799934569585,0.9765620033091925,0.0701596931757092,0.19328844482363036,-0.9807755175925719,-0.007853672325553514,0.02563749246100088,0.5894446293978485,-0.1583370869354215,-0.12610190515952815,-0.38912236874154615,0.12497633688907077,0.03368300643353972,0.6197577693744425,0.16636590788931607,0.02033767503766642,-0.3713661281635827,0.05417235537444761,-0.2093829302530412
0.335689509366796,0.9765619628451241,0.07015502459212203,0.19329419449023083,-0.9807743869518426,-0.007816992426792277,0.025648604348181836,0.589576849837623,-0.15838256537665454,-0.12590778184683926,-0.38935079696570596,0.12496619574278929,0.03364529745193187,0.6198125422556683,0.16627365070432432,0.02025610474178999,-0.3713708032084685,0.054089083596104766,-0.2093991397917697
0.3357646414074909,0.9765540643855972,0.0701793828796546,0.19319904215787775,-0.9807931961149335,-0.00786205567503893,0.025632491968099157,0.5895551749412942,-0.15831874986670727,-0.1259048109397401,-0.38957917925291174,0.12513808279424946,0.03341254585898668,0.6197331604616532,0.16635426565257685,0.02034041134069029,-0.3715064892779189,0.054392069659903675,-0.20923631809483398
0.3357951859524444,0.9765511469829662,0.07018498143800966,0.19310478228549707,-0.980812655302276,-0.007729528862289263,0.025638499194304065,0.5895481499460086,-0.15860807088311996,-0.1260647745983511,-0.3899219648960485,0.12525409264662787,0.03328802594428725,0.6195522158003888,0.16609688926556088,0.020436020131419895,-0.37155688128548586,0.0542938045936267,-0.2092751609925818
0.3357995786036123,0.9765480717180831,0.07016612157370769,0.19311053307631776,-0.9808104686134166,-0.0077906527835592265,0.02566032740470539,0.5893953465017743,-0.15843362010192358,-0.12588696489628254,-0.3896301888068706,0.12540970631022108,0.033194875218482786,0.6195909915186942,0.16623445196999764,0.02032534484402889,-0.3715491190943581,0.054441233408746265,-0.20921002108954284
0.33587118447469966,0.9765667758748265,0.07018752219534347,0.19308856601579671,-0.9808137983382164,-0.007802360256823874,0.025694782305884567,0.5893188979378818,-0.15843982862147102,-0.12585967478994184,-0.38932247997906644,0.12521223024248593,0.033328127216559436,0.6196374442055045,0.16617970738835153,0.020179594726647834,-0.371539838466667,0.05433382889824279,-0.208994391545058
0.3358848855653871,0.976579010673419,0.07019100559730164,0.19308254223255952,-0.980813856037354,-0.007787942214788437,0.02574217640774511,0.5894227694176472,-0.1584975957000933,-0.12572865446431478,-0.389556348441746,0.12514530888089498,0.03337774094545497,0.6197119906935353,0.1660980770332347,0.02015453440134291,-0.37154339484441207,0.054104447195005186,-0.2089048699397505
0.33590122503081427,0.9765364017312734,0.07018696901675853,0.19306900209793795,-0.9808169649007031,-0.007790531705703229,0.025724490424917243,0.5892992386768912,-0.15849654824710202,-0.1259615126344646,-0.389414552533625,0.12539742310170315,0.03341779664115693,0.6196362432305156,0.1661247898174002,0.020216246605322324,-0.3714887963937343,0.05433256143634454,-0.20883235933980457
0.33589004010111106,0.9765349448701646,0.07020902528380413,0.19298574172692237,-0.9808340194460466,-0.007638516677938771,0.02574456933768311,0.5895551048381156,-0.1588519049120438,-0.12591656496444845,-0.390378208383869,0.12562209767449486,0.033106504311191304,0.6194203466563918,0.1657916999090334,0.020206033085781634,-0.3715570257676794,0.054339207534313774,-0.20886648483514858
0.3359981843650675,0.9765631850720101,0.0701943498963535,0.19301915198483147,-0.9808263320654645,-0.007653355461549805,0.02578254146205935,0.5893612265931345,-0.15883258535799036,-0.1259952316410842,-0.38960290852022195,0.12541700670745562,0.03333380577174697,0.6196327689449058,0.1658053885106637,0.02018778066335484,-0.37147880677366774,0.05396800492350414,-0.20893499702120424
0.3359574883927906,0.9765565695014867,0.07015444085162867,0.19311955235549452,-0.9808033192941152,-0.007791042613300848,0.025864783290352075,0.5891956918854484,-0.1585277780998762,-0.1261600240292457,-0.3890071111406596,0.12528578477622115,0.03365669603736873,0.6198174918254021,0.16606410673954047,0.020099518172393374,-0.3714314146399706,0.05396877787172167,-0.20899495920518746
0.335986195204948,0.9765607243651471,0.07017206271887852,0.19310761978369498,-0.9808046846156379,-0.00784132586628055,0.025886896804247925,0.5890942866654065,-0.15850823915516266,-0.1263198982173229,-0.38891798056397087,0.12529299083908077,0.03387538912008027,0.6198436070676974,0.16613306906466105,0.020056540239163485,-0.37137267164895105,0.05402514227528617,-0.20878082321352978
0.33605511626531964,0.9765535308712333,0.07017379938589659,0.19305857007615349,-0.9808163306347218,-0.007799971358767375,0.02582391386279713,0.5893638725202094,-0.15853442896021924,-0.12632123967683392,-0.3893968545194415,0.12538412487599027,0.033735363196257875,0.6197581046032502,0.16607934818320932,0.01997197833882374,-0.37131837811881396,0.05402476481017805,-0.2087660934168322
0.3361073347871852,0.976557845216165,0.07020150495256283,0.19294846112440692,-0.9808376906208149,-0.007608757492944824,0.025892524341271202,0.5896888074268202,-0.15899733498254923,-0.12593288521763524,-0.390440101266039,0.12552118566691228,0.033499743226310455,0.6196638201736905,0.16562564776818914,0.020217086136524322,-0.37154289886334524,0.05370975283560057,-0.20882184068152396
0.33620113428227066,0.9765648744566581,0.07013987735836484,0.1929263138997757,-0.9808419116976486,-0.007714305525547275,0.025866409735521723,0.5892688248805883,-0.1586999915537915,-0.12611456899005444,-0.3894374624383619,0.12528584604566614,0.033663099477871744,0.61979279534913,0.16592917464582668,0.02003670198657149,-0.37160308589099605,0.05373728347740218,-0.2088813013903445
0.33616301101589063,0.9765550495776415,0.07017209106327238,0.1929481642677591,-0.9808384266110427,-0.0076328425706325585,0.025859746773085616,0.5896968630458876,-0.15892258221236916,-0.12596913235533322,-0.3901625502506274,0.12516063705277816,0.03350873721435099,0.6196902042599504,0.16569566651734738,0.019962701946914758,-0.3715354705752461,0.053977674187960546,-0.20873283972689685
0.3362343235797716,0.9765523680003528,0.070169182018821,0.19294125260770748,-0.980839465970006,-0.007724699873388497,0.02584461355308137,0.5896098277012938,-0.15870306151212235,-0.12584089877364646,-0.38992677317276864,0.12511283478153565,0.0335558656018001,0.6198072127921661,0.16589620812742964,0.019974975964272335,-0.3715561390834875,0.05393564248136315,-0.20872297003107718
0.3361744570033301,0.9765190868871202,0.07017118460386088,0.19288836413835986,-0.9808492969837376,-0.007754868312434892,0.02585725437845434,0.5897340195231038,-0.15863236903622013,-0.12579552406889513,-0.39047439987521254,0.1253161996293403,0.03319242776559462,0.6194684018318083,0.16601449130570578,0.020185841115186648,-0.371157881327184,0.054577953339063436,-0.20903633145961398
0.33628889587946176,0.9765745981927116,0.07013948134251083,0.1928157071060342,-0.9808623998385309,-0.007598664340545314,0.025948332825786676,0.5897033963955316,-0.15897633553655938,-0.12569268275895484,-0.39064852552076573,0.1254251956070868,0.03324018948915291,0.6196141312129764,0.16562876653487643,0.02018584663070029,-0.37151632360816383,0.053773280928934714,-0.20886746785829452
0.3363320652806119,0.976563017934299,0.07011371851761178,0.19280598614253058,-0.9808643254461508,-0.0076793099902062656,0.02592402308184945,0.589503173189258,-0.15877499982430335,-0.12547713938700955,-0.39009413642301405,0.12529247414940847,0.03349752703357631,0.6196404872716261,0.16588964411826704,0.0202520374356828,-0.3715784075848409,0.053221067630281796,-0.20917134075769153
0.33637980050146815,0.9765584100821432,0.07011307477845043,0.19278707685348132,-0.980869323865091,-0.00756614753359291,0.02590879986083805,0.5896852649749873,-0.15899243494756055,-0.12577265164174645,-0.39039439435644185,0.12520645642901526,0.03343108714590296,0.6196676293931473,0.16562195013902192,0.020144320044628503,-0.3715924747547352,0.05346445045816181,-0.20909928916739276
0.33641283120214227,0.9765685634175183,0.07010622287194394,0.1927828725861488,-0.9808673555712936,-0.007553542901430276,0.02601804761404059,0.5898904822573654,-0.15910633031644883,-0.1254888223413464,-0.3908379169749753,0.12515601481222938,0.03350677231366652,0.6198690622879065,0.16551425120922378,0.020218333815416198,-0.371767411754372,0.05289347232386036,-0.20907220258167997
0.3364677648190538,0.9765384855748368,0.0701061430602552,0.19266640196839932,-0.980890221423567,-0.007624004174866412,0.0259981851004751,0.5898308956880642,-0.15895522662894054,-0.12546367029670177,-0.39113913073034773,0.12539052928098351,0.03360085089538516,0.619641338324511,0.1656958280559128,0.01984430905773882,-0.3717397030577112,0.05338427271530683,-0.20910687867812036
0.33651180791560337,0.9765538086126299,0.07010332040906574,0.1926447335636148,-0.98089576132397,-0.007586109787741134,0.025960797082544843,0.5898322991529038,-0.15899440996320735,-0.12574151491212018,-0.3911312647675703,0.12551564853994684,0.03333251978857318,0.6197304906768769,0.1656260341654718,0.019957794892031127,-0.3719264712996827,0.05329260794944404,-0.20902017480112628
0.3365727614403583,0.976531197263206,0.0701327202230566,0.19248760931970646,-0.9809243433152218,-0.007674232427259626,0.02602035946402575,0.5895872722099671,-0.1589083303438993,-0.12569666220795614,-0.3913442649657554,0.12564934434382602,0.03316173256800222,0.6195100208891398,0.165745545369817,0.01958198353457772,-0.37200298340637034,0.053705533924921244,-0.20896508843210124
0.33671198688349835,0.9765439932963428,0.07014326878929916,0.19233898060794039,-0.9809513426918888,-0.007789489945394852,0.02606729092309986,0.5893975653110977,-0.15870999535077404,-0.12612891064924014,-0.39126040445678917,0.12558215964104216,0.0330437632976633,0.6193620697297282,0.1659412351529965,0.01945093766773463,-0.3719252053739907,0.054231580444461205,-0.2092931909165083
0.3366798748076427,0.9765168925027965,0.07013140828266387,0.1922732556174019,-0.980963221556063,-0.007904003868889441,0.02607067033039857,0.5892993936552882,-0.1584927958265173,-0.12592926621908268,-0.39156305131165725,0.1257540593438902,0.03299710897559439,0.6192516682057455,0.16621721607176285,0.019485551480929612,-0.3720343341703515,0.054695309724525715,-0.20936668967671734
0.3368167855866637,0.9765700910851093,0.07008754720867207,0.19223237055428521,-0.9809706929447094,-0.007877712237629264,0.02609898359242896,0.5891677131894197,-0.15848229338254965,-0.12602360424371145,-0.3910436882636587,0.12527459130335097,0.032873803413971114,0.6194592456160236,0.1661594276540495,0.01928028671373262,-0.3723314578514998,0.0538445919784928,-0.20927821744419758
0.3367581677696611,0.9765468544473216,0.07010876106246204,0.19224937541583983,-0.9809676670824201,-0.007875267410342748,0.026088195689033054,0.5893328990756551,-0.15849044307078616,-0.12596140444786855,-0.39151630271970156,0.1255973897091109,0.032555672083752145,0.6194253556113433,0.16619195529105601,0.019486155768402038,-0.37240441781309436,0.05356679570198713,-0.20939911772144565
0.3369134592779495,0.976583343600621,0.07011363483788309,0.19217877487675664,-0.9809820470940092,-0.0077294887357992805,0.026111238385018994,0.5894798687651421,-0.1588005370210048,-0.1259541584399488,-0.3916925095358653,0.1252946882065351,0.03235975317208002,0.6195659398589392,0.16578836285038695,0.019528065035512618,-0.37261454253124016,0.0533035010378722,-0.20920917462562927
0.3369594131454529,0.9765766138372411,0.07008377429469961,0.19224004216022303,-0.9809683165912977,-0.00783691346137001,0.026144039888092337,0.5892353792304956,-0.15856933139202836,-0.126060971337629,-0.3909322865898637,0.12528278104807408,0.03247110768783729,0.6197402941296478,0.16604676598796791,0.019267003627777755,-0.37246585956975486,0.053208810028687964,-0.20918986497128703
0.33698196330349783,0.9765708864333438,0.0701308103017648,0.19212426699186616,-0.9809919111925285,-0.007742547606482606,0.026137887524235806,0.5893523907267841,-0.1588528972047469,-0.12606362816323274,-0.39164399093647106,0.12533319042520016,0.032436341998441975,0.6195305979858574,0.16577674710088908,0.01918112986301874,-0.37259150051686546,0.053317557443878595,-0.20914774531663344
0.33705539252341593,0.9765724898691245,0.07009211540101119,0.1921293734943475,-0.9809902071199645,-0.007781389525346738,0.026152769498720703,0.5892116071093885,-0.15874012523378736,-0.12585612595136564,-0.3911154551040162,0.12529772463123381,0.0327735858961677,0.6196000734612981,0.16588656829725296,0.019174227030005337,-0.3724663156075625,0.053205194642423445,-0.20910160030446526
0.337109556593996,0.9765547630110817,0.07011367445684613,0.19205040766129797,-0.9810069671459016,-0.007781951599574086,0.026103880125969058,0.5893652407767179,-0.158773906801999,-0.1262035481493283,-0.39160087740967964,0.1251587342779445,0.032894849086096634,0.6195674090773695,0.16589578547619946,0.019175165784343733,-0.37262984306074426,0.053227314538009884,-0.20904685294088612
0.33718550608078096,0.9765874234455924,0.07010395621794166,0.19203774016324318,-0.9810074930880263,-0.007749074142748131,0.026186956831043825,0.589246833090414,-0.15887720498300273,-0.12619998183307857,-0.3913443723637793,0.12510023539069653,0.033077395629092454,0.6197688107289635,0.1657530057604089,0.019548306862737005,-0.3728402420737287,0.05288299812130908,-0.20888194594508724
0.33719058733259166,0.9765714571696092,0.07012775420999734,0.19195563910979752,-0.9810245584362671,-0.007687885240543434,0.026167628463511887,0.5893776974601582,-0.15900254765047517,-0.12591328390137327,-0.3919186063154232,0.1252684937384392,0.032890270772104865,0.6195706464688698,0.165640978634182,0.01928551490048432,-0.3728903347345938,0.05306867352610219,-0.20883899393122524
0.3372679934523824,0.9765633273010217,0.07013661227568321,0.19187635875089532,-0.9810405126949254,-0.007854904230724788,0.02610126210169801,0.5891846466114224,-0.1586075843290946,-0.12587448109585633,-0.3917306383577837,0.1252400029518857,0.033027710669864915,0.6195057032505226,0.16601560889342817,0.018937400244183042,-0.372925754090398,0.05339521762896915,-0.2088971696459104
0.3373021609005026,0.9765712148084549,0.07014096576398939,0.1917793580137608,-0.9810593986213246,-0.0077912511304396494,0.02612337310565087,0.5892355889025286,-0.15879789845999978,-0.12603566495862373,-0.39216012241379367,0.12522785528745162,0.03277491523516165,0.6193898434635753,0.1658636149686619,0.019187215201003787,-0.37301433815080587,0.05307275544442267,-0.2090077839774823
0.33736427072428926,0.9765566421520302,0.07016833333828723,0.19172844815163098,-0.981071238852317,-0.007714745515562464,0.026075067934281985,0.589364635655882,-0.15898487002021175,-0.12608539891816253,-0.3925262634514455,0.12536674513149823,0.03272053181735263,0.6193006617187735,0.16570686254747657,0.019171266570099852,-0.37302485339643454,0.053250544253020886,-0.20891134596519834
0.3374327308782493,0.9765801333805137,0.07015742035639509,0.19175910426125856,-0.9810660279820258,-0.007661276008452597,0.026061456644113697,0.5894593082963715,-0.15907080062385975,-0.1258860682862756,-0.3923732623789712,0.12539647282917862,0.03285977719534546,0.6195400474744018,0.16559969800224336,0.01923964297767464,-0.3732840914130636,0.05314548429248177,-0.20881772023338
0.3375022024511414,0.9765772730883777,0.07014572352032789,0.19176308367626985,-0.9810637458590321,-0.00794067168626756,0.02603443936755945,0.5890307374654455,-0.1584458960614754,-0.1255769807646797,-0.3911031719260719,0.12483386786240255,0.033301689470175894,0.6196023840801688,0.1662090354309501,0.019057844278218043,-0.3730816408531619,0.05330229065174088,-0.20877479187291875
0.33747589558915553,0.9765745292557473,0.07013018336111955,0.1917914145433353,-0.9810569580887862,-0.008003046747076034,0.026062416154458704,0.5889905093786196,-0.15831911597223267,-0.12582384068460586,-0.39106631538408226,0.12485578290909445,0.033366108825969465,0.6196350587786729,0.16633610797937964,0.01898867076331015,-0.37305073518280796,0.05345310085662208,-0.20877442846834943
0.33739138115993367,0.9765364001860625,0.07006505566253585,0.19186405143396515,-0.9810414161683415,-0.008026855537780764,0.026105461496307124,0.5890293025860822,-0.1582054702136992,-0.1258674141065513,-0.3911556160151848,0.12503341399813647,0.033520159231438765,0.6197121746886243,0.16645942739298472,0.018856640905184862,-0.37302709811841145,0.05356508115864209,-0.20889127745504382
0.337594008190694,0.9765699087740294,0.07020564411608748,0.19162858680594697,-0.9810908547566681,-0.007846395513997292,0.026031778829416877,0.5894911855070591,-0.1587025506146427,-0.1256369927044925,-0.39252809930796856,0.12498611437054877,0.03320141743094755,0.6194905247206467,0.16595680173713237,0.019185565413283166,-0.3732984695042499,0.05318835275172742,-0.20883589983495512
0.3375298721517503,0.9765266546952097,0.0701356860343132,0.19169623738237043,-0.981077421755196,-0.007862200695418316,0.026035185727094335,0.5896586819407272,-0.1585942753516231,-0.12565730782334616,-0.39275264359578144,0.12518309692425403,0.03289190074388815,0.6194317984996995,0.1661575369549921,0.019503306924392727,-0.37312329137507944,0.05283903159947473,-0.20927741163896127
0.33773565803354083,0.9765758490914254,0.07017142368522354,0.1917237864694858,-0.9810712161491404,-0.008014301946329402,0.026019790732489587,0.5893936106219247,-0.15833200226285876,-0.1256181262429285,-0.3915186991170697,0.12458361278276148,0.03322299708521426,0.6198508848081334,0.1663493353267118,0.019226433359379312,-0.3731948790194504,0.052858569375270725,-0.209254053027791
0.33773654491633365,0.97657884993546,0.07020379669712705,0.19171920136763052,-0.9810725639265723,-0.00796136023088488,0.026019009988348555,0.5895969493499468,-0.15843404742237896,-0.12553717039400322,-0.39194728985844224,0.12438064125084393,0.03304189356312812,0.619872043479264,0.16617607492396685,0.019013307801269624,-0.3733238287326198,0.052965479599783254,-0.2090322630984491
0.33775788503121573,0.9765676381147689,0.07024956529987893,0.19165018741391915,-0.9810884398431634,-0.007846971882516054,0.02596351098353143,0.5898085508431032,-0.15868388701935165,-0.1253551505361744,-0.39260206036447676,0.12466485973143081,0.032617439869216655,0.6196770341720325,0.16593137148038095,0.01904650953985363,-0.37333615737704373,0.05322042310971534,-0.20871979419608047
0.33768129819717346,0.9765452829137358,0.07011875157195924,0.19177208594242137,-0.9810612466423158,-0.007987371832877661,0.026048018756161355,0.5892800951301547,-0.15827634719297895,-0.12519380693002852,-0.3912673432399452,0.12474994819205903,0.032988368088021254,0.6200023832562096,0.16634495400792823,0.0191735627587106,-0.3735036880383175,0.05326500546810743,-0.20870896752919793
0.3378409612669005,0.9765627723633352,0.07027486008052501,0.1916016917163202,-0.9810971653391651,-0.007847057734193813,0.025991682896943244,0.5897420999539598,-0.1587254988504517,-0.1251589118004207,-0.392417054901771,0.12445757195565851,0.032804133009198905,0.6198123375136015,0.165886265410522,0.019323385783624095,-0.3736165511080962,0.05328646174612651,-0.20862727681196785
0.3377902342041206,0.9765293397281308,0.07021543506579529,0.191646710451442,-0.9810904112483353,-0.007811794459769234,0.025925261754353276,0.5897118712526704,-0.15873839113928542,-0.12549902222239454,-0.39236409123462596,0.12480680942278924,0.032653248691951534,0.619806623535981,0.1659478001105308,0.019426138476810878,-0.3736297983899059,0.053364775428622085,-0.208593112684503
0.337849621327611,0.9765311748146783,0.07021871198773724,0.19164647023450132,-0.9810903542872006,-0.00789939968449966,0.025902638010366776,0.5896100874855245,-0.15853346675718455,-0.12533411863610308,-0.391941313308771,0.1247297642233952,0.032759546913434676,0.6199578812101811,0.16612833665893512,0.019193884179814266,-0.37374723791099007,0.053207215150094106,-0.20872963267107114
0.3378945652210085,0.9765388512529506,0.07027717640321791,0.19156176352565318,-0.9811088609511819,-0.007843672431474472,0.025845125668179682,0.5895852320269753,-0.1586685613779597,-0.12518613086448904,-0.3920302068146545,0.12450724440218074,0.03275930898600605,0.6198418349506333,0.165980117093683,0.01937353458272897,-0.37384418760357635,0.05332937163198266,-0.20864156697170214
0.3379431455857696,0.9765526356013793,0.07025526665121108,0.19162008597248,-0.9810994365151922,-0.007886247704856653,0.025757434239640293,0.5893338776573874,-0.1585364698183108,-0.12557837762751808,-0.39106583404238277,0.12423697424030328,0.033132694948391855,0.6200187821435381,0.1661538836749564,0.019451497227413017,-0.37386770684441983,0.05311024404466641,-0.20858208216007226
0.33799623928655426,0.9765428688996146,0.07027866968507153,0.1915566280749855,-0.9811129431695527,-0.007900671837904723,0.025710510890093196,0.5894163285635132,-0.15850754956428234,-0.1249713766455768,-0.39138192390398013,0.12431446990289978,0.03343623083642554,0.6198745619390372,0.16617038674404844,0.01941951993944212,-0.3738040924323885,0.05339903558916453,-0.20836008401139172
0.3380153119098564,0.976542980983105,0.07029949254519464,0.19149495203612987,-0.981126668274222,-0.00790369308722302,0.025645190219376335,0.5893959873582166,-0.1584923701907874,-0.12504113022124877,-0.3916027178316661,0.12440342370203743,0.033577208046095174,0.6197562477558994,0.16620124388888488,0.019404723032634588,-0.37387467128564894,0.053378875785173696,-0.20837710665273923
0.33805205347054945,0.9765150917118707,0.07029416883272446,0.19145909764250846,-0.9811360927982593,-0.00793197272811953,0.025543397329297834,0.5893085998708752,-0.15835174427897403,-0.12490786913030477,-0.39147994888453674,0.12460020834143756,0.033743869241396454,0.6196425039124627,0.16635568848986276,0.01960530013039676,-0.3738244998950983,0.053659918722244265,-0.2083975598599941
0.33808027624335457,0.9765147625542351,0.07033359426572235,0.19134743989965422,-0.981160146874093,-0.007882654359299508,0.025471301303785616,0.5896047116265248,-0.15843705281665874,-0.12467144992429231,-0.3922586916348169,0.12437567698851076,0.03352930463059314,0.6194152242694014,0.16626233414821914,0.019700665510447416,-0.37387039423873025,0.05363983730717194,-0.2083738302466995
0.33810806268791305,0.9765390400159968,0.07031806589458901,0.19140369184925193,-0.9811511914117669,-0.007862410096584106,0.02539978041676765,0.5895068052186117,-0.1584497751042212,-0.12464153335359789,-0.39185537329474485,0.12441121488325534,0.033582041952936535,0.619562911852412,0.16625073250005581,0.01977699197872139,-0.37396125491312954,0.05374418736104609,-0.20821144704813294
0.33814653639684855,0.976526010046759,0.07036239918951552,0.19129202024793107,-0.9811743982555514,-0.007779814340200446,0.02537001549376092,0.5896546157950623,-0.15863700986606258,-0.12455017530788516,-0.3924079963563777,0.12437068995164581,0.033404699164797914,0.6193559670227712,0.1660653637608083,0.0197382198905766,-0.3740056718474241,0.0538582114550245,-0.20812682550786263
0.3381742473303706,0.9765422088913472,0.07037659497797383,0.1912461205639914,-0.9811847839796377,-0.00770299168183397,0.0253378170962802,0.5896754553653082,-0.15881193073278438,-0.12453067519538805,-0.39267748675556485,0.12458174575482137,0.03338333744542439,0.6193324131548703,0.16587273333901,0.019876917811324078,-0.37415390181895114,0.05390256542960584,-0.2078955807742368
0.338210888892217,0.9765141728690079,0.07038432982809112,0.191216104614161,-0.9811913094171871,-0.00769529102458967,0.02531399131742866,0.5897726696831809,-0.15883817912407736,-0.12440183452637606,-0.3929315883532633,0.12466074329853437,0.033247652513115455,0.619306765090273,0.1658771827523631,0.01988764122260006,-0.374224801207848,0.05410075361496091,-0.20764065840890253
0.3382474198853968,0.976515106616636,0.07037376562387677,0.19122075489556153,-0.9811916349545062,-0.007775401561724491,0.02524166244581131,0.5895915719170742,-0.1586040900435196,-0.12422750624516625,-0.3922853126579787,0.12433382521789514,0.03332969137607649,0.6193772446445425,0.16611060846311596,0.019904761721777443,-0.37426526753401484,0.05405354753630138,-0.2075749712994008
0.3381647000657827,0.9765002533139437,0.07037103995569496,0.19124693420876618,-0.9811856480335368,-0.007764758267321047,0.02527929543729885,0.5897403438656916,-0.15861536178430058,-0.12418170988717542,-0.3926463396718466,0.12450851199419768,0.033109109162169484,0.6193808649879627,0.16608771092504063,0.020158284678982,-0.3743666525985876,0.05412967855458196,-0.20751825260650258
0.33820547712256466,0.9764917588945085,0.07037103472152831,0.1911922664472433,-0.9811948332783949,-0.0077879067832854355,0.025329131577774743,0.5900673988030934,-0.1586146519471469,-0.12367598534295769,-0.39355505253743805,0.12461050148503362,0.03330453352006569,0.6193142032600232,0.1661637203816071,0.020171904506224064,-0.37436217766406255,0.05385541024671614,-0.2077955774430579
0.3383644635215225,0.9765034536725807,0.07039356520273947,0.1911353924764122,-0.9812085234620815,-0.007671785464191181,0.025263391222104102,0.5899702624094763,-0.15885176029905138,-0.12367833520231496,-0.3931950470094158,0.12450493059962701,0.03346518330686755,0.6194889068426246,0.16588580678361936,0.02018178167177565,-0.374607170310383,0.05367664500001329,-0.20786518277374344
0.33828136460093644,0.9764644961878833,0.0703520995243937,0.19115022538058296,-0.9812033134406105,-0.00771723507981155,0.025339560233798384,0.5900927873922994,-0.15874365363151385,-0.1238016765373112,-0.39369416323116174,0.12483323567589892,0.033169945079254505,0.6193992805862263,0.16599544344394668,0.019958062375135616,-0.37456313581134193,0.05404214793742949,-0.20782598925988058
0.3383098108591207,0.9764599669129417,0.07032658245789215,0.19110263811243575,-0.9812113933137537,-0.007863586516090221,0.025340626370578868,0.5897827390205317,-0.15842692916148465,-0.12380048738893516,-0.3932025346878597,0.1247806272095908,0.033139351815907,0.6193800753107973,0.16633453016423252,0.01981794252098332,-0.37456929893401614,0.05423728354828039,-0.2079259317445344
0.3384270893573625,0.9764958154163615,0.07041021767966756,0.19101254998496733,-0.9812306261558995,-0.007748594044592961,0.025310537968878426,0.5899019058535786,-0.15873762042177503,-0.12401159012441067,-0.3935112196375341,0.12457589796499903,0.03301398328654695,0.6193676972303607,0.16597817935881287,0.019778117238471584,-0.37476449845689563,0.054199199298853945,-0.20776914849944722
0.3384642170618451,0.9764907983426007,0.07037730894924202,0.19097189965593125,-0.9812363285509934,-0.007715782488085267,0.025406057824234326,0.5899401811304127,-0.15882418543830085,-0.12404467865229334,-0.39367033917539335,0.12443974497467238,0.03275387365322373,0.6194539702798637,0.16590167641099593,0.01987202704679018,-0.3749412899768109,0.05385782827308809,-0.20763846905211075
0.33840940489960497,0.9764734804741071,0.07031704411620787,0.19105494985659038,-0.9812175318480331,-0.00782662819742709,0.025473618125603094,0.5898711554744064,-0.15856479019428454,-0.12393160854525631,-0.3934160968779334,0.12452468433546976,0.03280188576581796,0.6195772331930608,0.16615057593312332,0.019717968662767937,-0.37485169797031126,0.054093801559859385,-0.20756887173978872
0.3384916912278149,0.9764731765593951,0.07038263430359537,0.19090474568509502,-0.9812459777295337,-0.007757021590904986,0.0255252400685813,0.5899884340005993,-0.15878818755311866,-0.1238400505807395,-0.39418914747286826,0.12462812386817589,0.03275144142105974,0.6195283468900916,0.16590888225981196,0.01971976896489236,-0.37517246784716896,0.053965865187799764,-0.20747124668248218
0.33843724065766134,0.9764665872513396,0.07037209203699998,0.19099200088051982,-0.9812287089636303,-0.007814210918433685,0.025518903051367354,0.5899426316276286,-0.15862633278178018,-0.12393871488514094,-0.39380076817061077,0.12473248632139586,0.032652535332273386,0.6196245139971496,0.1660450507828579,0.019665052390918803,-0.3751144061152795,0.05405480143526889,-0.20751855939813407
0.3385540120262245,0.9764758637136388,0.07038190432169619,0.1909499334558113,-0.981236365890766,-0.007843414018494406,0.025530335353036542,0.5897509596861601,-0.15865370126071957,-0.12437769137489822,-0.39349946162906874,0.12480729249634248,0.03285498558699406,0.619738677449268,0.16605778931216997,0.01959157362846642,-0.375249298024503,0.05399830015153406,-0.20755604306713993
0.338541569125166,0.97649242729816,0.070385164658815,0.19093072289173102,-0.9812389962316868,-0.007827372019535652,0.025577794618389858,0.5898118079806407,-0.1586695684944284,-0.12421386793640775,-0.39358754127567075,0.12451811983691384,0.03273123046759823,0.61966517610543,0.1659915820680466,0.019425247568053205,-0.37517728285377483,0.0538844310684082,-0.20762122422536505
0.33848873175475674,0.9764842845224264,0.07035871773225597,0.1909992270912271,-0.9812248012583062,-0.007810443151462111,0.025616042315881105,0.5899285505630701,-0.15869252523241795,-0.1242520256943492,-0.3936547853279643,0.12445071944236548,0.03265273492926672,0.6197464740958597,0.16594145008318323,0.01934513761466803,-0.37510149006210186,0.053925176515202275,-0.20742551964074707
0.33849234429241953,0.9764961520648229,0.07035137563751508,0.19109521252485615,-0.9812070725199944,-0.007738219762044081,0.025601182428490098,0.5900725132867949,-0.15883551872197169,-0.12429494837532042,-0.3935377949216821,0.12453347648623687,0.03263619076084547,0.6198544255777677,0.16580948420948824,0.019476022220440575,-0.37488908097914775,0.0534252180903789,-0.20748355474375388
0.3384826691487389,0.9764801816262405,0.0703407795900516,0.1910900985441493,-0.9812065332761594,-0.007748230328090765,0.025656933202378357,0.5899858842177279,-0.15883156005087976,-0.12439638358324451,-0.3934462086778747,0.12463387585942336,0.03260197989280361,0.6198134992040945,0.16582740520406783,0.019596229509082554,-0.37474951015613217,0.053417249385687426,-0.20756153395226942
0.338536401370449,0.9764911792591405,0.07036570790336329,0.19104421597186513,-0.9812170332868815,-0.007736152499779947,0.025600646005252796,0.590082647197765,-0.1588920300579109,-0.12468815875922798,-0.39370254410198996,0.12467151641011978,0.03244229485287486,0.6196662905251049,0.16578656318504575,0.01956846983474485,-0.3746556081982794,0.05366337979097336,-0.20742770772916555
0.3385729230383447,0.9765014771586515,0.07032225442946449,0.19108444042809647,-0.9812073082051159,-0.007852693234608828,0.025637670723277144,0.589996708019443,-0.15860884562986136,-0.12426624877890323,-0.3932796731645308,0.12437113634392843,0.032539502449945114,0.6198608249017892,0.16604986522708828,0.019357946176468636,-0.3746872830552913,0.05358917449426098,-0.20735656044695921
0.338496173132318,0.9765018992234238,0.07030507070993888,0.19120143308580198,-0.9811851942756605,-0.007887852453597759,0.025600943416994634,0.5898899709829795,-0.15849066350313065,-0.12452335259621536,-0.3927463956077846,0.12434562254733003,0.03271013209180267,0.6199324289736556,0.1661454330591411,0.019431146910023046,-0.3744528226731983,0.05348032607395287,-0.20733411339065277
0.3384664994510648,0.9764907906222385,0.07026514882186284,0.19123659246176464,-0.9811781010281275,-0.007907998859419195,0.025603970795363754,0.5901202417641646,-0.15840875851793357,-0.12427151877421491,-0.3931033019371189,0.1242480678763687,0.03278626228617683,0.6199455342622923,0.1662338679283377,0.01947304518737824,-0.37437693980629344,0.05340699191011321,-0.20733590680667585
0.3384627313106334,0.9764863811560268,0.07030060919741245,0.191138954313187,-0.9811966265067834,-0.007844509465243437,0.02564261973782615,0.5902559551813766,-0.15862551832114008,-0.12436921271688531,-0.39383125945871894,0.12440433858960734,0.03241771124248479,0.6196655450352823,0.16606011094259918,0.01945025392031395,-0.3742437036770334,0.0534445542974466,-0.2074554832765704
0.3385250263816386,0.9765094411204059,0.0703028780994853,0.19117029254254722,-0.9811917835507707,-0.007780314096826329,0.025613860587752623,0.5901716155172253,-0.15872797069162137,-0.12428927570807141,-0.3933059263963805,0.12412756495985786,0.03241560640534432,0.61983662693073,0.16593094317492454,0.019577369487900544,-0.37432354191648926,0.05313171265160515,-0.20752222373516638
0.3385205370147562,0.976503612045638,0.07031785082323337,0.1912034819631201,-0.981186236938708,-0.007740609937148462,0.025590621036570775,0.5901966578841792,-0.1588303267420339,-0.12447991127776999,-0.3932590989408016,0.12415163975875489,0.03258449199629371,0.6198484076865343,0.16582860560419094,0.019498065439511728,-0.37424424103244225,0.053247876610688506,-0.20736510403329558
0.33853812883343604,0.9765016609682804,0.07030552126674626,0.19116662841766044,-0.9811929748216279,-0.007704609546962884,0.025618456859014958,0.5904086284927438,-0.1589237741323324,-0.12417436333790428,-0.39373429552800054,0.12423977051782095,0.03243109322186906,0.6198373792062333,0.16573612950080244,0.019557089360007992,-0.37440295407192953,0.05339072836412581,-0.20735357938274954
0.33851548012500254,0.9764869770371825,0.07029344340850256,0.19119902808803813,-0.9811882821337484,-0.007680860096820124,0.025563471004273967,0.5903717411414923,-0.1589279800575616,-0.12424801187017481,-0.3936071630760936,0.12443352150942676,0.0324396487793805,0.6198546837148015,0.1657561964151677,0.01938622762891903,-0.3744299299773784,0.0535214384466475,-0.20729640792921808
0.3384885080231097,0.9764976318482852,0.07031153471632128,0.19122051666179865,-0.9811845437183078,-0.007720890590266958,0.025534154076141725,0.5902418253677063,-0.1588024497125975,-0.12409825858580789,-0.3933013822217567,0.12432692383181612,0.03256795357108864,0.6198665736861102,0.1658167092671579,0.019194112035054278,-0.3744173964926306,0.05356994148053253,-0.2073181295698838
0.33848449481172843,0.9765104845735608,0.0703186244736441,0.1912142141771872,-0.9811844258100839,-0.007696806928959468,0.0255930851488218,0.5904470255944365,-0.15893614417393132,-0.12403009568262688,-0.39377325906886324,0.12422424393231958,0.03272027808897587,0.6199326919572776,0.1657164359022211,0.019384866581480125,-0.37452469230049973,0.053324143247326726,-0.20732065459492993
0.3383845912787594,0.9764931762855428,0.07028496096106758,0.1913505484977874,-0.9811593621039606,-0.007727976447847685,0.02552551910082462,0.5904660866159595,-0.15880133939109553,-0.12450054777514036,-0.39346735780481257,0.12438148204731504,0.032571478010432975,0.6199758175095014,0.16587028611661345,0.019406807506308403,-0.37424451654506924,0.0533823547353833,-0.20739512821801698
0.3384639818240988,0.9765119553127339,0.07033041841542917,0.19132950675189006,-0.9811640777147431,-0.007733623420799645,0.025500265038648946,0.5904680601330038,-0.15881305084444258,-0.12446349472902685,-0.3933980638956178,0.12452981029739589,0.032515342468882574,0.6200674278466054,0.16583527138534312,0.019467687020341115,-0.3743975052511272,0.05343029484417316,-0.20739321994250126
0.33835848996390605,0.9764828215621528,0.07026685454632929,0.1915039067544599,-0.9811284535763122,-0.00795450908928094,0.02549386329848628,0.5900502361353829,-0.1582702211174929,-0.12475965441739259,-0.3919792322235896,0.12441633671485075,0.032825310606033054,0.6202799311039624,0.16638896083592097,0.019619849633764543,-0.37417896292602937,0.05348318725794731,-0.20751413690359
0.3384091652316073,0.9764985890814744,0.07032262457695969,0.19136828219289642,-0.9811544414850252,-0.0078719900765092,0.02553770343988621,0.5903309419158301,-0.15850489764927647,-0.12448191987343893,-0.39305174282511635,0.12434667853100395,0.0328459298916575,0.6201355323613101,0.16611244968515845,0.01936235050467873,-0.37440329956514623,0.05363018344132414,-0.20747470152030487
0.33839131533600797,0.9764910707876797,0.0703152949396804,0.19139761027048452,-0.98114989797869,-0.007835468348144256,0.025503684340094156,0.5904090183824369,-0.15855770620450407,-0.12465798089127524,-0.3931393465420139,0.12442899666883205,0.03268202629240954,0.6201482385684881,0.16606465357694747,0.019263813256352638,-0.37438864311755615,0.05376887426931187,-0.20748989968310527
0.33838712768484847,0.9765234733729721,0.0703212077782873,0.19150527391097366,-0.9811274847471056,-0.00792063222441145,0.025531398772227678,0.5902139766878448,-0.15841399324418945,-0.12471529546738797,-0.39234447276960877,0.12421520509235394,0.03290984062206494,0.6203683378965064,0.1662027234145569,0.019396493793954615,-0.37431599772017526,0.053485250729898966,-0.20739981922297226
0.3383620635144767,0.9765029188991281,0.07033308862585505,0.1914940341235292,-0.9811305013079418,-0.007944847153566973,0.0254922282672571,0.590416755277531,-0.15832189503371744,-0.12460887833079227,-0.39272147304901767,0.12417403697667007,0.032838701274936884,0.6202335937287314,0.16626976718472128,0.019435650969114957,-0.3741124309685789,0.05393728543869066,-0.20756139703326792
0.3383031951819342,0.976497785045768,0.07031962731716926,0.19149786556811768,-0.98113043495297,-0.007916116471234353,0.025474932617472017,0.5903521646667961,-0.15837180010625787,-0.1246769734530486,-0.39268113033851587,0.1242229168564204,0.032697961629838346,0.620053121169389,0.16625808400288247,0.01943063795313508,-0.37399253536530613,0.05389745648563411,-0.20766453045132735
0.3382623309868016,0.9764990924654167,0.07031861142394855,0.19153148890732757,-0.9811214807286731,-0.00789050140182807,0.025574768764272206,0.5902968033216462,-0.15847692818268208,-0.12464992516345375,-0.39268207708489405,0.12444427329385932,0.032745156177562865,0.6201273826680327,0.16615495713598658,0.01941757701122116,-0.3739527323357249,0.05369489087911748,-0.2076307530035108
0.33811532723697474,0.9764874345941668,0.07022437133481227,0.19173181567662137,-0.9810808885776746,-0.007983433237405822,0.02560206473568625,0.5899028950132378,-0.1581943915618514,-0.1251136376652505,-0.39134027520473663,0.12437633817176398,0.033006046482794205,0.6204097546783325,0.16644572489587,0.019566781929274444,-0.3738695573584874,0.053458051497838395,-0.2078222378882028
0.33818769788653924,0.9765275026763617,0.07031994990110325,0.19164387244886172,-0.9810983073631644,-0.007815230169220299,0.025644875108692594,0.5902862318763621,-0.158667080046877,-0.12510704254624108,-0.3922419016078499,0.12422067833718439,0.032820128578358546,0.6202762370193261,0.1659459701027354,0.01974695655916487,-0.3739086394869192,0.053398948013210976,-0.20774224673690536
0.33809741008006144,0.9764979435045323,0.07024390823056179,0.19172198487785608,-0.9810806756361911,-0.007896805724777545,0.025710481657779293,0.5902634939211965,-0.15844419363432863,-0.12452935011041118,-0.3922016647962742,0.12446636416770605,0.03315024566184689,0.6203315070712443,0.16623798789878638,0.0196707390966597,-0.3737856335628861,0.05286500847487868,-0.20822297794594966
0.3380529683621651,0.9764757307828735,0.07025986925152489,0.1917067097487883,-0.9810853983949132,-0.007824462968259014,0.025666247736015984,0.5903945187730627,-0.1585927103226895,-0.12459040553753851,-0.39259921597421577,0.12463038930727016,0.033106938320537994,0.6201602812448345,0.16613522372642908,0.01988082224338978,-0.3736612607454175,0.05275672578494993,-0.20855540008033074
0.337957971375937,0.9764911341443591,0.07026500074717273,0.1918210960431634,-0.9810645192399363,-0.007779791542686757,0.0256232520353,0.5903557948273362,-0.15872092431472176,-0.1249697647914937,-0.3922364193256114,0.12464498594487862,0.03306795930440441,0.6202323177164447,0.1659887821208305,0.01971848940488436,-0.3735713493335367,0.053251732354326065,-0.20845103976403417
0.3380079133903933,0.9764958525508846,0.07028700385664415,0.19177830533252857,-0.9810734645298311,-0.007690373139403527,0.025628050261270744,0.5904965787678583,-0.15888752531056385,-0.12489849083393087,-0.39258617694331965,0.12466453227783546,0.03282471869049762,0.6202056841242745,0.16575937285290618,0.019716233305596177,-0.37365510951995085,0.053331923185397985,-0.20823496111469303
0.3379605691202348,0.9765217505717382,0.07025238740220795,0.19194705764607656,-0.9810375218766769,-0.007869412868615328,0.025686184461410574,0.5900492678526484,-0.15854341856648327,-0.12523209376759947,-0.3910223972403542,0.12419595519009019,0.03320662646803203,0.6204796083783802,0.1661340756365339,0.019654204552554008,-0.3733790506769534,0.05313574219432989,-0.2084109126335945
0.3379113301565526,0.9765129039944311,0.07025990461653144,0.19195799270916059,-0.9810353657576533,-0.007935946593019137,0.025666338256365762,0.5900004917912114,-0.15839981356197358,-0.1252117541010323,-0.3910863455350195,0.12421286313786262,0.033216544975682175,0.620480851506874,0.16627161331354792,0.01930729737595248,-0.37349348868317755,0.05328853535473319,-0.20832127414645288
0.337858937699148,0.9765151927629595,0.07031547364016646,0.19189109951718292,-0.9810482930234745,-0.007806917487395736,0.025711956774203425,0.5901191043365447,-0.1587514416750279,-0.12513422455401646,-0.3917120062169768,0.1243860201710171,0.033362742001402663,0.6202790515630597,0.16589727805029525,0.019311380932926184,-0.3735043230553552,0.05332897991713822,-0.20821963146791755
0.337714851793782,0.9764706294258889,0.07025457114828973,0.19193289041982536,-0.9810386178040861,-0.007873571084790898,0.02574884134310475,0.5901002207415948,-0.15856890426256334,-0.1246517571612718,-0.3918849988124501,0.12469743647417104,0.033417134941123985,0.6201677978072027,0.16612980920738973,0.019250860446344508,-0.37339194322742714,0.05360080779878997,-0.20843187222224324
0.33779883064317157,0.9764877006544391,0.07031208351749603,0.19186517255216956,-0.9810546249148304,-0.007718304891786125,0.025690587076686727,0.5904939893441518,-0.15894776956603546,-0.12445361744018679,-0.39270840155540554,0.1245008360192882,0.033297674084109864,0.620064902506388,0.16575452209310856,0.019374968615942678,-0.3734189066154898,0.05392485600100328,-0.20820310210857654
0.3377480798219876,0.9765109061685878,0.07028386648263579,0.19200158758216182,-0.9810269952013081,-0.007730845623306644,0.025722734655758916,0.5903552907917683,-0.15890635457124247,-0.12456429998404756,-0.39196142037519177,0.12437898552639613,0.03353088536848772,0.6203722469945143,0.16577960977964531,0.019568951001971837,-0.3735135942111378,0.05335601307826093,-0.20812051239200755
0.33771527952143715,0.9765176285287399,0.07031771884026686,0.19207562870146105,-0.9810136208191714,-0.007788600825793624,0.02566254709442905,0.5902292246017152,-0.15877110739368394,-0.12468187453307134,-0.3913957596988335,0.12420080796157336,0.03365560418061545,0.6204256499178841,0.16588289095588032,0.019581519402613427,-0.37343116349122113,0.053671894538852086,-0.20802301629653053
0.3376363390114725,0.9764804416583934,0.07034565326322202,0.19206821618228373,-0.9810153890751245,-0.007814604480806035,0.025642517176481607,0.5903740071657116,-0.1587540876025837,-0.12484365155167425,-0.39194247344272304,0.12436372471760732,0.033539020681476184,0.620231989023352,0.16595716937668317,0.019765496433457517,-0.37322093380005217,0.05433170224760368,-0.20830537144839764
0.337453918373086,0.9764740058528424,0.07025982483833447,0.19216417687802304,-0.9809953214152856,-0.007751779741145026,0.025710278041223708,0.5905874972339457,-0.1587818569700449,-0.12473947699888856,-0.3922948445852849,0.12451553249968204,0.033118549769299704,0.6202808478440553,0.1658902584273749,0.01960248951185974,-0.37329508234232417,0.054119355607241876,-0.20815928106154216
0.33756970601995123,0.9765438084084723,0.0703077951059533,0.19220875033164134,-0.9809870865795931,-0.00771194287297013,0.02570327210988721,0.5905032909849786,-0.15893411656354292,-0.12455356773282365,-0.391747678678168,0.12431438046051692,0.033454445214858866,0.6206486925440685,0.1657113929542028,0.01980836282690479,-0.37351205920889796,0.053157594435266894,-0.20808899324383884
0.33750477346209756,0.976544505830025,0.07029950803230188,0.192288186880236,-0.980972130204314,-0.007716219509044932,0.02567864687264846,0.5905220340255212,-0.15888044665338413,-0.12477226065302316,-0.39152141556421205,0.12425189255438039,0.03333101055133583,0.620641960361949,0.1657631435135522,0.019692824041201866,-0.3732894977882367,0.05299540671016262,-0.20816119418134274
0.33730041497195773,0.9764713444048,0.07021044556555776,0.19238708039848956,-0.9809528408520006,-0.007838175091978459,0.025637830082947843,0.5904463627055326,-0.15850588240276367,-0.12489887398621195,-0.39148720031260736,0.12474436394008342,0.03340332326370435,0.6204357230106508,0.16616641574632515,0.019480822784380236,-0.37299009456803783,0.05374547135551016,-0.20843177198128218
0.33736213201577964,0.9765370486790165,0.07026167424298488,0.192417116983844,-0.9809472431227304,-0.0078397780776152,0.025626103512515482,0.5905966839622958,-0.15852219898486172,-0.12474955079448857,-0.3913351742372382,0.12422290917978926,0.03350285160322902,0.6206991208702656,0.1660810686108998,0.01982291233318204,-0.37316263775482716,0.05336098749324362,-0.20834177329590028
0.3373093790396745,0.9765303495578017,0.07029891060665203,0.19238169207363395,-0.9809553944487368,-0.007749326327442337,0.025607549634426192,0.5908418078214144,-0.15872687395553883,-0.1247887761862743,-0.39215525428022846,0.12447734996891056,0.033288044232933495,0.6204050025720975,0.1658887812237195,0.019888872652892426,-0.3729430509769425,0.053407975325624614,-0.20825370334354898
0.337289305600079,0.9765105839121073,0.07028392346669438,0.19241131353183896,-0.9809495184715566,-0.007850399268146771,0.02557928589120536,0.590531626142144,-0.15848992166279052,-0.12480033351209795,-0.39149760747493684,0.12468561890606782,0.03332991125276387,0.6204468605890058,0.16612168922687437,0.019622805217325765,-0.3729467350462934,0.053605521591408196,-0.2082564996808037
0.33710559045519173,0.9764891916392611,0.07024615623669281,0.1924268480342692,-0.9809460126773023,-0.00782455375092962,0.02560477937215841,0.5906228531943885,-0.15851689680252584,-0.12502001575288035,-0.392073596613997,0.1249245459011508,0.03296999502372383,0.6202007884222401,0.16611185334237388,0.01941735740705146,-0.3728376113965383,0.0540592878301509,-0.20826736752096123
0.33712398643192765,0.9765229549972558,0.0702800226845388,0.19252924304349908,-0.9809268358005265,-0.007764620437189992,0.02558796687762711,0.5908540521194073,-0.15863683356065914,-0.12471952676870683,-0.39188175560831706,0.12458183181176243,0.0329924576400964,0.6204217193219679,0.165911423038177,0.019623211231593243,-0.37282352786860035,0.05381811064026726,-0.2082060496261241
0.3369217104990344,0.9765007787879734,0.0702068029115202,0.19271110006862457,-0.9808899233971421,-0.007788497286715192,0.02562673210349059,0.5909511571252094,-0.15851087083454052,-0.12469737619837179,-0.39177452645773514,0.12478852992660912,0.03288050948004834,0.6205603472016196,0.16601708256875147,0.01968311769681168,-0.37266269913076017,0.05368720095323816,-0.20821826194230272
0.3368304810079867,0.9764690583681055,0.07020860260194717,0.19278738181186028,-0.9808757235427886,-0.007838012719862222,0.025581359133988343,0.5909707890522531,-0.1583801998683177,-0.12496322326629823,-0.39176303945051527,0.12517820649559827,0.03246425675483643,0.6205286324043242,0.16616943832709916,0.019610273858091613,-0.372533546983883,0.05398297202611134,-0.20821767903928573
0.3368111505404637,0.9765007456476725,0.0701561105906359,0.1928242886990721,-0.9808647779259645,-0.007971155471351856,0.025681545755592835,0.5906109363144292,-0.15808529522050566,-0.12500697715218692,-0.39085710054885464,0.12477226356331556,0.032751954636722626,0.62071081497521,0.16643482003868998,0.019814271090245226,-0.37246134791501334,0.05390691226528071,-0.20840330214905164
0.3366205720852581,0.9764959465653885,0.07017437487254573,0.19299087849971708,-0.9808345044829485,-0.007834357562079473,0.02562846997355702,0.5909418937866707,-0.15834809521487692,-0.12492506357557834,-0.39120912980353706,0.12490920556485334,0.03268098412834154,0.6206362531842298,0.16618124914405838,0.019817090489269776,-0.37233157614644163,0.053993066894237246,-0.20850326592167306
0.3366203315326666,0.9764650939345468,0.07016125114748549,0.19300306864685024,-0.9808337268957534,-0.00784784630373605,0.025562217921739766,0.5908086491261826,-0.15831418118497312,-0.12539074638610476,-0.39091597912407194,0.12510328753067998,0.032634255980125905,0.6206226908663767,0.16627289917431298,0.01969603744559427,-0.3723184807490875,0.0541203780952057,-0.208505847192865
0.33653502896505344,0.9764847847826391,0.07015020366552246,0.1931166577002131,-0.9808102744238969,-0.007975116260865438,0.02556481222001574,0.5907647570250176,-0.1579944482269023,-0.12496312498240209,-0.3904674756180036,0.12491686358144573,0.032798276110407865,0.6207449798711879,0.1665456650004204,0.019834532153743947,-0.37210905752313167,0.05460553248305654,-0.208742676393721
0.3364849323887407,0.9764691652523382,0.07017882723874988,0.19309545145112972,-0.9808167638710038,-0.007948562288895105,0.025484165594257084,0.5907655806599037,-0.15807169976434376,-0.1253217085216936,-0.39074096419057236,0.12514965551407836,0.03287192134251032,0.6206715784118451,0.16650852383720857,0.01969484095538183,-0.37233118855997177,0.05433793393511299,-0.2086832034630177
0.3364152762758536,0.9764663031407023,0.07016749615279809,0.19313291609182953,-0.9808088547325546,-0.007943236042396641,0.02550631688926469,0.5909446686958493,-0.1580691483474827,-0.1251212739521696,-0.3910289190278118,0.12526885311359653,0.03269408365492717,0.6206494811959364,0.1664984438833861,0.01966854125157625,-0.372274566387048,0.05455941121166644,-0.20849555089763452
0.3363436999906311,0.9764599530717013,0.07013746863281017,0.19322789070981242,-0.9807905384206396,-0.00806170758578507,0.025454093328773613,0.590749530256722,-0.15776174576120136,-0.12531663278129693,-0.3904345215891317,0.12524621102656913,0.03259970834697536,0.6207502872539478,0.16682217036499605,0.019848305633444696,-0.3722660733543348,0.05462691442616369,-0.20841459890940073
0.33634794566699006,0.9764741887767135,0.07016077908845346,0.1931845800397066,-0.9807995264809475,-0.007952364096308655,0.025470900944238182,0.5909170713309917,-0.15799526710891862,-0.12516037839788027,-0.3908755836556597,0.12523930397904115,0.03236937179623938,0.6207391842009956,0.16654325970700337,0.0196567222578318,-0.3724165502700772,0.05444025848074375,-0.20840322440353076
0.3362570039831457,0.9764389397893094,0.07016951292728262,0.19316134495725676,-0.9808039120621297,-0.008053614505053548,0.025446418045173794,0.5908851816064727,-0.1577827996326714,-0.12508147029960853,-0.3911361554616343,0.12549572449996604,0.032283419540015866,0.6205324599945938,0.1667983094082117,0.01992283866257902,-0.3722535959589278,0.055204044716492096,-0.2087981025039208
0.33621463784763433,0.9764556292156228,0.07016768530353912,0.19321081756231354,-0.9807952220183068,-0.007971355560014022,0.025431671858105742,0.5909149092114367,-0.15794519920458558,-0.1252017207373881,-0.39111678590999316,0.12544742963053787,0.032302054728663175,0.6206419152959919,0.16661210012231178,0.019933966706584122,-0.37252230150016624,0.05494233506389501,-0.20845246605074122
0.33622639366504736,0.9764754615803026,0.07015030716382441,0.19327385174179307,-0.9807824379792793,-0.008004332535788507,0.02543537389088436,0.5908336362300692,-0.15786876605606714,-0.12516869718602863,-0.3905584618371695,0.1251964689421633,0.032519189199586795,0.6209087882519343,0.16669685595111444,0.01995425361138158,-0.3725714370988183,0.05428943516208696,-0.2085794986060853
0.336162639591159,0.9764502745971139,0.07016738412694039,0.1932059269265579,-0.9807961875158862,-0.007932853424218721,0.0254436277150505,0.5909187565344279,-0.15803382982125339,-0.1249910345124189,-0.3912020771402858,0.12533259304584388,0.03244988581663482,0.6206497490793649,0.16652635393793347,0.01990833649084588,-0.37261635141501315,0.05473432942876493,-0.2084811579254164
0.3360833618336377,0.9764547645793745,0.070137467981194,0.193293859727634,-0.980777081457952,-0.008055602142080492,0.02547366390106186,0.5905527392050333,-0.15775248375153847,-0.1251452572606014,-0.3903414728528547,0.12548194921919234,0.03252966510542484,0.6207357918972544,0.1667986104716421,0.01961783774148518,-0.37251052277755026,0.05480781796201249,-0.2084278811287893
0.33607590122395026,0.976471295135499,0.07012142237906276,0.19329992205132246,-0.9807739860269946,-0.008107912233675256,0.025530182664530027,0.5903929651939342,-0.15767609692708498,-0.1254253922337614,-0.3901410434460332,0.1254720934747003,0.03283011865973652,0.6208457517718967,0.16689092059466226,0.019823712341174783,-0.37262220257251655,0.054672701589660616,-0.20838667681030654
0.33598980851819804,0.9764693453815274,0.07014027228111955,0.19330266213615313,-0.9807728504475214,-0.008154351807754376,0.02553826898432059,0.5903265416188829,-0.15757871353650751,-0.1253467535744862,-0.39015293453248073,0.12548489272948954,0.03284640746173036,0.6207180804585876,0.16695706648248912,0.0196289733639047,-0.3725262323258792,0.054774388917112116,-0.20824447194247672
0.335936705020166,0.9764558130140011,0.07014990698050874,0.193337144350199,-0.9807679753466139,-0.008033363790322746,0.025502788381402124,0.5906683999357059,-0.1578498264870613,-0.12536334593834672,-0.390822544944198,0.12576663338096397,0.032777296519294695,0.6207136215097363,0.1667242951238718,0.0201117343428429,-0.372427664605647,0.05473169302023445,-0.20840628823979435
0.33591442237453567,0.9764683343719166,0.07013860053178948,0.19346286418531763,-0.9807412707452855,-0.008188790980945942,0.02552692187488206,0.5903814212837025,-0.15758357312972424,-0.125408412371518,-0.3899291027070728,0.12574320944202383,0.03332568734681345,0.6209405784429634,0.16703249365222803,0.019693708618104516,-0.3724455468826436,0.05481974938306743,-0.2083477828934974
0.33584911763528597,0.9764661366133107,0.07012334695621268,0.19347341906115395,-0.9807383056258874,-0.008182574988797825,0.02556281403530147,0.5903248978301696,-0.15756171947150563,-0.1257742704630902,-0.38980995257463996,0.12579567919929502,0.03332855488679806,0.6209133227442158,0.16702612584311796,0.019718489428449545,-0.37244466532163656,0.054608691768691625,-0.20850904666939024
0.3357797109539787,0.976462669576509,0.07011649007306234,0.19354519896911007,-0.9807231282956924,-0.008211442772114056,0.02559245571489113,0.590433000965422,-0.15749447506302164,-0.12565524219620178,-0.3898797748947024,0.12563012058048825,0.03339406491787499,0.6209242814125832,0.16707422789610393,0.019628812658640356,-0.3722648355856798,0.05473436327952,-0.20837206377894768
0.33576225430981393,0.9764870746263563,0.07009206111963216,0.19364129362999763,-0.9807043014936263,-0.008128206910708015,0.02561356448478042,0.5906049305166056,-0.1576504421870942,-0.12571717882857242,-0.38980538560035427,0.12550358920306787,0.03339293032773483,0.6210503784540966,0.16691186096461488,0.01972361436799676,-0.3720789710426543,0.05426640675769639,-0.20854724582135217
0.33568278985278577,0.9764760983298794,0.07012389719476514,0.19369504036978305,-0.9806930716987052,-0.008165342250104903,0.025625332080671706,0.5905757904975183,-0.15761624195356663,-0.12609201107660697,-0.3897658069649483,0.12562236406449825,0.033321477977869475,0.6210032776201522,0.16694266474054378,0.01975737731110653,-0.3719635187560717,0.05453663130660698,-0.2086061420303983
0.3356556066852221,0.9764891417098855,0.0700934140608224,0.19375562220326192,-0.9806808121741057,-0.008161288180024928,0.025637801649240614,0.5906336895011532,-0.15759097559986213,-0.12598578381407943,-0.38965567405842777,0.12566374126323784,0.03317505479054796,0.6210816947859754,0.1669737824097894,0.01952816808650853,-0.37191522060681564,0.054408974398046206,-0.2087014928770308
0.3355796528316961,0.9764566567859265,0.07013098449619248,0.19373361006119258,-0.9806859435138685,-0.008085549901636374,0.025631863173780866,0.5908101982210172,-0.15777581881371627,-0.12577563340048778,-0.3903086570909669,0.125863102382611,0.03297342054660267,0.6208001754735002,0.16678042243513735,0.0196662927776895,-0.3716665298514574,0.05469479478220961,-0.20863477202206873
0.3356093377897223,0.9765094045219083,0.07008350929049831,0.19376380413959438,-0.980679587547583,-0.008166837185724377,0.025621037122591905,0.5906498412683598,-0.15753031671659934,-0.1254860632342234,-0.389685682125594,0.12544392789483144,0.03311445107070948,0.6209918909002345,0.16699419731858198,0.01965975569177341,-0.3717787582615195,0.0543786728996037,-0.2087159552919387
0.33554164977250955,0.9764633832343196,0.07010913705759429,0.19373372300799854,-0.9806864973996599,-0.008155666790351344,0.025587565078607523,0.5907680026508317,-0.15756946240744057,-0.1256705534429707,-0.39028227194577503,0.1257809423151963,0.03297253124650259,0.620738248730551,0.16700235930616902,0.0198443410587954,-0.37161748795369054,0.055212720352953194,-0.20900974470890477
0.33553887420214173,0.9765086978380578,0.07007358361555703,0.19379377683039725,-0.9806730490872321,-0.008225223835868576,0.0256259350777962,0.590627564868168,-0.15739845550565887,-0.12572091703063842,-0.3897420288927721,0.1254933494611865,0.03294051696890755,0.6209410338852046,0.16713748437012435,0.01974269304301627,-0.3717159330046942,0.054652921548263254,-0.2090031446617766
0.33544369003437435,0.9764878639695651,0.07007983542747286,0.19386697705266537,-0.9806604299124078,-0.008143116453184813,0.025581361709314843,0.5907553795165391,-0.1575639469370836,-0.12604870010649172,-0.38990770647680534,0.1256297009163741,0.03278657246104652,0.6210081323469617,0.16698847731406635,0.019653630951616607,-0.37179689574884645,0.054500777808232745,-0.20900633738067714
0.3354102963273634,0.9764715354777788,0.07006609788054928,0.19393717835429955,-0.9806465499733648,-0.008298057117698533,0.02553149281536275,0.590566072223355,-0.15722556782942076,-0.12575655934900565,-0.38921088060705683,0.12561295534114936,0.033150299142270565,0.6210947952217657,0.16735297263324778,0.019680573176443117,-0.37175520828155206,0.05482211299468602,-0.20880615126524385
0.33540931340017743,0.9764854269965418,0.07004500705263844,0.19391301362955488,-0.9806504741882067,-0.00829921386597682,0.025563913408481808,0.5906044432624343,-0.1571794321518021,-0.1258165738756408,-0.3894280175921275,0.12552194664081484,0.033193729267677996,0.6210744082854567,0.1674230262903129,0.019996887798875113,-0.3717970170331496,0.05430281224544662,-0.20900777727072836
0.3353804243957671,0.9765035106138645,0.07003228540347314,0.19394538605311826,-0.9806410325617962,-0.008314519742537874,0.025675304210308583,0.5905221654773005,-0.1571560599760496,-0.12606259263472055,-0.38922939922104755,0.12537835244051446,0.033024578089334795,0.6211632741835298,0.1673638553838901,0.019842844790183133,-0.3716173125498929,0.054331154391609376,-0.2092902972788634
0.33539931642342447,0.9765057737494394,0.07004214790053868,0.19395620977863326,-0.9806408367926034,-0.008334580035070132,0.025594387639644434,0.5906838928963873,-0.157074372669999,-0.12575501844545023,-0.3893080925357645,0.12524247610564015,0.03289198124251574,0.6211289697287227,0.1674309722832354,0.019665062744270795,-0.3716961784568225,0.0543695492160542,-0.20920702182774376
0.3353187946644213,0.9765037061159441,0.07003087179851109,0.1940580539797239,-0.9806198749277252,-0.008355062783204838,0.02561885064213007,0.5906436987978002,-0.15707369456432776,-0.12643758998754556,-0.3891451084253971,0.12541078291617713,0.032720325808189975,0.6211683743437598,0.167475251436168,0.019651156274542943,-0.3714506615703786,0.05427432141334293,-0.20924076933661492
0.3352686680356543,0.9764955451473134,0.07003163865373115,0.19407153553764328,-0.9806163859933292,-0.008354599201601245,0.025650405213636155,0.5907423865400374,-0.157070974351084,-0.12626124980932402,-0.38942962801876063,0.12554394164391625,0.03244599432341775,0.6210806146806518,0.1674468410573543,0.019490794921425733,-0.37133403621298133,0.05446504372205107,-0.20913908230515546
0.3352210074590023,0.976500147868495,0.06999820134657424,0.1941853456532985,-0.9805915359520678,-0.008508739534627744,0.025688372938065893,0.5903608239719493,-0.1568107373403212,-0.12696991324211884,-0.38838252266236756,0.12559389528927045,0.032805863333884105,0.6212776031773302,0.16775354464565195,0.019404141842138508,-0.37119805045068277,0.054442470982196844,-0.20916567705014807
0.3352212440142673,0.9765280950553253,0.07001615121156679,0.19414793810683906,-0.9805962047213914,-0.008459623030820707,0.025808839436177622,0.5906024086404332,-0.156896271450355,-0.12659848774562643,-0.38902453294737716,0.1253867280705461,0.03264496141484477,0.6212735653317022,0.16755023001550176,0.019348101657559045,-0.371213169312158,0.054300693428882635,-0.20924199476512556
0.33526451595275575,0.9765167678634404,0.07003535591792949,0.19409847050363807,-0.9806051415110857,-0.008428699008173666,0.025851445282642684,0.5903782434158262,-0.15707008111491774,-0.12651662177299516,-0.3888148082716305,0.12549049876499677,0.03303915959251373,0.6212097705410081,0.1674484132071199,0.01910179545376652,-0.3712406213361051,0.05434507009103841,-0.20937257219141814
0.33516255216867025,0.9765267041417152,0.06999169282391929,0.19422306862026334,-0.9805789769668364,-0.008534462197135453,0.025873393697128783,0.5902369985251493,-0.15681534907107963,-0.1270740931214378,-0.3881279610512191,0.1252264476600043,0.03312768723389218,0.6213947482306335,0.1676879179118576,0.019138666079449237,-0.37117965590397584,0.0541824725351576,-0.2095085910475318
0.3350903474555416,0.976527756241248,0.07003107490998418,0.19419077727735626,-0.9805841165514505,-0.008430720391621441,0.025954871240405995,0.5905601882558539,-0.15709576071028808,-0.1272555512068384,-0.38915282299190435,0.12540266401833278,0.03274767069291645,0.6212049803818206,0.16739470913646043,0.019086304352191035,-0.37108916860392493,0.05427169946185836,-0.20944709468340875
0.335125499413543,0.9765092063940244,0.0700564586621663,0.19414548314144908,-0.9805941503593845,-0.008423295540734775,0.0259170165907191,0.5905747822175935,-0.15713940244156122,-0.12723098066301497,-0.3893395867383097,0.12560766184794614,0.03252843093063179,0.6209966126505218,0.1673883437342539,0.019256525665454823,-0.3708100458498838,0.055045133818937095,-0.20969378444017672
0.3351135569004457,0.9765461832946238,0.07002542053236856,0.1942365119865149,-0.9805760952936278,-0.008406031826479136,0.025923683745698606,0.5903841344957121,-0.15711398333058904,-0.12731548247518448,-0.3885660991995652,0.12539556463666035,0.032435559659697306,0.6212038970439367,0.16736340394301852,0.019070048264213907,-0.370886223731913,0.05453873637006985,-0.2095931120760811
0.3350393389874693,0.9765319694577993,0.07002498916968887,0.1943198935772658,-0.9805569936960974,-0.008366514696781756,0.026033872274792164,0.5907201891668324,-0.15723975996400968,-0.12736531979855925,-0.38908283725973786,0.12545589631203896,0.03212741557078442,0.6213077975716232,0.16720068739359478,0.019030296099884256,-0.37076854419671657,0.05433602673372613,-0.20934215850597354
0.33505583993203536,0.9765387982949958,0.0699900780972684,0.19443205085338514,-0.9805315486196706,-0.00849937382907397,0.02611169100174954,0.5904645590077224,-0.15701697592505592,-0.12762293470172834,-0.3882063455585314,0.12541420170185352,0.03233898775945344,0.6216274692440702,0.16743182997318992,0.018835494060748807,-0.3707074975071202,0.054085815178797736,-0.20924806035870086
0.33498393294152196,0.9765583337572705,0.06997969262453603,0.1945421404453421,-0.9805086577299597,-0.008482562972166844,0.026156716784808468,0.5903269100606854,-0.15707930282595572,-0.1280034105856797,-0.38757449056032894,0.12515245004714837,0.032675061467197807,0.6217240851274441,0.1673499183600368,0.01892271841088959,-0.3706107556263247,0.05377825398705294,-0.2091921486938663
0.3349432178984495,0.9765444815330603,0.07001635479847292,0.1945251681824393,-0.9805115759198342,-0.008459088843869589,0.02618114296069723,0.5904581974776102,-0.15713888391642222,-0.127839836640026,-0.38808040678415134,0.12533486791888737,0.032614704678499314,0.6216180679001426,0.1672454932810623,0.018618716294843934,-0.37048895606949284,0.053821507760088816,-0.20919018117580493
0.3349871543586426,0.976573452049961,0.07000658239828311,0.19458704233184737,-0.9804970488736633,-0.008524905954965434,0.02624397235633083,0.5903597719384907,-0.1570306022749017,-0.1278567661368947,-0.3873793644144585,0.12485993831807145,0.03281651281803096,0.621824895919067,0.16734386091544395,0.01839856573600095,-0.3704189761655606,0.05357407195827451,-0.20928342546885645
0.33489676461786755,0.9765350603969195,0.07006434647251175,0.19457891364097205,-0.9804996133466779,-0.008476113878985921,0.026224227096801,0.5907765203685081,-0.15712970102223392,-0.12758194285220872,-0.3885368658587996,0.12516568961162733,0.0324578612507046,0.6214663114855008,0.16718996068597128,0.018482767566442022,-0.36997944235513897,0.054570745955732636,-0.20943385901574743
0.33486472518654614,0.9765151612593806,0.07001958364003212,0.19467336132712942,-0.9804811836443772,-0.008491631855773998,0.026207309998238996,0.5907639687004582,-0.15706698440235303,-0.1276996297892356,-0.3881813487135597,0.12534745748034729,0.0323326635172505,0.6215908638989233,0.16729547172008774,0.018498545364266053,-0.3699104586309594,0.05493695747088185,-0.20956701064059513
0.33494369140100255,0.9765662989010617,0.07004853431591453,0.1946796910115642,-0.9804756104624477,-0.008520688022315578,0.026358927739165944,0.5904449231465411,-0.15716209476000362,-0.12811561167721777,-0.3874825110218064,0.1250729668359115,0.032493203248431975,0.6218091566203471,0.16719289075818503,0.018288339561858623,-0.3700388150778138,0.05389996040322843,-0.20955197709046508
0.33484999289812,0.976537269513629,0.07004894372440414,0.19464931644816863,-0.9804820502700993,-0.008343868321098164,0.02640023798838861,0.5907649523257645,-0.15749477694729364,-0.12785443530675517,-0.38845536432684685,0.1252984195234962,0.0321985783700898,0.6215673331486526,0.16682473278383886,0.01832013732139893,-0.3699789322093079,0.053871944023352894,-0.20948724414507236
0.3348275836805115,0.9765317451720068,0.07004479079805162,0.19471269039379252,-0.9804682995231834,-0.00835896103988662,0.02643878968602517,0.5907534136085555,-0.15749472775035817,-0.12749235642550144,-0.38832286447652753,0.12557876869127116,0.03234968885932117,0.6216598334120291,0.1668311004065308,0.01857106609956507,-0.36972791234913477,0.054034724552510835,-0.20943427638720824
0.33482747651882155,0.9765467618756815,0.07006017369920638,0.19475598998946875,-0.9804591680584405,-0.008369435730754384,0.02645518245866658,0.5907366440788928,-0.1575131276806547,-0.12802229862990394,-0.38805596535426645,0.12544706503087272,0.03235340021703364,0.6217719931482438,0.16683010346145458,0.018312303103831015,-0.3698534850235001,0.05388181630799124,-0.2093232978523881
0.3348468922697421,0.9765461437541065,0.07002551294267906,0.19474866771563012,-0.980458416832022,-0.008473929295676594,0.026503618781666943,0.5904620416702892,-0.1572988141942687,-0.12819888111170222,-0.3875864634249116,0.12526646006407363,0.03256616186788797,0.621771824083193,0.1670737934677611,0.018283527729767036,-0.36970891029891484,0.05424480687514869,-0.20960341494355378
0.3347925424548986,0.976528815545396,0.07004555253959935,0.19476596771234087,-0.9804552410079672,-0.008425326535810688,0.026509471398902567,0.5905693981143041,-0.15742640206449468,-0.1282320948417565,-0.38784611392537727,0.12540982861919556,0.03254511515564672,0.6216470928241917,0.16695744088264056,0.018345315448587272,-0.36958206925047843,0.05446501796497774,-0.20995928815611561
0.3347745211920091,0.9765453701542858,0.07000778532451149,0.19487986873683508,-0.9804304117455946,-0.008463595392448337,0.026578413017155033,0.5905262845890198,-0.15735399640959596,-0.12853084418508937,-0.387452051192213,0.12538557082339483,0.03254246085493756,0.6219549021217401,0.16702361041609504,0.01824503815077655,-0.36959614700338744,0.05377003033267127,-0.20966304777366843
0.33476316041955473,0.9765256554230292,0.07003555564907339,0.19483697697111987,-0.9804362629258538,-0.00851841896326599,0.026659393899851294,0.590582326625843,-0.15730084020687266,-0.12853821656606781,-0.3877577832299653,0.12530862237447465,0.032607482821361236,0.6218023611319805,0.1670623737900985,0.017992922419832746,-0.3693662844939525,0.05432803950740095,-0.20994472296874148
0.33484745588968234,0.9765719988088467,0.0700453128134614,0.19483859688737393,-0.9804355621905,-0.008484465138172227,0.02668414147910207,0.5905799451650972,-0.1573757808524042,-0.12837804524039886,-0.3875139416312929,0.12513248232185398,0.03264041799637961,0.6220406858158978,0.16692924340473758,0.017788970560179015,-0.3696635930528929,0.05358015296901703,-0.2098593418286364
0.33482380193969186,0.9765623852493475,0.0700730455483692,0.19490541947706116,-0.980420935363742,-0.008395440726731866,0.026761605593835936,0.5906882344234922,-0.15763973349829583,-0.12836436216151462,-0.38756078411782857,0.12511234044782435,0.03267732947184143,0.6221533288557588,0.16665947117134625,0.017917763851233882,-0.3696399350061958,0.05338839742706555,-0.20967488828254488
0.33485055291257076,0.9765621410481619,0.07006076765954651,0.1949062611724378,-0.9804206433185867,-0.008380149054898537,0.02677096584674822,0.5907478135021088,-0.15767341124961665,-0.1284298662781716,-0.38763427838719805,0.1251802059500572,0.03273127469489361,0.6221713322370631,0.1666221143483892,0.01791648171881325,-0.36962555194573454,0.05340825465711626,-0.20958909290464503
0.33484413934188695,0.9765672070706035,0.07003312308232472,0.1949483651611122,-0.9804109272813254,-0.008436145418894278,0.02680261253782329,0.5906136198879182,-0.15757015953450054,-0.12862939803976706,-0.3872786037637497,0.12503834385107562,0.032851801695001084,0.6222204423532167,0.16675155518919696,0.017884616510097914,-0.36947221475874437,0.053287400526346736,-0.20957337543783178
0.33474260528753585,0.9765223988702577,0.0700018076140282,0.19501384477683664,-0.9803956178898786,-0.00853697819143994,0.02685428775890091,0.5906675442374442,-0.1573606846438206,-0.12837422587255926,-0.3873698885257276,0.12537382580244835,0.03299451689821982,0.6222451444410121,0.16700747421534137,0.01782697952802125,-0.3693494549533457,0.054015455476008514,-0.20990348245177912
0.33476142600994807,0.9765905236580515,0.07002723782557116,0.19512031576436603,-0.980377751945968,-0.008276872443811185,0.026814534266570846,0.5910032053233532,-0.15788750280949843,-0.12853057427946082,-0.3874977496209618,0.12513242812438607,0.032949974042408646,0.6224218297293459,0.16641805019655564,0.018022977870894727,-0.36931845272400315,0.053002541423416795,-0.2098615358365586
0.33479242343546434,0.9765349587172538,0.0700180608942338,0.19503862157423618,-0.9803933845362697,-0.00830970313495786,0.02682715947969288,0.5910264559124274,-0.1578405054923723,-0.1285491419296087,-0.3878251447407007,0.12533652273699128,0.032988036138469415,0.6223235458345271,0.16655178565148232,0.01801961824876387,-0.36936942003099865,0.05367712683744549,-0.2102404564648084
0.33478068599086447,0.9765351488824536,0.07000909278366244,0.1951053531529032,-0.9803798608915992,-0.008455062015917178,0.026790697183097595,0.5908457258639781,-0.1575217928808763,-0.1285807925467378,-0.38717862142862686,0.12521455576368046,0.03310223356747406,0.6224354889047641,0.16686128497230343,0.017920998388306686,-0.3692839916309069,0.05382826764707638,-0.2104576572284879
0.3347583757238129,0.9765335153236963,0.07002347443278666,0.19507052086544355,-0.980386263035527,-0.008530891131870813,0.026786023165357824,0.5908161326909317,-0.15734128843336606,-0.1285526934983723,-0.3873202341663651,0.12523147888200697,0.03307578474357707,0.6222506948200005,0.1670057946740669,0.01782199567346944,-0.3691376733503525,0.05404904588205183,-0.21053454940070723
0.3347112155116552,0.9765129448712649,0.06997718620144479,0.19506830036429484,-0.9803875972244293,-0.008506481177213764,0.02676111319577672,0.5908758947063022,-0.15734419401562702,-0.1286247155204871,-0.3875834794618513,0.125397962820154,0.03292445962423264,0.6222247957633523,0.16705364305219564,0.01792112992992314,-0.36923289578863694,0.054119336382381214,-0.2106526937379247
0.33477906811400143,0.9765692751340574,0.06999386333007795,0.19510123217792288,-0.9803812551051088,-0.008398510712712528,0.026787475786200728,0.5910624490563228,-0.15756662258996554,-0.12874611936425162,-0.3875544006098516,0.12513557342400936,0.032769975001498176,0.6224831192538955,0.16675807792467995,0.017887493734061375,-0.36944138545001787,0.053223587442371365,-0.21028846588051223
0.3347676966010155,0.9765626074178356,0.06997758055298021,0.19525663061951504,-0.9803492475899132,-0.00845970148648895,0.026807357194708552,0.5910288729516024,-0.15744647048626528,-0.12871229572552098,-0.38691334167087377,0.12498380333609595,0.03294585691040718,0.6228523838888564,0.16686103038677635,0.017725898650312905,-0.3694540867628856,0.053033540477026735,-0.21006746093880033
0.33474700403387475,0.9765639981144677,0.06998566038978303,0.19523907539957971,-0.9803522693128294,-0.008433673004279083,0.02683290237673755,0.591193671475079,-0.15755167371871373,-0.12885184762711102,-0.38731447695644694,0.12483186459470791,0.032889791047416746,0.6227890568073406,0.16678268904894747,0.017781437277893802,-0.36946593285617785,0.05292428945040293,-0.21000165871285728
0.33473367780031993,0.9765418494801782,0.06995956491348077,0.195318241740448,-0.9803373708317362,-0.008521779391346712,0.026773178185342094,0.591060334113315,-0.1573122123545601,-0.12891942707309578,-0.38671685303301767,0.12478099833052055,0.033217637001625284,0.6228926314612038,0.16703803657652128,0.018087273081817262,-0.3692693792842982,0.053101487165977894,-0.21018980219279096
0.3347117567323335,0.9765349015971576,0.06994258862877079,0.1953438667888639,-0.9803326051352913,-0.008607537922270538,0.0267332621942069,0.5910759899978346,-0.15712945902652745,-0.12910291765973436,-0.3867645191441238,0.1250196840084601,0.03324111252660951,0.6228475426533152,0.16728349342051596,0.01776798385236604,-0.3691770651239708,0.05365800703539089,-0.21050352116526644
0.3346978215298063,0.9765254315122956,0.06991909678984534,0.19534434135362216,-0.9803306778411651,-0.008623740584790294,0.026795176486211984,0.5910676724380544,-0.1570884526568053,-0.12908900947960886,-0.38681684869051874,0.125166704474912,0.03326300496222688,0.6228582985767007,0.1672978888491215,0.017815398601486374,-0.36914678279255647,0.053790959110346544,-0.21067319377511187
0.33467712479784933,0.9765210980142224,0.0699293258372131,0.1953166027741436,-0.9803356703293096,-0.00861552599446356,0.02681736140244704,0.5913968149280924,-0.15715343498035428,-0.12859922459920708,-0.38771960408741407,0.12534309824892462,0.033320082307443745,0.6228130462828487,0.1673233511023198,0.01786483553031856,-0.3693003851050607,0.05334184399869498,-0.2112235275283254
0.3347071955973262,0.976524657915167,0.06991054777833976,0.19538075446477388,-0.9803258311250315,-0.008632547013112888,0.026704021155218177,0.5913366160748172,-0.15702085158190934,-0.12877072370059245,-0.38710432147269763,0.12505677655741582,0.03341272805352924,0.6229062093019864,0.1673944104235166,0.017883989717461808,-0.36915862387234827,0.05372407337049218,-0.21119465466123546
0.3346643835256548,0.9765339922114318,0.06987115133493993,0.1954476759147541,-0.9803134584787769,-0.008604796196927864,0.026677454663249774,0.5913184158764501,-0.1570066962427398,-0.1286824493623305,-0.38681496738120263,0.12503916582732633,0.03340573988773944,0.6230332826587174,0.1673792856172811,0.017823478230123493,-0.3693409175647625,0.053281676946516074,-0.21094943408862787
0.33462089565568515,0.9765346038109062,0.06988588561920289,0.1954593708494517,-0.9803118406537368,-0.008554208521179994,0.026667488404336345,0.591617891018931,-0.1571328756347613,-0.12877690360730235,-0.3874723786309979,0.1249968280673637,0.03333294073746333,0.6229752950318067,0.167251374229672,0.017732829903454282,-0.3692371713948092,0.05309990839511877,-0.2105575026190201
0.33465217283470583,0.9765300641753984,0.06984225864332178,0.1955371446559264,-0.9802952181106952,-0.008656927718062521,0.026675232175108782,0.5915302374661046,-0.15689054280604825,-0.12884851150547555,-0.3868958059024961,0.12490876504540986,0.03345978796591413,0.6231307668401583,0.1675197664050929,0.01798574630795817,-0.36906370737550653,0.05352270835416517,-0.21061519741603688
0.33456576315410913,0.9765112396181704,0.06982108073470007,0.19553454189523692,-0.9802957124837105,-0.00863326194049404,0.026683811574451214,0.5916331773556421,-0.15691260385061945,-0.128849458479719,-0.3873719454988405,0.1252813918661937,0.03345902566862722,0.6230349208597545,0.16750015724421072,0.017943004816885127,-0.36908510039615017,0.053594549908076834,-0.2108145704824259
0.33453692426172454,0.976522266670021,0.0697773990619211,0.1956068672557763,-0.9802824180085815,-0.008590958780226018,0.02665576584655319,0.5917866324293419,-0.1569298068283161,-0.1285922829318334,-0.38725109039829003,0.12504016038295532,0.03352288687829661,0.6231683532595806,0.16745585204262578,0.01802282666063696,-0.36917141597096353,0.052988031647403296,-0.21061157539201106
0.3345243742486481,0.9765096693507664,0.06974591710263693,0.19571644607162986,-0.9802606361516042,-0.008681681906452085,0.026623041674804015,0.5917606404759651,-0.1566921439041544,-0.12846643714815104,-0.38672375929263586,0.12490449246562912,0.03380430581216919,0.6233367986940676,0.16769700161664486,0.01793663198652633,-0.36905895321684795,0.052890928591073624,-0.21053198405428303
0.33457091709891407,0.9765001418989585,0.06975894084590865,0.19564387841968806,-0.9802758848194922,-0.008729050832684871,0.026579430953732677,0.5916670237106043,-0.15661472428763298,-0.12867644330234365,-0.3868821478501366,0.12524294577253722,0.033924789018029713,0.6232258899618079,0.1678185766959144,0.01797492351976302,-0.36904014594166973,0.05364438723454902,-0.21067829655285192
0.3345234798905266,0.9765181594335792,0.06974797298313334,0.1957207816619606,-0.9802592832799968,-0.008674658193935708,0.026643263205480043,0.5917174616798155,-0.15677385139196373,-0.12840638996317089,-0.3868002908837281,0.1251387977017536,0.03445443112686426,0.6232710383596997,0.16767752947039663,0.01812449791488522,-0.3688653474052749,0.05366210184836675,-0.21083700029101785
0.3345529613887533,0.9765040547961077,0.069788712600722,0.19559678072307793,-0.9802860910180511,-0.008439963307532402,0.026642938026516832,0.592164103870898,-0.1573102047619775,-0.12855097904520485,-0.3881126096022979,0.12527212249302372,0.034121874312783164,0.6231176741726998,0.16711858193290402,0.01802041716551143,-0.3691814724407627,0.05319508421351204,-0.2105741900142515
0.3345652530909421,0.9764967773792945,0.0697801111400734,0.19563866253792403,-0.9802764773712328,-0.00845427551190974,0.0266845809146004,0.5920503667470806,-0.15728410492027944,-0.12851781296712936,-0.3877077406928965,0.1253157919101982,0.03400576135837406,0.6232751831415061,0.16711860365732673,0.017904020199291732,-0.3692391839991972,0.053114747380620386,-0.21042526405086853
0.33454886782424587,0.9764821212351401,0.06977184424716695,0.1955820802736021,-0.9802892613595406,-0.008385177253953555,0.02665150542532443,0.5922272767155483,-0.15739291420488066,-0.12838559925165016,-0.38831862691432456,0.12552818808587768,0.03380538579238298,0.6231439147636141,0.16699695338646572,0.017917774612453103,-0.3693421659923298,0.05314611172515562,-0.21030438532313653
0.3345577638416899,0.9764869808021281,0.06971965026976741,0.19563658348950572,-0.9802761790201129,-0.008569715864268582,0.026673957641995948,0.5917010337046921,-0.15696771345818764,-0.12862062669646276,-0.38702152722612715,0.12532004979313963,0.03404835884941483,0.6233049231082687,0.1674549979697043,0.01799795138643947,-0.36920360053448054,0.053725584027703235,-0.2104898707867135
0.3345507187336046,0.9764928595493773,0.06974754950675953,0.19551993756981115,-0.98029814952693,-0.008526263658269898,0.02673564801540626,0.5918162914426346,-0.15712484132301627,-0.12840562445217157,-0.38777313509978056,0.12527677759265415,0.034073236698968244,0.6231944673818256,0.1672749816953478,0.017713298777771974,-0.36951051537369284,0.05325038689268058,-0.21031435834760795
0.3345831758300421,0.9765081573187735,0.06971415077147894,0.19560184245993653,-0.9802822011075791,-0.00852047229976724,0.026723154187833935,0.5916676357026829,-0.15709798913894996,-0.1284333235912982,-0.3869191068757407,0.1251762410173356,0.03420602805584053,0.623441692880199,0.16730227405684764,0.01777215115544884,-0.36956371904123064,0.05298434303032996,-0.21019672238176992
0.3344803796590525,0.9764783391150503,0.06971212671765087,0.19563447657096372,-0.9802723524892585,-0.008669257325573738,0.026797583835174138,0.5914665183535843,-0.15684219213387868,-0.1289133530058555,-0.38678129330519473,0.12531172714032207,0.03429427328162207,0.6233566082255876,0.1676153492249689,0.017807451520195666,-0.36937736450372505,0.053549052675341796,-0.21057400018257477
0.3345756955523734,0.9764983944010484,0.06975661000507671,0.1954712111665011,-0.9803052585189539,-0.008581294577854755,0.026813562026637042,0.5917051844188033,-0.157066597724528,-0.12875946911861771,-0.38787697090058676,0.1255593112847804,0.03403305160957204,0.6232186262626057,0.16734855205392285,0.017722549594632046,-0.3696136300290685,0.05316393310455392,-0.210484304061355
0.33457591591928443,0.9765047889774419,0.0697430834309195,0.19551043840382798,-0.9802962486752246,-0.008555622205412138,0.026865119339089735,0.5914515466911681,-0.15716346028287703,-0.12903757031291724,-0.3872521742693996,0.12557293519338056,0.03408145486304852,0.6233695835638795,0.16724920191878953,0.01753053271679711,-0.3697237870867351,0.05310603641192264,-0.21032500219428182
0.33458688857276436,0.9764851509982975,0.06978376806638123,0.19544245882479375,-0.9803083072264626,-0.008543237899784567,0.026923617095293798,0.5915906933088391,-0.15731347332252568,-0.1287609252285026,-0.3880035152614993,0.12583624899308934,0.034284478562486516,0.6232085112107332,0.1671667085112427,0.01747160595695098,-0.3696136258586276,0.05358152147978017,-0.21064113533903106
0.3346079294857354,0.9764790170370381,0.06978026001834844,0.19541484041026996,-0.9803143730611843,-0.008494670915467347,0.02691859363198414,0.5916779414066782,-0.15737561978205492,-0.12891260026322096,-0.3880618398731302,0.12589872983464184,0.03406498029863573,0.6231297516560439,0.16708592412945888,0.017531361601445618,-0.36956886888387175,0.05393907180188127,-0.21073680024093894
0.3346137485376693,0.9764827643004895,0.0697751257427216,0.1954977104206212,-0.9802965954277726,-0.00858540332121694,0.026935498191509342,0.5915384267843578,-0.15716207548976238,-0.12900069622371552,-0.3874225947793552,0.12573081636841058,0.03394373884519116,0.6233248278078218,0.16727660323261653,0.01752535113764612,-0.36956906988708066,0.053856944967802536,-0.210952513552194
0.3344989977611677,0.9764578873966561,0.06977526594176747,0.1954975440288909,-0.9802948594211471,-0.008611109415239074,0.026991622140655265,0.5916086311769141,-0.1571082593456475,-0.12890593113435006,-0.3878108569047041,0.12570498796777788,0.033735743589612954,0.6232235309751777,0.1673109021315318,0.017374469070355374,-0.3695729526800279,0.05408130186367054,-0.2111367049709717
0.33459911992145314,0.9764683433601267,0.06978365919376298,0.19546645731229648,-0.980301701596762,-0.008618010506306928,0.026966049157902367,0.5914576462141877,-0.15709833540818816,-0.12906376661472735,-0.387438135803404,0.12564282478874497,0.033770604284853505,0.6233801339265752,0.1673333226392662,0.017359758668930806,-0.3697691483355124,0.054043296262312135,-0.2111603622040833
0.3346107022478352,0.9764925401610401,0.06978759819784855,0.195454140789949,-0.9803027279523239,-0.008531799661404611,0.027045310348239836,0.5915443115455175,-0.15732047319260326,-0.1287228229733728,-0.38768920611131275,0.1255606715944045,0.03365185493610195,0.6235033323469266,0.16710070757581152,0.017706721598441937,-0.36995411969305403,0.05332575234145999,-0.21118615103391614
0.33461105156985527,0.9764724717477239,0.06979220286698216,0.19545125744225544,-0.9803038868760502,-0.008520336512780977,0.027027748808554096,0.5914686385548845,-0.15734781068296033,-0.12898449812734347,-0.38758500373251126,0.1257133799902899,0.033688160669036384,0.6234806960302343,0.1671099275173134,0.017604497136427734,-0.3699948239318588,0.05382702839072934,-0.21140277885044265
0.33463395304851923,0.9764646165830237,0.06982043588150168,0.19542175394975145,-0.9803098614639058,-0.008572142707571137,0.027007998245368852,0.5915644359086136,-0.15727048058567353,-0.12882975528228444,-0.387784955928071,0.12563345191712177,0.03359178429200146,0.6233678516840927,0.16720823864770937,0.01760882332380219,-0.36984351451839914,0.054079150505807874,-0.21130481935930115
0.3345887205101832,0.9764603943779506,0.06981803690643265,0.19541037175871226,-0.9803134509693295,-0.00849625200910142,0.026984035271316036,0.5916224900693827,-0.15737935968096012,-0.12881779634907967,-0.3881089435806182,0.1259356308618198,0.03323458641284837,0.6233842170655258,0.1670558271537086,0.01755675183680572,-0.37014992380417255,0.05359101482124868,-0.21095287691077033
0.3345642703492416,0.9764360853361423,0.0698208549417838,0.19542170605948778,-0.9803107457498518,-0.00848569406969442,0.02700354725446272,0.5916494447488886,-0.15741449763103407,-0.12896277393250294,-0.38821362930688635,0.12610990633756572,0.032934322748462225,0.6232931066904723,0.16703970973370608,0.017681686391002153,-0.36991885237943384,0.05407196290567557,-0.2110908148876011
0.33466153198586646,0.976488302006864,0.06984069187092518,0.1953459847165363,-0.9803251383330692,-0.008448632871836418,0.027040525327224313,0.5916469881507098,-0.15753839409600526,-0.12901556504844364,-0.3883270454380995,0.12582935957134417,0.03273105333159429,0.6232696587867074,0.16689310366408247,0.017520054845588114,-0.3700489600639593,0.05353110276560773,-0.2107721480332379
0.33466427837850954,0.9764723766437747,0.06984316106601648,0.1953017574029305,-0.9803332749270444,-0.008415597129205487,0.027075290415836523,0.5916793343699063,-0.15762175643784918,-0.12884031231469262,-0.38861341472728383,0.1259108963877984,0.03266821945172061,0.6231617895131736,0.16680952638900554,0.017493551140764167,-0.3699327087557458,0.05385610533152193,-0.21091887142882243
0.3346797720176071,0.9764868616087876,0.06984542694270314,0.19533624435260205,-0.9803272575227269,-0.008364363467663569,0.027060251735163722,0.5918393224128369,-0.15773083671755148,-0.12866314932291353,-0.3886191591969194,0.12574412289920953,0.03261322407203569,0.6233132484416569,0.16666476038237998,0.017334387108191865,-0.370097446087359,0.05326377279489869,-0.21064162992702276
0.3346530926895939,0.9764334048198362,0.06982216978751082,0.19533317471668968,-0.9803300265818686,-0.008392590192385403,0.02697321387885721,0.591844653355022,-0.1575733657458828,-0.12847900802944523,-0.388711572286221,0.12594383387269306,0.032574416954771555,0.6231632021737712,0.16685635532319673,0.01765162385841103,-0.3699216437562326,0.05393405748164636,-0.2109377438264415
0.33471805005183297,0.9764672268494683,0.06984878431175585,0.19529478214196264,-0.9803386471711937,-0.008382778128029022,0.02694093468187996,0.5919396802059115,-0.1576176510766002,-0.12853810680730388,-0.3889492125535012,0.12602500939716751,0.03250116136406597,0.6232236602003939,0.16679564591588514,0.017437811319881633,-0.3701551512703647,0.05364450460338858,-0.21064582145260524
0.3347713149012606,0.9764694007210917,0.0698297604629666,0.1952793238585283,-0.9803437210639272,-0.008316967402891695,0.026888702034649773,0.5920978767489273,-0.15772029512924818,-0.1283161809745866,-0.3890662846014959,0.1257718869013467,0.03248711764469329,0.6233182243717403,0.16670723172984214,0.017568212013498816,-0.37033202929135384,0.05331176121515119,-0.21058652202184028
0.3347406593357736,0.9764381677338362,0.06980727367214198,0.1953051379827278,-0.9803383987832394,-0.008501107978826897,0.02683762492834289,0.5916543304954736,-0.15729670686509423,-0.12865258245535863,-0.3881310706507938,0.12586504144513133,0.032608101243235134,0.6232296943978486,0.16719678883888212,0.017778010509636358,-0.370069503990821,0.053908828277481516,-0.2108969216799653
0.3347869795924054,0.9764635466093325,0.06977073981968196,0.19528592203674044,-0.980342400621426,-0.00855405713805969,0.02681444208926519,0.5916376315444799,-0.1571325656842495,-0.12876952630955033,-0.38804098851395913,0.12580917863868846,0.032689353399169806,0.6232351023799116,0.16733652346799271,0.01763240324574324,-0.3700751512317965,0.053986300710323884,-0.21104537204368173
0.33483400048126166,0.9764603509334453,0.06982208961267725,0.1951936005899538,-0.9803626217121629,-0.008499017350812594,0.026764807909912924,0.5917373828034762,-0.15729447339821828,-0.12889477576999805,-0.38854222068067423,0.12570107676831827,0.03262535832432308,0.6230662709976195,0.16718933176765238,0.017768159777580537,-0.37007834911923865,0.05423324325674012,-0.21109834742995212
0.334783168564554,0.9764578480274386,0.06977105749624904,0.19525310591470973,-0.9803491393849072,-0.008585522789542333,0.026796983717594505,0.5915203135044153,-0.15704176841896408,-0.12893432216275402,-0.38797796259972034,0.12577911295914443,0.03272529784007434,0.6231954599615563,0.16741389036250923,0.017673968210017606,-0.3701816779069539,0.05361351387318753,-0.21093180557441815
0.3348129247141543,0.9764815959475024,0.0697708553694596,0.19532054057770495,-0.9803364615252034,-0.008614692972185835,0.026759964455719477,0.5916395152225321,-0.15697377868112392,-0.12888900228708405,-0.3877889695356799,0.12554274753469552,0.032805184270461724,0.6233661485277293,0.16747004836963097,0.017676968062490073,-0.3700774494805278,0.053359208427944976,-0.21071455005180928
0.3348371407972068,0.97646837615643,0.06978724751142931,0.1952348025975879,-0.9803534353054127,-0.00856866593820531,0.02677856799002212,0.5917570337505449,-0.15710043455683748,-0.12896352599733985,-0.3883494962754684,0.12554908740653514,0.03268423979581468,0.623123452528365,0.16734311249483913,0.017647934206060915,-0.36994340314805446,0.053965076516295556,-0.21083185165656454
0.3348149926705923,0.9764592252841554,0.06980981268302383,0.1952188372083707,-0.9803584955201536,-0.008456573386313634,0.026745321591529193,0.5921043501134442,-0.15731054280024123,-0.12838377517541888,-0.38912016557379714,0.12569113989378183,0.032468388558419894,0.6230247743334804,0.1670958595011373,0.017661900210487583,-0.3700027649346209,0.05374577602387512,-0.21040677939935853
0.33487905712929933,0.9765016457272608,0.06978540034179721,0.19536959097297685,-0.980327496842417,-0.008514751418042903,0.026762303077672123,0.5917960902907901,-0.15719936523567624,-0.1286851940969007,-0.38772012737740896,0.12526707732702455,0.03280579259598363,0.6233692476588254,0.16720670364865894,0.017803467108951497,-0.36970829535670774,0.05362445994434786,-0.21047485747571337
0.3348662020691526,0.9764749912270625,0.06977487768771812,0.1953655339930901,-0.9803273451934509,-0.008605289202614394,0.026768514925089137,0.5917589738267595,-0.15701317146054491,-0.12879025357461293,-0.3877100372205273,0.12536974678427443,0.032932909748131525,0.623471559957258,0.16738211109190562,0.017382742120179435,-0.3699823153867416,0.05329748114162143,-0.21018638483908827
0.3349090157108822,0.9764980645746678,0.06980320288306346,0.19538591106656975,-0.9803205153736553,-0.008704947595266828,0.026837600145707324,0.5918011216405853,-0.15685918641283964,-0.128908708398383,-0.3877008079198482,0.1252366239171777,0.03298590281163369,0.6236126055923387,0.16750405100059795,0.017775269794668577,-0.3698561895054443,0.05293631770768233,-0.21027335487945759
0.3349038867350521,0.9764959945168302,0.06980542877616691,0.1953043192873345,-0.9803371634157676,-0.008691817683902436,0.02682762007684339,0.5915556131996919,-0.15687505306409275,-0.12886361856170808,-0.38754296838805785,0.12513243779684521,0.03306668334268709,0.6233152553274504,0.16751874478114534,0.01763164715365098,-0.3696616404887787,0.053543317775655776,-0.21047795742584047
0.3349445461788397,0.9764858564112007,0.0698250659984015,0.1952870386978086,-0.9803435174122438,-0.008680483874015911,0.026724699888739597,0.5917555415980956,-0.15689936985264527,-0.12900883304593808,-0.387866010131316,0.12530341210329776,0.033012256700904005,0.6232507216559832,0.16753221704844384,0.01766826365833962,-0.3696767731928749,0.053689803304614925,-0.21056686660488758
0.3349495407046252,0.976477984479204,0.06980320091850699,0.19529036942732483,-0.9803398213487698,-0.008775651225929932,0.02680474272142773,0.5916201710892938,-0.1567264989558419,-0.12898177098012834,-0.3876045487442562,0.12519157966659336,0.033153706519727245,0.6232499979241777,0.1677090899004822,0.017701260768103154,-0.3695351804005687,0.053885844632820035,-0.21062027287720503
0.33501123623414614,0.9764857161279002,0.06984846459121485,0.1952561778039261,-0.9803459737584784,-0.00878439278385321,0.026825942823341744,0.5915858531816215,-0.15676916706906036,-0.12886151104232074,-0.38763511516063104,0.12524960598439103,0.03326789777080018,0.6232314008977622,0.16764992631993103,0.017564840195097808,-0.3694975272632571,0.05395658228034058,-0.21061038449849553
0.3349984854734409,0.9765140258690588,0.06983692561467524,0.19530260302736183,-0.9803373722358723,-0.008712615701970145,0.026825737194551433,0.5916577948414705,-0.1568573817708366,-0.1287324347758761,-0.3873892492838113,0.12490351921523646,0.03329282015111062,0.6233925676855769,0.16750911049067124,0.017844124335503617,-0.369552639958103,0.05308591651739541,-0.21051277854144737
0.3350092092135754,0.9765079369055779,0.06983750015517783,0.19534688165182865,-0.9803285960834973,-0.008674695572663742,0.026836340782362342,0.5917491591343476,-0.15697670490084048,-0.12879942787469584,-0.3874239955947656,0.12490648591009308,0.03327012427725475,0.6234919925506449,0.16741632036559015,0.017479075964946394,-0.36963435896815733,0.052965578493139966,-0.21022222765516765
0.33510501014598487,0.9765201004590047,0.06990078299451612,0.19529522937504115,-0.9803382333600851,-0.008639902856308994,0.026871428588947834,0.5920090825170342,-0.15711484969594308,-0.128641420278731,-0.3879338367583868,0.12474488564914449,0.033278370016382536,0.6234999920598594,0.16723927715044856,0.017400475866521894,-0.3696003410884478,0.053008958667455766,-0.21047229042777635
0.33504747100590604,0.9765086849538951,0.06985988206997415,0.19537977198295883,-0.9803197003010479,-0.008680134376417067,0.02691997713145066,0.5918197017057563,-0.15699450556041844,-0.12873207890617758,-0.3873164212403052,0.12460171547036228,0.03320912053260511,0.6236404224339157,0.16732028326705167,0.01730265567292692,-0.3696619998312271,0.052750322224859654,-0.21024771425645256
0.335098151121242,0.9765079368573844,0.06986305938533277,0.19536133601775038,-0.9803222891625218,-0.008683722960447327,0.02695831441427248,0.5916859925773299,-0.1570478880642722,-0.12925301098786077,-0.38717054130417755,0.12468736415625493,0.033210015865630986,0.6237775115040178,0.1672986144550142,0.017327982717519213,-0.369792215597936,0.05249661707989367,-0.210186765480137
0.335166872727967,0.9765136983397712,0.06990166405797395,0.19529678213547788,-0.9803344796928416,-0.008701731119288835,0.026976928817433545,0.5918222468679102,-0.1570681176061948,-0.12897876321753785,-0.3875650401079675,0.12476442067738178,0.03317893953224566,0.6236393132194246,0.16726992674855554,0.017145636970800703,-0.3696737367447579,0.05273921694004851,-0.21008465874602597
0.3351186365653349,0.9764960272862411,0.06986249562427718,0.19530755690592774,-0.980331610185115,-0.008679474639154318,0.027010350003019237,0.5915952042119614,-0.1570843740160396,-0.12918657497150643,-0.3872198887242951,0.12493666958542753,0.03312637811006536,0.6235727670763807,0.16728508317421226,0.017453817101876927,-0.36944954820648146,0.05271982127556004,-0.2101701402520112
0.33516307374175486,0.9764694970441953,0.06987652375269801,0.1952860305252869,-0.9803358946437677,-0.008680363993285258,0.027010206138128753,0.5916671075598835,-0.15712601588171207,-0.12923403021044894,-0.38740365090815454,0.12504738965662276,0.0332821068837874,0.6235933060735585,0.16730058762760644,0.01737193949365469,-0.3695450857724351,0.05324739570634419,-0.21054269325902003
0.33523078777342824,0.9764747348043872,0.06989370199110409,0.1952350665624807,-0.9803480611364375,-0.008536653075395336,0.026982834629477096,0.59201933152785,-0.15741854120787122,-0.12915743879336433,-0.38812946651368385,0.1251873563593054,0.0329680265047416,0.6235632053223535,0.1669863859485049,0.01739255097682962,-0.36970801710034973,0.05277437565538022,-0.21039217867317073
0.33523383503352294,0.9764815103267945,0.06992582198907805,0.1952964308739509,-0.9803346928095467,-0.008462527736393392,0.02704773162796616,0.5921519133296915,-0.1576216850494604,-0.12901186606266785,-0.3881185407000573,0.12500460245322859,0.03277831622212663,0.6235960781925521,0.16677395218370245,0.017474673213617405,-0.36942198500561557,0.053148922893776804,-0.21065955858083193
0.33527308593376054,0.976471498526896,0.06991693684021727,0.19522501201615525,-0.9803475916782945,-0.008524898579545448,0.02707619393615248,0.5920388959586009,-0.15751438764139572,-0.1286847982500734,-0.3880851462243654,0.12499423035897109,0.032765893945919417,0.6236552971604944,0.16688956018647713,0.017684349341419218,-0.36961092654873307,0.05290501687563914,-0.21051806410706111
0.3352870932619795,0.9764616051509855,0.06990143916559563,0.1951833076930751,-0.9803546586588682,-0.008616277458460355,0.02709205430755117,0.5918439280347848,-0.15732124406089384,-0.12901269869196524,-0.3879025141286335,0.12515291169295745,0.03286292539853639,0.6235808579550202,0.16711863488469345,0.017468586076109408,-0.36969893486983124,0.05320003852885869,-0.21085338767027437
0.33530158247105235,0.9764881908886538,0.06987306460529381,0.19525883842136635,-0.9803384816768719,-0.008525058050507071,0.027161935628001267,0.5919538418441318,-0.157538975214978,-0.12922359550192639,-0.387922264380657,0.12515010300017862,0.0329516275667455,0.6239472635660774,0.166864768213805,0.01755821505990005,-0.37000408228205345,0.05241281404387192,-0.21038588314718173
0.3352900725759893,0.9764555730594542,0.0699329161147201,0.19511198848388323,-0.9803682522512849,-0.008541840532952687,0.027137407538963286,0.5920898961353958,-0.15754705594307167,-0.12887512280463922,-0.3887932473495563,0.12523859890127745,0.032833555879487906,0.6234925684024927,0.16685467031303244,0.017233515061348008,-0.36991175835265994,0.05280227273864134,-0.21027027865530862
0.3352776806478216,0.9764594261418027,0.06990334359061036,0.19514482505904587,-0.9803594251195522,-0.008553151555269986,0.027216510254033464,0.5918918204977244,-0.1575204753679651,-0.12876559616416722,-0.3883366588007004,0.1251840685256045,0.03294731258214195,0.6236088851702143,0.1668795962014249,0.017162716918300094,-0.3698932584482575,0.052894017112301524,-0.21016632536811455
0.3353087442342848,0.9764428744530487,0.06987935534250175,0.19508125667424403,-0.980371692149666,-0.008575193913766453,0.02722341961142128,0.5918765634156736,-0.157441690686139,-0.1289994428739613,-0.3885267605446882,0.1253106040663389,0.0327710497062328,0.6235471002854093,0.1669571192343588,0.017363361237205402,-0.36985430230308725,0.053035151839838465,-0.21032464097756062
0.3353103037894715,0.9764550214477361,0.06989077071415276,0.1950950565087835,-0.9803688478848084,-0.008510549843782014,0.027247230395116,0.5918747051185805,-0.1576236173930432,-0.12866511443249876,-0.38850654437432075,0.1254380880239314,0.03298968004629921,0.6235598075446752,0.16680017634339628,0.017142713705512402,-0.36998548202499815,0.05300979569384407,-0.21007256852967665
0.33535476048115165,0.9764491320962299,0.06990143053875093,0.19504794137248585,-0.9803778380402701,-0.008625641869290053,0.027224870030616362,0.5916461759296564,-0.15737871522204885,-0.12906977022339713,-0.3881374974053275,0.12533778702414855,0.03303422550975935,0.6234293381426131,0.16704101096369062,0.017251325807207868,-0.3697342275209327,0.053618507305933774,-0.21034545736968416
0.3353518292841202,0.9764703588442463,0.06988880672608944,0.19512230697557478,-0.9803630880436331,-0.008625875847321315,0.027223063529808484,0.5918772904591695,-0.15735257671871775,-0.1289171672002141,-0.38814672769164194,0.12494331953503517,0.032937785934821016,0.6236929498124312,0.16704704533738993,0.017124626579858113,-0.3699396820166741,0.05291711193352665,-0.2102485893905678
0.3353140588855273,0.9764489980593476,0.06989121300660711,0.19518279995370397,-0.9803507158143201,-0.008691277211366682,0.027214156334850262,0.5917120265054444,-0.157256025504899,-0.12940048716060393,-0.38782522452484935,0.1252051065062035,0.03301594062771784,0.6236721229359055,0.1672041695171223,0.017190504495369685,-0.369657164506427,0.05338382802235824,-0.21055935048726854
0.33530096301823914,0.9764543718358601,0.06986739698375134,0.1952422370917007,-0.9803372963660258,-0.008743506565633215,0.027254454720572294,0.5917727540529699,-0.15712341371875882,-0.1294019079577864,-0.3876997095047256,0.12525326675978346,0.03300199119702735,0.6238041332339167,0.1673151036677554,0.01713992802541075,-0.36963193515528686,0.05343300937566234,-0.21086570618279746
0.3353512069486004,0.9764740248551814,0.06987157683341817,0.19529503249319316,-0.9803276965557084,-0.008695780203147131,0.02723675927712325,0.5919139416253826,-0.15722293311037908,-0.12935139114494323,-0.38754254442074276,0.12497196237408591,0.03312440548336048,0.6239995655056779,0.16717436081142223,0.016953803137844548,-0.369786978696055,0.052718271094743405,-0.2105908003638959
0.3352983116358151,0.9764748694448333,0.06987263007133047,0.19530641044175653,-0.9803235010243293,-0.008601507212795552,0.027335937032160532,0.5921709742728009,-0.15743060754138505,-0.12910058592980656,-0.38815183735373504,0.12505772072025875,0.03290295524748866,0.6240076654694791,0.1669192988153862,0.017039351020072164,-0.36977426062509133,0.05230428167642499,-0.21063761799851238
0.33538784031529373,0.9764510578142457,0.06986554730063207,0.19521810026354913,-0.980342587230077,-0.00871182889944911,0.027247183886716052,0.5918749288795742,-0.15720543377777893,-0.12930878012868255,-0.3878009123555257,0.12517309812833033,0.03293725022924995,0.6238644197887474,0.16723475854225198,0.01699671086726222,-0.3696506567001375,0.05297933820400464,-0.21098446312939464
0.33528988143543526,0.9764331776710867,0.06985012119817434,0.19524646913318816,-0.9803375574763091,-0.008743195357767929,0.027214816320214486,0.5918316942970403,-0.1570929951489949,-0.12926502689646555,-0.3878686291025659,0.12545019750198577,0.032989905719421474,0.6237937300781583,0.16736635499425045,0.017077347212190185,-0.3696584021469519,0.05338797936913218,-0.21133888327982092
0.3353196543280636,0.9764756474513003,0.06991893311649425,0.19516023556566003,-0.9803555440881869,-0.008519577683101449,0.02725630983116335,0.592358871867479,-0.15758515926786687,-0.12897879783070965,-0.38914178333364163,0.12533120259075473,0.032371903369857735,0.623686901230146,0.1667602968799692,0.017005633172496912,-0.36987402362230554,0.05267584883043577,-0.21105860185984004
0.33535387233076086,0.9764480333019508,0.06985229790675625,0.1952201323129076,-0.9803443220850268,-0.008635787188147061,0.027194361088673555,0.5919324309786826,-0.15730859698690114,-0.12939001795268232,-0.3879572627994414,0.12529527966098458,0.03266256702651249,0.6237623455302109,0.1671323167582957,0.01718043128536093,-0.3696378176104643,0.05330909487081037,-0.2110979586959547
0.33536223121739,0.9764715412366652,0.06983356035932353,0.19522155034881059,-0.9803432949354964,-0.00866203192378625,0.02721285647212085,0.5919445185859968,-0.15723732897566228,-0.12928400768993814,-0.3879537209045198,0.12520098645222846,0.03274911568823469,0.6238135187296446,0.16717861722814537,0.01744287527215645,-0.3696207457874696,0.052658122896027164,-0.21113408629111258
0.33531512273394604,0.9764623513423683,0.06981723924721829,0.19529067315050141,-0.9803308819347379,-0.008676085411053299,0.02715953695155383,0.5919668261609985,-0.15716583878461288,-0.1292667112139449,-0.38770084159068585,0.1250598925190038,0.03287725816638097,0.6238808550536109,0.16725964160409384,0.01718524219023269,-0.3696514392232864,0.052503706957746206,-0.21088290539811957
0.3353215215937104,0.9764711129730225,0.06983917720847616,0.19526505258880342,-0.9803371901249559,-0.008566336176232198,0.02715088911829337,0.5922913337719433,-0.1573729270244578,-0.12894572374940452,-0.38841196557613517,0.125110585230095,0.03266285027283132,0.6237855208373395,0.16701080781811736,0.017186897805125893,-0.3696467981534383,0.05255591188347624,-0.2106524013676345
0.33532111591245933,0.9764752560411619,0.06979111047689597,0.19535070296994242,-0.9803209049245468,-0.00854923751554979,0.027128154286086486,0.5920851413812146,-0.1573924665509159,-0.12915273762833385,-0.3876182017010869,0.1250507959759358,0.0329802048099581,0.6240635219838151,0.1670379289967148,0.01718500473314449,-0.3697756387305641,0.052291224621045906,-0.21060036817148836
0.33534893015675615,0.9764504498053368,0.06981768187046196,0.19532531089013597,-0.9803240502535266,-0.008668183779808972,0.027159565720975744,0.592171363817551,-0.15719985110085835,-0.12912897729122272,-0.3878709442960065,0.1250231270887367,0.033266708529130065,0.6239680396523569,0.16721960970164423,0.017336302042975253,-0.3696370854114723,0.053093370679349945,-0.21072238509755775
0.33536122114609956,0.9764695657611825,0.06978954456467036,0.19538649534644176,-0.9803132628570329,-0.008622500782348098,0.027123358624831197,0.5921567789912526,-0.15726185588742828,-0.1292405728470265,-0.38757750592359935,0.12490248792448082,0.03357360601576975,0.6241473871126132,0.1671853225002579,0.017136547163638497,-0.3697787509013064,0.0526597830741565,-0.21053862086019298
0.3353063967519596,0.9764639275749808,0.06979204600773452,0.19542686555390015,-0.980303192199635,-0.008669708014064187,0.02718138601936914,0.592106355964826,-0.1572128101439921,-0.12951254932719675,-0.38743330670829007,0.12492169606321536,0.03366109723670452,0.6242277625215602,0.16722412425446503,0.01741556553937437,-0.369652465683282,0.052461162357348434,-0.2106502077715102
0.33531801643439263,0.9764411076332757,0.06981668362982976,0.19539363312449956,-0.9803107491179569,-0.00874712460890519,0.027122889028917477,0.5920751968754907,-0.15704862137921496,-0.12954978829476163,-0.3875045404740599,0.12497482581312964,0.033716992397605415,0.6240847314929352,0.1674276374118514,0.017256529565552424,-0.36959130917571,0.05308957224746192,-0.2108339484836267
0.3352611726502276,0.9764469169884109,0.0698667103334837,0.1953320366314715,-0.9803235321575321,-0.008540028271768063,0.027170492831360395,0.5925853792108516,-0.1574896537072315,-0.12904236249027962,-0.3888461994213782,0.12524112679657148,0.033132114324227524,0.6238776374899778,0.16689402495252562,0.01711078146651753,-0.36970645182334205,0.052786298083356616,-0.2106117622933307
0.33530857368149763,0.9764623852123068,0.06984322544860082,0.19538500903020778,-0.9803147580720701,-0.008509189164067569,0.02711580815934527,0.5923794074606769,-0.1575112478216142,-0.1293164900519455,-0.3881500285944063,0.12515778474003839,0.03298935482088412,0.6240023818755042,0.16687310851174453,0.017206440222420533,-0.3696534368993922,0.05241350579197635,-0.21046718066815667
0.3352998874667508,0.976439580571066,0.06987883097836131,0.19536696958230007,-0.9803183845331641,-0.00860126083282318,0.02708561342487475,0.5925025956883319,-0.15733334904805252,-0.1289375279369542,-0.38833771816159146,0.1249992013073823,0.032864964978508854,0.6238962242281524,0.1670593095249919,0.017200310255035735,-0.36951310148740746,0.05310145066073188,-0.21067101612536207
0.335285762885866,0.9764713428360559,0.06981326893280637,0.1954917706169565,-0.9802917893340043,-0.008647431352445428,0.02713295627808176,0.5922560537585252,-0.15720585300126264,-0.12903511773058418,-0.3874565613158582,0.12481443442957596,0.033155490511694995,0.6242100250947128,0.16718253658272536,0.017202549376153384,-0.369570652995838,0.05241430581683238,-0.2105996904080209
0.33523758877293025,0.9764605257978991,0.06986444571222533,0.19548801988736542,-0.9802944306249101,-0.008627592624566659,0.027070796290558686,0.592340476499188,-0.15728504104308708,-0.12895275547500676,-0.38779919385992756,0.12509153466633602,0.03328251087863072,0.6241653219861867,0.16712280995612552,0.01738407702037193,-0.36968549893092284,0.05231619305598466,-0.2105586349648887
0.33521450774452016,0.9764613709795327,0.06984272598138841,0.1955335349844898,-0.9802856610949439,-0.008694167979975014,0.027038320792055027,0.592212492613873,-0.15707232166898671,-0.12901510590755888,-0.38729483951338367,0.12489995099177202,0.03343539793520194,0.6242479760217583,0.1672946853973124,0.017441392297285932,-0.36955680062434265,0.05255154341230846,-0.21048485819299975
0.3352170731202565,0.9764671141217426,0.06987057874289065,0.19547805679581695,-0.9802985650913618,-0.00859625917312525,0.027002905758025518,0.592482941575082,-0.15727522814891606,-0.12891911923335583,-0.3879928047247831,0.12491770974616759,0.0331207558057361,0.6240722457590064,0.16709615113604098,0.017394537576796158,-0.3696572975434612,0.05249609335355637,-0.21045844088115562
0.3351764110147603,0.9764506672847433,0.06988175585047474,0.19551670355730036,-0.980292942563568,-0.008601899201842966,0.02692531745902198,0.5924931883348381,-0.15722118583728878,-0.12885056754918645,-0.3878023973442494,0.12489171590955125,0.03296554089210561,0.624038134374601,0.16714901988066214,0.017568859942711453,-0.3695841922164564,0.05244298552485205,-0.21033834444534658
0.33512962671919855,0.9764569229840528,0.06985219017091815,0.19557693103403007,-0.9802814715946802,-0.008570069467977738,0.02691569068020863,0.5924722687309446,-0.15725246127544376,-0.1286885845885916,-0.38768770734105557,0.12490623721690715,0.033165928480423074,0.624090194228552,0.1671177007446809,0.01767719494282722,-0.36953307635216315,0.05233901255758969,-0.21034460668895322
0.3352117336825421,0.9764985405334662,0.06987404830315833,0.19555269817926915,-0.9802863850657225,-0.008607264753770454,0.026900938330180126,0.592314725803148,-0.1572147182533246,-0.1288903389122534,-0.3872374325156869,0.1244891933575343,0.03339337158716006,0.6241593415303658,0.16716532461495529,0.017450574188588055,-0.36950503233758886,0.05221623618040165,-0.21026983506268623
0.335142149210849,0.9764752645155436,0.06989187885932428,0.19553597515251,-0.9802891499474234,-0.00855510426198915,0.026938357551665758,0.5925471032962261,-0.15731356545950226,-0.12865686372535737,-0.3878474379801093,0.12460280743518923,0.033173094801550916,0.6239771600918905,0.1670301347085548,0.0175919976526325,-0.3694476050150384,0.05246835385774348,-0.21021592218731266
0.33511703264801673,0.9764713490449468,0.06987115681341526,0.1955763823431034,-0.9802819249528913,-0.008625331223867376,0.0268854968620003,0.592145899721457,-0.15717007241845782,-0.128903712009974,-0.38694669706580864,0.1246616563041678,0.03335986939985648,0.6239458877734144,0.16725434872881617,0.017600710378487726,-0.36923216724665303,0.05311099077952511,-0.21052898325248345
0.33505855331818696,0.9764665730236439,0.06988327315093745,0.1956262925023946,-0.9802721725901303,-0.00860086903412466,0.02688580255545598,0.5921929479922222,-0.15721275166825646,-0.12881780951093993,-0.3870007864506001,0.12467932406914832,0.03347278963948928,0.6239805661388557,0.16714991324389336,0.01740339119849863,-0.3692871855081207,0.052824119662526044,-0.21032663925128517
0.3350408741503847,0.9764510025590448,0.06991364128823584,0.19554582132291567,-0.9802884484461373,-0.008567213723462927,0.026888519022576527,0.5923542246798238,-0.15729894033706215,-0.12857780909478683,-0.3877258930330109,0.12481568882182444,0.033335440635093895,0.6236990665000439,0.16708430050365444,0.0175907046841292,-0.3691215499314722,0.0532768439723033,-0.21066584523718587
0.3351205862128643,0.9764697464331505,0.0699071294528234,0.19548598449030619,-0.9803024673554577,-0.008495448878014886,0.026835232680538914,0.5923724165008839,-0.15745860378172696,-0.12874801621030074,-0.38779221176122963,0.1246493123773035,0.03317550547636172,0.6236763759037328,0.16696435586676361,0.017743907716837627,-0.3692246409121868,0.05326579468935579,-0.21078790581916068
0.3350121249109619,0.9764802560075746,0.0698828171057864,0.19567407171263046,-0.9802632803169519,-0.008499366950863122,0.026894603233434834,0.5923754233168723,-0.15746593331242514,-0.12869342607225956,-0.38721452224094727,0.12457907780532006,0.03334718437390795,0.6239405578132148,0.1669733199062737,0.01769443943077717,-0.3691031370848045,0.05319962262408372,-0.21088706357272874
0.3350272860043836,0.9764732140635768,0.06986926885914749,0.19562445135609283,-0.9802729306647592,-0.008585036320030066,0.02687661788498585,0.5922957856303009,-0.1572436050010088,-0.12870101211255774,-0.3872694581931306,0.12475852614302445,0.03353241722289816,0.6239256563632496,0.16716744171542125,0.017906955042885527,-0.36920796333045186,0.052977389017876186,-0.21074589798289803
0.3350430621589324,0.9764942493748989,0.06990812068054775,0.19564046706409235,-0.9802691669564856,-0.008539344873990894,0.026911847772024218,0.5923077428710462,-0.1574126048206636,-0.12871746688065994,-0.3871227463674993,0.12454026084110105,0.033672804113454864,0.6240709323751656,0.1670135196428361,0.01781241385890975,-0.36946745355313176,0.05243756822360233,-0.21073202073962097
0.3349578014714277,0.9764790037840702,0.06988061352742092,0.19565491945151836,-0.9802655769402141,-0.008571228749792105,0.026927406080192017,0.5924097323701062,-0.15732130660855134,-0.12880148192951224,-0.3875556766378631,0.12460502959353051,0.03377238950700203,0.6240245429009541,0.16711350468833797,0.01787484575481245,-0.36932439866703953,0.05249962500148122,-0.21081403131848017
0.3349430805478507,0.9764749573187702,0.06988369114835669,0.19565759365773328,-0.9802664417856104,-0.008454248372605108,0.026913469443716944,0.592488400015387,-0.15756322818090276,-0.1288216734240862,-0.3877511049624783,0.12491838261297555,0.03345088838826415,0.6240602587399436,0.1668607266607393,0.01771328742129066,-0.3696048254606491,0.05247517549493225,-0.210726646268957
0.3348904821952862,0.9764424168543234,0.06988463565137135,0.19566320399283565,-0.9802627534764606,-0.008619759735937116,0.026954489275448947,0.5922518478330584,-0.1572644869325577,-0.1288683770341338,-0.38753674508028185,0.125194365164798,0.03366614716568788,0.6239329965140981,0.16721134542982183,0.017574215314900315,-0.3693546239223722,0.05328443034014685,-0.21091432731584403
0.3348603732445042,0.976474755148119,0.06987172682862589,0.19568480953228445,-0.9802578645437355,-0.008567871408244526,0.026991959876989394,0.5922027038706031,-0.1573490571826369,-0.1290371735772565,-0.3873703803516565,0.12508714546428615,0.033712045046407735,0.6241120735722109,0.16707497412328348,0.017555032511137512,-0.3697150568286732,0.0529146108532927,-0.21075073621508272
0.3348799957083738,0.9764928291765722,0.06985644226576489,0.1957310507821271,-0.980248659185937,-0.008468869704188314,0.02702221622721882,0.5921251701257435,-0.1576169035108994,-0.1289805994272566,-0.38722538212225055,0.12525885213647017,0.034222537570663035,0.6243228211818385,0.16686261915475878,0.01767549430302449,-0.3698128722436647,0.052366549541855587,-0.2106624727912812
0.33483737608365105,0.976481666703795,0.06988095615628843,0.19583626760355163,-0.9802273998640596,-0.008471954394095415,0.02703010979628451,0.592477599948011,-0.15757581828794126,-0.1288577661236337,-0.3872948921557057,0.12495816211291516,0.03429221563005216,0.6243774812208714,0.16685225511056542,0.017834979708047736,-0.3694853236053024,0.0524748789830036,-0.21087641357209522
0.33484059281358697,0.9764460941835781,0.06990369427719566,0.19569668728853307,-0.9802554270305769,-0.008509535413714122,0.027012814892895313,0.5924126684177456,-0.15753810928551829,-0.1288383814277982,-0.38777783709265506,0.12518575872719775,0.03407823551943167,0.6240667463887488,0.166943508700002,0.017607169724099928,-0.36960563662637436,0.053332975667975444,-0.21112634252624132
0.33487014590054553,0.9764568909827169,0.06986400552574733,0.19573440067071501,-0.980251543956325,-0.008388460143452852,0.026918185335174923,0.5926613475093305,-0.1576752880008197,-0.12859019669646235,-0.3879460950520728,0.1251895197872463,0.033929972541861274,0.624213286099022,0.16678152280390554,0.01771574824092352,-0.3698235450388456,0.052744885011517445,-0.21104956734220687
0.3348175119404425,0.9764758694839438,0.06985057817340189,0.19587756038046616,-0.9802219145084293,-0.00839091029826193,0.026955004752231834,0.592580724893057,-0.15767479567303505,-0.12881689171133984,-0.38736672423649454,0.1250048304507994,0.034095054228244395,0.6243977547944182,0.16674891451903878,0.017595112689441746,-0.36964337841289524,0.05265929067230496,-0.21085081681057266
0.33474632524036607,0.9764544212137584,0.06985318920531723,0.19587578372732023,-0.980221748590812,-0.008390920547321353,0.02697393911069606,0.5928055364993359,-0.15767282035098404,-0.1288514994450344,-0.3879433236844411,0.12533957123250078,0.03372521800136826,0.6243935747739872,0.16674211738997743,0.01764750891720224,-0.36975374062364125,0.0525228789843779,-0.21079194382612787
0.3347524558266572,0.9764318029187943,0.06989944508268547,0.1957696322344095,-0.9802424984952038,-0.008503407415578595,0.02695528335983504,0.5926290397617253,-0.15749180688435138,-0.1286381626370649,-0.3880134149029069,0.12535093226616242,0.03361437974252207,0.6241237934008493,0.1669525946963909,0.01759692661149873,-0.369649828899196,0.053495168152632576,-0.21089738902103414
0.3347199006694177,0.9764228402984878,0.06986059315486469,0.19577510375146515,-0.9802416922337234,-0.008536615342966193,0.026934360143791726,0.5926881586338876,-0.15734194276429356,-0.1284963189616765,-0.38821745891260023,0.12548200963541958,0.03337635816827734,0.6240952160887551,0.16708064740096906,0.01776363646726151,-0.36964999196481846,0.053678226278914234,-0.21114691950525563
0.33465419822383996,0.9764312952239057,0.06976718804084457,0.19587230666756356,-0.9802226827530596,-0.008497677277348691,0.026931787501253843,0.5923066754969484,-0.15736417262125607,-0.12891515920480728,-0.3872936365329425,0.12548644890391744,0.03365654435096364,0.624324299981002,0.16711199720299214,0.017794426657854818,-0.36984812203222234,0.053110591323606744,-0.21094579172483752
0.33468496606845527,0.9764335031444242,0.06982821966326591,0.1958484000200263,-0.9802272796566287,-0.008458103225751756,0.026950786934403503,0.5925892711072597,-0.15752136695034247,-0.1288450772499057,-0.38785392457562456,0.12550675387453428,0.033487194882452484,0.6242756526141573,0.1669268280957894,0.017969859663188613,-0.3697379146617032,0.0531597793074179,-0.21070007431915425
0.3346537844326526,0.9764288527601725,0.06983480476858606,0.19578371995234217,-0.9802408708237524,-0.008473716664281069,0.026921483878267042,0.5924240724897007,-0.15747773063373066,-0.12891324853983976,-0.3878691883544582,0.12568680100615937,0.03345431467200504,0.6239490814893496,0.1669955630060466,0.017810622301566575,-0.36953746238656426,0.053775347037868265,-0.21080986103001984
0.33460986975911544,0.9764286318533628,0.06980356686681807,0.19585815808147186,-0.9802257669097569,-0.008494765296616757,0.02692334974826538,0.5925272584096825,-0.1573873495260298,-0.1289035251221607,-0.38790314927224673,0.1257223681627303,0.03342101663136541,0.6241016019516442,0.16707676911033215,0.017647087322396126,-0.3695612533417118,0.0538189759974608,-0.21101075220778265
0.33455056955486906,0.9764100638119428,0.0697854815251511,0.19593393286266036,-0.9802103070776329,-0.008542777016102367,0.02691967333747282,0.5926320341696425,-0.15727633718278572,-0.1287966198593717,-0.3878806725163347,0.12588518004749924,0.03339647595981389,0.6241511206429721,0.1671919044061614,0.017778620603372784,-0.36946903116839386,0.05390541109366055,-0.2111836146692543
0.3345219028805937,0.9764280173159725,0.06978477967771682,0.1959848578390046,-0.9802010863350589,-0.008489180447358337,0.026901666504657203,0.5927586076650887,-0.15739828504440456,-0.12881541061868304,-0.387881269195255,0.12552969665944524,0.033374786086054306,0.6241406682869151,0.1670928896930974,0.017826187533308897,-0.3693378181246732,0.05380487473244071,-0.21116448370856933
0.33449203086671153,0.9764357655665556,0.06975311747525312,0.19606668942502156,-0.9801855913974583,-0.008398029776215258,0.02689856521461182,0.5929000234277058,-0.1575396915692573,-0.12879184726122866,-0.38789243239996424,0.12568334714116522,0.033353186977502745,0.6243149793787814,0.16692707124474698,0.017900525619629775,-0.36939116813326445,0.05348105507298612,-0.21120556438202348
0.3344446008018274,0.9764308847522496,0.06972369613719873,0.19617376238252401,-0.9801634525420693,-0.008441166542105784,0.026911112219753782,0.5927309164199297,-0.15746997009035205,-0.1289096323571127,-0.38741433891620236,0.12605666514249259,0.033862398038643104,0.6245308317630971,0.16701211454984485,0.017678154458602515,-0.36944489538849246,0.05289503437956111,-0.21093284769921486
0.33437038742777925,0.9763955717883526,0.06973970775285283,0.19617639474844795,-0.9801624399728951,-0.00844916696718559,0.026926288036833296,0.5929049579029466,-0.15744525695359995,-0.12887916214767106,-0.38781632347736994,0.1260638158580081,0.03360524664512107,0.6243748803493496,0.16704040065062872,0.0177233179452265,-0.36925644778869476,0.05356900144453369,-0.211000681102343
0.33435534306552117,0.9764101543250042,0.06972755464197836,0.19608996311041121,-0.9801784268860708,-0.008446913870031434,0.026974570998949017,0.5926994443703901,-0.15745835655168147,-0.12895284200969004,-0.3879049315694583,0.12615388837683172,0.033534126290273726,0.6241970423867075,0.16702401539029407,0.017843417252827988,-0.3692583650798757,0.05377558349454606,-0.21098398035772248
0.33432352706843316,0.9764257756315182,0.06969276178285211,0.19618947928274355,-0.980158797007257,-0.008439163635082684,0.02696667174852966,0.5925350415791764,-0.1574641574497662,-0.12879602546866836,-0.38715061212839186,0.12582839992946895,0.03414170020765075,0.6244655898644692,0.1670325087432786,0.017753249436622792,-0.3694852545896206,0.05310825264158276,-0.21079344258954325
0.3342740197927601,0.9764098642521037,0.06973187896726722,0.19616763347424593,-0.9801626771419064,-0.008444073549198794,0.026983023126040725,0.5926516914255615,-0.15747395336996997,-0.12891515216474833,-0.38755190696495895,0.125902470534118,0.03411507213734336,0.624298231840998,0.1669987514647261,0.017932683394582632,-0.36931105212355936,0.053624219388652736,-0.21077320859153417
0.33418820932891546,0.9764018033907875,0.06972907917287179,0.1962318436124924,-0.980147394503026,-0.00847323320619413,0.02706201988775227,0.5925654115813673,-0.15743856089455494,-0.12911643686932303,-0.3874620557438061,0.1262731733416536,0.03385599528183541,0.6242981233691497,0.16701102831983328,0.017730147214501557,-0.36916850765550563,0.053831272847982024,-0.21097463424338705
0.3341832555300268,0.9764271320115954,0.06974144713723643,0.19624388237489668,-0.9801459097225701,-0.008387083503959674,0.027055334313971304,0.5926543430963362,-0.15763587944747898,-0.12915250588519592,-0.3875696437135946,0.1261388769239668,0.033901608713758226,0.6243977367861583,0.16679086462737489,0.017682386012272042,-0.36940492429905536,0.05309772539969772,-0.2107031855546316
0.33413100491083475,0.9764212235808302,0.06973461166185896,0.19630859351491536,-0.9801310561115775,-0.0083870174074585,0.027123917431049263,0.592654469858882,-0.15766992810067668,-0.12926593901454492,-0.38744553001882304,0.126091439508603,0.03390761009838365,0.6244833256334196,0.16677878576137933,0.01773197333096777,-0.369333774347249,0.05300023330975328,-0.21060486011682514
0.3340954754889867,0.9764111323628822,0.06973249524941566,0.1963555415116113,-0.9801224130465844,-0.008442060317343807,0.027079297978724035,0.5927406146227355,-0.1575330102226228,-0.12923123786925458,-0.3874538525594815,0.12608221062494462,0.033841246318374305,0.6244456996568148,0.1669517920052751,0.01770653938522039,-0.369135158423749,0.05365472717729725,-0.21082999682380454
0.3340606629875656,0.9764169705435608,0.06972960167166897,0.19632970342283151,-0.980126758582893,-0.008403358152457614,0.027121361238995688,0.5928157703907695,-0.15763046648317489,-0.12883435537602722,-0.3879475689172103,0.12623735485074727,0.033844447031858724,0.6243068117501219,0.16685577937758944,0.017786387207666513,-0.36900182294222494,0.05373751206041811,-0.21100389200677516
0.3339141328659815,0.9763804618130608,0.06970879191230665,0.1964282267803544,-0.9801081363129778,-0.008408736316529792,0.027079254247226438,0.5928866393147714,-0.15753864167877962,-0.12880423416938272,-0.387877055091889,0.12645890675232585,0.03380267113755767,0.6242317095743077,0.16693601693637158,0.017973176659670558,-0.368842403704349,0.054061041880940124,-0.2111782714350856
0.3338706167130251,0.9764104924293571,0.06973448451941787,0.19657151809027631,-0.9800769465213214,-0.00846867466304222,0.027149562106572638,0.593075085590223,-0.1574657681581565,-0.12899845559936846,-0.38771078131917847,0.12614206068097808,0.03353812032478654,0.624490474487695,0.1669525586512864,0.017696447257738303,-0.3687042555957224,0.053949886739311254,-0.21123056959835768
0.333835718968491,0.9763990738875069,0.06975801975566097,0.19661055565208785,-0.9800703733046846,-0.00848285236029622,0.027099704655709368,0.5931143144262498,-0.15746122694140727,-0.12901140177709253,-0.3876987447708353,0.12615513507797213,0.033350249863935345,0.6244363612946993,0.1670027295812943,0.0179875538241641,-0.3685458563521918,0.05397289006301055,-0.21137949155948832
0.3337309194988945,0.976383876415606,0.0697004788487169,0.1966330168684553,-0.9800637965398995,-0.008394736381617186,0.027201834314828116,0.5930023516269446,-0.15757745721566413,-0.12903931512219527,-0.3876995486820282,0.12659170503053713,0.03321783430363717,0.624466766455448,0.16685305223846683,0.017771823039765787,-0.36871236853554196,0.054084451750199346,-0.2113822722840858
0.33383843045285033,0.9764389054965134,0.06973323673848802,0.19664386171365306,-0.9800619753675128,-0.008382186871984509,0.027192922467318498,0.5927987622958698,-0.15767454527175942,-0.12926915590764212,-0.3870339871127465,0.1261162782552985,0.03342010572205003,0.6247424527802875,0.16673875480324735,0.017506748443580033,-0.36898351390010914,0.05309338816686503,-0.21113576461429617
0.33377868328104193,0.9764085302416354,0.06976933991398573,0.19664545131870367,-0.9800634335472681,-0.008353574065376974,0.027137621478993842,0.5930451177645412,-0.15774195746263767,-0.12911809555894,-0.38753864131436355,0.1261362201040181,0.03311192234566249,0.6245348563203552,0.16668940782468164,0.01777943772940144,-0.36873473041838106,0.05373557488611409,-0.21126451918132577
0.33363795767475307,0.9763976820128618,0.06975083900512898,0.19670853229635402,-0.9800471925049226,-0.00842944522706924,0.027243315477329243,0.5929676566326754,-0.15759064126771585,-0.12916574575184203,-0.38751279820901546,0.12615870870153204,0.03305253247753033,0.6244451621276667,0.16683236085084455,0.017786832871006235,-0.3684719472928002,0.05395493488891605,-0.21148127709845405
