,,Lowerbody:LIAS,,,Lowerbody:RIAS,,,Lowerbody:LIPS,,,Lowerbody:RIPS,,,Lowerbody:LFLE,,,Lowerbody:LFAL,,,Lowerbody:LFCC,,,Lowerbody:RFLE,,,Lowerbody:RFAL,,,Lowerbody:RFCC,,,Lowerbody:LFME,,,Lowerbody:LTAM,,,Lowerbody:LFM5,,,Lowerbody:LFM1,,,Lowerbody:RFM5,,,Lowerbody:RFM1,,,Lowerbody:RTAM,,,Lowerbody:RFME,,
1,0,232.42627,-231.373657,1072.32373,262.924988,46.166779,1076.64624,423.926178,-149.184875,1068.067993,422.271881,-60.617931,1070.342773,290.040924,-265.577942,527.554382,387.946564,-315.332123,101.301338,436.151123,-271.728516,71.325989,315.126892,77.015495,522.968628,411.795044,131.530289,103.069122,446.31427,88.046593,75.284424,308.91452,-179.273117,504.62735,361.563934,-230.205643,109.963203,258.329071,-332.4729,47.788578,222.306091,-266.673065,63.754192,274.262024,165.958801,51.40015,229.184906,101.7994,62.24699,374.315247,51.959511,109.445374,316.194122,-8.190744,505.175598
2,0,232.329163,-231.363693,1072.320801,262.864807,46.155342,1076.650513,423.849976,-149.174072,1068.071411,422.177399,-60.631187,1070.322998,289.9935,-265.559418,527.561157,387.968445,-315.348877,101.354149,436.173309,-271.721527,71.322975,315.102478,77.027115,522.958313,411.797058,131.537415,103.090904,446.303436,88.033485,75.290138,308.868103,-179.248596,504.641846,361.547119,-230.205139,109.942368,258.308655,-332.474854,47.810547,222.288834,-266.674927,63.738152,274.273773,165.966217,51.388451,229.172745,101.801918,62.23954,374.35257,51.977047,109.451927,315.889648,-8.272825,505.0112
3,0,232.287262,-231.34697,1072.299683,262.807373,46.162529,1076.657104,423.841492,-149.186127,1068.057617,422.118378,-60.599777,1070.361206,289.956635,-265.548218,527.552917,387.935944,-315.31601,101.325653,436.156464,-271.731018,71.334068,315.089996,77.040993,522.970337,411.812714,131.518814,103.088356,446.322388,88.042412,75.302002,308.832733,-179.255188,504.629974,361.548218,-230.16893,109.98671,258.328552,-332.36972,47.89954,222.293564,-266.687622,63.742085,274.290741,165.959259,51.392181,229.19191,101.813553,62.246021,374.324188,51.915955,109.47509,316.134125,-8.201275,505.188934
4,0,232.218567,-231.322311,1072.287231,262.761444,46.164261,1076.653564,423.741547,-149.186752,1068.077271,422.056549,-60.639347,1070.361206,289.904449,-265.544983,527.543091,387.972748,-315.335327,101.345497,436.14505,-271.723694,71.331169,315.080688,77.028625,522.961609,411.813629,131.531372,103.093094,446.316284,88.032326,75.298851,308.796661,-179.25824,504.611084,361.54126,-230.201599,109.975418,258.31427,-332.365814,47.905334,222.277283,-266.664276,63.759155,274.284485,165.952103,51.38755,229.17923,101.79908,62.23666,374.385406,51.947708,109.4618,316.156647,-8.181513,505.163483
5,0,232.182663,-231.316574,1072.287964,262.740509,46.164215,1076.65271,423.709015,-149.173981,1068.087891,422.032257,-60.60194,1070.386963,289.819366,-265.541321,527.530457,387.950928,-315.350067,101.348267,436.18924,-271.744568,71.344353,315.05011,77.031189,522.964966,411.818665,131.510818,103.084557,446.324036,88.039261,75.297432,308.733948,-179.239014,504.612976,361.558105,-230.181259,110.004951,258.290405,-332.386505,47.925877,222.292191,-266.662201,63.739845,274.286774,165.979507,51.392109,229.182678,101.800362,62.249828,374.321838,51.926594,109.460358,316.177032,-8.146197,505.159912
6,0,232.063843,-231.312683,1072.282593,262.632568,46.170162,1076.640991,423.477356,-149.079636,1068.086426,421.952301,-60.607323,1070.390625,289.843079,-265.541412,527.53125,387.941498,-315.3349,101.348038,436.15979,-271.742737,71.337173,315.022247,77.036362,522.955627,411.790253,131.50029,103.086761,446.324005,88.04657,75.313728,308.685638,-179.26593,504.624481,361.520691,-230.221024,109.989075,258.340149,-332.370331,47.939575,222.293335,-266.67627,63.727379,274.2836,165.956924,51.394936,229.177887,101.794434,62.230381,374.323456,51.940334,109.479744,316.107117,-8.156931,505.178223
7,0,232.014969,-231.2957,1072.28064,262.585175,46.173458,1076.637329,423.394196,-149.089523,1068.076416,421.887817,-60.595211,1070.377319,289.753754,-265.551453,527.511047,387.939911,-315.355896,101.379723,436.138702,-271.706024,71.342163,314.992706,77.048332,522.970581,411.766266,131.515427,103.09362,446.302277,88.021538,75.299232,308.651733,-179.233948,504.608154,361.503479,-230.172668,110.000061,258.36264,-332.458191,47.814034,222.301971,-266.670959,63.722454,274.266235,165.955109,51.390728,229.185562,101.801407,62.241283,374.346436,51.903564,109.471718,316.091553,-8.148818,505.172028
8,0,231.919357,-231.279251,1072.273193,262.519287,46.167931,1076.639038,423.337738,-149.100677,1068.082275,421.837219,-60.592228,1070.406006,289.737244,-265.529327,527.543701,387.962921,-315.34729,101.377892,436.167023,-271.672272,71.364555,314.968597,77.039772,522.967651,411.801208,131.507233,103.098763,446.279633,88.013252,75.295647,308.621704,-179.250336,504.606262,361.514709,-230.144852,110.008133,258.33725,-332.442902,47.848278,222.294952,-266.665222,63.721134,274.266174,165.950989,51.374046,229.168808,101.812416,62.249718,374.273926,51.885269,109.494995,316.058197,-8.152127,505.182678
9,0,231.846008,-231.291763,1072.245605,262.455994,46.161705,1076.638672,423.287537,-149.090683,1068.077271,421.74527,-60.558315,1070.401733,289.721008,-265.565979,527.524902,387.783356,-315.221741,101.312645,436.02597,-271.547913,71.340012,314.94455,77.049339,522.960693,411.766846,131.482269,103.096268,446.283691,88.030624,75.303703,308.580841,-179.268982,504.611725,361.508667,-230.129761,110.009674,258.335205,-332.44809,47.810482,222.268967,-266.654266,63.708923,274.285004,165.937698,51.377354,229.164276,101.800049,62.249962,374.373749,51.923332,109.434456,316.073151,-8.134029,505.177307
10,0,231.776489,-231.277603,1072.239868,262.36731,46.16114,1076.633789,423.183075,-149.091644,1068.098389,421.65976,-60.559536,1070.422729,289.664612,-265.507416,527.528015,387.777954,-315.202576,101.294418,436.010834,-271.52005,71.336662,314.916321,77.050926,522.971069,411.800812,131.490204,103.09668,446.281464,88.06517,75.298332,308.548615,-179.254898,504.601776,361.532379,-230.162964,109.975418,258.318298,-332.47345,47.813824,222.281509,-266.651031,63.717625,274.285126,165.954208,51.372925,229.176788,101.80407,62.24712,374.35083,51.872765,109.482376,316.017792,-8.148711,505.168671
11,0,231.723694,-231.288559,1072.21582,262.296967,46.144989,1076.641113,423.095428,-149.064514,1068.098633,421.595764,-60.564442,1070.412598,289.656006,-265.550232,527.527161,387.759583,-315.167236,101.327484,436.030762,-271.53894,71.368858,314.882019,77.052605,522.950989,411.779205,131.466446,103.101585,446.282562,88.041573,75.315201,308.536316,-179.268707,504.588196,361.497864,-230.153076,109.974564,258.307861,-332.495667,47.849815,222.249191,-266.654755,63.71241,274.273499,165.947205,51.391773,229.176651,101.795074,62.24688,374.393677,51.879623,109.42794,315.952698,-8.123556,505.085999
12,0,231.620346,-231.293091,1072.201904,262.175262,46.140358,1076.621216,423.041748,-149.082794,1068.089111,421.521729,-60.574863,1070.398804,289.656403,-265.522644,527.550415,387.790344,-315.184418,101.351517,436.035431,-271.546997,71.358803,314.849213,77.051071,522.94873,411.741211,131.473389,103.096931,446.305573,88.043808,75.329941,308.539337,-179.282104,504.610352,361.469604,-230.104584,110.004585,258.309998,-332.499817,47.839451,222.272995,-266.66983,63.698849,274.288727,165.955597,51.408222,229.172897,101.801216,62.240417,374.347748,51.911057,109.382607,315.952576,-8.156537,505.161713
13,0,231.572205,-231.288803,1072.206543,262.094391,46.14423,1076.633911,422.969086,-149.077606,1068.107666,421.461578,-60.532383,1070.447754,289.686218,-265.504761,527.540833,387.728638,-315.170624,101.337975,436.036865,-271.528076,71.379807,314.831848,77.059555,522.960632,411.74057,131.458038,103.099525,446.258362,88.052551,75.324875,308.522919,-179.28418,504.613403,361.529175,-230.123093,109.995338,258.346832,-332.520203,47.743923,222.246948,-266.670471,63.715248,274.28183,165.937912,51.384735,229.166901,101.794342,62.240566,374.340576,51.817219,109.466064,315.922485,-8.143961,505.154297
14,0,231.509842,-231.288483,1072.196777,262.012878,46.137413,1076.627563,422.919952,-149.081146,1068.137939,421.351196,-60.518539,1070.452271,289.66391,-265.512848,527.545532,387.797821,-315.175079,101.327759,436.057434,-271.512665,71.392021,314.773834,77.050346,522.951477,411.744476,131.459625,103.114525,446.26889,88.054955,75.344368,308.519836,-179.224167,504.602417,361.490448,-230.122559,110.027008,258.347504,-332.493469,47.847244,222.257309,-266.637665,63.709042,274.277679,165.953094,51.402843,229.170059,101.788818,62.24675,374.383789,51.832264,109.484566,315.699554,-8.20631,505.043213
15,0,231.431229,-231.279846,1072.156128,261.915558,46.132896,1076.622314,422.836792,-149.060349,1068.139038,421.29245,-60.537197,1070.409424,289.608398,-265.54895,527.519409,387.795227,-315.174683,101.373299,436.038879,-271.502716,71.391373,314.741638,77.044937,522.953857,411.778229,131.466995,103.13118,446.271454,88.033005,75.340858,308.537384,-179.272583,504.595947,361.481934,-230.139587,109.991379,258.332733,-332.474487,47.882172,222.24614,-266.649078,63.693291,274.27655,165.945389,51.393894,229.176376,101.791084,62.246822,374.357483,51.835339,109.420181,315.864014,-8.120494,505.156769
16,0,231.340515,-231.27417,1072.145508,261.827759,46.104328,1076.605591,422.767487,-149.059189,1068.135376,421.219025,-60.523243,1070.446411,289.635559,-265.533325,527.536133,387.888092,-315.318085,101.401169,436.150269,-271.608978,71.411072,314.650665,77.040237,522.940186,411.74173,131.443359,103.150986,446.275696,88.016068,75.348373,308.524292,-179.284271,504.611542,361.493256,-230.139145,110.017899,258.348297,-332.504974,47.791672,222.275314,-266.66568,63.71727,274.263794,165.952484,51.397449,229.154617,101.785759,62.236069,374.330658,51.825741,109.521317,315.778076,-8.124278,505.150726
17,0,231.311371,-231.284637,1072.156372,261.749207,46.104637,1076.616943,422.710022,-149.021912,1068.144775,421.188965,-60.503498,1070.505249,289.641266,-265.560242,527.515625,387.917542,-315.303894,101.403938,436.160858,-271.620941,71.409607,314.598816,77.049736,522.947205,411.736572,131.431091,103.135605,446.262268,88.032822,75.347549,308.505463,-179.206314,504.595947,361.496063,-230.123169,110.04895,258.346405,-332.48349,47.848454,222.256546,-266.682312,63.681679,274.256622,165.957352,51.395302,229.154144,101.813469,62.242786,374.386658,51.856659,109.476387,315.696014,-8.158254,505.172913
18,0,231.23764,-231.29657,1072.134888,261.661285,46.101852,1076.607544,422.657684,-149.03949,1068.17749,421.104858,-60.507088,1070.432861,289.622894,-265.550446,527.516724,387.882355,-315.299713,101.399406,436.154175,-271.617432,71.415115,314.513702,77.035706,522.963623,411.738495,131.43837,103.134148,446.281036,88.020844,75.358864,308.540222,-179.275742,504.591034,361.49234,-230.121109,110.018661,258.340851,-332.445404,47.901852,222.26001,-266.631073,63.712597,274.284668,165.953537,51.399155,229.151642,101.808098,62.22839,374.344391,51.863331,109.495461,315.632446,-8.127436,505.14032
19,0,231.206833,-231.276978,1072.137939,261.594177,46.071198,1076.602295,422.592773,-149.028793,1068.170532,421.053101,-60.492191,1070.470337,289.646942,-265.545868,527.519775,387.925354,-315.297394,101.382843,436.153595,-271.618164,71.405922,314.430969,77.023277,522.960022,411.717712,131.411758,103.165497,446.258759,87.996704,75.356796,308.523132,-179.26004,504.600464,361.50174,-230.151627,110.00486,258.331116,-332.491882,47.832703,222.253479,-266.672729,63.686924,274.287567,165.945511,51.384022,229.157516,101.804329,62.243553,374.311401,51.815479,109.443832,315.548737,-8.134092,505.174591
20,0,231.185806,-231.296051,1072.113159,261.463989,46.052475,1076.601685,422.515015,-149.054672,1068.194092,421.007385,-60.504803,1070.482666,289.613495,-265.552612,527.519592,387.805481,-315.178375,101.375832,436.051697,-271.501617,71.417816,314.351379,77.037811,522.948059,411.733215,131.425018,103.165413,446.244507,87.991669,75.404839,308.521362,-179.27301,504.596527,361.471191,-230.149902,110.032463,258.346741,-332.485413,47.823795,222.263107,-266.681427,63.705482,274.266022,165.955734,51.389778,229.150192,101.794937,62.215771,374.317291,51.804855,109.518867,315.383698,-8.128044,505.087799
21,0,231.111343,-231.313141,1072.113159,261.400879,46.034367,1076.618408,422.48996,-149.071915,1068.189697,420.858124,-60.503773,1070.438232,289.629242,-265.555969,527.511353,387.916718,-315.266327,101.395584,436.113098,-271.601105,71.403702,314.257599,77.03476,522.945679,411.705658,131.39566,103.151947,446.216187,87.981117,75.383247,308.48468,-179.293121,504.599976,361.49649,-230.124924,110.048698,258.326416,-332.512543,47.861553,222.262665,-266.682434,63.705021,274.254303,165.946548,51.401817,229.13945,101.791954,62.22089,374.31369,51.828274,109.428482,315.338196,-8.151751,505.198883
22,0,231.149643,-231.333939,1072.098633,261.322113,46.019207,1076.633179,422.562531,-149.082581,1068.216553,420.802917,-60.469212,1070.429077,289.642609,-265.535217,527.514832,387.950287,-315.257446,101.42263,436.151672,-271.612274,71.416382,314.180817,77.04377,522.949768,411.689606,131.390274,103.17524,446.239807,87.979973,75.395287,308.468353,-179.293777,504.601471,361.500244,-230.159058,110.014374,258.360474,-332.521271,47.785244,222.257233,-266.670868,63.67112,274.252411,165.959198,51.416195,229.124756,101.772293,62.196602,374.276093,51.786411,109.492874,315.294647,-8.132526,505.204071
23,0,230.995163,-231.322815,1072.11499,261.228821,45.987846,1076.63623,422.466583,-149.100937,1068.24707,420.755066,-60.437447,1070.47876,289.601135,-265.564453,527.534302,387.77594,-315.167419,101.36673,436.063965,-271.493713,71.408638,314.106079,77.050171,522.943237,411.70163,131.384979,103.173943,446.235565,87.975433,75.417351,308.477448,-179.29628,504.615845,361.454926,-230.094315,110.031021,258.329956,-332.44632,47.900227,222.251328,-266.673889,63.680687,274.272522,165.946625,51.394253,229.116318,101.787308,62.217834,374.240143,51.745716,109.514915,315.223907,-8.12418,505.205444
24,0,230.980087,-231.349014,1072.089722,261.148804,45.969608,1076.616211,422.302185,-149.010803,1068.257324,420.704102,-60.459099,1070.491699,289.66452,-265.56488,527.518494,387.791016,-315.167358,101.376831,436.044128,-271.486084,71.412231,314.028809,77.038689,522.943176,411.685638,131.397614,103.188354,446.22171,87.953125,75.435875,308.4729,-179.309631,504.597961,361.477051,-230.123856,110.02095,258.333313,-332.473541,47.822189,222.253204,-266.65863,63.675411,274.26825,165.940582,51.393898,229.124756,101.779419,62.197803,374.304901,51.808067,109.504097,315.188446,-8.131387,505.199677
25,0,230.951996,-231.372482,1072.090576,261.041412,45.949978,1076.622681,422.333038,-149.09433,1068.286499,420.645996,-60.42366,1070.523926,289.639984,-265.556885,527.517944,387.748566,-315.147827,101.371315,436.018188,-271.480682,71.405441,313.991211,77.037315,522.938904,411.674194,131.36499,103.208488,446.223145,87.937119,75.456276,308.46875,-179.302139,504.60083,361.485504,-230.138733,110.035263,258.318665,-332.502808,47.825115,222.286179,-266.648773,63.69249,274.257324,165.9505,51.385582,229.12207,101.793488,62.198883,374.256897,51.721939,109.445518,315.128693,-8.110326,505.198608
26,0,230.954712,-231.318604,1072.021118,260.971649,45.932339,1076.638184,422.22049,-149.020676,1068.28064,420.555481,-60.454475,1070.531128,289.658722,-265.589905,527.543152,387.744263,-315.137848,101.36573,436.022522,-271.458344,71.414459,313.925507,77.014076,522.957214,411.678894,131.359482,103.227013,446.219513,87.918221,75.461151,308.488312,-179.318283,504.606262,361.4375,-230.09288,110.050659,258.318024,-332.511932,47.778412,222.280762,-266.687866,63.660442,274.252411,165.946014,51.384209,229.125244,101.775162,62.196606,374.245544,51.738693,109.438972,315.069763,-8.124248,505.216553
27,0,230.958359,-231.375259,1072.038208,260.904205,45.885517,1076.630127,422.260895,-149.093719,1068.307129,420.487671,-60.461617,1070.523804,289.636658,-265.600403,527.52832,387.793762,-315.138275,101.358414,436.033905,-271.434479,71.409164,313.888245,76.999222,522.953735,411.684235,131.347488,103.223373,446.224945,87.919533,75.459442,308.482819,-179.327988,504.613342,361.461639,-230.119186,110.083359,258.313812,-332.508575,47.81221,222.278305,-266.6745,63.671894,274.264557,165.930252,51.391964,229.115387,101.785042,62.2038,374.234924,51.760265,109.487305,314.961731,-8.136834,505.126343
28,0,230.810822,-231.373657,1072.026855,260.840637,45.875519,1076.629761,422.17807,-149.119492,1068.305786,420.461182,-60.467896,1070.533691,289.656189,-265.573151,527.506042,387.802612,-315.153503,101.406006,436.043884,-271.453979,71.42189,313.840851,76.974915,522.954956,411.670654,131.335556,103.244385,446.211853,87.91713,75.468208,308.484833,-179.336029,504.600586,361.525848,-230.188019,109.974159,258.329346,-332.460632,47.844742,222.258972,-266.668365,63.697643,274.243103,165.932022,51.394341,229.115967,101.772255,62.189358,374.202362,51.759773,109.496811,314.973572,-8.167957,505.201691
29,0,230.798279,-231.414139,1072.043823,260.7659,45.844948,1076.640503,422.132568,-149.152649,1068.330688,420.378998,-60.517273,1070.53833,289.633636,-265.60733,527.484375,387.870422,-315.248627,101.398628,436.119843,-271.573608,71.421021,313.802338,76.970917,522.944275,411.707581,131.359665,103.243034,446.204926,87.917038,75.439552,308.471283,-179.329391,504.611908,361.472076,-230.141708,110.052711,258.354034,-332.536591,47.774693,222.236679,-266.670593,63.702286,274.243805,165.941467,51.408237,229.100861,101.770622,62.205784,374.15213,51.79155,109.463051,314.977936,-8.150678,505.194244
30,0,230.673279,-231.410324,1072.014404,260.711182,45.826496,1076.617554,421.986725,-149.113312,1068.330566,420.353088,-60.547382,1070.551025,289.577026,-265.6409,527.480286,387.791382,-315.149902,101.392738,436.024567,-271.450073,71.42038,313.800934,76.975632,522.956238,411.676636,131.323761,103.236504,446.216431,87.907173,75.458878,308.479706,-179.338043,504.610718,361.505096,-230.12677,110.011734,258.334595,-332.507538,47.820965,222.240097,-266.639984,63.691772,274.245483,165.931183,51.39415,229.113144,101.764526,62.178383,374.185089,51.748032,109.508957,314.945068,-8.18195,505.192932
31,0,230.670395,-231.450745,1072.003662,260.644867,45.802593,1076.601562,422.042145,-149.191254,1068.337769,420.235382,-60.578068,1070.553955,289.604706,-265.619629,527.508423,387.787109,-315.160828,101.390564,436.046631,-271.461823,71.422272,313.772827,76.951538,522.933289,411.693542,131.336746,103.261154,446.21637,87.899269,75.484207,308.489716,-179.343948,504.584625,361.460876,-230.107071,110.03672,258.32843,-332.447906,47.914696,222.247498,-266.667419,63.675835,274.262909,165.937607,51.39727,229.109024,101.778801,62.193962,374.260284,51.769249,109.492287,314.930145,-8.194632,505.198883
32,0,230.525299,-231.469772,1071.9729,260.607086,45.795326,1076.587769,421.987305,-149.231796,1068.346436,420.177582,-60.603325,1070.564941,289.574493,-265.678589,527.505188,387.768677,-315.166565,101.358162,436.057587,-271.443329,71.519211,313.762756,76.925247,522.924866,411.690399,131.326157,103.259758,446.214539,87.906158,75.473976,308.44928,-179.382339,504.602417,361.464417,-230.12674,110.077744,258.33902,-332.537201,47.780586,222.270157,-266.658234,63.670887,274.245636,165.918121,51.395851,229.117386,101.778328,62.191505,374.199768,51.718246,109.498924,314.751312,-8.259235,505.070099
33,0,230.491455,-231.452072,1071.973267,260.547394,45.76907,1076.572388,421.935394,-149.252426,1068.345825,420.08847,-60.679653,1070.52478,289.521759,-265.682007,527.494873,387.769318,-315.154419,101.379471,436.03064,-271.464172,71.447487,313.761688,76.915596,522.918152,411.678619,131.32843,103.261528,446.22525,87.919838,75.476952,308.438873,-179.398529,504.58252,361.504669,-230.172791,110.027817,258.305939,-332.495575,47.82193,222.263855,-266.674896,63.699074,274.262207,165.93866,51.393471,229.109299,101.789986,62.214211,374.21814,51.712559,109.47467,314.907593,-8.231575,505.174988
34,0,230.400604,-231.466232,1071.947876,260.516602,45.761993,1076.542114,421.871826,-149.292267,1068.337891,420.113129,-60.68713,1070.534546,289.500336,-265.69809,527.457703,387.803955,-315.179321,101.377411,436.047577,-271.456482,71.454872,313.749664,76.914642,522.911194,411.680237,131.3284,103.238548,446.222809,87.899467,75.460754,308.41983,-179.412598,504.589569,361.505371,-230.16037,110.037949,258.337616,-332.519196,47.796246,222.26152,-266.669525,63.680626,274.247742,165.934341,51.393429,229.093811,101.777931,62.20541,374.278931,51.770775,109.469475,314.763763,-8.272549,505.053711
35,0,230.361176,-231.471603,1071.959595,260.492371,45.725868,1076.520264,421.82608,-149.316803,1068.338379,420.081085,-60.713654,1070.531738,289.528778,-265.67392,527.483154,387.794952,-315.186005,101.376152,436.031219,-271.434601,71.444626,313.750427,76.89576,522.901245,411.673645,131.304352,103.234612,446.23642,87.89164,75.471779,308.41629,-179.418732,504.592072,361.448669,-230.093277,110.038803,258.350555,-332.522736,47.85907,222.23671,-266.66571,63.679218,274.261108,165.910858,51.387135,229.12413,101.77787,62.193748,374.230804,51.7682,109.470787,314.880188,-8.249638,505.15741
36,0,230.273834,-231.434433,1071.959595,260.466736,45.730785,1076.514526,421.762421,-149.377197,1068.345703,420.053314,-60.732578,1070.526245,289.516388,-265.682556,527.466309,387.748474,-315.217072,101.3601,436.032898,-271.430756,71.463112,313.738403,76.899544,522.903259,411.678314,131.319412,103.238274,446.228333,87.878296,75.447792,308.404999,-179.444717,504.600769,361.491852,-230.193802,110.021721,258.301147,-332.473999,47.824551,222.260712,-266.648132,63.690186,274.2612,165.921661,51.401855,229.116913,101.77475,62.205364,374.253998,51.754875,109.445312,314.877808,-8.268132,505.145203
37,0,230.193604,-231.467575,1071.948975,260.446564,45.730476,1076.518433,421.73175,-149.401352,1068.326782,419.962769,-60.797546,1070.508179,289.478241,-265.686401,527.467102,387.760193,-315.187103,101.39563,436.045868,-271.461182,71.466377,313.726074,76.893944,522.901917,411.669891,131.319016,103.271828,446.207977,87.89785,75.458298,308.375671,-179.433502,504.594086,361.492798,-230.165543,110.03656,258.306274,-332.503113,47.816444,222.266739,-266.653687,63.706234,274.251312,165.919098,51.401867,229.106491,101.783325,62.181839,374.216888,51.715897,109.516945,314.905762,-8.248936,505.136902
38,0,230.166031,-231.471298,1071.981323,260.442261,45.71104,1076.49292,421.699677,-149.42659,1068.330811,419.945923,-60.844246,1070.535034,289.362976,-265.711487,527.50647,387.764709,-315.189453,101.323334,436.030884,-271.456665,71.455765,313.704071,76.892311,522.907593,411.682098,131.290833,103.237854,446.216461,87.866188,75.48291,308.355347,-179.453217,504.601532,361.432556,-230.096527,110.092911,258.28717,-332.508209,47.829243,222.25116,-266.670898,63.676037,274.26593,165.933304,51.378071,229.112839,101.786507,62.199211,374.210938,51.717819,109.50621,314.888306,-8.25728,505.128387
39,0,230.074005,-231.482513,1071.923584,260.416229,45.697906,1076.494629,421.634369,-149.470871,1068.347168,419.908752,-60.881054,1070.541016,289.387146,-265.704926,527.489075,387.790192,-315.181763,101.388596,436.04248,-271.459381,71.470009,313.694794,76.868401,522.887756,411.686371,131.320145,103.24939,446.200989,87.878136,75.458923,308.322296,-179.455841,504.58902,361.416901,-230.080734,110.084251,258.344849,-332.448914,47.893803,222.246658,-266.641205,63.686317,274.228729,165.917419,51.38699,229.111191,101.776306,62.191021,374.091278,51.570812,109.565331,314.795807,-8.284469,505.13797
40,0,229.95491,-231.514282,1071.997681,260.378296,45.683578,1076.494019,421.567902,-149.519684,1068.320312,419.838318,-60.925755,1070.518188,289.325745,-265.73407,527.463745,387.791962,-315.1828,101.361191,436.015961,-271.436249,71.448586,313.673065,76.859573,522.891052,411.66214,131.274353,103.250565,446.207367,87.870247,75.471413,308.267822,-179.471649,504.599335,361.504211,-230.201401,110.017426,258.29718,-332.471741,47.881092,222.246506,-266.683624,63.687862,274.240479,165.921234,51.379139,229.11113,101.777779,62.191586,374.168304,51.767097,109.47847,314.802795,-8.274179,505.132843
41,0,229.94342,-231.554184,1071.982178,260.361359,45.671299,1076.492188,421.575562,-149.556641,1068.33252,419.806641,-60.916733,1070.508545,289.29184,-265.730011,527.477295,387.894379,-315.282684,101.421013,436.135284,-271.595245,71.478279,313.635193,76.835175,522.902222,411.670105,131.269791,103.253273,446.221527,87.859703,75.475037,308.243286,-179.497849,504.591156,361.457184,-230.173721,110.048378,258.331909,-332.506042,47.827602,222.261383,-266.651642,63.685528,274.247498,165.927826,51.385223,229.109924,101.773872,62.199696,374.137238,51.734207,109.531227,314.76413,-8.302794,505.148102
42,0,229.838715,-231.550735,1071.959351,260.329071,45.668949,1076.493042,421.503754,-149.562561,1068.33728,419.784058,-60.9729,1070.50061,289.239899,-265.773132,527.46051,387.894928,-315.304077,101.430801,436.133728,-271.598022,71.456238,313.618622,76.841019,522.90155,411.669342,131.249237,103.25441,446.198151,87.855804,75.478737,308.199402,-179.496872,504.590942,361.458618,-230.14801,110.04837,258.369385,-332.505707,47.816986,222.257309,-266.658264,63.64798,274.27066,165.938492,51.384178,229.102722,101.791481,62.195652,374.167114,51.692368,109.460083,314.674927,-8.322969,505.147766
43,0,229.811798,-231.569214,1071.943848,260.290985,45.6362,1076.498047,421.482361,-149.598999,1068.33313,419.7836,-60.989185,1070.542114,289.199554,-265.76297,527.450256,387.789795,-315.217651,101.375313,436.037323,-271.472229,71.463516,313.598419,76.825111,522.897644,411.677765,131.274307,103.271492,446.206482,87.821404,75.495087,308.193695,-179.510544,504.598846,361.454651,-230.160706,110.056091,258.331268,-332.530487,47.862423,222.232986,-266.658447,63.664482,274.259003,165.927216,51.388298,229.077164,101.781921,62.18528,374.190033,51.680401,109.446228,314.661774,-8.328923,505.138885
44,0,229.784332,-231.588333,1071.966919,260.266174,45.609421,1076.482666,421.459076,-149.637634,1068.335938,419.698395,-61.031494,1070.52356,289.204163,-265.764893,527.45636,387.85791,-315.279541,101.427345,436.159241,-271.609406,71.477959,313.56723,76.790901,522.898499,411.669525,131.263626,103.271454,446.19458,87.841484,75.511261,308.158844,-179.518387,504.590759,361.442932,-230.129166,110.06501,258.330231,-332.514221,47.823154,222.233856,-266.661072,63.657864,274.24939,165.913925,51.392742,229.095917,101.774376,62.180622,373.989807,51.978844,109.512489,314.62088,-8.345379,505.122833
45,0,229.730499,-231.600311,1071.971558,260.226135,45.617443,1076.480103,421.393402,-149.641663,1068.328369,419.664948,-61.037086,1070.522705,289.162476,-265.784302,527.464478,387.771545,-315.178925,101.365509,436.055695,-271.477081,71.465446,313.544556,76.80706,522.896912,411.644531,131.252121,103.305977,446.186707,87.839821,75.506279,308.144836,-179.525055,504.599091,361.474762,-230.175858,110.027565,258.319061,-332.467438,47.901314,222.249481,-266.660461,63.670238,274.247864,165.915344,51.384354,229.086395,101.769218,62.191814,374.032196,51.849083,109.522102,314.648071,-8.327659,505.131317
46,0,229.728577,-231.67012,1071.947144,260.188721,45.59697,1076.472168,421.371277,-149.646042,1068.308472,419.665924,-61.075672,1070.526367,289.105957,-265.775024,527.500549,387.787689,-315.190735,101.388947,436.02536,-271.468201,71.454178,313.519409,76.791046,522.891907,411.66571,131.253952,103.264725,446.212189,87.830963,75.510918,308.145599,-179.545441,504.586212,361.444733,-230.142685,110.040085,258.32605,-332.520416,47.831219,222.220505,-266.631836,63.675053,274.260468,165.906387,51.391865,229.094666,101.786041,62.186367,374.019928,51.812096,109.465424,314.57135,-8.365394,505.118896
47,0,229.674866,-231.669662,1071.954712,260.157349,45.569588,1076.4823,421.352783,-149.677475,1068.292847,419.651031,-61.063919,1070.52356,289.184448,-265.766632,527.444397,387.796387,-315.164124,101.375443,436.043549,-271.489288,71.461441,313.496094,76.778481,522.895447,411.66745,131.222305,103.283134,446.19928,87.813744,75.530922,308.113098,-179.552979,504.608337,361.467682,-230.12796,110.058113,258.328125,-332.510834,47.838078,222.245956,-266.674683,63.655071,274.240417,165.914459,51.403854,229.078644,101.772667,62.184917,374.0383,51.850307,109.50676,314.48642,-8.35807,505.04483
48,0,229.635956,-231.694489,1071.939819,260.125854,45.563007,1076.477295,421.323303,-149.702637,1068.297241,419.60556,-61.114628,1070.509766,289.095978,-265.822815,527.458313,387.755554,-315.230103,101.393288,436.038483,-271.490143,71.481644,313.45697,76.792427,522.895691,411.668365,131.232666,103.265381,446.189148,87.809296,75.520111,308.116302,-179.561356,504.604462,361.476593,-230.197968,110.054558,258.325439,-332.508911,47.835506,222.241226,-266.693909,63.649834,274.24585,165.902344,51.390629,229.08255,101.770622,62.180874,374.050476,51.805889,109.458847,314.540924,-8.332479,505.121521
49,0,229.587601,-231.701248,1071.96875,260.105225,45.54792,1076.473389,421.294434,-149.71701,1068.291138,419.550934,-61.111904,1070.512085,289.106262,-265.771271,527.460693,387.875854,-315.290924,101.394257,436.15329,-271.575592,71.505707,313.406464,76.767715,522.883545,411.66629,131.230713,103.310844,446.207031,87.810944,75.5215,308.102264,-179.570404,504.602844,361.477295,-230.188446,110.060883,258.321625,-332.494904,47.795261,222.248093,-266.701508,63.64212,274.248535,165.923965,51.404144,229.082993,101.78093,62.190277,374.016815,51.775875,109.486755,314.479095,-8.370783,505.1185
50,0,229.606445,-231.694794,1071.978027,260.101654,45.535187,1076.45752,421.258179,-149.708221,1068.289062,419.577667,-61.090763,1070.501831,289.130371,-265.806976,527.419434,387.880096,-315.306396,101.374336,436.156647,-271.584106,71.500984,313.382721,76.762268,522.876526,411.647827,131.220901,103.280846,446.187317,87.811371,75.489006,308.095764,-179.570663,504.606018,361.494049,-230.154022,110.080246,258.304199,-332.541168,47.84079,222.239502,-266.654846,63.665928,274.233826,165.917648,51.399357,229.079376,101.774803,62.179668,374.03299,51.782856,109.480095,314.433197,-8.372773,505.115692
51,0,229.545303,-231.704391,1071.957886,260.07843,45.52013,1076.443481,421.244537,-149.723495,1068.27832,419.522766,-61.124779,1070.481079,289.154694,-265.787415,527.420837,387.770386,-315.191986,101.377014,436.067963,-271.488495,71.480286,313.364777,76.780556,522.872681,411.662445,131.222168,103.278381,446.174988,87.811951,75.497589,308.093201,-179.558533,504.609406,361.507202,-230.213394,110.015396,258.316254,-332.499451,47.797279,222.22377,-266.66037,63.65361,274.244324,165.891968,51.40596,229.096771,101.78437,62.184151,374.051544,51.774105,109.488136,314.396362,-8.373164,505.104431
52,0,229.519196,-231.747284,1071.911987,260.057556,45.507595,1076.429077,421.222595,-149.731277,1068.285889,419.513153,-61.155666,1070.482422,289.070892,-265.836487,527.416138,387.733734,-315.210754,101.357445,436.032349,-271.483337,71.450439,313.312866,76.764709,522.871399,411.659241,131.206207,103.270493,446.202301,87.811501,75.501923,308.082581,-179.559479,504.597717,361.472107,-230.170151,110.059761,258.286896,-332.433136,47.866859,222.251404,-266.659302,63.677013,274.254669,165.895737,51.39286,229.084732,101.771263,62.174824,374.050995,51.754257,109.463165,314.41272,-8.359536,505.08606
53,0,229.506287,-231.736588,1071.917114,260.061798,45.488754,1076.427368,421.18573,-149.746994,1068.256592,419.473633,-61.168068,1070.46167,289.12085,-265.806213,527.415771,387.764008,-315.19754,101.351791,436.041595,-271.515656,71.475914,313.27005,76.766777,522.859009,411.631989,131.213745,103.271996,446.203827,87.812714,75.516907,308.071625,-179.588455,504.607513,361.482849,-230.176285,110.055702,258.313995,-332.470215,47.814281,222.240417,-266.645264,63.679298,274.25238,165.896423,51.417667,229.080933,101.764404,62.189419,374.049408,51.715012,109.469597,314.347076,-8.382947,505.095123
54,0,229.498871,-231.756439,1071.917603,260.027191,45.491455,1076.435181,421.179749,-149.767639,1068.260498,419.456696,-61.201584,1070.441528,289.102539,-265.824829,527.432678,387.785736,-315.174011,101.361076,436.044556,-271.517487,71.466293,313.248535,76.769753,522.860657,411.634735,131.219528,103.301384,446.17627,87.830933,75.495361,308.042053,-179.587555,504.592346,361.43808,-230.139648,110.094543,258.334412,-332.49469,47.826756,222.256287,-266.648224,63.667423,274.237823,165.906143,51.393871,229.075897,101.767509,62.177238,374.125519,51.774952,109.458336,314.304718,-8.384264,505.088928
55,0,229.480957,-231.798157,1071.93335,260.020996,45.482052,1076.418945,421.178558,-149.792801,1068.262817,419.448853,-61.236969,1070.452515,289.064758,-265.850128,527.415466,387.794403,-315.211029,101.385574,436.015167,-271.453033,71.457848,313.202728,76.765961,522.86145,411.647461,131.198639,103.2939,446.19693,87.805466,75.521973,308.04657,-179.566635,504.606964,361.418549,-230.128235,110.080193,258.330994,-332.46814,47.828598,222.255188,-266.652435,63.674904,274.271027,165.906799,51.395901,229.089935,101.75872,62.175194,374.080109,51.483685,109.646317,314.255585,-8.404781,505.046967
56,0,229.43364,-231.805649,1071.930664,260.020966,45.475376,1076.433838,421.145477,-149.792191,1068.243896,419.438385,-61.236958,1070.443359,289.103912,-265.835632,527.403809,387.740448,-315.215881,101.366913,436.02829,-271.492645,71.448372,313.165283,76.762741,522.867188,411.633087,131.253036,103.304039,446.172852,87.813194,75.538315,308.043732,-179.591339,504.592834,361.426361,-230.139465,110.07045,258.311401,-332.433868,47.869801,222.252274,-266.677551,63.670612,274.264709,165.891998,51.386635,229.070343,101.775368,62.202633,374.124268,51.666111,109.462967,314.223206,-8.390502,505.05661
57,0,229.434784,-231.81044,1071.949951,260.045654,45.464283,1076.430542,421.148834,-149.827103,1068.220581,419.460938,-61.234875,1070.428345,288.990112,-265.823517,527.457581,387.844513,-315.322998,101.391075,436.147583,-271.581635,71.485519,313.143921,76.762047,522.865845,411.638245,131.224289,103.287857,446.196503,87.778587,75.549042,308.02475,-179.605942,504.59552,361.466187,-230.207138,110.05648,258.349762,-332.534943,47.853607,222.225174,-266.695679,63.653229,274.249115,165.908386,51.403774,229.0849,101.761536,62.172874,374.101288,51.668224,109.474449,314.188477,-8.376081,505.06192
58,0,229.41983,-231.836121,1071.93811,260.01886,45.471478,1076.426147,421.131836,-149.848114,1068.214355,419.3526,-61.280285,1070.404053,289.03772,-265.825928,527.464661,387.742188,-315.210541,101.354279,436.029114,-271.472443,71.455666,313.10849,76.74929,522.857239,411.628967,131.219818,103.317856,446.188141,87.761391,75.559433,308.018677,-179.605148,504.607544,361.481293,-230.18219,110.028313,258.303497,-332.419769,47.895782,222.231461,-266.649048,63.659294,274.236969,165.896881,51.392189,229.076065,101.761284,62.169949,374.119293,51.652737,109.504456,313.992249,-8.429276,504.966309
59,0,229.381714,-231.830612,1071.943604,260.022217,45.470108,1076.429565,421.106842,-149.865402,1068.197388,419.444489,-61.273285,1070.419922,289.06366,-265.819916,527.456055,387.747101,-315.197235,101.360703,436.053131,-271.483917,71.468674,313.092804,76.727119,522.825989,411.623596,131.227127,103.316589,446.208344,87.783821,75.55452,308.034149,-179.612564,504.590149,361.435028,-230.134857,110.090919,258.333771,-332.536865,47.745773,222.254013,-266.675842,63.633316,274.254028,165.91217,51.393517,229.075439,101.767296,62.172707,374.160553,51.616573,109.406258,314.120514,-8.394781,505.038269
60,0,229.336746,-231.842682,1071.93457,260.044403,45.447845,1076.418823,421.102051,-149.850372,1068.188965,419.387939,-61.28384,1070.401001,289.027069,-265.846313,527.467712,387.76886,-315.176788,101.387032,436.031494,-271.472198,71.452217,313.067017,76.719856,522.818176,411.639954,131.208054,103.313622,446.174805,87.774544,75.543671,308.030914,-179.61293,504.608154,361.440338,-230.158279,110.102623,258.339294,-332.543213,47.82761,222.244125,-266.654358,63.666069,274.25589,165.928497,51.405762,229.054367,101.769455,62.192749,374.10144,51.603069,109.468063,313.964905,-8.378357,504.932648
61,0,229.347519,-231.870636,1071.939941,260.042511,45.451694,1076.432007,421.110535,-149.8564,1068.186157,419.412567,-61.30159,1070.365112,289.065308,-265.868347,527.432373,387.724854,-315.162689,101.38282,436.03833,-271.495575,71.459084,313.053711,76.727226,522.826111,411.614105,131.183395,103.294319,446.15448,87.762085,75.52948,308.022736,-179.616592,504.584625,361.450562,-230.146347,110.093727,258.31073,-332.515442,47.790436,222.261581,-266.676575,63.650055,274.251801,165.903503,51.403454,229.052414,101.762665,62.181877,374.08609,51.620811,109.487328,314.092133,-8.377095,505.090485
62,0,229.325287,-231.87384,1071.933228,260.016693,45.453403,1076.425903,421.092712,-149.860443,1068.171875,419.375549,-61.312424,1070.407715,289.091064,-265.851288,527.440308,387.844757,-315.176453,101.405182,436.039124,-271.484497,71.451439,313.036316,76.736298,522.81781,411.65097,131.215546,103.310875,446.182159,87.774071,75.553116,308.035095,-179.610153,504.593842,361.513184,-230.189682,110.027534,258.34024,-332.510071,47.815708,222.246796,-266.668762,63.643143,274.263428,165.892776,51.408516,229.06546,101.774124,62.180084,374.083191,51.606697,109.513779,313.866516,-8.449021,504.973877
63,0,229.326767,-231.914093,1071.929932,260.06012,45.447529,1076.413452,421.076935,-149.874451,1068.151489,419.365204,-61.323879,1070.383545,289.076447,-265.891266,527.447876,387.786926,-315.176361,101.369278,436.031799,-271.472626,71.452278,313.028351,76.738884,522.842346,411.63855,131.194717,103.328018,446.174072,87.773178,75.562462,308.020966,-179.617432,504.597595,361.442841,-230.152893,110.059601,258.306152,-332.537689,47.792488,222.242905,-266.688873,63.643814,274.258301,165.906418,51.38472,229.075745,101.770248,62.169952,374.109039,51.607208,109.442581,314.048401,-8.364975,505.039154
64,0,229.321472,-231.894165,1071.91626,260.028931,45.45779,1076.415039,421.052643,-149.859207,1068.14209,419.401031,-61.274937,1070.347412,289.129028,-265.851776,527.439941,387.817627,-315.190247,101.379433,436.037201,-271.491547,71.446053,313.016388,76.751045,522.838013,411.604675,131.188873,103.281105,446.167633,87.767677,75.546028,308.026794,-179.591812,504.602478,361.474152,-230.187637,110.042526,258.319519,-332.525391,47.811081,222.211349,-266.675659,63.677052,274.249908,165.908615,51.380417,229.062485,101.789574,62.200512,374.105011,51.663139,109.466766,314.002258,-8.387901,505.05661
65,0,229.355942,-231.901917,1071.915039,260.044861,45.461273,1076.42395,421.05307,-149.867569,1068.125977,419.422699,-61.306023,1070.364868,289.117554,-265.890564,527.4328,387.80954,-315.202637,101.386391,436.023346,-271.463531,71.454231,313.00708,76.736359,522.8255,411.599457,131.164886,103.295204,446.162628,87.764671,75.540123,308.043365,-179.602753,504.59552,361.449249,-230.142868,110.073463,258.362762,-332.575165,47.756752,222.263458,-266.681,63.67878,274.25528,165.913101,51.406853,229.067581,101.787407,62.176823,374.08429,51.657333,109.476059,314.004333,-8.33884,505.071869
66,0,229.308136,-231.947296,1071.904541,260.04425,45.460304,1076.407593,421.040802,-149.87088,1068.123657,419.382751,-61.291512,1070.339111,289.133728,-265.888245,527.433838,387.845978,-315.176758,101.368645,436.033081,-271.473175,71.438568,312.992004,76.755081,522.831543,411.634308,131.202988,103.312302,446.186188,87.764854,75.553207,308.027496,-179.605759,504.58728,361.436188,-230.15094,110.056396,258.325623,-332.550537,47.828152,222.262268,-266.673981,63.677021,274.258575,165.917877,51.394722,229.046814,101.775337,62.191036,374.014252,51.392872,109.514114,313.958588,-8.348571,505.046082
67,0,229.321213,-231.908997,1071.915039,260.061737,45.475979,1076.398193,421.047394,-149.835251,1068.098389,419.414795,-61.308849,1070.360107,289.117096,-265.90863,527.438538,387.765625,-315.156464,101.336945,436.014343,-271.467499,71.439415,312.995514,76.761795,522.830994,411.60791,131.17778,103.292938,446.159515,87.758347,75.558556,308.036194,-179.615265,504.587769,361.48584,-230.184998,110.038208,258.302673,-332.544769,47.811577,222.262161,-266.646057,63.698635,274.256256,165.915451,51.382294,229.068985,101.768852,62.181625,374.113953,51.594971,109.433807,313.978058,-8.362986,505.054596
68,0,229.312149,-231.91011,1071.910889,260.07132,45.492989,1076.407349,421.058655,-149.836914,1068.113281,419.408844,-61.25235,1070.351929,289.173737,-265.839081,527.417175,387.920898,-315.264923,101.317574,436.139374,-271.582703,71.457024,312.996216,76.762932,522.833313,411.590698,131.190933,103.290031,446.179657,87.764412,75.575066,308.02182,-179.579071,504.588135,361.496155,-230.188278,110.031418,258.319,-332.510803,47.833099,222.259232,-266.694092,63.66069,274.265656,165.911942,51.379967,229.062607,101.762177,62.174545,374.046356,51.608105,109.442886,313.941833,-8.376198,505.036407
69,0,229.26178,-231.907913,1071.936035,260.075897,45.502354,1076.391479,421.07196,-149.83876,1068.084961,419.382965,-61.259037,1070.300537,289.133026,-265.870117,527.460815,387.902832,-315.296722,101.376778,436.152039,-271.617615,71.475807,312.990356,76.770111,522.828247,411.612488,131.202942,103.310104,446.181824,87.777275,75.557991,308.014984,-179.587296,504.58252,361.470093,-230.117523,110.095314,258.306091,-332.507141,47.797199,222.258057,-266.671936,63.676598,274.255127,165.916183,51.398224,229.072632,101.76857,62.172115,374.061829,51.636002,109.514526,313.980438,-8.322451,505.047272
70,0,229.280426,-231.877075,1071.93811,260.086517,45.539425,1076.401367,421.078735,-149.825607,1068.078857,419.453552,-61.280968,1070.346069,289.139191,-265.858795,527.440857,387.92981,-315.306885,101.402863,436.225586,-271.581238,71.539757,312.980774,76.776199,522.841553,411.639862,131.231705,103.319313,446.161407,87.794174,75.530411,307.995941,-179.579742,504.585968,361.454895,-230.140411,110.065392,258.326141,-332.544037,47.798134,222.241837,-266.714386,63.650436,274.242584,165.913589,51.375523,229.069229,101.771713,62.198391,374.015442,51.648533,109.536125,313.728912,-8.478825,505.030823
71,0,229.300705,-231.875427,1071.928955,260.098267,45.537186,1076.412109,421.071106,-149.841995,1068.081421,419.439148,-61.260136,1070.29187,289.113373,-265.867188,527.456421,387.897003,-315.280975,101.442162,436.143646,-271.558289,71.426781,312.976624,76.795807,522.832336,411.61792,131.22467,103.295654,446.16571,87.76664,75.5345,308.004639,-179.567368,504.579712,361.432373,-230.186035,110.043915,258.33313,-332.59256,47.767395,222.220245,-266.683899,63.665001,274.249695,165.907135,51.392262,229.069946,101.775375,62.172398,374.080261,51.614754,109.489944,313.975494,-8.294035,505.056213
72,0,229.261459,-231.836502,1071.952271,260.146606,45.564854,1076.410522,421.056854,-149.833145,1068.065674,419.45462,-61.268513,1070.290039,289.149323,-265.831512,527.425537,387.811401,-315.186157,101.358742,436.0466,-271.457397,71.428688,312.970856,76.800797,522.826172,411.584717,131.196503,103.267609,446.166351,87.785934,75.529457,307.99469,-179.55011,504.594269,361.454712,-230.21814,110.034752,258.274353,-332.535156,47.78516,222.254318,-266.682648,63.655384,274.245361,165.925308,51.384308,229.073654,101.788292,62.195438,374.103638,51.626724,109.480812,313.911285,-8.305696,505.051788
73,0,229.278687,-231.843613,1071.93396,260.19516,45.598042,1076.42041,421.050659,-149.827576,1068.057129,419.513641,-61.284153,1070.316406,289.205688,-265.766296,527.448364,387.925903,-315.289551,101.410271,436.101318,-271.540497,71.429352,312.966309,76.796593,522.831726,411.595978,131.220749,103.293907,446.186401,87.773735,75.551346,307.993225,-179.561539,504.57782,361.479401,-230.223862,110.02224,258.314331,-332.539734,47.742622,222.260529,-266.673553,63.666611,274.241852,165.914749,51.403908,229.07637,101.776283,62.181179,374.12381,51.457153,109.638893,313.961548,-8.283189,505.039398
74,0,229.304276,-231.800583,1071.943115,260.191559,45.627045,1076.418457,421.071136,-149.804291,1068.046997,419.504395,-61.26355,1070.283691,289.122284,-265.778473,527.447815,387.869812,-315.309784,101.416557,436.128693,-271.560181,71.429535,312.967316,76.826202,522.825867,411.57077,131.20813,103.261948,446.175507,87.794403,75.542931,308.024719,-179.519165,504.572327,361.443848,-230.171021,110.010307,258.311951,-332.556183,47.779926,222.244888,-266.68866,63.657089,274.243866,165.922272,51.400154,229.062439,101.777473,62.195972,374.128357,51.708004,109.424309,313.909851,-8.284099,505.045959
75,0,229.306076,-231.785721,1071.924194,260.223938,45.636425,1076.399292,421.077057,-149.823257,1068.035522,419.51416,-61.226646,1070.282715,289.112915,-265.760651,527.443665,387.912079,-315.287903,101.377419,436.110107,-271.561096,71.413788,312.95166,76.858261,522.87793,411.590088,131.213577,103.25988,446.175781,87.766426,75.541985,308.009277,-179.531921,504.581512,361.416077,-230.126846,110.073959,258.335907,-332.549347,47.810524,222.231201,-266.669281,63.684792,274.242737,165.928833,51.399849,229.072327,101.767151,62.178082,374.080811,51.670753,109.478195,313.915283,-8.271801,505.045471
76,0,229.313202,-231.737976,1071.954102,260.25769,45.682434,1076.408447,421.069641,-149.815887,1068.006226,419.491028,-61.271767,1070.237793,289.084534,-265.767242,527.416138,387.916168,-315.252319,101.405045,436.135773,-271.575684,71.438667,312.98822,76.843414,522.837646,411.564728,131.218262,103.285271,446.171204,87.786049,75.52095,308.018768,-179.503494,504.582001,361.407532,-230.085678,110.097427,258.312195,-332.521454,47.800587,222.247833,-266.691895,63.680477,274.230194,165.908005,51.39011,229.082962,101.800117,62.194386,373.883362,51.919636,109.49826,313.892517,-8.254063,505.052673
77,0,229.274384,-231.704422,1071.92041,260.294067,45.702667,1076.386108,421.065918,-149.819412,1068.012451,419.582397,-61.249809,1070.282837,289.113373,-265.713104,527.463257,387.905396,-315.265564,101.421616,436.12262,-271.538055,71.439934,312.982117,76.843758,522.825806,411.594788,131.208771,103.240395,446.180359,87.80027,75.524498,308.0,-179.486908,504.585205,361.449524,-230.144165,110.074265,258.288483,-332.573486,47.837749,222.255081,-266.697327,63.652897,274.249023,165.920914,51.397694,229.070023,101.780418,62.196747,373.907593,51.945175,109.457176,313.948853,-8.207496,505.068604
78,0,229.246109,-231.659286,1071.959229,260.338745,45.725857,1076.397705,421.092316,-149.792511,1067.985718,419.602844,-61.247669,1070.262451,289.10257,-265.762054,527.403625,387.925995,-315.296417,101.412994,436.113983,-271.554382,71.431305,312.988159,76.913994,522.865723,411.63324,131.235718,103.263695,446.172943,87.805161,75.520035,308.00946,-179.489716,504.578827,361.480255,-230.179947,110.033508,258.334412,-332.550934,47.80645,222.239792,-266.661774,63.646301,274.261871,165.928604,51.403877,229.07933,101.779945,62.185432,373.962158,51.809078,109.476875,313.95163,-8.199197,505.056915
79,0,229.257095,-231.603577,1071.953125,260.375061,45.780327,1076.398193,421.091949,-149.792191,1067.965698,419.585419,-61.254143,1070.236572,289.131622,-265.702118,527.414246,387.913269,-315.284698,101.441513,436.133698,-271.554382,71.459259,313.006042,76.933395,522.865173,411.603302,131.229004,103.269417,446.21875,87.819115,75.524818,308.015625,-179.448212,504.575256,361.381561,-230.0905,110.074692,258.304901,-332.445007,47.851784,222.260178,-266.676941,63.670574,274.266541,165.919449,51.3797,229.092926,101.796288,62.201553,373.988739,51.853249,109.412827,313.938416,-8.1948,505.056091
80,0,229.243408,-231.58168,1071.95813,260.413422,45.795044,1076.402222,421.074615,-149.7939,1067.955566,419.597687,-61.238819,1070.217896,289.097626,-265.674866,527.450562,387.89212,-315.301392,101.427734,436.099945,-271.520782,71.421837,313.026703,76.952232,522.879517,411.622559,131.245239,103.269112,446.200317,87.806679,75.497185,308.029053,-179.430374,504.58075,361.442749,-230.168839,110.032562,258.270355,-332.410217,47.886768,222.254318,-266.66922,63.666328,274.244324,165.930099,51.392906,229.082581,101.801872,62.205418,373.949341,51.641735,109.619934,313.953552,-8.168901,505.079559
81,0,229.264969,-231.517075,1071.9646,260.434296,45.839546,1076.373657,421.11911,-149.790619,1067.947632,419.586456,-61.236824,1070.223511,289.110443,-265.697906,527.444824,387.937408,-315.273865,101.428604,436.115204,-271.559601,71.429955,313.027863,76.963257,522.882019,411.616669,131.231033,103.251831,446.168518,87.829269,75.497963,308.014099,-179.423965,504.580627,361.415314,-230.120819,110.072289,258.308868,-332.489838,47.837826,222.25676,-266.666046,63.661827,274.26001,165.941635,51.391098,229.102188,101.799141,62.19566,374.02655,51.876049,109.44709,313.956696,-8.138489,505.075348
82,0,229.298019,-231.503296,1071.957153,260.456879,45.871113,1076.373169,421.112457,-149.779648,1067.930298,419.610657,-61.224503,1070.193481,289.117828,-265.634308,527.422974,387.718933,-315.134827,101.423676,436.003967,-271.435181,71.421623,313.059204,76.996803,522.885071,411.624542,131.257355,103.260406,446.219482,87.834724,75.524773,308.013275,-179.406555,504.571198,361.398621,-230.121185,110.051201,258.308655,-332.472778,47.769753,222.217224,-266.6745,63.659958,274.267303,165.941483,51.394802,229.094589,101.803314,62.194744,373.903931,51.649975,109.605682,313.951294,-8.120721,505.087128
83,0,229.293549,-231.463684,1071.956665,260.492798,45.90815,1076.400391,421.161011,-149.715103,1067.908569,419.676422,-61.204174,1070.1875,289.125122,-265.622009,527.40686,387.778931,-315.170105,101.406517,435.993774,-271.440552,71.409866,313.091461,77.017258,522.88269,411.638977,131.268951,103.245567,446.21524,87.832176,75.494041,308.009766,-179.371765,504.550873,361.404663,-230.088043,110.040413,258.307251,-332.469543,47.866589,222.248199,-266.661469,63.699589,274.280853,165.9375,51.381886,229.078934,101.819443,62.202614,373.974518,51.827579,109.444374,313.958252,-8.11174,505.070282
84,0,229.306793,-231.427811,1071.9646,260.54068,45.932064,1076.407104,421.176605,-149.70549,1067.914185,419.683716,-61.133053,1070.127686,289.10321,-265.614014,527.431091,387.787506,-315.165375,101.376076,436.009003,-271.443909,71.41404,313.116394,77.036827,522.880127,411.636017,131.261475,103.259163,446.189789,87.843506,75.492676,308.029724,-179.352997,504.574371,361.398468,-230.112579,110.04425,258.314941,-332.451508,47.879536,222.248703,-266.673035,63.656799,274.260193,165.950226,51.382416,229.101059,101.816635,62.224998,374.073059,51.831947,109.416481,313.981567,-8.093325,505.096313
85,0,229.335312,-231.385681,1071.954224,260.581512,45.957588,1076.388794,421.21283,-149.698669,1067.907227,419.71698,-61.166676,1070.17749,289.085968,-265.620117,527.409363,387.813538,-315.141479,101.41568,436.031738,-271.451782,71.410004,313.118561,77.045479,522.879883,411.612701,131.268692,103.24202,446.190033,87.846878,75.492889,308.001373,-179.292313,504.562256,361.455963,-230.178635,110.014946,258.353607,-332.561646,47.776615,222.228638,-266.671173,63.642426,274.267517,165.93338,51.388638,229.110458,101.818108,62.19154,374.069672,51.850822,109.461647,314.002106,-8.063578,505.082489
86,0,229.289276,-231.315491,1071.972046,260.604095,45.995827,1076.383301,421.198639,-149.670761,1067.893066,419.765686,-61.125156,1070.171509,289.07016,-265.615295,527.439392,387.930756,-315.262604,101.429321,436.121033,-271.526154,71.435951,313.1427,77.063904,522.895203,411.625183,131.272308,103.224785,446.171082,87.850868,75.493469,307.997467,-179.285767,504.544128,361.424744,-230.11972,109.995117,258.320648,-332.478302,47.764347,222.221405,-266.655029,63.633747,274.244934,165.937241,51.389042,229.093826,101.808998,62.200497,374.021637,51.815121,109.450584,314.048401,-8.056213,505.080109
87,0,229.308731,-231.287735,1071.955444,260.642487,46.024414,1076.405151,421.221008,-149.646088,1067.900269,419.800659,-61.124287,1070.14624,289.057343,-265.576538,527.441223,387.778046,-315.139496,101.408379,435.99231,-271.422638,71.396996,313.167175,77.065048,522.855164,411.646667,131.294113,103.247101,446.204498,87.868652,75.476448,307.996002,-179.245316,504.557922,361.442566,-230.13356,109.995583,258.326813,-332.510406,47.797047,222.233536,-266.652771,63.666641,274.271149,165.946167,51.384659,229.108719,101.822449,62.202606,374.06192,51.821838,109.495003,314.042999,-8.038097,505.099426
88,0,229.325882,-231.27652,1071.957764,260.667694,46.073994,1076.387573,421.241486,-149.630295,1067.888916,419.803772,-61.085583,1070.158813,288.982758,-265.5224,527.46167,387.846649,-315.260559,101.410912,436.111542,-271.546082,71.418999,313.167023,77.099754,522.888123,411.64325,131.274902,103.202911,446.227478,87.876755,75.478775,308.004272,-179.232346,504.552673,361.420044,-230.081207,110.035126,258.317719,-332.460785,47.803524,222.231934,-266.63974,63.649849,274.276154,165.941132,51.381916,229.096069,101.836235,62.204197,374.031189,51.841034,109.501091,314.0802,-8.0096,505.138336
89,0,229.39801,-231.228241,1071.961426,260.69339,46.09864,1076.393311,421.287598,-149.60054,1067.867065,419.818909,-60.995502,1070.107422,289.039093,-265.562469,527.441956,387.860046,-315.226166,101.439934,436.107086,-271.542236,71.420288,313.208008,77.080078,522.848328,411.638092,131.29277,103.203697,446.227539,87.884453,75.479553,307.996887,-179.202881,504.567261,361.488861,-230.120422,109.993752,258.355011,-332.518005,47.825436,222.243698,-266.681274,63.648357,274.26123,165.947708,51.386177,229.118881,101.840721,62.193588,374.098145,51.847378,109.47184,314.102936,-8.016185,505.131958
90,0,229.358719,-231.183044,1071.952271,260.747864,46.143562,1076.386353,421.269928,-149.582687,1067.844727,419.894684,-61.004101,1070.139771,289.064575,-265.500946,527.431641,387.86145,-315.201111,101.425621,436.112396,-271.547821,71.427704,313.219696,77.159935,522.894165,411.645752,131.31189,103.212097,446.223785,87.90004,75.48246,308.007324,-179.200577,504.546997,361.417328,-230.147675,110.012787,258.330597,-332.456665,47.89547,222.233231,-266.6474,63.669464,274.270447,165.952866,51.383125,229.124847,101.836464,62.228313,374.157654,51.825981,109.488678,314.097321,-7.989037,505.109497
91,0,229.485779,-231.068298,1071.927246,260.772217,46.170067,1076.357788,421.34256,-149.558319,1067.837158,419.910095,-60.970432,1070.107178,289.055939,-265.46048,527.436584,387.886505,-315.220032,101.433014,436.103455,-271.52478,71.418671,313.251587,77.150848,522.867432,411.670868,131.321609,103.198753,446.225494,87.913139,75.465942,308.011292,-179.165634,504.540436,361.459381,-230.183823,109.946587,258.324493,-332.40863,47.874203,222.244476,-266.641235,63.691185,274.269684,165.956177,51.384922,229.124252,101.849968,62.223118,374.151184,51.841412,109.44072,314.11676,-7.961871,505.11264
92,0,229.51857,-231.029648,1071.921997,260.837738,46.205513,1076.356689,421.337769,-149.548828,1067.804199,419.914978,-60.985573,1070.082275,289.044556,-265.505798,527.456116,387.855591,-315.207092,101.400352,436.124756,-271.541748,71.421684,313.297394,77.173462,522.864563,411.676392,131.346008,103.190727,446.216492,87.937149,75.494568,308.045502,-179.16069,504.528412,361.419312,-230.077499,110.025032,258.336548,-332.507629,47.795349,222.244812,-266.623566,63.678265,274.253784,165.955917,51.389523,229.125809,101.841064,62.216316,374.108582,51.837292,109.476967,314.164825,-7.923635,505.158356
93,0,229.500305,-231.019943,1071.92749,260.889465,46.23558,1076.362427,421.367584,-149.50679,1067.794312,419.969604,-60.965527,1070.086304,289.093292,-265.437225,527.432922,387.880768,-315.230164,101.434464,436.123749,-271.54068,71.426224,313.322571,77.173996,522.863464,411.655853,131.3526,103.17498,446.223145,87.931091,75.448257,308.035889,-179.140442,504.539978,361.438141,-230.127731,110.009163,258.308167,-332.456848,47.913837,222.250778,-266.663849,63.676895,274.273376,165.958603,51.384544,229.129623,101.840141,62.234444,374.138824,51.804623,109.440895,314.157227,-7.947565,505.153046
94,0,229.515411,-230.969727,1071.978516,260.911011,46.261532,1076.359253,421.425629,-149.495224,1067.767578,419.99707,-60.918549,1070.076294,289.015686,-265.422852,527.461609,387.885773,-315.24823,101.441948,436.08017,-271.555054,71.397194,313.35968,77.206886,522.85321,411.659546,131.368958,103.206627,446.241608,87.946365,75.473732,308.038727,-179.107803,504.539917,361.438782,-230.10907,109.972214,258.304504,-332.444916,47.908386,222.248199,-266.634796,63.646099,274.267853,165.965851,51.386929,229.141525,101.848923,62.234619,374.166107,51.812824,109.508415,314.241486,-7.896656,505.158844
95,0,229.568939,-230.935471,1071.940186,260.936768,46.293976,1076.349854,421.472382,-149.476364,1067.771484,420.03894,-60.885658,1070.096313,289.075562,-265.380859,527.428223,387.908356,-315.242371,101.403938,436.117065,-271.540466,71.424973,313.356903,77.212967,522.864868,411.663696,131.357224,103.180626,446.228607,87.946808,75.437607,308.053101,-179.092407,504.53537,361.487915,-230.112854,109.942001,258.326141,-332.51532,47.803329,222.246613,-266.652588,63.66293,274.262939,165.950302,51.382553,229.155823,101.834137,62.225044,374.172668,51.653622,109.570396,314.243286,-7.903574,505.171967
96,0,229.639465,-230.901855,1071.956299,260.991882,46.320572,1076.361328,421.495667,-149.43219,1067.773071,420.075012,-60.839432,1070.07605,289.422699,-265.185791,527.475159,387.893066,-315.257324,101.42923,436.10968,-271.497986,71.413109,313.394287,77.224503,522.878662,411.65036,131.357697,103.170624,446.215363,87.93132,75.428169,308.064484,-179.076141,504.527863,361.428375,-230.107178,109.980255,258.311737,-332.478668,47.858356,222.21434,-266.649139,63.665188,274.270721,165.94664,51.372635,229.127136,101.834373,62.229202,374.165527,51.877121,109.421768,314.266632,-7.891008,505.164215
97,0,229.626999,-230.861084,1071.957397,261.010803,46.35186,1076.344727,421.524078,-149.42392,1067.77417,420.146942,-60.810581,1070.055664,289.232513,-265.301392,527.453796,387.734039,-315.111511,101.383995,436.022949,-271.431091,71.399712,313.419434,77.247467,522.864258,411.669281,131.366135,103.154083,446.221008,87.949501,75.42849,308.061066,-179.060532,504.527161,361.467773,-230.132355,109.956131,258.303619,-332.426727,47.914455,222.217957,-266.648834,63.663692,274.278625,165.97464,51.379665,229.147781,101.847351,62.232212,374.158417,51.867313,109.491356,314.26944,-7.897412,505.118958
98,0,229.671814,-230.866089,1071.933594,261.049927,46.379169,1076.342041,421.612793,-149.395737,1067.78064,420.189789,-60.793091,1070.066528,289.226746,-265.288849,527.436279,387.78363,-315.112671,101.398727,436.002747,-271.418854,71.396362,313.416473,77.261169,522.884399,411.688782,131.39035,103.1521,446.223236,87.959877,75.450325,308.048248,-179.056351,504.517487,361.443817,-230.087051,110.004837,258.311249,-332.435028,47.894638,222.236984,-266.648407,63.672714,274.277344,165.954987,51.390289,229.143051,101.852379,62.230247,374.162048,51.895554,109.491371,314.201996,-7.875545,505.062347
99,0,229.693512,-230.83429,1071.9375,261.074768,46.398251,1076.329102,421.588135,-149.406113,1067.782349,420.193817,-60.77092,1070.060913,289.237213,-265.273712,527.432251,387.875336,-315.195984,101.426254,436.111877,-271.512421,71.403824,313.457458,77.271484,522.874634,411.671722,131.378632,103.16111,446.264099,87.970123,75.439491,308.070343,-179.046371,504.522858,361.483704,-230.086304,109.997215,258.296143,-332.403107,47.899532,222.233765,-266.652802,63.656277,274.277191,165.963196,51.38657,229.139557,101.839951,62.247677,374.237244,51.919281,109.439568,314.335968,-7.862816,505.183807
100,0,229.715424,-230.824463,1071.934814,261.147858,46.427509,1076.323975,421.63913,-149.35405,1067.777466,420.194946,-60.803802,1070.069702,289.24765,-265.286133,527.427002,387.74408,-315.104309,101.378708,436.028107,-271.431793,71.391327,313.469147,77.297737,522.88385,411.68454,131.41037,103.184662,446.259796,87.981522,75.440468,308.055145,-179.027679,504.526978,361.474609,-230.125809,109.954994,258.274597,-332.418427,47.889355,222.238037,-266.64209,63.654095,274.276917,165.959717,51.386066,229.148438,101.84639,62.228733,374.138,51.855038,109.474602,314.218933,-7.845471,505.081787
101,0,229.754883,-230.789688,1071.95874,261.180237,46.456245,1076.336548,421.670319,-149.32901,1067.757202,420.23819,-60.773129,1070.047974,289.213501,-265.264618,527.441406,387.778259,-315.119568,101.400269,436.036377,-271.443848,71.387474,313.489471,77.281555,522.875488,411.697418,131.398529,103.162201,446.252838,87.989128,75.419571,308.035645,-179.015854,504.519653,361.393341,-230.044037,110.015961,258.323029,-332.405945,47.94775,222.232513,-266.636261,63.665131,274.272308,165.981827,51.389812,229.151016,101.850105,62.242676,374.23468,51.933441,109.443344,314.353333,-7.83337,505.185913
102,0,229.765564,-230.770874,1071.996216,261.288116,46.497425,1076.331421,421.695984,-149.314301,1067.748657,420.344666,-60.73003,1070.044312,289.2435,-265.23642,527.415466,387.8862,-315.201447,101.435898,436.109161,-271.519135,71.397461,313.486298,77.353264,522.935791,411.682465,131.414444,103.154694,446.254181,88.003258,75.424332,308.044189,-179.003723,504.516846,361.404938,-230.046783,109.99131,258.291351,-332.471283,47.886692,222.245697,-266.632416,63.683712,274.292694,165.976852,51.381397,229.154266,101.861687,62.234711,374.235901,51.920174,109.425308,314.376648,-7.806138,505.194305
103,0,229.789688,-230.747406,1072.010864,261.30368,46.501709,1076.347656,421.724915,-149.312866,1067.733398,420.358093,-60.771832,1070.024536,289.167389,-265.227692,527.43219,387.876678,-315.232208,101.44342,436.119019,-271.536865,71.406227,313.523712,77.318787,522.896179,411.691559,131.416916,103.152222,446.222168,88.004349,75.382683,308.018646,-178.97934,504.514984,361.479675,-230.094498,109.978928,258.33194,-332.485962,47.901516,222.245621,-266.63089,63.700848,274.284607,165.980423,51.387913,229.152695,101.867294,62.255154,374.137268,51.910782,109.500969,314.293121,-7.812722,505.077118
104,0,229.857437,-230.713654,1072.014038,261.340515,46.503223,1076.335449,421.774109,-149.309082,1067.720581,420.391815,-60.727837,1070.013184,289.131897,-265.249817,527.468201,387.844635,-315.201141,101.400902,436.101318,-271.540863,71.397003,313.54184,77.320282,522.892395,411.672272,131.4142,103.146454,446.239624,88.013893,75.409424,308.008514,-178.989182,504.503296,361.471619,-230.150604,109.95034,258.282104,-332.394135,47.9403,222.254822,-266.64325,63.694851,274.278015,165.970169,51.380646,229.151535,101.860603,62.253857,374.242126,51.899822,109.48555,314.397827,-7.806919,505.192108
105,0,229.899918,-230.711548,1072.004395,261.398041,46.543159,1076.332031,421.80954,-149.324417,1067.715454,420.432526,-60.666851,1069.96875,289.137238,-265.237183,527.42041,387.739929,-315.086823,101.369675,436.038788,-271.443878,71.362465,313.547119,77.325867,522.880554,411.709015,131.427002,103.132919,446.252045,88.009727,75.400826,308.003876,-179.022751,504.512787,361.494965,-230.101944,109.940155,258.331665,-332.445557,47.968704,222.226303,-266.661469,63.68412,274.281982,165.966156,51.380047,229.133316,101.863388,62.251259,374.167755,51.891472,109.464401,314.417725,-7.806967,505.179718
106,0,229.944443,-230.722229,1071.981689,261.474518,46.551937,1076.322021,421.862122,-149.318924,1067.686035,420.477905,-60.7187,1069.946289,289.034332,-265.25174,527.408447,387.783691,-315.085388,101.374077,436.004547,-271.417145,71.366615,313.572906,77.377251,522.926392,411.665039,131.412735,103.115234,446.258514,88.036674,75.392029,307.956055,-179.001373,504.498962,361.489807,-230.118591,109.916382,258.324158,-332.396912,47.898037,222.248398,-266.63678,63.69236,274.286438,165.95697,51.381184,229.162537,101.847168,62.245125,374.235321,51.957855,109.467499,314.421082,-7.792804,505.185852
107,0,229.954025,-230.668854,1072.001099,261.526489,46.575592,1076.311768,421.935089,-149.327713,1067.671509,420.563232,-60.725208,1069.9552,288.970001,-265.236511,527.400024,387.864685,-315.193604,101.408157,436.126923,-271.568756,71.370827,313.605133,77.340683,522.890503,411.684784,131.427948,103.127914,446.256775,88.010529,75.394203,307.894104,-178.966385,504.493347,361.482635,-230.096313,109.930923,258.320343,-332.475952,47.848728,222.232178,-266.624634,63.689301,274.291504,165.967773,51.373905,229.164474,101.85849,62.247253,374.18045,51.937191,109.429634,314.342651,-7.806643,505.088196
108,0,230.014633,-230.665207,1072.026123,261.565826,46.581177,1076.311646,421.912659,-149.321991,1067.631348,420.561493,-60.74852,1069.894531,288.990784,-265.236237,527.398071,387.896271,-315.181458,101.416092,436.118408,-271.563873,71.366753,313.618439,77.341553,522.891418,411.722504,131.455963,103.133286,446.244812,88.030502,75.394745,307.870605,-178.999908,504.500519,361.496765,-230.096603,109.904617,258.328278,-332.47168,47.888512,222.261505,-266.619019,63.695789,274.284393,165.990875,51.398403,229.163788,101.860519,62.24844,374.267548,51.951904,109.416481,314.352356,-7.796959,505.098633
109,0,230.062515,-230.66806,1072.028564,261.580353,46.588863,1076.301636,421.974487,-149.333664,1067.602905,420.602692,-60.732647,1069.873535,288.924225,-265.21106,527.401184,387.76535,-315.093506,101.356453,436.011108,-271.462799,71.347366,313.641602,77.346138,522.885559,411.695953,131.448227,103.111496,446.267578,88.034378,75.366066,307.823303,-178.995773,504.498779,361.454285,-230.096176,109.954697,258.328308,-332.424622,47.905479,222.252777,-266.638336,63.677856,274.292786,165.988708,51.396904,229.175461,101.859711,62.251022,374.205597,52.008186,109.483559,314.517395,-7.76572,505.190186
110,0,230.09877,-230.692627,1072.043823,261.667511,46.609921,1076.302979,421.997009,-149.287521,1067.579102,420.657074,-60.706913,1069.837769,288.883545,-265.229095,527.396118,387.858978,-315.213654,101.385979,436.118652,-271.563965,71.365982,313.642761,77.355431,522.881104,411.714539,131.458771,103.118553,446.249847,88.057587,75.367538,307.767609,-178.996796,504.495331,361.440216,-230.106323,109.953758,258.333099,-332.506714,47.750546,222.264236,-266.612518,63.679249,274.291534,165.990646,51.37727,229.160278,101.873184,62.266766,374.163879,51.9207,109.478195,314.432861,-7.775672,505.079498
111,0,230.069778,-230.656052,1072.075317,261.707489,46.619789,1076.296753,422.016357,-149.317719,1067.550293,420.708679,-60.733448,1069.797485,288.765747,-265.23703,527.433228,387.861633,-315.165192,101.368973,436.124786,-271.575684,71.351997,313.668518,77.336662,522.892334,411.746185,131.468353,103.138313,446.248047,88.047188,75.361557,307.718903,-178.989548,504.484131,361.477264,-230.152145,109.912445,258.353546,-332.502869,47.755016,222.241455,-266.644836,63.690575,274.290955,165.96611,51.384914,229.172562,101.873306,62.265446,374.092957,51.754219,109.521469,314.526306,-7.774061,505.18692
112,0,230.118622,-230.657944,1072.08374,261.699951,46.622856,1076.307373,422.074646,-149.3349,1067.529663,420.72644,-60.727283,1069.799805,288.779999,-265.221893,527.406677,387.85614,-315.186554,101.398361,436.140656,-271.571381,71.383774,313.7052,77.357643,522.880371,411.717651,131.452789,103.088295,446.252472,88.063614,75.355377,307.686005,-178.992661,504.51474,361.449493,-230.080887,109.924683,258.343475,-332.457703,47.830193,222.232925,-266.615326,63.670113,274.286713,165.981537,51.391911,229.161606,101.870682,62.269085,374.215576,51.963833,109.417435,314.483582,-7.785671,505.192993
113,0,230.09082,-230.693329,1072.130249,261.820709,46.614971,1076.298462,422.095032,-149.310867,1067.561646,420.788391,-60.723049,1069.786255,288.72345,-265.214813,527.426575,387.87442,-315.204071,101.389488,436.118317,-271.540955,71.375854,313.708923,77.347824,522.882446,411.695099,131.454071,103.104156,446.292542,88.043915,75.383942,307.688324,-178.977051,504.512299,361.490631,-230.094986,109.903091,258.353973,-332.42749,47.882877,222.249451,-266.619202,63.699917,274.289612,165.992172,51.384872,229.177612,101.865341,62.26524,374.193298,51.935463,109.483276,314.539398,-7.771036,505.187164
114,0,230.122116,-230.715744,1072.149902,261.821503,46.611584,1076.312988,422.151978,-149.305817,1067.502075,420.816528,-60.718525,1069.755493,289.000763,-265.017578,527.425903,387.863434,-315.191406,101.409996,436.102203,-271.527222,71.378517,313.729095,77.348663,522.893188,411.72641,131.471329,103.121811,446.248718,88.042175,75.358093,307.64444,-178.970352,504.508911,361.490875,-230.076538,109.916878,258.341583,-332.422516,47.906395,222.263657,-266.650208,63.653603,274.308502,165.987488,51.381653,229.169983,101.866516,62.265411,374.276215,51.972443,109.404305,314.435211,-7.790076,505.072723
115,0,230.196198,-230.71669,1072.178711,261.83902,46.621159,1076.310181,422.188202,-149.323792,1067.472534,420.861938,-60.709583,1069.73645,288.804871,-265.157349,527.422668,387.737091,-315.07428,101.380821,436.019379,-271.455627,71.362434,313.709229,77.326057,522.881104,411.701721,131.433975,103.101585,446.246155,88.035988,75.344421,307.627228,-178.99202,504.512909,361.490906,-230.110123,109.890472,258.346283,-332.506378,47.751507,222.247803,-266.632446,63.679905,274.291901,165.979828,51.375072,229.15303,101.862938,62.270149,374.255951,51.945976,109.434181,314.565918,-7.776157,505.190002
116,0,230.208603,-230.70932,1072.16687,261.869415,46.611118,1076.307983,422.207367,-149.306931,1067.456787,420.877197,-60.672787,1069.724243,288.816864,-265.178101,527.436035,387.862823,-315.207703,101.388237,436.124573,-271.570587,71.385269,313.726013,77.341415,522.904724,411.710815,131.465866,103.121254,446.284271,88.054138,75.34903,307.650879,-178.972672,504.52478,361.446045,-230.108673,109.918404,258.370117,-332.523376,47.754864,222.249664,-266.629761,63.677326,274.299011,165.980957,51.374973,229.173065,101.871635,62.272099,374.205963,51.962589,109.462624,314.566864,-7.780934,505.184875
117,0,230.263428,-230.734909,1072.227783,261.878937,46.60622,1076.320435,422.234436,-149.299088,1067.452148,420.803925,-60.684475,1069.675293,288.850403,-265.165894,527.392029,387.837769,-315.198578,101.367218,436.110504,-271.557404,71.381851,313.709656,77.333603,522.894958,411.721863,131.461502,103.115494,446.294525,88.069603,75.354202,307.658508,-178.976501,504.509583,361.479523,-230.093674,109.917763,258.337433,-332.451111,47.827904,222.2612,-266.59433,63.688622,274.294403,165.993179,51.392574,229.164536,101.876465,62.268223,374.222748,51.971699,109.478615,314.449524,-7.803756,505.096619
118,0,230.321869,-230.755569,1072.208984,261.908997,46.605675,1076.307617,422.217804,-149.305237,1067.426147,420.909698,-60.6866,1069.694336,288.857544,-265.194672,527.391235,387.851074,-315.186584,101.414574,436.128326,-271.562805,71.36879,313.721924,77.342033,522.904968,411.743927,131.454926,103.112991,446.284607,88.032944,75.350143,307.658783,-178.991638,504.507416,361.485413,-230.106339,109.886696,258.289246,-332.391449,47.884514,222.258347,-266.624207,63.686134,274.287537,165.993301,51.381748,229.175507,101.874428,62.267582,374.28714,51.975105,109.474045,314.588928,-7.759559,505.193939
119,0,230.394485,-230.759781,1072.220703,261.917755,46.589806,1076.327515,422.27298,-149.293243,1067.435425,420.901154,-60.69809,1069.633789,288.875488,-265.190521,527.416016,387.860229,-315.208649,101.4114,436.133331,-271.561432,71.375839,313.702576,77.330864,522.903625,411.717712,131.454865,103.113007,446.244995,88.075668,75.344971,307.702545,-178.98909,504.51886,361.466766,-230.122345,109.900658,258.344666,-332.48468,47.848343,222.253098,-266.622742,63.691528,274.304718,166.000458,51.366978,229.182571,101.862816,62.271751,374.216064,51.944374,109.448288,314.524506,-7.786007,505.211823
120,0,230.354996,-230.786575,1072.197144,261.93219,46.57415,1076.324097,422.332275,-149.281754,1067.398438,420.891144,-60.676086,1069.574951,288.888702,-265.185333,527.439514,387.753174,-315.119629,101.340622,436.014465,-271.45105,71.358215,313.69046,77.315521,522.902893,411.726532,131.462051,103.121819,446.263611,88.066711,75.331367,307.709473,-179.01593,504.503082,361.500092,-230.090805,109.86277,258.340485,-332.504333,47.853466,222.239059,-266.655731,63.670673,274.288361,165.984833,51.397808,229.193405,101.858032,62.266987,374.254974,51.939926,109.43,314.485962,-7.820843,505.214203
121,0,230.436676,-230.828781,1072.247314,261.933014,46.559315,1076.318237,422.372528,-149.261978,1067.400269,421.002319,-60.647972,1069.604614,288.901642,-265.216278,527.477905,387.841797,-315.20993,101.39003,436.125671,-271.576141,71.360519,313.683075,77.307381,522.906982,411.711792,131.460739,103.102905,446.25531,88.060226,75.342377,307.745544,-179.011703,504.512024,361.454803,-230.105453,109.909668,258.308044,-332.491455,47.845512,222.257294,-266.619049,63.705898,274.294922,165.984375,51.38126,229.170303,101.853058,62.278236,374.271027,51.934628,109.438187,314.521881,-7.799453,505.207947
122,0,230.548889,-230.856659,1072.24585,261.936157,46.519691,1076.317993,422.414001,-149.262268,1067.371338,420.989838,-60.68729,1069.591553,288.966644,-265.255554,527.421692,387.84906,-315.191437,101.397827,436.117249,-271.551849,71.376579,313.683685,77.28569,522.893188,411.70105,131.459885,103.107986,446.272827,88.06356,75.367981,307.753784,-179.040756,504.529358,361.516785,-230.123627,109.894073,258.38147,-332.456146,47.817085,222.264114,-266.630676,63.67664,274.266052,165.978607,51.383461,229.171753,101.856522,62.27293,374.226318,51.973866,109.473511,314.439514,-7.805364,505.102936
123,0,230.530945,-230.898163,1072.232544,261.962982,46.509197,1076.31311,422.429291,-149.236313,1067.371704,421.034454,-60.645599,1069.589478,288.993591,-265.257416,527.414062,387.866516,-315.211273,101.406944,436.112061,-271.570648,71.353912,313.678894,77.291527,522.891418,411.709167,131.477463,103.110619,446.273895,88.071121,75.358215,307.794098,-179.064194,504.514526,361.46814,-230.122116,109.883873,258.332489,-332.458221,47.792408,222.23999,-266.65387,63.657722,274.287201,165.992447,51.383591,229.172302,101.849876,62.263996,374.263885,52.009872,109.476067,314.467804,-7.847953,505.213745
124,0,230.646805,-230.928131,1072.275391,261.978516,46.510502,1076.31311,422.488647,-149.226868,1067.374512,421.065704,-60.657448,1069.592163,288.960205,-265.311584,527.453491,387.857117,-315.230347,101.393387,436.118805,-271.540833,71.36515,313.661407,77.269844,522.899536,411.697601,131.465607,103.093628,446.278229,88.107185,75.351959,307.804718,-179.038574,504.537537,361.489136,-230.091248,109.902138,258.315765,-332.459869,47.840355,222.241714,-266.641663,63.688488,274.280762,165.977448,51.380043,229.179916,101.871529,62.268421,374.204102,51.942383,109.44136,314.433075,-7.827273,505.080994
125,0,230.709381,-230.959091,1072.230835,261.988464,46.453236,1076.325073,422.527191,-149.247437,1067.355713,421.078979,-60.585976,1069.580322,289.018311,-265.316895,527.459717,387.857422,-315.202454,101.41777,436.107025,-271.553192,71.379196,313.656403,77.259895,522.911255,411.717285,131.484573,103.109703,446.287018,88.081833,75.355133,307.811096,-179.022369,504.530304,361.49527,-230.135986,109.908562,258.36853,-332.500977,47.738682,222.234009,-266.639862,63.706898,274.27771,165.994736,51.397575,229.190353,101.855904,62.268436,374.285492,51.963715,109.417442,314.385101,-7.850869,505.089355
126,0,230.751999,-230.974258,1072.257446,261.974731,46.435463,1076.312866,422.536713,-149.18869,1067.350586,421.163361,-60.556293,1069.570557,289.01059,-265.353821,527.462036,387.891846,-315.210297,101.39312,436.086029,-271.548523,71.347794,313.656097,77.258591,522.900208,411.695831,131.462616,103.099274,446.264923,88.093216,75.352608,307.840607,-179.042618,504.544434,361.455536,-230.079163,109.914886,258.372772,-332.538879,47.733414,222.245499,-266.675018,63.665867,274.285461,165.965363,51.38763,229.16304,101.859055,62.260933,374.224762,51.782326,109.479637,314.517212,-7.85106,505.20813
127,0,230.825378,-231.005447,1072.273804,262.016632,46.420994,1076.316895,422.622711,-149.18364,1067.332153,421.152283,-60.577801,1069.523438,289.050568,-265.351929,527.46106,387.879608,-315.231567,101.441711,436.114563,-271.559814,71.356308,313.651215,77.238754,522.910889,411.730988,131.468292,103.092674,446.273468,88.068428,75.364571,307.846069,-179.058563,504.52829,361.4711,-230.125641,109.889633,258.335785,-332.444794,47.806988,222.27243,-266.64502,63.685692,274.278625,165.97345,51.381874,229.180435,101.848961,62.260777,374.207825,51.924126,109.462242,314.562683,-7.845896,505.201447
128,0,230.881317,-231.024536,1072.278076,262.012115,46.421177,1076.308838,422.668152,-149.16246,1067.341553,421.167755,-60.576679,1069.520874,289.061737,-265.397308,527.466614,387.922485,-315.238281,101.400322,436.101135,-271.558319,71.345436,313.651764,77.212746,522.907227,411.7164,131.462692,103.093452,446.288666,88.077484,75.354736,307.896332,-179.089203,504.546509,361.470398,-230.168869,109.92733,258.316589,-332.436005,47.899727,222.290771,-266.663849,63.653538,274.274017,165.990829,51.397106,229.181824,101.850388,62.250698,374.226959,51.937283,109.467583,314.544006,-7.866691,505.20755
129,0,230.907288,-231.029663,1072.296387,262.081238,46.404865,1076.302612,422.698029,-149.179993,1067.351562,421.181244,-60.55299,1069.5271,289.07486,-265.455261,527.473022,387.921753,-315.265869,101.394722,436.114227,-271.545532,71.366882,313.690674,77.21479,522.911255,411.690369,131.465744,103.082596,446.301117,88.079315,75.384529,307.867554,-179.09166,504.565704,361.493744,-230.131699,109.930656,258.312439,-332.497498,47.853016,222.266144,-266.645355,63.671989,274.278839,165.983856,51.385502,229.197174,101.857376,62.261776,374.216431,51.954296,109.427422,314.611938,-7.848282,505.19931
130,0,231.085205,-231.074677,1072.286743,262.109741,46.388027,1076.30835,422.749176,-149.147568,1067.353516,421.277435,-60.526852,1069.517212,289.215485,-265.388245,527.469727,387.915192,-315.24295,101.388046,436.100708,-271.547913,71.362061,313.713531,77.188614,522.898193,411.714874,131.484512,103.091431,446.291656,88.074142,75.372337,307.885132,-179.111786,504.563324,361.477692,-230.1073,109.965141,258.333527,-332.488373,47.816605,222.276138,-266.632477,63.709007,274.267517,165.977859,51.381031,229.197266,101.845848,62.273586,374.208771,51.953262,109.473999,314.492432,-7.878503,505.087738
131,0,231.082962,-231.096115,1072.305298,262.118622,46.361668,1076.302002,422.78894,-149.126221,1067.323486,421.290558,-60.627739,1069.526611,289.112457,-265.429993,527.511047,387.93634,-315.251373,101.394676,436.112793,-271.560059,71.356682,313.708435,77.192657,522.911377,411.7146,131.449326,103.09584,446.259216,88.082397,75.338203,307.916809,-179.128677,504.542664,361.4599,-230.140671,109.939964,258.320282,-332.520172,47.841198,222.258469,-266.663086,63.687206,274.283661,165.985275,51.378845,229.190018,101.856567,62.265636,374.175262,51.768185,109.474487,314.525085,-7.883432,505.094116
132,0,231.13533,-231.118546,1072.28833,262.153381,46.342636,1076.294189,422.825989,-149.144913,1067.328613,421.368317,-60.565575,1069.546143,289.143341,-265.475006,527.500916,387.932983,-315.244781,101.402008,436.098358,-271.539001,71.362679,313.733154,77.194679,522.915588,411.719421,131.468307,103.077133,446.277527,88.084984,75.353203,307.967438,-179.144226,504.562439,361.479828,-230.143585,109.911644,258.301025,-332.483734,47.845024,222.236954,-266.680634,63.687706,274.259979,165.97261,51.389519,229.184875,101.843376,62.263836,374.232788,51.96991,109.42662,314.516052,-7.89991,505.102173
133,0,231.237976,-231.129578,1072.304443,262.216492,46.356525,1076.304199,422.889923,-149.154144,1067.340088,421.370087,-60.601128,1069.536621,289.18512,-265.498993,527.476501,387.980652,-315.295807,101.377655,436.121216,-271.503571,71.443802,313.761169,77.189316,522.911804,411.70694,131.458466,103.098846,446.291931,88.105164,75.351883,307.977722,-179.112473,504.565704,361.462402,-230.123062,109.919289,258.315491,-332.478302,47.836006,222.279343,-266.670685,63.676395,274.265167,165.974304,51.390015,229.183517,101.85424,62.262676,374.216003,51.970406,109.453323,314.440918,-8.016047,505.13147
134,0,231.219955,-231.145813,1072.30249,262.238892,46.336452,1076.312988,422.896088,-149.160477,1067.225708,421.411041,-60.582558,1069.432373,289.285309,-265.429047,527.479858,387.740814,-315.135223,101.325607,436.023621,-271.447357,71.364319,313.780823,77.196037,522.916931,411.697693,131.468231,103.076721,446.2995,88.084648,75.350006,307.99408,-179.13562,504.577576,361.471893,-230.119904,109.939232,258.322327,-332.485291,47.812538,222.284531,-266.669098,63.697971,274.293762,165.984848,51.392239,229.195557,101.863808,62.27655,374.249359,51.759914,109.466896,314.625092,-7.913694,505.212372
135,0,231.268341,-231.157303,1072.276611,262.281616,46.31823,1076.309448,422.949158,-149.167557,1067.272461,421.476074,-60.563751,1069.531738,289.262634,-265.503998,527.498901,387.870483,-315.217773,101.368736,436.124084,-271.545471,71.37336,313.822418,77.190048,522.91571,411.698792,131.470871,103.073723,446.294281,88.116005,75.322945,308.048401,-179.150757,504.573212,361.471283,-230.155563,109.950401,258.31601,-332.501007,47.814026,222.247208,-266.672699,63.691154,274.286316,165.986938,51.393826,229.181519,101.856163,62.292313,374.253296,52.037407,109.458611,314.722473,-7.886893,505.192169
136,0,231.345215,-231.166718,1072.298706,262.345337,46.330818,1076.310181,422.980072,-149.185623,1067.205322,421.480377,-60.648087,1069.522705,289.270935,-265.497406,527.517456,387.768433,-315.161316,101.319847,436.02597,-271.450317,71.36142,313.834839,77.171204,522.920715,411.696716,131.471573,103.075943,446.291412,88.092094,75.339371,308.057587,-179.152908,504.574066,361.429382,-230.091034,109.972641,258.319458,-332.478912,47.880825,222.276688,-266.664642,63.72559,274.285156,165.983688,51.388489,229.206665,101.851288,62.269646,374.242218,51.960487,109.498344,314.697479,-7.897933,505.191101
137,0,231.342453,-231.159668,1072.296997,262.372833,46.311451,1076.328857,423.00882,-149.19458,1067.215576,421.527985,-60.638748,1069.505859,289.328522,-265.471588,527.487,387.881561,-315.255066,101.410225,436.105194,-271.542267,71.361382,313.865448,77.193512,522.917725,411.706024,131.480911,103.076958,446.272919,88.088829,75.334526,308.092926,-179.169586,504.576324,361.450897,-230.071564,109.981827,258.314301,-332.429779,47.885796,222.254684,-266.654083,63.740498,274.273529,165.988037,51.394901,229.207092,101.876572,62.269112,374.221252,51.954205,109.439133,314.765564,-7.878374,505.191315
138,0,231.340042,-231.196091,1072.288574,262.435699,46.314533,1076.314331,423.064697,-149.196304,1067.275024,421.560181,-60.631737,1069.467407,289.370728,-265.464996,527.499939,387.767303,-315.142273,101.325081,436.012421,-271.4245,71.356232,313.879364,77.231865,522.970703,411.709686,131.502151,103.062469,446.279388,88.120735,75.329506,308.116272,-179.161636,504.568054,361.461884,-230.110138,109.962952,258.334778,-332.468475,47.805607,222.278015,-266.667297,63.698231,274.287537,165.975021,51.387859,229.193436,101.871338,62.286953,374.207611,51.784588,109.533699,314.633026,-7.908398,505.094177
139,0,231.405533,-231.162613,1072.297241,262.474945,46.304821,1076.328125,423.087189,-149.202667,1067.204956,421.595703,-60.632893,1069.512695,289.389618,-265.469208,527.499451,387.876312,-315.26236,101.401688,436.124908,-271.55304,71.3619,313.883728,77.235535,522.981873,411.734131,131.486877,103.075256,446.29361,88.11454,75.328064,308.135956,-179.153503,504.580078,361.443909,-230.116608,109.95372,258.30426,-332.424194,47.898365,222.270599,-266.667847,63.706696,274.295868,165.99942,51.389545,229.174149,101.871582,62.274078,374.323059,51.997513,109.429123,314.748718,-7.894263,505.201569
140,0,231.44487,-231.199036,1072.286255,262.506378,46.315147,1076.351318,423.135132,-149.222382,1067.274902,421.61499,-60.639351,1069.535034,289.376434,-265.483276,527.50354,387.76651,-315.127991,101.326294,436.021301,-271.453033,71.337555,313.904663,77.239624,522.97699,411.688232,131.486374,103.066879,446.282166,88.095482,75.321228,308.154572,-179.162842,504.576202,361.444702,-230.103836,109.977104,258.325104,-332.478516,47.834545,222.281937,-266.658844,63.70406,274.26828,165.991959,51.387192,229.190063,101.868164,62.272015,374.26886,51.976265,109.512703,314.737732,-7.89428,505.198303
141,0,231.49295,-231.191711,1072.307861,262.59613,46.304317,1076.361938,423.174652,-149.220032,1067.28125,421.74823,-60.67873,1069.583374,289.40741,-265.460938,527.498047,387.774445,-315.141815,101.345085,436.032074,-271.469666,71.349602,313.918518,77.230255,522.985596,411.721466,131.467102,103.068398,446.312225,88.103455,75.339073,308.191833,-179.171158,504.576752,361.428467,-230.065857,110.007271,258.313019,-332.437561,47.935028,222.265976,-266.679688,63.701286,274.292572,165.98851,51.39365,229.209976,101.872055,62.282108,374.251556,51.975071,109.420563,314.749084,-7.906745,505.210236
142,0,231.492889,-231.16423,1072.298706,262.621887,46.324444,1076.366211,423.204956,-149.238144,1067.285278,421.690521,-60.706944,1069.510132,289.452393,-265.47757,527.504272,387.895691,-315.266296,101.354568,436.128784,-271.575653,71.360664,313.944916,77.235001,522.988708,411.686707,131.484039,103.066589,446.290131,88.111008,75.351067,308.207367,-179.173004,504.575836,361.408966,-230.05899,110.003632,258.327942,-332.491791,47.865238,222.26207,-266.657074,63.721413,274.291321,165.988586,51.388454,229.192017,101.87146,62.275612,374.19223,52.038948,109.480896,314.816132,-7.85956,505.209198
143,0,231.527771,-231.19249,1072.327881,262.672485,46.303982,1076.373413,423.130188,-149.185181,1067.270386,421.758759,-60.685947,1069.49353,289.403595,-265.444855,527.510315,387.911255,-315.234436,101.375984,436.129639,-271.561066,71.350639,313.991638,77.23658,522.988159,411.690826,131.457794,103.064774,446.271332,88.125969,75.33725,308.218628,-179.169434,504.582458,361.452118,-230.075714,109.993401,258.343689,-332.500397,47.857281,222.263702,-266.665405,63.724228,274.2724,165.991043,51.382496,229.175308,101.872269,62.280636,374.199615,52.015873,109.491341,314.810486,-7.886523,505.219116
144,0,231.546539,-231.198654,1072.31543,262.689301,46.315327,1076.384644,423.29007,-149.243118,1067.265015,421.823364,-60.717152,1069.538818,289.45459,-265.457886,527.507935,387.783813,-315.146576,101.338364,436.031677,-271.448242,71.327721,314.003693,77.238998,522.991577,411.726135,131.477722,103.066277,446.299896,88.097404,75.317276,308.230042,-179.159424,504.582092,361.482971,-230.133194,109.925308,258.273438,-332.499481,47.870483,222.288803,-266.676727,63.689991,274.278625,165.980331,51.38913,229.209641,101.882301,62.285797,374.226593,52.051453,109.425262,314.819183,-7.885291,505.213074
145,0,231.581406,-231.196442,1072.324219,262.760925,46.322411,1076.38208,423.306824,-149.267563,1067.171753,421.78537,-60.691292,1069.500366,289.469147,-265.468781,527.494263,387.738892,-315.13913,101.320099,436.010101,-271.464661,71.327362,313.994537,77.261772,523.001526,411.701385,131.476959,103.051918,446.303436,88.111336,75.329567,308.237366,-179.175339,504.57901,361.524658,-230.14418,109.944519,258.325684,-332.482391,47.854858,222.261322,-266.652069,63.732712,274.281433,165.994522,51.385586,229.212173,101.882416,62.277405,374.282166,52.038811,109.438423,314.860413,-7.868866,505.20755
146,0,231.602631,-231.212372,1072.334351,262.789825,46.317963,1076.382446,423.337006,-149.271942,1067.240112,421.914673,-60.709259,1069.526611,289.457825,-265.480896,527.510315,387.869629,-315.274628,101.356758,436.12851,-271.561401,71.351044,314.035309,77.273849,523.002625,411.706482,131.500168,103.06292,446.302521,88.127769,75.317039,308.244751,-179.158417,504.569122,361.495544,-230.168304,109.912079,258.345795,-332.520111,47.739689,222.269623,-266.659576,63.692959,274.294006,165.989502,51.369659,229.21553,101.877441,62.278301,374.226227,52.01593,109.428108,314.824768,-7.904474,505.228027
147,0,231.661926,-231.219559,1072.319702,262.85553,46.302574,1076.398804,423.383026,-149.271683,1067.234863,421.957214,-60.732834,1069.521851,289.446106,-265.495697,527.499329,387.773285,-315.168396,101.348816,436.016388,-271.458923,71.320854,314.039764,77.243011,523.002319,411.681335,131.490585,103.048965,446.318573,88.116821,75.339272,308.240601,-179.165207,504.583466,361.482819,-230.101547,109.958084,258.31015,-332.504669,47.841808,222.276474,-266.670532,63.695274,274.280518,165.990341,51.388634,229.182251,101.881737,62.28175,374.231812,52.012787,109.433144,314.852051,-7.863804,505.213867
148,0,231.706833,-231.215469,1072.325073,262.890442,46.313587,1076.390747,423.430359,-149.297043,1067.224243,422.012939,-60.732319,1069.515991,289.488342,-265.489838,527.510681,387.754913,-315.132263,101.306137,436.031586,-271.47702,71.320038,314.026367,77.254982,523.006836,411.693848,131.493179,103.073128,446.304657,88.116486,75.340553,308.243439,-179.187332,504.569397,361.471466,-230.087082,109.965485,258.351349,-332.447723,47.892384,222.269424,-266.683472,63.691608,274.270508,165.978836,51.382149,229.19339,101.880569,62.297157,374.250732,52.031029,109.473152,314.834991,-7.873633,505.22757
149,0,231.711014,-231.216309,1072.3396,262.934875,46.310352,1076.407349,423.456909,-149.305099,1067.147705,422.039368,-60.785088,1069.507324,289.489899,-265.437439,527.516235,387.870087,-315.264069,101.361572,436.135254,-271.587158,71.326706,314.026337,77.277779,523.01709,411.728943,131.487152,103.051323,446.329407,88.129829,75.338593,308.262299,-179.168808,504.591949,361.481018,-230.131088,109.949768,258.323944,-332.495667,47.829796,222.278015,-266.660553,63.724033,274.290924,165.992447,51.375443,229.223404,101.89064,62.301479,374.276703,52.028427,109.464531,314.823578,-7.888278,505.227875
150,0,231.697678,-231.2229,1072.323242,262.96994,46.316582,1076.418213,423.504883,-149.320358,1067.193115,422.145203,-60.775806,1069.505493,289.500061,-265.455505,527.52124,387.87326,-315.297272,101.352676,436.117065,-271.584442,71.339081,314.035156,77.275047,523.014038,411.738281,131.482559,103.045586,446.292786,88.133316,75.310158,308.265808,-179.177963,504.571808,361.477142,-230.134628,109.984108,258.295471,-332.441132,47.902691,222.302643,-266.66391,63.723618,274.297241,165.984116,51.389,229.232925,101.880966,62.282612,374.289948,52.056564,109.431084,314.897766,-7.841223,505.209808
151,0,231.769241,-231.212494,1072.340576,263.007904,46.299416,1076.436646,423.533264,-149.332397,1067.143555,422.171509,-60.740547,1069.490723,289.482483,-265.457977,527.53009,387.937561,-315.265503,101.337502,436.134308,-271.604492,71.343155,314.018097,77.27932,523.019836,411.733002,131.493744,103.045334,446.326843,88.125618,75.32016,308.272766,-179.197113,504.590332,361.449615,-230.032959,109.990654,258.325714,-332.418793,47.894955,222.304382,-266.68457,63.71109,274.297546,165.994293,51.401337,229.224289,101.885307,62.298809,374.231476,52.082588,109.47361,314.800659,-7.859766,505.213318
152,0,231.753891,-231.216644,1072.355225,263.032196,46.302311,1076.444824,423.577667,-149.364349,1067.194092,422.144653,-60.771484,1069.47644,289.437805,-265.501953,527.504272,387.874695,-315.263794,101.343597,436.138611,-271.596039,71.321106,314.033905,77.295197,523.015503,411.712982,131.489258,103.028824,446.295685,88.140572,75.32103,308.282745,-179.195114,504.579254,361.480377,-230.107376,109.948532,258.323334,-332.420898,47.887592,222.269135,-266.668701,63.682659,274.297058,165.99794,51.398338,229.239548,101.880051,62.289204,374.262909,52.056019,109.429787,314.756073,-7.839783,505.12326
153,0,231.797684,-231.220795,1072.354004,263.077118,46.308365,1076.44458,423.611389,-149.369324,1067.187012,422.193542,-60.746029,1069.455444,289.476776,-265.453186,527.511963,387.871429,-315.276703,101.357529,436.152283,-271.587555,71.334755,314.018738,77.298111,523.013672,411.722961,131.509476,103.054268,446.294159,88.146156,75.289406,308.27951,-179.192093,504.572449,361.491791,-230.14267,109.954956,258.334442,-332.504395,47.851326,222.268158,-266.653961,63.706562,274.302826,165.996094,51.389656,229.217361,101.885429,62.29916,374.29007,52.078808,109.43541,314.700378,-7.85308,505.107941
154,0,231.839294,-231.213882,1072.35437,263.132233,46.334545,1076.477295,423.656403,-149.400803,1067.172363,422.238403,-60.80975,1069.50354,289.475159,-265.526123,527.52417,387.885498,-315.279449,101.357147,436.119446,-271.577515,71.341087,313.990417,77.307831,523.02002,411.727448,131.519485,103.041298,446.291748,88.163445,75.317024,308.283417,-179.191589,504.596954,361.450714,-230.083786,109.973518,258.341248,-332.523224,47.838974,222.26915,-266.659241,63.71151,274.295929,165.990509,51.397453,229.21904,101.874512,62.287205,374.302643,52.086746,109.439873,314.783112,-7.822199,505.205322
155,0,231.884048,-231.204529,1072.354004,263.156158,46.321095,1076.471924,423.676697,-149.399063,1067.169922,422.18277,-60.86993,1069.474487,289.536255,-265.45929,527.519958,387.893799,-315.285187,101.341484,436.091339,-271.574219,71.311493,313.97702,77.312859,523.016479,411.700226,131.526474,103.029808,446.313751,88.154854,75.321907,308.297394,-179.179108,504.586517,361.437317,-230.054184,110.001221,258.317261,-332.497101,47.813965,222.265656,-266.661865,63.692524,274.300018,165.998642,51.370132,229.232513,101.887444,62.307442,374.308594,52.107861,109.432556,314.734131,-7.832882,505.218689
156,0,231.846848,-231.226746,1072.365723,263.172363,46.327831,1076.484375,423.714539,-149.429276,1067.093506,422.250854,-60.839653,1069.452271,289.580231,-265.480255,527.545593,387.895447,-315.296204,101.370575,436.124695,-271.612671,71.31955,313.97583,77.293556,522.974548,411.71286,131.537598,103.03582,446.308899,88.163155,75.295578,308.343719,-179.195435,504.591827,361.46991,-230.122375,109.977959,258.345032,-332.49649,47.83696,222.249817,-266.664978,63.692673,274.278809,166.007141,51.384491,229.229202,101.890152,62.308861,374.29538,52.085327,109.464401,314.699219,-7.825004,505.218018
157,0,231.844315,-231.221924,1072.364136,263.206268,46.332485,1076.505859,423.749115,-149.436401,1067.133911,422.302856,-60.849846,1069.447388,289.596558,-265.45459,527.515137,387.93338,-315.279938,101.381699,436.134308,-271.59436,71.327789,313.96463,77.292625,522.978333,411.741486,131.531891,103.038612,446.304779,88.136726,75.298355,308.360779,-179.157974,504.585083,361.510773,-230.090942,109.980293,258.342499,-332.50238,47.849846,222.2827,-266.691803,63.690105,274.293915,165.99028,51.378624,229.228592,101.903084,62.318954,374.259949,52.096798,109.452103,314.718689,-7.77362,505.222382
158,0,231.849014,-231.237457,1072.335083,263.236542,46.310154,1076.528076,423.76001,-149.452209,1067.111328,422.351807,-60.846779,1069.440186,289.610535,-265.450806,527.51886,387.949371,-315.309509,101.384499,436.125488,-271.584076,71.327118,313.966217,77.307861,522.985657,411.722443,131.525696,103.038689,446.311859,88.132751,75.316895,308.382874,-179.175186,504.580566,361.4935,-230.143585,109.977623,258.359314,-332.562805,47.758179,222.257309,-266.672852,63.702045,274.308472,165.988632,51.384682,229.21701,101.89035,62.297768,374.290985,52.104103,109.479179,314.732117,-7.75916,505.232269
159,0,231.84816,-231.223099,1072.368896,263.284393,46.331066,1076.518066,423.759491,-149.467667,1067.103149,422.341217,-60.879204,1069.448364,289.598633,-265.496613,527.524292,387.944031,-315.311768,101.386353,436.125702,-271.586182,71.339317,313.941437,77.300972,522.992188,411.762024,131.526093,103.047081,446.314301,88.154541,75.298691,308.413055,-179.168289,504.597595,361.514618,-230.116043,109.931602,258.34024,-332.498871,47.837215,222.250305,-266.674683,63.699059,274.303223,165.998337,51.376812,229.240524,101.898483,62.320061,374.265656,52.099735,109.445824,314.673035,-7.776023,505.237946
160,0,231.898148,-231.221558,1072.378906,263.279114,46.322964,1076.533691,423.766815,-149.476578,1067.065796,422.371643,-60.866028,1069.414429,289.625946,-265.477997,527.547302,387.795898,-315.159302,101.292427,436.037018,-271.492188,71.311737,313.950684,77.31031,522.997559,411.744537,131.526901,103.04599,446.309418,88.14576,75.318008,308.458099,-179.158813,504.599152,361.507111,-230.136978,109.967415,258.34082,-332.581055,47.756863,222.255737,-266.682922,63.690067,274.307922,165.988724,51.378403,229.246628,101.8927,62.327835,374.265198,52.148182,109.459343,314.677673,-7.784155,505.24707
161,0,231.894562,-231.231873,1072.340454,263.314026,46.345409,1076.545776,423.807495,-149.498901,1067.083008,422.330658,-60.932339,1069.413452,289.636658,-265.493011,527.552368,387.936371,-315.254578,101.352074,436.128937,-271.555115,71.329422,313.964203,77.331451,523.003723,411.703583,131.515747,103.031059,446.317139,88.133751,75.343735,308.46582,-179.158737,504.596405,361.483673,-230.12146,109.967087,258.348328,-332.480927,47.791004,222.275711,-266.675507,63.745262,274.305908,165.993958,51.380383,229.21315,101.894798,62.297321,374.242401,52.128658,109.504837,314.68988,-7.776778,505.252655
162,0,231.873398,-231.242783,1072.364746,263.325226,46.35054,1076.559937,423.810028,-149.514893,1067.034302,422.355713,-60.936745,1069.3927,289.686371,-265.4664,527.539856,387.782166,-315.169678,101.312256,436.006897,-271.466949,71.297493,313.979706,77.327789,523.011108,411.72348,131.523392,103.042145,446.312805,88.150635,75.346085,308.46106,-179.154373,504.596466,361.464661,-230.118652,109.947624,258.324768,-332.492279,47.81226,222.279434,-266.665863,63.702217,274.301239,166.005753,51.370239,229.208939,101.905746,62.314934,374.227264,52.182674,109.406898,314.57196,-7.768133,505.14032
163,0,231.843033,-231.230225,1072.362427,263.366028,46.349255,1076.571045,423.79892,-149.523911,1067.027832,422.331116,-60.905884,1069.357666,289.619537,-265.471954,527.523926,387.791412,-315.175507,101.324974,436.025787,-271.476868,71.322563,313.995483,77.32618,523.011597,411.727814,131.518036,103.038628,446.321533,88.137985,75.326675,308.48642,-179.141632,504.599091,361.495239,-230.164124,109.946884,258.302734,-332.489166,47.831814,222.282196,-266.652405,63.695587,274.294373,166.011368,51.381546,229.217346,101.912918,62.320713,374.240509,52.153408,109.464119,314.715485,-7.757675,505.255951
164,0,231.876663,-231.232468,1072.345337,263.39212,46.364738,1076.574341,423.800171,-149.53064,1067.034912,422.406982,-60.951637,1069.381836,289.702301,-265.45459,527.533691,387.834686,-315.151428,101.311043,436.020782,-271.506958,71.311028,314.015991,77.340569,523.007446,411.716217,131.532944,103.045502,446.323517,88.155632,75.342148,308.475739,-179.14975,504.597076,361.470642,-230.102783,109.985939,258.322205,-332.49939,47.827042,222.280197,-266.669403,63.696938,274.32254,166.02124,51.375095,229.236969,101.905365,62.302624,374.236176,52.127781,109.411972,314.688324,-7.748897,505.24707
165,0,231.874847,-231.225449,1072.369141,263.411255,46.363644,1076.593994,423.842438,-149.562607,1067.024536,422.421448,-60.896,1069.321289,289.623932,-265.444336,527.51416,387.915283,-315.274475,101.394341,436.125824,-271.606476,71.334831,314.026581,77.347931,523.00946,411.719055,131.508469,103.024643,446.301178,88.154175,75.326607,308.440704,-179.153885,504.613159,361.482483,-230.111221,109.965744,258.339417,-332.55072,47.737732,222.26503,-266.664429,63.708893,274.301117,165.996231,51.366417,229.21373,101.903358,62.315788,374.234558,52.137276,109.530807,314.554169,-7.846751,505.183929
166,0,231.875916,-231.200882,1072.359741,263.442566,46.381371,1076.599976,423.850983,-149.572601,1067.016724,422.455475,-60.947857,1069.370972,289.636536,-265.416656,527.516968,387.883575,-315.276642,101.386726,436.120209,-271.593964,71.312355,314.042297,77.352791,523.024231,411.730042,131.524475,103.050087,446.294342,88.145508,75.312088,308.450836,-179.131531,504.60434,361.459595,-230.079819,109.946083,258.33374,-332.495758,47.827076,222.257751,-266.667419,63.688198,274.287842,166.005035,51.378277,229.235428,101.906868,62.319725,374.21463,52.088913,109.50444,314.759338,-7.717063,505.254761
167,0,231.922852,-231.212296,1072.358276,263.460144,46.380234,1076.605225,423.877045,-149.551346,1067.017944,422.448578,-60.968636,1069.346802,289.585876,-265.446381,527.549316,387.927399,-315.26767,101.379173,436.136444,-271.576874,71.344101,314.05072,77.374176,523.011963,411.728943,131.534897,103.048805,446.289581,88.165375,75.324341,308.437103,-179.14505,504.59845,361.483459,-230.157043,109.932961,258.317719,-332.52478,47.831676,222.259033,-266.67453,63.699799,274.302032,166.006592,51.367088,229.22319,101.903824,62.318413,374.211456,52.165184,109.462738,314.708649,-7.742262,505.260101
168,0,231.883835,-231.19014,1072.348999,263.51532,46.371574,1076.634644,423.847198,-149.576492,1067.018677,422.502563,-60.910622,1069.343018,289.621887,-265.411743,527.546204,387.74054,-315.174561,101.297318,436.01239,-271.462952,71.326233,314.064636,77.370445,523.03363,411.734039,131.541046,103.05558,446.30722,88.133598,75.328598,308.393982,-179.157211,504.610168,361.504333,-230.135742,109.925873,258.300598,-332.45462,47.857048,222.278549,-266.668304,63.708828,274.299988,166.020828,51.365559,229.213272,101.917175,62.340816,374.188721,52.127708,109.460793,314.73291,-7.720468,505.267792
169,0,231.876816,-231.197678,1072.369873,263.521606,46.408237,1076.621094,423.864685,-149.565323,1067.022461,422.501221,-60.966473,1069.361938,289.583832,-265.423065,527.540039,387.879669,-315.267883,101.381645,436.14563,-271.598602,71.338707,314.075745,77.380943,523.027954,411.714325,131.535034,103.050789,446.295959,88.158676,75.324219,308.373108,-179.13562,504.585083,361.471069,-230.058334,109.995918,258.305145,-332.494781,47.86116,222.248627,-266.675079,63.71524,274.301361,166.014938,51.366776,229.217972,101.928375,62.321354,374.220612,52.12915,109.429802,314.635376,-7.701535,505.152466
170,0,231.877625,-231.197968,1072.369019,263.570892,46.396252,1076.635986,423.887421,-149.572433,1067.013916,422.542999,-61.038837,1069.310181,289.523499,-265.428894,527.540833,387.926147,-315.267578,101.387634,436.12558,-271.596985,71.348076,314.073181,77.387428,523.018799,411.741272,131.505524,103.036781,446.320953,88.15403,75.309662,308.351807,-179.131866,504.5979,361.450439,-230.077377,109.983734,258.346436,-332.535431,47.766312,222.277222,-266.683655,63.673771,274.306213,166.022461,51.362286,229.237747,101.918983,62.330982,374.236145,52.161377,109.453186,314.711426,-7.719218,505.263672
171,0,231.908447,-231.165939,1072.359375,263.603546,46.428516,1076.641113,423.904022,-149.613235,1067.018311,422.492615,-61.007496,1069.276123,289.525482,-265.417389,527.532288,387.888397,-315.259766,101.373268,436.124115,-271.576569,71.346443,314.096527,77.389557,523.043701,411.748474,131.527634,103.043617,446.311096,88.140701,75.322456,308.364258,-179.144165,504.591217,361.43927,-230.105789,109.952911,258.309601,-332.479889,47.79966,222.2798,-266.671051,63.686283,274.294006,166.014999,51.382721,229.212204,101.940125,62.329891,374.244995,52.150841,109.476166,314.533142,-7.821387,505.22226
172,0,231.852036,-231.169128,1072.37207,263.643951,46.435329,1076.663086,423.914276,-149.609772,1066.999146,422.486145,-61.066265,1069.344971,289.510803,-265.407867,527.532532,387.767792,-315.171082,101.306923,436.022369,-271.47406,71.342377,314.081238,77.430359,523.078735,411.728363,131.527176,103.038513,446.302002,88.143936,75.330055,308.366547,-179.117386,504.585083,361.464508,-230.086365,109.995789,258.300232,-332.507202,47.832722,222.249481,-266.672424,63.689075,274.289154,166.024475,51.372227,229.213547,101.91935,62.329361,374.179199,52.180523,109.513878,314.713318,-7.709121,505.278351
173,0,231.867859,-231.190201,1072.340576,263.659454,46.45142,1076.674194,423.910431,-149.639648,1067.002197,422.600433,-61.07045,1069.334351,289.523895,-265.394684,527.552246,387.74118,-315.147278,101.324097,436.014618,-271.443726,71.354805,314.092316,77.393707,523.052979,411.748901,131.53598,103.048431,446.306763,88.123451,75.318382,308.372467,-179.126144,504.597961,361.438171,-230.079071,109.977547,258.318848,-332.444031,47.921207,222.276199,-266.672577,63.696308,274.304626,166.016006,51.381924,229.21579,101.938538,62.34552,374.24408,52.178703,109.417061,314.710632,-7.674942,505.270294
174,0,231.891846,-231.169754,1072.340332,263.712616,46.445957,1076.666382,423.917175,-149.671158,1067.005371,422.574432,-61.061779,1069.32605,289.55954,-265.361145,527.510315,387.876556,-315.250305,101.373024,436.119995,-271.559814,71.347633,314.098694,77.403122,523.052246,411.747894,131.523666,103.03373,446.31958,88.143509,75.338898,308.359283,-179.110901,504.608795,361.450714,-230.03688,109.996841,258.33316,-332.495178,47.833439,222.268219,-266.654083,63.696144,274.311066,166.016296,51.368195,229.220642,101.941231,62.326679,374.205658,52.181263,109.499207,314.72937,-7.659409,505.271149
175,0,231.848053,-231.129227,1072.353149,263.745758,46.455238,1076.682617,423.91571,-149.676086,1067.014771,422.587738,-61.12352,1069.331055,289.568542,-265.377045,527.542236,387.783691,-315.156494,101.351158,436.022156,-271.464813,71.339302,314.102478,77.4114,523.044006,411.749878,131.544388,103.049019,446.310028,88.139412,75.334679,308.397705,-179.095947,504.607513,361.480743,-230.138443,109.957756,258.352753,-332.538147,47.762074,222.259842,-266.665497,63.697815,274.290192,166.022873,51.371208,229.217422,101.926521,62.338547,374.237366,52.206913,109.42659,314.636414,-7.696248,505.285431
176,0,231.788605,-231.139297,1072.338135,263.76886,46.457363,1076.69873,423.931702,-149.721771,1066.99646,422.637939,-61.109093,1069.368286,289.579407,-265.385162,527.544128,387.798706,-315.162811,101.368851,436.02124,-271.455627,71.340042,314.117767,77.451775,523.05127,411.766083,131.528656,103.035194,446.273041,88.156731,75.314362,308.409302,-179.076889,504.596069,361.462891,-230.04837,110.023102,258.368164,-332.541962,47.77211,222.276459,-266.645569,63.705727,274.310547,166.022903,51.373009,229.237976,101.938408,62.346157,374.157104,52.202991,109.475723,314.539246,-7.719474,505.197815
177,0,231.774994,-231.111755,1072.326538,263.81601,46.468044,1076.689819,423.906281,-149.718948,1067.007935,422.596436,-61.147984,1069.356812,289.565918,-265.386353,527.544189,387.901215,-315.277618,101.409256,436.129395,-271.579468,71.355934,314.090607,77.486816,523.095032,411.757935,131.539917,103.042984,446.317291,88.125374,75.31498,308.415924,-179.095795,504.58371,361.463013,-230.068085,110.030411,258.318359,-332.429993,47.892212,222.260696,-266.654877,63.703098,274.323181,166.023865,51.366489,229.229706,101.940552,62.346992,374.233917,52.199875,109.491089,314.546478,-7.637416,505.155579
178,0,231.801193,-231.109177,1072.322266,263.83255,46.471039,1076.714966,423.870026,-149.759109,1066.957397,422.659851,-61.127846,1069.333862,289.543701,-265.394073,527.543152,387.770538,-315.147095,101.390701,436.020386,-271.495514,71.334396,314.120056,77.449799,523.060486,411.746918,131.529419,103.032631,446.326538,88.140144,75.336578,308.447205,-179.093124,504.594971,361.492279,-230.116699,109.981979,258.326233,-332.508423,47.806816,222.275009,-266.649292,63.704388,274.307007,166.012451,51.37492,229.247086,101.945839,62.334419,374.226227,52.148857,109.456886,314.671326,-7.624287,505.273163
179,0,231.704453,-231.096191,1072.341919,263.874084,46.482544,1076.711792,423.853149,-149.76178,1066.96936,422.663635,-61.164341,1069.287598,289.549622,-265.40802,527.534668,387.889618,-315.267334,101.424042,436.147308,-271.595703,71.340302,314.088623,77.478218,523.038147,411.746826,131.529083,103.02784,446.313904,88.149857,75.283806,308.452789,-179.104309,504.59259,361.478821,-230.108093,109.98233,258.344055,-332.51416,47.839508,222.263474,-266.648895,63.704906,274.296295,166.023804,51.383827,229.230774,101.944984,62.339489,374.238434,52.189079,109.483444,314.662292,-7.619492,505.282715
180,0,231.776459,-231.107819,1072.304932,263.90506,46.490925,1076.713257,423.867767,-149.792313,1066.951904,422.717621,-61.202736,1069.294067,289.565887,-265.376251,527.535767,387.898407,-315.262115,101.383339,436.129211,-271.605347,71.356712,314.047668,77.456711,523.042114,411.770844,131.545685,103.033043,446.30365,88.171265,75.298714,308.453369,-179.08548,504.586639,361.492859,-230.137238,109.973434,258.323517,-332.49707,47.838276,222.255203,-266.648254,63.686863,274.30246,166.021011,51.370296,229.233994,101.941216,62.34866,374.22995,52.150242,109.502739,314.557068,-7.622634,505.271545
181,0,231.759521,-231.095993,1072.328735,263.956512,46.499008,1076.722168,423.892487,-149.815002,1066.946411,422.638214,-61.257851,1069.259399,289.564667,-265.373535,527.52002,387.950562,-315.258301,101.351852,436.121277,-271.57431,71.348289,314.011749,77.473991,523.033752,411.766479,131.547272,103.014542,446.324036,88.137039,75.339523,308.449677,-179.073578,504.583832,361.478119,-230.08429,110.015213,258.321228,-332.508026,47.849758,222.24028,-266.673401,63.692951,274.304993,166.021805,51.374638,229.240082,101.942322,62.330334,374.235168,52.162186,109.447426,314.513489,-7.632025,505.265839
182,0,231.734131,-231.093781,1072.328735,263.99646,46.502781,1076.720215,423.873169,-149.82048,1066.910645,422.69223,-61.259647,1069.210083,289.528015,-265.410736,527.551758,387.905853,-315.279419,101.391861,436.132355,-271.602478,71.363571,313.97821,77.4841,523.0401,411.763062,131.539001,103.021179,446.325836,88.175278,75.317673,308.43927,-179.065781,504.586151,361.485901,-230.093979,109.989906,258.30426,-332.515808,47.825985,222.259628,-266.649536,63.70887,274.302826,166.013412,51.374866,229.227859,101.934868,62.3414,374.192322,52.212193,109.464676,314.498169,-7.59216,505.276978
183,0,231.743912,-231.078659,1072.337646,264.048798,46.522346,1076.739136,423.9039,-149.825409,1066.892212,422.760162,-61.251274,1069.250244,289.518036,-265.373077,527.537109,387.793915,-315.176025,101.368973,436.030609,-271.481903,71.341003,313.91864,77.50177,523.043274,411.744049,131.554489,103.024612,446.318024,88.169395,75.323868,308.431702,-179.082703,504.584961,361.485352,-230.144455,109.984779,258.312866,-332.507446,47.870129,222.243469,-266.651581,63.694305,274.313019,166.015213,51.383877,229.223892,101.930756,62.329819,374.307831,52.196037,109.416916,314.425323,-7.595129,505.266174
184,0,231.770798,-231.073486,1072.367432,264.121063,46.510361,1076.742188,423.941193,-149.830399,1066.865723,422.749115,-61.254238,1069.187012,289.513519,-265.381195,527.542908,387.923126,-315.258636,101.372406,436.145569,-271.61734,71.358101,313.890442,77.498428,523.031677,411.736603,131.523453,103.022743,446.319214,88.166077,75.320671,308.404846,-179.058594,504.592407,361.451141,-230.078766,109.990387,258.345551,-332.458038,47.803604,222.270599,-266.65506,63.709183,274.31543,166.007919,51.364433,229.231003,101.935684,62.335148,374.251373,52.221565,109.431938,314.347412,-7.584839,505.265289
185,0,231.764801,-231.055084,1072.362793,264.118042,46.506199,1076.746582,423.910767,-149.885437,1066.822144,422.771576,-61.311028,1069.148926,289.516815,-265.329041,527.525757,387.878387,-315.27417,101.360008,436.128082,-271.580688,71.358612,313.806519,77.524376,523.06543,411.720703,131.530807,103.023415,446.33316,88.183083,75.306412,308.377167,-179.085892,504.593719,361.433197,-230.099884,109.99411,258.294159,-332.495483,47.842754,222.267624,-266.647247,63.706467,274.302307,166.006546,51.372116,229.246338,101.934059,62.323883,374.224915,52.220497,109.429329,314.292694,-7.587768,505.279541
186,0,231.780319,-231.044754,1072.373535,264.189484,46.500317,1076.768066,423.947174,-149.89122,1066.815674,422.855133,-61.269638,1069.13916,289.488678,-265.370636,527.546265,387.787903,-315.159546,101.355461,436.009216,-271.480255,71.337784,313.765259,77.495354,523.017822,411.75351,131.525635,103.037163,446.308594,88.173256,75.299789,308.341431,-179.071716,504.600403,361.451233,-230.069489,110.000183,258.311646,-332.519196,47.864857,222.269272,-266.631165,63.717304,274.306152,166.014374,51.380844,229.22142,101.926704,62.33181,374.177551,52.175476,109.423439,314.234192,-7.552411,505.269714
187,0,231.760712,-231.053406,1072.363159,264.212463,46.516209,1076.763306,423.959564,-149.887299,1066.79541,422.878418,-61.331627,1069.091919,289.480377,-265.34317,527.52887,387.888062,-315.24231,101.378838,436.110046,-271.555939,71.356224,313.689545,77.548622,523.053833,411.711792,131.524033,103.025475,446.315826,88.166061,75.311859,308.307922,-179.072601,504.602783,361.461243,-230.085281,109.979103,258.318512,-332.575775,47.744118,222.274384,-266.647736,63.705742,274.30719,166.01001,51.374065,229.224197,101.914001,62.340622,374.177429,52.221638,109.443192,313.983063,-7.616589,505.161346
188,0,231.781891,-231.017044,1072.399048,264.226135,46.523556,1076.767822,423.966339,-149.909973,1066.762573,422.858276,-61.290512,1069.076294,289.434875,-265.358704,527.541565,387.823334,-315.136536,101.35994,436.009857,-271.445679,71.350693,313.652374,77.549561,523.051636,411.719696,131.52887,103.020058,446.309387,88.154541,75.299767,308.295685,-179.066376,504.580383,361.434998,-230.089081,109.975815,258.323578,-332.505768,47.821514,222.227386,-266.65802,63.686768,274.294922,166.018051,51.383175,229.220474,101.920776,62.320152,374.110931,51.999622,109.561104,313.966736,-7.574304,505.146667
189,0,231.78096,-231.028687,1072.374023,264.247406,46.533463,1076.766479,423.957031,-149.907196,1066.739624,422.874115,-61.329254,1069.070557,289.410522,-265.333862,527.530945,387.803375,-315.134552,101.3386,436.019165,-271.475128,71.354485,313.603424,77.527237,523.06311,411.696655,131.519928,103.038628,446.299286,88.154358,75.329239,308.262146,-179.060913,504.589325,361.538544,-230.174652,109.916901,258.335266,-332.499542,47.834015,222.248978,-266.64444,63.703789,274.291931,166.007065,51.370079,229.2341,101.911331,62.336765,374.18634,51.941666,109.545036,314.08374,-7.535767,505.271362
190,0,231.798996,-231.055145,1072.383423,264.250916,46.521515,1076.776245,423.950867,-149.900467,1066.729248,422.886993,-61.311489,1069.032837,289.398743,-265.36557,527.534485,387.79248,-315.14621,101.35743,436.018463,-271.451599,71.353912,313.590881,77.53727,523.07196,411.707214,131.529907,103.034149,446.297455,88.138916,75.326836,308.266144,-179.059357,504.609528,361.448212,-230.049454,110.012383,258.352936,-332.485748,47.82634,222.262177,-266.640717,63.688667,274.306152,166.015289,51.374874,229.218918,101.915565,62.326851,374.138031,52.202335,109.394249,314.056671,-7.531804,505.277985
191,0,231.75206,-231.039825,1072.4198,264.254883,46.526646,1076.80249,423.974182,-149.939117,1066.709473,422.920288,-61.332195,1069.015015,289.414703,-265.316315,527.523743,387.792053,-315.14682,101.369736,435.994751,-271.459137,71.345612,313.555481,77.540825,523.068115,411.69165,131.50705,103.043571,446.305634,88.151833,75.321953,308.277283,-179.042587,504.598633,361.49585,-230.155289,109.960403,258.335449,-332.546967,47.747849,222.265762,-266.645325,63.691437,274.26355,166.000565,51.380016,229.209839,101.921326,62.331421,374.195435,52.140419,109.431732,313.901245,-7.545498,505.179871
192,0,231.751434,-231.055511,1072.427856,264.25708,46.515018,1076.809814,423.982056,-149.92038,1066.713745,422.866882,-61.335102,1068.983032,289.43335,-265.304413,527.55188,387.858246,-315.214264,101.374214,436.102966,-271.585327,71.36116,313.546814,77.531128,523.077087,411.703125,131.52951,103.030334,446.2547,88.151688,75.301231,308.231018,-179.064758,504.601654,361.497314,-230.135834,109.950218,258.330109,-332.491791,47.854263,222.249893,-266.645508,63.689785,274.293274,166.008911,51.369442,229.207596,101.921532,62.330647,374.054016,52.34277,109.407776,313.998291,-7.512804,505.287292
193,0,231.78772,-231.046524,1072.43103,264.291595,46.511208,1076.803467,423.963806,-149.905045,1066.657349,422.906158,-61.340366,1068.962402,289.451813,-265.285187,527.543823,387.893433,-315.213684,101.41507,436.118347,-271.596344,71.359093,313.542267,77.552208,523.05658,411.694214,131.533417,103.037712,446.283173,88.162674,75.322098,308.259583,-179.060196,504.601074,361.48056,-230.121582,109.959755,258.298798,-332.499908,47.83902,222.261963,-266.649139,63.699932,274.299561,166.017944,51.384094,229.208527,101.906601,62.328575,374.138031,52.275932,109.431374,313.956787,-7.537162,505.271301
194,0,231.821793,-231.049347,1072.417114,264.28183,46.513996,1076.814697,424.007263,-149.911743,1066.664307,422.956207,-61.303188,1068.94812,289.447906,-265.315643,527.531372,387.871307,-315.251251,101.398262,436.110291,-271.568268,71.355225,313.527466,77.545357,523.062927,411.705994,131.532486,103.041489,446.258575,88.157776,75.303596,308.267365,-179.041,504.601135,361.425903,-230.106232,110.000977,258.358246,-332.560272,47.767899,222.264191,-266.647095,63.70116,274.292877,166.013275,51.370884,229.212997,101.917038,62.322945,374.036316,52.063885,109.559143,313.868896,-7.517976,505.172607
195,0,231.790268,-231.043381,1072.425171,264.299713,46.512836,1076.816406,423.988281,-149.920609,1066.619751,422.94397,-61.354511,1068.913818,289.481323,-265.333832,527.544312,387.740601,-315.147705,101.361565,436.02356,-271.459625,71.347969,313.525604,77.564644,523.044922,411.700592,131.542068,103.059334,446.28064,88.144966,75.333145,308.26239,-179.064285,504.583893,361.478424,-230.117538,109.961693,258.32019,-332.50058,47.853714,222.278488,-266.672455,63.690289,274.302521,166.00386,51.379227,229.203979,101.92289,62.32098,374.111542,52.268436,109.423615,313.936279,-7.521305,505.277924
196,0,231.826019,-231.040207,1072.425049,264.296051,46.524727,1076.827271,423.992828,-149.923584,1066.610718,422.950897,-61.353596,1068.920776,289.430145,-265.335632,527.509827,387.884674,-315.24057,101.394218,436.134247,-271.565308,71.365158,313.521332,77.559227,523.084106,411.685791,131.523102,103.043892,446.287994,88.132393,75.34552,308.258179,-179.043503,504.582886,361.440674,-230.103394,109.953117,258.335114,-332.500671,47.849407,222.275635,-266.68335,63.697979,274.274323,166.001419,51.366108,229.214096,101.914703,62.339706,374.124786,52.270737,109.419289,313.945709,-7.524486,505.29129
197,0,231.81427,-231.041321,1072.407104,264.318848,46.504089,1076.826782,424.035095,-149.896576,1066.592529,423.009552,-61.346588,1068.905396,289.439423,-265.329102,527.519226,387.818024,-315.135437,101.359848,436.039856,-271.457062,71.341164,313.538635,77.559464,523.081787,411.713989,131.524353,103.046066,446.29837,88.120918,75.335213,308.280212,-179.058151,504.592346,361.464752,-230.122787,109.973946,258.314178,-332.539307,47.859528,222.250778,-266.660339,63.706734,274.294373,166.036194,51.396576,229.203018,101.927834,62.318157,374.055206,52.247433,109.458855,313.922424,-7.516739,505.285034
198,0,231.806183,-231.033218,1072.417603,264.327942,46.512405,1076.838745,424.060059,-149.905869,1066.605713,422.99881,-61.366295,1068.895508,289.495392,-265.306,527.5177,387.800812,-315.154419,101.357948,436.009277,-271.446228,71.342896,313.560577,77.555435,523.082947,411.707733,131.516296,103.048164,446.302551,88.15107,75.322639,308.27243,-179.038605,504.578949,361.520386,-230.152969,109.914108,258.343994,-332.538208,47.75555,222.276306,-266.661377,63.694454,274.286011,166.010803,51.377777,229.210495,101.923439,62.327286,374.070343,52.062687,109.543892,313.945862,-7.510301,505.287354
199,0,231.842651,-231.053543,1072.427856,264.37085,46.525616,1076.83313,424.028412,-149.917847,1066.599609,422.980927,-61.368771,1068.859741,289.398621,-265.339966,527.540039,387.769653,-315.138428,101.3517,436.017578,-271.468842,71.351601,313.586548,77.555122,523.085693,411.714355,131.521545,103.043388,446.300323,88.124992,75.333717,308.290039,-179.047241,504.5784,361.46402,-230.126038,109.931358,258.304596,-332.509216,47.801769,222.246017,-266.671021,63.711338,274.297058,166.012772,51.379486,229.226578,101.919228,62.330826,374.117706,52.243504,109.401245,313.950806,-7.516448,505.292786
200,0,231.838776,-231.012314,1072.440186,264.383148,46.529488,1076.825928,424.052246,-149.917282,1066.5896,423.067078,-61.333069,1068.868652,289.433716,-265.326477,527.507202,387.922699,-315.24408,101.374878,436.104828,-271.565887,71.3414,313.592896,77.555939,523.084595,411.717072,131.515518,103.040802,446.270294,88.136726,75.289772,308.28653,-179.056305,504.572205,361.499298,-230.171555,109.912933,258.32486,-332.504333,47.819458,222.229263,-266.670654,63.692436,274.305359,166.003845,51.363327,229.227615,101.926132,62.327869,374.117615,52.228382,109.483772,313.963348,-7.524317,505.294556
201,0,231.906906,-230.995453,1072.415039,264.391205,46.532909,1076.838867,424.108154,-149.910599,1066.591187,423.016052,-61.35408,1068.835449,289.461578,-265.307465,527.555664,387.751495,-315.120605,101.366447,436.016174,-271.446503,71.348351,313.60849,77.575035,523.091736,411.705261,131.516724,103.030014,446.290771,88.135078,75.326706,308.286713,-179.026672,504.578186,361.490479,-230.16008,109.944298,258.356659,-332.553802,47.758026,222.279465,-266.667725,63.701332,274.304535,166.006973,51.371365,229.211105,101.937454,62.339279,374.148346,52.224968,109.441795,314.003632,-7.518148,505.303375
202,0,231.861343,-230.997299,1072.44751,264.444916,46.53569,1076.83252,424.077667,-149.90062,1066.572021,423.065826,-61.351822,1068.861572,289.432617,-265.324951,527.525391,387.745117,-315.106171,101.346146,436.019348,-271.4664,71.34079,313.615723,77.562592,523.092163,411.703308,131.529404,103.048492,446.295532,88.15683,75.31292,308.289978,-179.026489,504.601135,361.478851,-230.114197,109.934494,258.310669,-332.494202,47.803467,222.254425,-266.674713,63.691124,274.312805,166.039307,51.377556,229.212204,101.931427,62.328106,374.115448,52.223694,109.451996,313.973389,-7.516009,505.283661
203,0,231.927643,-230.96962,1072.429077,264.479523,46.551575,1076.841675,424.126526,-149.894394,1066.600952,423.047791,-61.351341,1068.86792,289.471191,-265.313873,527.534119,387.928864,-315.253021,101.381531,436.09787,-271.569183,71.349785,313.62674,77.577797,523.100708,411.667114,131.510498,103.030312,446.302582,88.150436,75.321701,308.282104,-179.024582,504.594574,361.467072,-230.086685,109.962624,258.328003,-332.53891,47.830143,222.254211,-266.660217,63.703239,274.300873,166.019714,51.382462,229.211914,101.935364,62.330536,374.120819,52.225822,109.446014,313.981018,-7.524311,505.306488
204,0,231.916733,-230.957504,1072.433838,264.494995,46.544285,1076.836304,424.15033,-149.890839,1066.570801,423.077637,-61.33226,1068.88208,289.487854,-265.27829,527.534302,387.804688,-315.144684,101.369797,436.01474,-271.469757,71.342827,313.629272,77.570709,523.104675,411.716339,131.520905,103.033409,446.299927,88.163673,75.322922,308.295563,-179.010437,504.598267,361.468567,-230.096405,109.938545,258.32431,-332.508209,47.789967,222.261871,-266.635529,63.695847,274.295715,166.01413,51.36562,229.207016,101.936264,62.337021,374.117493,52.18531,109.461052,314.006683,-7.510446,505.297668
205,0,231.93808,-230.960342,1072.428223,264.515259,46.551441,1076.832031,424.180634,-149.898453,1066.583862,423.171173,-61.315853,1068.86499,289.526459,-265.286743,527.535889,387.892853,-315.251404,101.406715,436.077911,-271.556488,71.350464,313.637054,77.594002,523.10376,411.693329,131.529892,103.021149,446.29718,88.16703,75.31572,308.301514,-179.015182,504.59201,361.490295,-230.123703,109.952835,258.322845,-332.516266,47.822132,222.269333,-266.680664,63.69389,274.283813,166.022079,51.375031,229.214233,101.933502,62.332798,374.141266,52.184441,109.416954,313.919342,-7.502182,505.186188
206,0,231.976364,-230.959442,1072.457886,264.553711,46.566811,1076.844971,424.170593,-149.895706,1066.561157,423.177734,-61.24741,1068.770996,289.471619,-265.272797,527.526245,387.870819,-315.224396,101.3965,436.123688,-271.569977,71.361443,313.641052,77.597061,523.106628,411.689331,131.524826,103.026833,446.296387,88.166672,75.319626,308.316895,-178.989838,504.57431,361.520538,-230.130539,109.90683,258.322601,-332.514587,47.808636,222.271408,-266.67572,63.690262,274.304077,166.02623,51.355812,229.228531,101.926788,62.328053,374.196075,52.177353,109.423546,314.093231,-7.466115,505.302307
207,0,232.017075,-230.957581,1072.439941,264.590149,46.573521,1076.841309,424.222137,-149.876328,1066.577026,423.208893,-61.246288,1068.887817,289.476257,-265.263184,527.536865,387.911163,-315.245789,101.370659,436.101105,-271.565796,71.356819,313.676361,77.606056,523.119385,411.732788,131.531723,103.019829,446.290955,88.163773,75.309135,308.316101,-178.990906,504.583466,361.452179,-230.108551,109.959808,258.317932,-332.575867,47.750679,222.272507,-266.661224,63.718884,274.291016,166.010941,51.380356,229.20723,101.932579,62.33699,374.190369,52.190739,109.435776,314.047668,-7.495324,505.307251
208,0,232.013367,-230.945755,1072.452637,264.624176,46.579266,1076.85083,424.276672,-149.853195,1066.566284,423.292999,-61.287617,1068.859131,289.529541,-265.257935,527.557678,387.921753,-315.250061,101.363823,436.089539,-271.565063,71.3433,313.70163,77.618294,523.130371,411.689117,131.525787,103.024544,446.294281,88.164474,75.303413,308.336395,-178.99707,504.585632,361.441528,-230.101837,109.964363,258.293427,-332.52356,47.823681,222.264313,-266.666321,63.720337,274.302979,166.001602,51.363766,229.235046,101.926498,62.330235,374.249908,52.187328,109.442581,314.064331,-7.475999,505.312073
209,0,232.015121,-230.922073,1072.432739,264.644836,46.578083,1076.860596,424.282593,-149.85994,1066.548828,423.254395,-61.246151,1068.825562,289.548889,-265.254364,527.542236,387.901276,-315.245789,101.388596,436.123901,-271.589172,71.342293,313.718842,77.612152,523.125305,411.720398,131.535599,103.004234,446.290375,88.174561,75.288994,308.352997,-178.996399,504.584564,361.482666,-230.094162,109.942703,258.315735,-332.517639,47.782082,222.261887,-266.666718,63.715145,274.301086,166.020676,51.378342,229.228058,101.939629,62.343483,374.144653,52.197239,109.455338,313.899231,-7.537942,505.212189
210,0,232.079926,-230.910248,1072.455322,264.658203,46.596951,1076.852173,424.333435,-149.847824,1066.566406,423.322571,-61.248009,1068.829834,289.512421,-265.289917,527.539978,387.934326,-315.248108,101.370407,436.110565,-271.573242,71.332565,313.727997,77.617798,523.120544,411.74173,131.539429,103.021248,446.287384,88.17733,75.290718,308.365204,-178.989548,504.590576,361.466248,-230.139694,109.917816,258.329376,-332.538361,47.79221,222.2556,-266.661713,63.700504,274.297089,166.011215,51.377865,229.218338,101.930695,62.339153,374.203186,52.183487,109.448288,314.082001,-7.468999,505.312317
211,0,232.086258,-230.916977,1072.455444,264.688599,46.608456,1076.855957,424.392883,-149.850845,1066.57373,423.366089,-61.212452,1068.877686,289.561737,-265.287109,527.560181,387.901306,-315.253662,101.399849,436.112366,-271.550537,71.33889,313.736298,77.634232,523.122253,411.695587,131.536636,103.008232,446.281891,88.162094,75.302055,308.392151,-178.982712,504.575775,361.502411,-230.158813,109.916016,258.289276,-332.499512,47.826279,222.271561,-266.669983,63.681595,274.292053,166.01326,51.361797,229.240509,101.921761,62.337013,374.215271,52.175522,109.405304,313.941467,-7.518449,505.22757
212,0,232.13797,-230.885208,1072.456299,264.730164,46.620846,1076.858154,424.441315,-149.813431,1066.560547,423.371735,-61.217308,1068.846191,289.616394,-265.274628,527.560852,387.760315,-315.13443,101.353203,436.027466,-271.451263,71.330101,313.74115,77.632599,523.110779,411.708557,131.564529,103.018517,446.289825,88.191978,75.288765,308.424957,-178.983078,504.589569,361.467499,-230.11618,109.961563,258.328766,-332.585876,47.745338,222.249176,-266.671051,63.68465,274.30191,166.019653,51.36161,229.212799,101.945045,62.339382,374.187439,52.157448,109.494186,314.135406,-7.442583,505.308441
213,0,232.224976,-230.889328,1072.44751,264.748199,46.623608,1076.866333,424.448639,-149.804169,1066.569946,423.420166,-61.147087,1068.835938,289.702057,-265.250244,527.556091,387.773438,-315.125,101.377869,436.015778,-271.474762,71.322548,313.757812,77.635735,523.117615,411.687561,131.551682,102.994125,446.332764,88.190376,75.29425,308.462738,-178.964615,504.586151,361.458862,-230.094589,109.950157,258.369171,-332.549133,47.731705,222.268478,-266.687592,63.690468,274.282471,166.003235,51.373489,229.22641,101.92543,62.342125,374.203033,52.168652,109.406929,313.998657,-7.514727,505.229584
214,0,232.220047,-230.856857,1072.45813,264.773254,46.630405,1076.867432,424.514221,-149.773834,1066.582764,423.462555,-61.119167,1068.84668,289.656952,-265.250793,527.545166,387.892975,-315.239227,101.3806,436.125397,-271.577118,71.330276,313.778992,77.645988,523.119202,411.71106,131.551224,103.001144,446.309174,88.188019,75.292427,308.46637,-178.964294,504.58432,361.470245,-230.149918,109.924858,258.33551,-332.510986,47.811634,222.273712,-266.662933,63.697739,274.289185,166.007843,51.364262,229.235001,101.92498,62.347191,374.19281,52.191372,109.431244,314.005859,-7.461769,505.188354
215,0,232.272278,-230.859451,1072.440063,264.798157,46.642002,1076.863892,424.525482,-149.742844,1066.589966,423.521637,-61.110596,1068.829712,289.660095,-265.24408,527.570557,387.867004,-315.232452,101.370972,436.109589,-271.584198,71.317123,313.789307,77.669029,523.111877,411.720001,131.556702,103.000084,446.290955,88.212196,75.268524,308.489777,-178.946503,504.58075,361.45871,-230.112732,109.92231,258.302368,-332.522949,47.848743,222.277115,-266.636963,63.737831,274.279327,166.013977,51.378769,229.232361,101.941147,62.352669,374.228333,52.200069,109.421577,314.066895,-7.465362,505.210571
216,0,232.158371,-230.915512,1072.486572,264.792725,46.642208,1076.877808,424.595612,-149.730896,1066.571533,423.520355,-61.122597,1068.810669,289.669617,-265.227356,527.570251,387.91095,-315.23938,101.378357,436.151825,-271.599792,71.337044,313.811707,77.673019,523.117249,411.705841,131.578491,103.009216,446.291443,88.219162,75.255928,308.505676,-178.958145,504.582336,361.484863,-230.10611,109.943581,258.285248,-332.480743,47.842972,222.263916,-266.650391,63.729538,274.29895,166.001007,51.38184,229.229889,101.939583,62.331043,374.139099,52.408882,109.361786,314.093842,-7.467249,505.227509
217,0,232.31398,-230.854767,1072.471802,264.833374,46.655193,1076.87793,424.630707,-149.707016,1066.570801,423.548462,-61.065853,1068.869263,289.68515,-265.264679,527.592468,387.767761,-315.12085,101.349289,436.019531,-271.468414,71.315796,313.79126,77.66861,523.109375,411.712982,131.570251,103.000626,446.293976,88.218437,75.271271,308.508484,-178.947784,504.566803,361.449677,-230.056702,109.947014,258.319427,-332.429138,47.902439,222.267044,-266.672119,63.696133,274.276093,166.005997,51.340782,229.250381,101.922966,62.325966,374.17746,52.316288,109.449692,314.030853,-7.486053,505.226776
218,0,232.354019,-230.830002,1072.511719,264.865265,46.663284,1076.891724,424.661041,-149.683243,1066.594482,423.592041,-61.032673,1068.893677,289.738556,-265.251892,527.537659,387.889099,-315.251129,101.348015,436.114349,-271.557892,71.342514,313.828766,77.674438,523.126953,411.738739,131.597397,102.988594,446.314148,88.228615,75.269096,308.52301,-178.936722,504.582001,361.479828,-230.062119,109.969345,258.321381,-332.517517,47.865784,222.254135,-266.655823,63.725613,274.309509,166.024826,51.383762,229.241394,101.941521,62.338131,374.074005,52.294697,109.466949,314.122589,-7.464557,505.220306
219,0,232.404465,-230.821136,1072.498169,264.897339,46.678562,1076.895752,424.70163,-149.661774,1066.586182,423.644958,-61.037209,1068.860596,289.728027,-265.24884,527.582214,387.777374,-315.107086,101.345009,436.021484,-271.464417,71.303635,313.82901,77.692513,523.107971,411.711823,131.565369,102.999565,446.303864,88.212532,75.264038,308.533813,-178.931793,504.586212,361.4328,-230.021576,109.972656,258.310181,-332.420837,47.902176,222.287949,-266.677887,63.721485,274.308472,166.026718,51.365734,229.246277,101.937263,62.339764,374.082397,52.310875,109.479866,314.24408,-7.410788,505.314758
220,0,232.412521,-230.812073,1072.510742,264.929321,46.69408,1076.885742,424.702972,-149.6633,1066.578125,423.657196,-61.005085,1068.805664,289.754761,-265.218292,527.570679,387.925751,-315.236359,101.351631,436.151184,-271.599365,71.316643,313.855316,77.68541,523.124084,411.74585,131.593979,102.986847,446.301605,88.224846,75.244835,308.535065,-178.929489,504.586884,361.467438,-230.072754,109.90786,258.345886,-332.500916,47.794422,222.283997,-266.667114,63.695507,274.292725,166.016174,51.366005,229.241913,101.923943,62.352028,374.19046,52.35371,109.408997,314.246094,-7.406019,505.319305
221,0,232.427155,-230.78157,1072.504517,264.951385,46.698883,1076.896484,424.753693,-149.639389,1066.568848,423.679077,-61.029419,1068.838257,289.728912,-265.204132,527.565308,387.809296,-315.116638,101.364151,436.013153,-271.461853,71.30732,313.866638,77.706688,523.12738,411.717285,131.573578,102.968575,446.321259,88.236855,75.2724,308.542358,-178.910034,504.581635,361.479828,-230.122971,109.910088,258.34549,-332.535706,47.757683,222.263763,-266.681885,63.707321,274.29361,166.008865,51.367352,229.253021,101.941902,62.351208,374.193512,52.358597,109.402885,314.254425,-7.415118,505.332245
222,0,232.50322,-230.761429,1072.497681,264.996124,46.714756,1076.90686,424.775024,-149.633133,1066.571045,423.728699,-60.977386,1068.875977,289.745636,-265.187012,527.577637,387.932892,-315.214325,101.359123,436.115051,-271.572601,71.318604,313.87381,77.710861,523.128845,411.720062,131.597366,102.976799,446.301941,88.204636,75.262543,308.546814,-178.915543,504.582214,361.441376,-230.073212,109.916954,258.312622,-332.484131,47.830322,222.29303,-266.659424,63.710293,274.292633,166.038223,51.371025,229.252213,101.933823,62.335457,374.169189,52.340664,109.392982,314.144653,-7.450305,505.250763
223,0,232.535233,-230.729782,1072.505005,265.017975,46.738403,1076.908691,424.816528,-149.622314,1066.549194,423.784058,-60.979862,1068.892822,289.769531,-265.175385,527.574402,387.897888,-315.243408,101.334724,436.132172,-271.547943,71.32338,313.887146,77.721794,523.130615,411.742371,131.59671,102.984192,446.32312,88.218307,75.242851,308.564911,-178.894333,504.563019,361.479614,-230.077469,109.974106,258.328552,-332.474426,47.853016,222.245331,-266.662476,63.716217,274.303192,166.023773,51.372787,229.249359,101.938431,62.353951,374.139465,52.294472,109.465134,314.205566,-7.355505,505.20282
224,0,232.544357,-230.698593,1072.555298,265.082306,46.763702,1076.910034,424.778198,-149.59343,1066.547607,423.859467,-60.920292,1068.838867,289.756317,-265.178589,527.584351,387.873779,-315.236176,101.383278,436.139038,-271.579498,71.331902,313.91507,77.7444,523.138672,411.742218,131.595627,102.972328,446.285919,88.22081,75.232704,308.570496,-178.894836,504.565308,361.461365,-230.070282,109.953903,258.351074,-332.523071,47.834206,222.279877,-266.661774,63.70686,274.295959,166.023453,51.355209,229.253082,101.945229,62.349804,374.164978,52.319633,109.470757,314.391876,-7.340315,505.333649
225,0,232.558289,-230.670227,1072.544189,265.124939,46.765408,1076.925415,424.814209,-149.567337,1066.536621,423.850372,-60.936207,1068.853271,289.784119,-265.139038,527.5896,387.918182,-315.219788,101.377426,436.126587,-271.593231,71.32692,313.941742,77.763336,523.140442,411.764343,131.612213,102.974991,446.309723,88.226585,75.251495,308.589417,-178.867722,504.571808,361.41745,-230.029419,109.936592,258.306885,-332.510406,47.835114,222.287079,-266.662018,63.70686,274.297455,166.02478,51.387501,229.256485,101.940506,62.359032,374.162933,52.329327,109.464111,314.217438,-7.397334,505.248383
226,0,232.625946,-230.680099,1072.497437,265.165894,46.811512,1076.93396,424.794952,-149.56842,1066.549316,423.836639,-60.961948,1068.794189,289.689362,-265.178436,527.601196,387.908844,-315.244781,101.387878,436.132324,-271.581879,71.331337,313.964111,77.75795,523.149475,411.753967,131.622742,102.993156,446.307709,88.238579,75.238632,308.571045,-178.863617,504.576324,361.407104,-230.003799,109.977081,258.343262,-332.531525,47.747318,222.247864,-266.655792,63.705681,274.296051,166.017822,51.375629,229.241806,101.943932,62.368416,374.162781,52.336506,109.489098,314.212097,-7.381973,505.262329
227,0,232.639709,-230.638245,1072.504272,265.192902,46.803913,1076.932617,424.839111,-149.55957,1066.533081,423.855072,-60.918694,1068.821655,289.746826,-265.123535,527.598328,387.918915,-315.235321,101.370193,436.10791,-271.55658,71.32338,313.966095,77.786156,523.151794,411.757935,131.607452,102.966774,446.337158,88.24144,75.254959,308.551147,-178.83696,504.581268,361.416473,-230.031952,109.989708,258.304962,-332.518799,47.824516,222.250153,-266.643158,63.691513,274.305328,166.035858,51.373295,229.256485,101.951347,62.353149,374.224121,52.327091,109.395821,314.388367,-7.296328,505.347656
228,0,232.634003,-230.616577,1072.554932,265.24408,46.826096,1076.951904,424.939728,-149.587189,1066.523804,423.961639,-60.906139,1068.826904,289.76944,-265.117004,527.582275,387.943024,-315.230988,101.366615,436.129547,-271.574005,71.332626,314.002838,77.787292,523.15332,411.743378,131.613693,102.964729,446.310089,88.239838,75.233406,308.566406,-178.829865,504.57312,361.480286,-230.033173,109.953995,258.301178,-332.387115,47.919388,222.262833,-266.654877,63.699966,274.299988,166.037354,51.379597,229.250824,101.955254,62.348888,374.264496,52.341377,109.387611,314.368652,-7.309759,505.354401
229,0,232.684845,-230.596283,1072.551636,265.281372,46.823498,1076.953125,424.927551,-149.558609,1066.506714,423.976532,-60.917854,1068.763062,289.815979,-265.081787,527.62085,387.921143,-315.233185,101.360306,436.143707,-271.592712,71.334045,314.014526,77.80323,523.146912,411.747253,131.610474,102.971336,446.327881,88.252228,75.240974,308.577637,-178.828568,504.579529,361.427673,-230.0224,109.949036,258.30957,-332.403381,47.886612,222.270065,-266.653931,63.727459,274.312927,166.050156,51.36861,229.262848,101.952103,62.359573,374.206268,52.334778,109.44725,314.372772,-7.300121,505.350769
230,0,232.714767,-230.593277,1072.52832,265.337433,46.859089,1076.977295,424.965271,-149.531387,1066.512695,424.081238,-60.898346,1068.818359,289.778412,-265.067169,527.577698,387.904938,-315.252716,101.358994,436.132324,-271.604218,71.307121,314.014374,77.812447,523.161194,411.755188,131.634308,102.963661,446.325806,88.262627,75.229454,308.588837,-178.780701,504.56839,361.452728,-230.029831,109.946381,258.324677,-332.50238,47.846504,222.269287,-266.651886,63.715099,274.295471,166.029266,51.368938,229.246628,101.942566,62.356495,374.22348,52.321301,109.445061,314.385956,-7.288781,505.360413
231,0,232.768875,-230.59053,1072.521606,265.375,46.862247,1076.983398,425.051208,-149.53479,1066.509399,424.05188,-60.916832,1068.809692,289.751282,-265.056274,527.591492,387.936493,-315.247101,101.380074,436.133667,-271.605927,71.316429,314.033234,77.82634,523.168457,411.762848,131.625671,102.977493,446.338318,88.249725,75.248711,308.564484,-178.815933,504.565247,361.50354,-230.115952,109.881706,258.296234,-332.449402,47.834602,222.286926,-266.652863,63.713669,274.313141,166.049713,51.373047,229.260788,101.946548,62.360596,374.164978,52.30151,109.434685,314.392334,-7.278656,505.363892
232,0,232.832733,-230.570145,1072.564575,265.426666,46.868519,1076.991455,425.097656,-149.549774,1066.494141,424.154938,-60.879181,1068.793457,289.763855,-265.048218,527.59021,387.947662,-315.234863,101.349327,436.132263,-271.583466,71.313789,314.035645,77.835175,523.163696,411.726318,131.629303,102.956024,446.314148,88.245857,75.263863,308.570709,-178.784943,504.570831,361.442017,-230.043076,109.963287,258.315887,-332.449371,47.797741,222.255066,-266.650635,63.70192,274.305908,166.03476,51.366508,229.258606,101.943993,62.3675,374.229431,52.337204,109.454514,314.377869,-7.264369,505.374786
233,0,232.883698,-230.581024,1072.53833,265.489746,46.838051,1077.013672,425.128998,-149.509232,1066.473511,424.246216,-60.919731,1068.797485,289.735016,-265.054321,527.569824,387.934143,-315.229431,101.330505,436.107056,-271.559113,71.314735,314.025421,77.831261,523.169678,411.747864,131.630615,102.956017,446.335541,88.261879,75.218094,308.570557,-178.793274,504.568756,361.414215,-229.977722,109.951347,258.314026,-332.498535,47.834019,222.240021,-266.637146,63.711479,274.300507,166.031006,51.368073,229.254684,101.945,62.372749,374.213715,52.2999,109.436493,314.414551,-7.256594,505.384735
234,0,232.924255,-230.571152,1072.567749,265.508606,46.835213,1077.033081,425.197693,-149.510986,1066.484741,424.332947,-60.904999,1068.881104,289.734314,-265.042236,527.601562,387.763,-315.095428,101.293449,436.033325,-271.474396,71.307701,314.071198,77.848839,523.172485,411.738068,131.638382,102.972633,446.327057,88.270142,75.255653,308.55246,-178.773865,504.570129,361.45517,-229.987671,109.981644,258.296936,-332.475281,47.824852,222.249908,-266.664917,63.708328,274.286957,166.029907,51.373371,229.245056,101.949196,62.361248,374.088806,52.008221,109.556786,314.387939,-7.285492,505.391235
235,0,232.995911,-230.570129,1072.568115,265.581909,46.839695,1077.046753,425.230957,-149.487152,1066.485474,424.328552,-60.84898,1068.776733,289.760712,-265.028473,527.61676,387.88559,-315.197754,101.374123,436.09964,-271.573395,71.299782,314.07016,77.84449,523.166077,411.759125,131.654984,102.957886,446.332184,88.273285,75.239708,308.552917,-178.758636,504.580444,361.380798,-229.965057,109.945686,258.311768,-332.5336,47.752289,222.24115,-266.674042,63.702896,274.315033,166.027512,51.379829,229.26358,101.943359,62.351406,374.217621,52.369122,109.466156,314.475647,-7.261948,505.381989
236,0,233.092682,-230.5746,1072.550781,265.640656,46.850891,1077.059814,425.342194,-149.457809,1066.510498,424.39386,-60.888138,1068.812622,289.792389,-265.044525,527.593079,387.908966,-315.207428,101.335228,436.113495,-271.559662,71.299553,314.078674,77.835037,523.164734,411.799805,131.646088,102.951553,446.336365,88.273445,75.232727,308.574615,-178.76358,504.58194,361.413757,-229.966705,109.944595,258.293976,-332.509521,47.852474,222.242523,-266.654205,63.712337,274.309052,166.044006,51.369942,229.253326,101.936409,62.364536,374.248291,52.300533,109.439079,314.480011,-7.256948,505.381348
237,0,233.175568,-230.571808,1072.560059,265.663788,46.847767,1077.071411,425.433807,-149.461288,1066.525757,424.350128,-60.853188,1068.776001,289.819427,-265.018463,527.625488,387.874054,-315.206268,101.339363,436.126068,-271.571533,71.30809,314.070953,77.845558,523.187866,411.746216,131.638,102.935394,446.332092,88.279465,75.258621,308.579895,-178.74295,504.596008,361.442627,-229.975784,109.922623,258.328461,-332.484802,47.834072,222.275742,-266.659027,63.714363,274.323151,166.033051,51.380543,229.262985,101.947334,62.37257,374.280731,52.328007,109.447151,314.386261,-7.250818,505.267273
238,0,233.236938,-230.563644,1072.566895,265.7146,46.836567,1077.069092,425.466461,-149.421066,1066.531982,424.48172,-60.83754,1068.828735,289.818634,-265.033691,527.629639,387.801941,-315.104584,101.308563,436.02298,-271.437988,71.294891,314.121216,77.852356,523.175659,411.769958,131.658142,102.940521,446.334991,88.291046,75.233032,308.613037,-178.746521,504.596527,361.435211,-230.006866,109.949104,258.335358,-332.533325,47.746391,222.238235,-266.66391,63.742882,274.297729,166.031906,51.385639,229.264252,101.95063,62.365517,374.302429,52.367035,109.384331,314.54599,-7.24745,505.392853
239,0,233.28595,-230.562912,1072.575317,265.749084,46.842525,1077.078125,425.549866,-149.392059,1066.591309,424.511078,-60.752201,1068.880981,289.863342,-265.061493,527.635498,387.946228,-315.189728,101.329353,436.108124,-271.573517,71.290291,314.139893,77.852531,523.182922,411.773834,131.667755,102.939026,446.336243,88.301697,75.203331,308.645844,-178.753876,504.59314,361.42569,-230.054016,109.931686,258.346069,-332.42453,47.884438,222.263992,-266.660126,63.719929,274.299622,166.024139,51.365704,229.257645,101.94973,62.370148,374.323517,52.307705,109.446594,314.530396,-7.261517,505.405487
240,0,233.403488,-230.556213,1072.559937,265.735321,46.829144,1077.06189,425.574768,-149.354706,1066.616211,424.597229,-60.753124,1068.866943,289.934448,-265.055389,527.640747,387.893372,-315.19809,101.360573,436.121979,-271.562103,71.315628,314.177917,77.86837,523.189148,411.764893,131.67276,102.942863,446.35199,88.304863,75.247154,308.702972,-178.754791,504.600952,361.406586,-230.024689,109.951653,258.328125,-332.539978,47.867149,222.256485,-266.65802,63.711323,274.311432,166.011246,51.363636,229.264191,101.955971,62.361675,374.272797,52.285961,109.418182,314.567444,-7.222662,505.381775
241,0,233.445206,-230.549789,1072.552734,265.790649,46.853809,1077.077515,425.634613,-149.332092,1066.630859,424.471802,-60.83242,1068.967285,290.000366,-265.034698,527.628662,387.908234,-315.192322,101.338669,436.113678,-271.547607,71.295715,314.221588,77.868439,523.182678,411.77475,131.675064,102.9394,446.330688,88.296547,75.218246,308.762909,-178.76178,504.595215,361.428528,-230.027405,109.937828,258.330719,-332.513824,47.742508,222.261978,-266.654205,63.730076,274.324219,166.041992,51.357578,229.282639,101.943558,62.358944,374.262115,52.31612,109.440857,314.610779,-7.243519,505.396484
242,0,233.500641,-230.540619,1072.526001,265.835876,46.855156,1077.069702,425.720337,-149.301056,1066.666504,424.562347,-60.721462,1068.927612,290.087036,-265.056274,527.634583,387.898407,-315.187225,101.35907,436.117218,-271.589661,71.281555,314.275757,77.890999,523.191467,411.779358,131.677017,102.928856,446.337799,88.315117,75.2323,308.811707,-178.751511,504.606018,361.481323,-230.042313,109.945808,258.337952,-332.496124,47.824066,222.278366,-266.67868,63.713646,274.296204,166.032593,51.365841,229.27771,101.935089,62.355907,374.239349,52.178947,109.524742,314.650177,-7.207256,505.279968
243,0,233.590912,-230.543869,1072.52063,265.818481,46.84531,1077.106445,425.746796,-149.286423,1066.69104,424.627472,-60.711021,1068.995239,290.104126,-265.062531,527.657593,387.900421,-315.235382,101.333656,436.115143,-271.572235,71.293503,314.330017,77.886406,523.190613,411.779114,131.705231,102.951569,446.353577,88.317726,75.259445,308.879242,-178.73555,504.604279,361.494995,-230.046341,109.933655,258.297699,-332.437531,47.927933,222.258667,-266.67569,63.722103,274.312805,166.032074,51.369976,229.26709,101.948486,62.365543,374.255524,52.090401,109.550468,314.777252,-7.221671,505.39386
244,0,233.660294,-230.560242,1072.485718,265.853577,46.834461,1077.099487,425.79364,-149.258194,1066.724365,424.711945,-60.652145,1069.059814,290.184296,-265.074921,527.665649,387.952484,-315.240509,101.35714,436.138824,-271.592133,71.272682,314.381775,77.878975,523.185852,411.786987,131.695999,102.937775,446.325928,88.348251,75.213181,308.923584,-178.742126,504.594788,361.472931,-230.048157,109.929787,258.333313,-332.544312,47.791817,222.278595,-266.663574,63.738579,274.295959,166.022873,51.380875,229.274826,101.940651,62.356434,374.247589,52.114185,109.522247,314.824005,-7.227541,505.40329
245,0,233.605072,-230.589737,1072.522339,265.874146,46.841316,1077.102173,425.878143,-149.243561,1066.759033,424.737274,-60.636276,1069.059326,290.155884,-265.001801,527.628601,387.93457,-315.232819,101.353653,436.150513,-271.583557,71.289124,314.454346,77.849724,523.163269,411.773071,131.70723,102.95195,446.328949,88.320892,75.218819,308.983643,-178.740021,504.596954,361.474762,-230.070587,109.954285,258.311432,-332.492737,47.841793,222.26329,-266.690063,63.712536,274.309296,166.031464,51.370983,229.291199,101.944397,62.362389,374.232361,52.129776,109.540894,314.897156,-7.228476,505.404724
246,0,233.771561,-230.560669,1072.501587,265.902557,46.824306,1077.134277,425.905884,-149.213501,1066.782837,424.777008,-60.608692,1069.108887,290.266235,-265.023865,527.671692,387.780487,-315.085785,101.342735,436.04068,-271.496368,71.26545,314.515533,77.85585,523.157593,411.773285,131.700638,102.911819,446.368011,88.332733,75.255577,309.041962,-178.722748,504.58847,361.469604,-230.042435,109.966141,258.32193,-332.446106,47.909,222.260849,-266.678192,63.711441,274.303314,166.032059,51.361332,229.28595,101.940063,62.365288,374.249268,52.127373,109.567757,314.921631,-7.199195,505.407867
247,0,233.791351,-230.575455,1072.464233,265.951019,46.833504,1077.124756,425.946838,-149.185379,1066.825928,424.856445,-60.591454,1069.171143,290.223236,-264.99353,527.62915,387.93515,-315.224945,101.350334,436.141418,-271.587158,71.277809,314.568817,77.906197,523.210083,411.817383,131.723587,102.935585,446.364044,88.355446,75.232552,309.075409,-178.699875,504.586334,361.533203,-230.06694,109.941864,258.347229,-332.519989,47.751598,222.277542,-266.679047,63.733631,274.277985,166.035843,51.371071,229.293243,101.959389,62.358311,374.219086,52.133495,109.571205,314.890076,-7.246928,505.291473
248,0,233.859436,-230.56601,1072.425781,265.958069,46.834858,1077.146362,425.984741,-149.19162,1066.858765,424.867371,-60.550636,1069.19812,290.264954,-264.99646,527.648926,387.825897,-315.117859,101.347954,436.049377,-271.482666,71.256577,314.622162,77.936028,523.204285,411.788177,131.728973,102.946831,446.381317,88.328072,75.246651,309.127625,-178.686462,504.604828,361.495667,-230.027039,109.968102,258.314423,-332.498535,47.855476,222.262192,-266.68338,63.708282,274.299591,166.040695,51.369888,229.287613,101.946945,62.367359,374.303192,52.366077,109.46096,315.100311,-7.201253,505.403503
249,0,233.873901,-230.503189,1072.472168,266.000549,46.865383,1077.161011,426.008545,-149.16095,1066.887939,424.925293,-60.493752,1069.194702,290.369415,-264.950439,527.638,387.969025,-315.224518,101.33725,436.169189,-271.614532,71.282211,314.688782,77.941742,523.205017,411.822266,131.73114,102.942589,446.380829,88.350517,75.24292,309.136536,-178.708115,504.602142,361.543762,-230.109573,109.939987,258.32431,-332.528381,47.737736,222.283844,-266.703186,63.700302,274.286804,166.038361,51.359875,229.291931,101.948776,62.36203,374.309174,52.363754,109.455978,315.190002,-7.161806,505.369904
250,0,233.929276,-230.491455,1072.442993,266.031281,46.881989,1077.162964,426.067017,-149.183075,1066.917603,424.943634,-60.522964,1069.279907,290.381653,-264.952972,527.637329,387.966278,-315.212952,101.350876,436.140076,-271.586914,71.268158,314.754333,77.945251,523.204834,411.838745,131.72583,102.924698,446.376892,88.349251,75.196556,309.165222,-178.705139,504.589966,361.523376,-230.054352,109.936234,258.303223,-332.428741,47.923134,222.284805,-266.680054,63.752331,274.283508,166.043533,51.367016,229.283951,101.962204,62.365604,374.287476,52.399429,109.462006,315.192993,-7.177531,505.390106
251,0,233.999985,-230.440155,1072.418579,266.082855,46.89658,1077.182495,426.079437,-149.143295,1066.959351,425.012207,-60.514641,1069.318726,290.291504,-264.964508,527.641113,387.97702,-315.220276,101.327858,436.139832,-271.590576,71.263054,314.797211,77.968674,523.233765,411.813354,131.738327,102.919762,446.386383,88.353119,75.235275,309.192505,-178.692581,504.580078,361.519714,-230.12561,109.901924,258.300476,-332.475708,47.91906,222.290848,-266.675781,63.711792,274.288971,166.042862,51.375568,229.28569,101.957253,62.373253,374.280945,52.182102,109.582939,315.273804,-7.183707,505.378082
252,0,233.97467,-230.396835,1072.426392,266.094086,46.91243,1077.183594,426.144501,-149.130127,1066.982056,425.041626,-60.47258,1069.314575,290.397247,-264.949402,527.606995,387.982788,-315.239319,101.339867,436.141602,-271.607605,71.256927,314.84552,77.973709,523.234863,411.813995,131.727463,102.934631,446.391327,88.349342,75.230118,309.226318,-178.671829,504.578644,361.51358,-230.082153,109.947502,258.319824,-332.521332,47.841034,222.295212,-266.681427,63.725681,274.310822,166.06041,51.372337,229.278656,101.944344,62.358845,374.27243,52.203846,109.59201,315.132477,-7.241536,505.312378
253,0,233.874405,-230.38707,1072.421387,266.126282,46.919907,1077.203613,426.149506,-149.166885,1067.027344,425.072693,-60.451385,1069.338745,290.401367,-264.888519,527.648193,387.989166,-315.213318,101.366554,436.129639,-271.613892,71.270454,314.867462,77.994095,523.244324,411.812683,131.72644,102.937965,446.387054,88.323036,75.236076,309.204712,-178.654938,504.591644,361.515808,-230.041473,109.967354,258.364136,-332.507812,47.805752,222.274582,-266.661133,63.715435,274.307281,166.063736,51.38866,229.286575,101.948257,62.381283,374.28891,52.14534,109.624542,315.357452,-7.133804,505.411102
254,0,233.866821,-230.364365,1072.419678,266.177856,46.939133,1077.202637,426.161133,-149.176865,1067.051147,425.095398,-60.484287,1069.380371,290.38382,-264.882446,527.625,387.939972,-315.225861,101.354546,436.128754,-271.577911,71.277344,314.939514,78.005676,523.260376,411.826172,131.735535,102.930237,446.370728,88.339935,75.24263,309.210754,-178.636429,504.582336,361.536072,-230.156326,109.920204,258.326172,-332.502441,47.827541,222.296585,-266.659363,63.738152,274.283051,166.051178,51.377712,229.288391,101.963867,62.380413,374.265594,52.178173,109.610451,315.406372,-7.124117,505.445648
255,0,233.964066,-230.3461,1072.37439,266.193207,46.966888,1077.216675,426.132812,-149.168106,1067.071167,425.084869,-60.466702,1069.429688,290.386841,-264.869049,527.608887,387.823242,-315.115387,101.300491,436.044678,-271.512085,71.263535,314.967865,78.010452,523.273865,411.827484,131.725449,102.923943,446.3508,88.348602,75.22686,309.224365,-178.621933,504.589783,361.498413,-230.06543,109.963799,258.283142,-332.521149,47.875336,222.276627,-266.654327,63.745178,274.317078,166.052124,51.372185,229.261734,101.96093,62.389553,374.264404,52.190796,109.602432,315.429626,-7.11727,505.437439
256,0,233.885696,-230.260986,1072.373047,266.267334,46.9799,1077.227539,426.153687,-149.167145,1067.089844,425.127899,-60.451916,1069.44873,290.399963,-264.853668,527.615112,387.916046,-315.225281,101.336197,436.153931,-271.599426,71.276749,315.014191,78.025337,523.273987,411.835876,131.724289,102.924492,446.364105,88.326431,75.222778,309.250061,-178.623276,504.5802,361.501984,-230.062912,109.946793,258.317871,-332.484772,47.840187,222.286469,-266.658875,63.715137,274.295837,166.047714,51.371548,229.268845,101.969429,62.391823,374.417328,52.486671,109.465546,315.505066,-7.08793,505.44809
257,0,233.800995,-230.255997,1072.361206,266.284454,47.023182,1077.2229,426.125824,-149.179886,1067.106934,425.186127,-60.534061,1069.480225,290.458252,-264.834473,527.634399,387.951538,-315.20813,101.335823,436.155548,-271.609039,71.280411,315.056671,78.047272,523.280579,411.810547,131.723877,102.936424,446.333923,88.322815,75.20649,309.269562,-178.587021,504.589142,361.48941,-230.020004,109.941216,258.31665,-332.509735,47.85791,222.291382,-266.639984,63.736729,274.320801,166.039764,51.366249,229.293839,101.953415,62.374306,374.254303,52.205276,109.640076,315.492035,-7.120367,505.461151
258,0,233.81395,-230.190674,1072.354614,266.302429,47.025078,1077.258057,426.119965,-149.184891,1067.125244,425.175171,-60.511101,1069.48645,290.395203,-264.796692,527.643311,387.765381,-315.142578,101.32547,436.048462,-271.516235,71.252602,315.092072,78.0597,523.286194,411.795776,131.710403,102.925598,446.378418,88.308578,75.25087,309.254425,-178.565765,504.586273,361.536346,-230.030334,109.946609,258.333435,-332.489532,47.847206,222.285141,-266.632477,63.704414,274.302185,166.066162,51.377758,229.279587,101.975151,62.37545,374.240356,52.215466,109.59935,315.5271,-7.093853,505.457092
259,0,233.715866,-230.188416,1072.342651,266.34668,47.061474,1077.26709,426.048126,-149.221634,1067.126099,425.114075,-60.55159,1069.514282,290.496277,-264.816162,527.652039,387.912842,-315.234497,101.321472,436.154755,-271.631317,71.256371,315.140411,78.083595,523.287964,411.836914,131.716354,102.917992,446.352234,88.305672,75.234673,309.281464,-178.550873,504.556488,361.544098,-230.09967,109.929298,258.30899,-332.467529,47.82645,222.289093,-266.643066,63.720852,274.314911,166.059998,51.380848,229.277878,101.981728,62.375072,374.212463,52.231308,109.609787,315.572327,-7.073877,505.473541
260,0,233.687134,-230.133713,1072.328369,266.383392,47.054718,1077.283081,426.034241,-149.258026,1067.113281,425.103516,-60.618851,1069.543457,290.361725,-264.779358,527.594543,387.915436,-315.251709,101.329659,436.142242,-271.61554,71.27948,315.161072,78.096016,523.300964,411.795166,131.720215,102.925621,446.361755,88.310898,75.240005,309.265137,-178.528885,504.562988,361.506622,-230.020477,109.94883,258.28476,-332.405579,47.923805,222.267899,-266.632233,63.699512,274.316711,166.050369,51.364025,229.274506,101.968575,62.377892,374.276459,52.182682,109.6064,315.543274,-7.082061,505.453644
261,0,233.631393,-230.149277,1072.317993,266.376343,47.080624,1077.268921,426.017639,-149.270966,1067.115234,425.153046,-60.593548,1069.432373,290.439209,-264.811676,527.61499,387.908569,-315.211395,101.343124,436.138031,-271.576752,71.339195,315.165558,78.095993,523.296387,411.847717,131.733521,102.937859,446.35849,88.322136,75.222656,309.25827,-178.515808,504.545105,361.509155,-230.079285,109.917053,258.292999,-332.473022,47.880314,222.299103,-266.634338,63.735493,274.311676,166.064713,51.365204,229.275711,101.988251,62.385365,374.332642,52.461159,109.499763,315.546143,-7.060036,505.459015
262,0,233.597427,-230.084152,1072.314331,266.396057,47.094746,1077.261963,426.017883,-149.283035,1067.131104,425.114075,-60.594311,1069.503906,290.36087,-264.867584,527.639893,387.869293,-315.229797,101.343269,436.120636,-271.618927,71.27002,315.204163,78.126183,523.291138,411.826813,131.724487,102.940262,446.343048,88.321587,75.229095,309.23703,-178.52803,504.534302,361.560028,-230.091324,109.906982,258.306519,-332.471802,47.865746,222.280579,-266.640869,63.709595,274.331757,166.057022,51.360126,229.258606,101.979225,62.388096,374.24295,52.216488,109.587677,315.574188,-7.050439,505.481659
263,0,233.52356,-230.074326,1072.298096,266.431335,47.114227,1077.271851,425.986725,-149.297821,1067.120605,425.093964,-60.61628,1069.535645,290.335205,-264.747437,527.576172,387.911682,-315.19809,101.347641,436.13623,-271.606781,71.278572,315.183624,78.122269,523.30011,411.830902,131.721588,102.929688,446.337738,88.308853,75.244949,309.229279,-178.512146,504.532227,361.509766,-230.045288,109.939987,258.312286,-332.458191,47.886921,222.269623,-266.627289,63.738392,274.322327,166.066269,51.365555,229.278305,101.971817,62.388725,374.233032,52.255661,109.654495,315.612183,-7.041055,505.468201
264,0,233.477966,-230.028427,1072.295532,266.430786,47.140518,1077.28064,425.946075,-149.307465,1067.126953,425.06485,-60.613285,1069.526611,290.303467,-264.73468,527.572998,387.936249,-315.207764,101.353813,436.147095,-271.618073,71.281509,315.189423,78.134941,523.299927,411.839478,131.739304,102.951462,446.349731,88.320312,75.240753,309.214417,-178.497986,504.536865,361.552734,-230.109894,109.888702,258.30545,-332.395782,47.969128,222.265701,-266.610504,63.725159,274.302551,166.049347,51.357502,229.269547,101.998756,62.386429,374.251709,52.269222,109.666702,315.424438,-7.015434,505.340881
265,0,233.4758,-229.984436,1072.304565,266.415894,47.145924,1077.299683,425.91153,-149.297241,1067.127686,425.104248,-60.593296,1069.479248,290.367096,-264.773682,527.611267,387.914062,-315.226868,101.317543,436.15625,-271.619934,71.281044,315.173248,78.14238,523.308594,411.813721,131.712708,102.94281,446.338348,88.28241,75.231606,309.188446,-178.489624,504.526367,361.547516,-230.072113,109.922882,258.290588,-332.449982,47.853069,222.283035,-266.62851,63.744843,274.323212,166.050293,51.358482,229.272263,101.978645,62.388466,374.307709,52.212276,109.619606,315.47937,-7.046061,505.489471
266,0,233.45285,-229.939194,1072.33374,266.437134,47.150139,1077.282959,425.886536,-149.297913,1067.153198,425.007904,-60.608585,1069.497681,290.283661,-264.78299,527.627808,387.927856,-315.260864,101.329826,436.146637,-271.615051,71.269829,315.149445,78.150497,523.292114,411.835052,131.723053,102.926414,446.330414,88.272568,75.248428,309.15152,-178.474747,504.533875,361.504272,-230.040298,109.940804,258.286591,-332.387909,47.89959,222.279175,-266.615967,63.723408,274.330963,166.066864,51.363323,229.271576,101.981506,62.381725,374.237701,52.469452,109.540283,315.511841,-7.001954,505.494659
267,0,233.406296,-229.942139,1072.309937,266.414825,47.159477,1077.310669,425.851105,-149.287201,1067.157227,425.046906,-60.611942,1069.551392,290.23587,-264.737885,527.603577,387.911652,-315.25943,101.370804,436.151428,-271.610321,71.347511,315.146515,78.166817,523.310425,411.794678,131.711899,102.947929,446.341675,88.298241,75.247833,309.136597,-178.457077,504.532684,361.509521,-230.036514,109.938431,258.273499,-332.469666,47.856915,222.295258,-266.63623,63.714176,274.319275,166.060287,51.360939,229.268417,101.97879,62.38414,374.203217,52.225941,109.624962,315.506104,-7.000342,505.482849
268,0,233.377228,-229.906372,1072.318237,266.365051,47.166428,1077.319824,425.851166,-149.27124,1067.147827,425.060791,-60.617428,1069.543213,290.209351,-264.74588,527.617615,387.934021,-315.220703,101.335808,436.151367,-271.614563,71.289429,315.120056,78.162468,523.309204,411.799805,131.716919,102.949753,446.374664,88.267418,75.274834,309.107025,-178.446487,504.514923,361.508484,-229.99736,109.934097,258.287506,-332.45343,47.905918,222.259171,-266.620148,63.735874,274.31604,166.062317,51.358498,229.263184,101.98349,62.382423,374.174377,52.250523,109.695442,315.37381,-6.96297,505.352661
269,0,233.332321,-229.88916,1072.298706,266.346405,47.182632,1077.322021,425.797485,-149.274323,1067.164185,424.9953,-60.592537,1069.590088,290.211945,-264.728333,527.611389,387.943878,-315.28064,101.35984,436.148346,-271.624054,71.285629,315.103363,78.189987,523.296448,411.830597,131.724136,102.954865,446.358002,88.2883,75.267082,309.065247,-178.455765,504.5271,361.50293,-230.046555,109.921852,258.317505,-332.459351,47.900459,222.272858,-266.685394,63.624367,274.310913,166.040298,51.338131,229.268509,101.986794,62.385632,374.214813,52.229115,109.640579,315.462555,-6.981978,505.498596
270,0,233.310287,-229.887192,1072.289673,266.322693,47.181835,1077.346802,425.805725,-149.299347,1067.17627,424.979584,-60.594513,1069.575317,290.101013,-264.75174,527.596619,387.94223,-315.271301,101.380974,436.153595,-271.639038,71.292709,315.059387,78.19503,523.31073,411.813019,131.695938,102.957008,446.333466,88.281052,75.268112,309.018646,-178.438919,504.527283,361.524353,-230.023529,109.919113,258.295624,-332.478912,47.863735,222.28598,-266.640137,63.686817,274.314026,166.047211,51.359493,229.259811,101.97934,62.377445,374.268127,52.473263,109.578224,315.457184,-6.969488,505.494843
271,0,233.241013,-229.915787,1072.254395,266.312073,47.174953,1077.359009,425.722839,-149.298248,1067.182373,424.906586,-60.603172,1069.613403,290.068665,-264.759735,527.596924,387.756012,-315.125946,101.325699,436.041534,-271.498505,71.281418,315.043488,78.190071,523.318481,411.831696,131.702103,102.948906,446.365601,88.249107,75.302071,309.001801,-178.441391,504.513336,361.486542,-229.999863,109.929482,258.343536,-332.452087,47.79504,222.258682,-266.646606,63.689613,274.303741,166.051575,51.350418,229.24971,101.982201,62.376881,374.188049,52.164654,109.647781,315.211426,-7.077137,505.44101
272,0,233.215271,-229.88031,1072.261475,266.253021,47.181419,1077.384521,425.71228,-149.289841,1067.180298,424.917786,-60.597134,1069.57959,290.092224,-264.732635,527.583801,387.869507,-315.210449,101.346992,436.125031,-271.611755,71.295631,315.014984,78.197296,523.311584,411.783905,131.689621,102.938454,446.342285,88.251373,75.267357,308.96756,-178.440964,504.499786,361.507385,-230.02739,109.953133,258.321472,-332.451416,47.872101,222.259659,-266.648163,63.666813,274.306549,166.057068,51.353558,229.237091,101.980148,62.387333,374.209351,52.191559,109.647736,315.27124,-6.941043,505.397552
273,0,233.172714,-229.880707,1072.26709,266.246094,47.186497,1077.376221,425.656219,-149.285797,1067.197021,424.860382,-60.60741,1069.641113,290.046783,-264.71405,527.581055,387.872894,-315.195618,101.337067,436.12558,-271.598206,71.294472,314.981354,78.201416,523.309937,411.839478,131.695358,102.96907,446.360199,88.246063,75.278168,308.938416,-178.439133,504.502411,361.505157,-230.026627,109.924614,258.2995,-332.464722,47.826424,222.249405,-266.633331,63.69804,274.324249,166.075134,51.353657,229.233032,101.976967,62.393394,374.238251,52.383423,109.549728,315.30899,-6.952917,505.493408
274,0,233.147324,-229.874847,1072.263184,266.206726,47.171242,1077.39502,425.629089,-149.256973,1067.185059,424.850189,-60.622593,1069.647461,289.977753,-264.757935,527.599548,387.850494,-315.19281,101.36541,436.142059,-271.619659,71.281532,314.985291,78.209793,523.308777,411.820801,131.695786,102.952789,446.363495,88.216759,75.278252,308.928009,-178.426514,504.502472,361.481964,-230.032166,109.914482,258.284912,-332.442902,47.844624,222.261292,-266.62973,63.671059,274.31427,166.05603,51.363392,229.248962,101.981018,62.363441,374.200592,52.240929,109.666031,315.257507,-6.909125,505.366516
275,0,233.141556,-229.806641,1072.251465,266.145264,47.180473,1077.426025,425.60083,-149.250351,1067.188477,424.797791,-60.579952,1069.638916,290.033813,-264.707825,527.591675,387.869568,-315.18988,101.369087,436.138092,-271.583099,71.289322,314.962982,78.236786,523.318848,411.804352,131.698425,102.976463,446.338501,88.252594,75.297195,308.955872,-178.432785,504.502289,361.49762,-230.070267,109.911324,258.300934,-332.442078,47.8218,222.268417,-266.634979,63.678249,274.314789,166.072693,51.371113,229.259033,101.987854,62.368462,374.193085,52.192581,109.645828,315.191254,-6.925573,505.379852
276,0,233.115173,-229.798004,1072.215088,266.129669,47.194992,1077.429565,425.553314,-149.257477,1067.21228,424.755676,-60.591145,1069.706665,290.048889,-264.688477,527.59436,387.894867,-315.205292,101.380379,436.148285,-271.606293,71.290047,314.980743,78.255684,523.331848,411.820099,131.692932,102.97261,446.321686,88.260597,75.286301,308.978119,-178.404373,504.515289,361.505432,-230.048019,109.945587,258.306885,-332.442993,47.831543,222.271637,-266.644348,63.686729,274.31839,166.073868,51.358986,229.248642,101.980202,62.385864,374.175385,52.208286,109.674171,315.303253,-6.923485,505.513916
277,0,233.060455,-229.817398,1072.209473,266.085999,47.196686,1077.445068,425.529022,-149.31987,1067.270142,424.511902,-60.568226,1069.753906,290.058411,-264.710663,527.570374,387.912933,-315.195221,101.345253,436.146454,-271.600616,71.270607,314.934174,78.242546,523.338318,411.816895,131.682205,102.977028,446.33252,88.232277,75.296875,308.982849,-178.384079,504.49765,361.537445,-230.040878,109.848854,258.362793,-332.498444,47.779583,222.279572,-266.627747,63.700356,274.319244,166.060318,51.352093,229.240219,101.980637,62.382118,374.182068,52.2103,109.674736,315.172668,-6.911013,505.392029
278,0,232.982513,-229.777481,1072.204712,266.046356,47.192101,1077.462402,425.426941,-149.255371,1067.252319,424.637695,-60.566315,1069.723633,290.074768,-264.676666,527.595276,387.91629,-315.207123,101.375565,436.150238,-271.598389,71.270752,314.938446,78.254631,523.342407,411.778351,131.677353,102.977699,446.349823,88.238823,75.323814,308.982544,-178.368439,504.498413,361.485748,-230.0383,109.904137,258.300781,-332.440765,47.919155,222.264801,-266.647369,63.683605,274.308136,166.056961,51.345894,229.24498,101.972878,62.375984,374.171753,52.186455,109.658577,315.264252,-6.868569,505.513
279,0,232.936005,-229.780792,1072.1604,266.014404,47.203247,1077.463989,425.400635,-149.271484,1067.253174,424.571503,-60.591869,1069.749023,290.121368,-264.668243,527.59729,387.886627,-315.202484,101.349335,436.159332,-271.616302,71.278038,314.916168,78.259262,523.318298,411.8078,131.67131,102.967651,446.320251,88.246422,75.307884,308.978607,-178.371109,504.496277,361.482605,-229.950745,109.909988,258.35675,-332.513367,47.749313,222.283539,-266.619324,63.673206,274.302826,166.062775,51.357136,229.239685,101.980713,62.380863,374.250336,52.45945,109.579842,315.231201,-6.898411,505.505249
280,0,232.895981,-229.753555,1072.161011,266.01178,47.21249,1077.461182,425.346985,-149.274033,1067.256226,424.554993,-60.594566,1069.78418,290.093323,-264.651825,527.556274,387.937042,-315.200653,101.364281,436.144073,-271.604187,71.281082,314.914307,78.285522,523.334045,411.812408,131.667877,102.979103,446.323456,88.222466,75.311684,308.988861,-178.353729,504.501282,361.48175,-229.970032,109.925613,258.27536,-332.413086,47.884857,222.279663,-266.588135,63.708424,274.315521,166.053085,51.349808,229.250259,101.991867,62.376884,374.303802,52.472996,109.581688,315.163971,-6.84537,505.40863
281,0,232.836929,-229.74324,1072.145386,265.983551,47.232361,1077.496338,425.266296,-149.284943,1067.249512,424.473511,-60.595486,1069.793335,290.132416,-264.624146,527.569641,387.908295,-315.216095,101.346176,436.148743,-271.608307,71.286308,314.8909,78.263794,523.334473,411.818909,131.673126,102.987755,446.33136,88.202934,75.298515,308.983307,-178.352219,504.506104,361.518951,-230.047806,109.910416,258.300507,-332.405823,47.889347,222.265839,-266.632416,63.698769,274.32605,166.070007,51.364487,229.256363,101.984459,62.384357,374.194641,52.385078,109.63945,315.074738,-6.889702,505.391357
282,0,232.790543,-229.710159,1072.130127,265.946228,47.259995,1077.478027,425.187927,-149.283249,1067.28125,424.481812,-60.595409,1069.801392,290.108246,-264.612457,527.574951,387.93158,-315.225128,101.388512,436.141327,-271.618835,71.293915,314.90097,78.301689,523.322693,411.818756,131.666977,102.990715,446.340576,88.210609,75.318565,308.97876,-178.318939,504.489532,361.504395,-230.002319,109.917763,258.321106,-332.405792,47.900826,222.280487,-266.609711,63.724415,274.324615,166.068298,51.360317,229.245789,101.990158,62.384758,374.127197,52.168461,109.646675,315.190674,-6.883209,505.517944
283,0,232.750732,-229.691315,1072.144531,265.913605,47.237942,1077.478882,425.185425,-149.280502,1067.289795,424.38623,-60.635376,1069.846924,289.973206,-264.667969,527.561096,387.927399,-315.243225,101.369568,436.132996,-271.593781,71.278931,314.879395,78.284439,523.322388,411.799316,131.668472,102.97374,446.308258,88.222038,75.318199,308.977173,-178.315933,504.471069,361.535522,-230.062805,109.901398,258.323029,-332.410095,47.90609,222.287415,-266.601624,63.691856,274.308655,166.053192,51.359909,229.242538,101.983467,62.38435,374.254486,52.409676,109.549393,315.040009,-6.887215,505.420319
284,0,232.709396,-229.696869,1072.103882,265.866119,47.245125,1077.483154,425.116455,-149.309464,1067.336548,424.389038,-60.619858,1069.921997,290.082581,-264.576447,527.563904,387.951324,-315.261078,101.383636,436.133453,-271.606506,71.281662,314.86795,78.28125,523.329651,411.799408,131.657074,102.97686,446.314484,88.224335,75.300133,308.965302,-178.345993,504.469513,361.541534,-230.066345,109.862183,258.27829,-332.400238,47.922974,222.275558,-266.609161,63.697681,274.310577,166.061737,51.350281,229.234512,101.987465,62.381092,374.219238,52.432747,109.603394,315.187225,-6.870638,505.529236
285,0,232.654205,-229.66774,1072.124023,265.836731,47.258286,1077.489014,425.087036,-149.338745,1067.33252,424.377625,-60.613075,1069.883545,290.047821,-264.636169,527.546326,387.943085,-315.25943,101.37075,436.124329,-271.62851,71.273514,314.857635,78.307381,523.33197,411.80423,131.671417,103.000671,446.347565,88.234673,75.307343,308.958984,-178.322647,504.478821,361.499786,-230.013794,109.926132,258.310242,-332.403442,47.926235,222.297211,-266.618896,63.705914,274.307495,166.059647,51.356506,229.249969,101.984062,62.380508,374.246948,52.454784,109.558151,315.152527,-6.860208,505.520508
286,0,232.589554,-229.681564,1072.120117,265.807861,47.255817,1077.486084,425.030945,-149.312836,1067.342773,424.311066,-60.621761,1069.884155,290.037903,-264.620819,527.561584,387.96283,-315.243561,101.379059,436.162262,-271.633026,71.293777,314.842987,78.295563,523.32666,411.806824,131.661667,102.983131,446.29657,88.215775,75.296829,308.930023,-178.327057,504.459808,361.514862,-229.953125,109.955116,258.319611,-332.374878,47.937725,222.28714,-266.6073,63.69701,274.318817,166.049744,51.349129,229.252686,101.979286,62.368324,374.192566,52.442665,109.586014,315.14743,-6.860063,505.519928
287,0,232.575058,-229.650528,1072.096191,265.775848,47.251156,1077.476074,425.062317,-149.31308,1067.37207,424.306091,-60.659916,1069.959106,290.027466,-264.578278,527.56073,387.929901,-315.252014,101.395386,436.145264,-271.631836,71.289452,314.836426,78.31086,523.323486,411.825195,131.665253,102.983345,446.3255,88.222122,75.320457,308.940887,-178.340759,504.454926,361.519318,-230.048828,109.865593,258.316925,-332.441589,47.847939,222.288132,-266.604462,63.700558,274.324371,166.071686,51.349758,229.232925,102.000412,62.372913,374.125031,52.155098,109.604294,315.11145,-6.849223,505.507996
288,0,232.475891,-229.648956,1072.110107,265.729462,47.256073,1077.479004,424.944611,-149.336319,1067.373535,424.212189,-60.652813,1069.920166,290.040955,-264.589691,527.547974,387.763458,-315.102386,101.30764,436.056458,-271.510773,71.254242,314.83783,78.313423,523.326477,411.824188,131.652649,102.9785,446.32782,88.202965,75.325058,308.925934,-178.319916,504.458618,361.532562,-230.037231,109.873642,258.333527,-332.453979,47.84103,222.279968,-266.605988,63.706837,274.318085,166.055984,51.347076,229.246429,101.987,62.37455,374.202515,52.385193,109.576279,315.051025,-6.831183,505.420319
289,0,232.473541,-229.64035,1072.096802,265.711761,47.250542,1077.486938,424.899414,-149.318008,1067.380127,424.223694,-60.668156,1069.930908,290.066925,-264.583435,527.570862,387.852417,-315.144196,101.389908,436.143829,-271.625,71.285324,314.829742,78.304741,523.326233,411.799652,131.656479,102.986458,446.339111,88.211617,75.344238,308.946655,-178.312851,504.459625,361.539673,-230.056717,109.903984,258.355621,-332.486572,47.861233,222.269882,-266.616394,63.683456,274.322266,166.067032,51.369076,229.246811,101.991302,62.370522,374.238037,52.406132,109.59539,314.997681,-6.865706,505.401245
290,0,232.412872,-229.649811,1072.07373,265.647552,47.257736,1077.487915,424.880951,-149.32756,1067.4104,424.187347,-60.675289,1069.984375,290.063446,-264.582153,527.535217,387.889221,-315.17807,101.362869,436.132996,-271.586609,71.282936,314.834625,78.285843,523.32196,411.792328,131.641266,102.976379,446.347931,88.227821,75.31147,308.929718,-178.336914,504.457581,361.48175,-229.983185,109.943855,258.353943,-332.461548,47.866299,222.276215,-266.609955,63.70438,274.314758,166.065491,51.356686,229.244919,101.976524,62.365788,374.257233,52.385204,109.566048,314.934845,-6.960079,505.415375
291,0,232.340149,-229.625443,1072.105347,265.610046,47.245472,1077.474487,424.844208,-149.344467,1067.425537,424.097229,-60.660931,1069.956299,290.043701,-264.57074,527.541138,387.87854,-315.169922,101.347282,436.168274,-271.612823,71.298378,314.836823,78.305687,523.325256,411.810303,131.665161,102.999771,446.350433,88.197639,75.339714,308.919373,-178.32045,504.4505,361.496185,-230.053879,109.87603,258.335693,-332.392914,47.900677,222.276611,-266.61795,63.704662,274.304657,166.055466,51.365135,229.22702,101.990608,62.378071,374.12262,52.176323,109.685486,315.097015,-6.895928,505.518433
292,0,232.253281,-229.634277,1072.042969,265.531403,47.2701,1077.488647,424.760071,-149.333755,1067.446045,424.159515,-60.647091,1070.031006,289.984528,-264.636597,527.53833,387.873383,-315.191071,101.366302,436.149048,-271.624969,71.270386,314.841309,78.297867,523.316345,411.790283,131.632462,102.989853,446.346436,88.18354,75.326065,308.920166,-178.308487,504.455505,361.492981,-229.982285,109.96537,258.302338,-332.396301,47.894867,222.273132,-266.632996,63.704834,274.308807,166.045868,51.3559,229.2453,101.968178,62.357506,374.23056,52.396317,109.551941,315.09848,-6.878059,505.525299
293,0,232.234604,-229.608414,1072.021851,265.488068,47.260784,1077.488647,424.744843,-149.315125,1067.437012,424.049255,-60.63102,1070.039795,290.057159,-264.600067,527.564087,387.870544,-315.179962,101.390533,436.147461,-271.600098,71.295296,314.813141,78.300758,523.321228,411.811859,131.636932,102.980957,446.347595,88.18779,75.349426,308.924042,-178.31958,504.452118,361.494904,-229.970657,109.896217,258.334198,-332.403259,47.908066,222.31456,-266.631714,63.70113,274.323578,166.060028,51.356194,229.244186,101.9991,62.371319,374.216187,52.408176,109.568214,314.992737,-6.852602,505.387848
294,0,232.215546,-229.640137,1071.977905,265.461823,47.237633,1077.47644,424.70636,-149.291565,1067.4729,424.022675,-60.640556,1070.063477,290.010986,-264.597107,527.539124,387.912109,-315.18692,101.387566,436.146423,-271.586273,71.306335,314.807831,78.309753,523.309631,411.815063,131.641983,102.993614,446.328552,88.171844,75.333443,308.921356,-178.323441,504.44574,361.517914,-229.9841,109.913818,258.31781,-332.430634,47.9161,222.288589,-266.59726,63.715645,274.295013,166.047882,51.361282,229.245422,101.985855,62.370445,374.128632,52.197659,109.682487,315.091156,-6.88075,505.521606
295,0,232.154144,-229.601196,1071.981323,265.381073,47.257366,1077.457886,424.644592,-149.289124,1067.483643,423.941376,-60.606194,1070.062012,289.95871,-264.617432,527.523193,387.90976,-315.210846,101.38726,436.156677,-271.62677,71.289894,314.791199,78.312294,523.315308,411.783081,131.644333,102.993294,446.318939,88.197746,75.318062,308.918976,-178.305435,504.443756,361.533569,-229.996643,109.909874,258.343506,-332.536499,47.749214,222.27713,-266.624542,63.702888,274.316925,166.049225,51.351887,229.237762,101.973549,62.37413,374.240051,52.389435,109.585747,315.101013,-6.855213,505.498993
296,0,232.052444,-229.589462,1072.034668,265.329865,47.261612,1077.480713,424.610046,-149.299118,1067.497192,423.965179,-60.632069,1070.089966,290.020355,-264.583313,527.547852,387.94577,-315.186249,101.38105,436.165375,-271.609436,71.299683,314.774353,78.313103,523.311035,411.813599,131.637497,102.98867,446.324005,88.197731,75.30587,308.921265,-178.316574,504.437378,361.522308,-230.031128,109.917236,258.302582,-332.435608,47.911633,222.267548,-266.613556,63.702122,274.304688,166.058777,51.349991,229.231873,101.986702,62.371059,374.198669,52.391441,109.589294,315.090363,-6.872318,505.488922
297,0,232.041763,-229.577621,1071.987915,265.274963,47.293873,1077.457275,424.52771,-149.325958,1067.532471,423.888519,-60.63459,1070.121338,289.969513,-264.596436,527.554504,387.714294,-315.05658,101.368034,436.050964,-271.4776,71.283386,314.762543,78.316689,523.308472,411.791718,131.64473,102.99308,446.303284,88.207901,75.315437,308.921661,-178.297409,504.447754,361.531128,-230.032486,109.899078,258.344116,-332.512634,47.772713,222.292358,-266.590485,63.710777,274.314819,166.06723,51.357384,229.238571,101.982498,62.384785,374.147919,52.153454,109.640923,315.004791,-6.815904,505.39975
298,0,231.962585,-229.55835,1071.974976,265.230743,47.278458,1077.460938,424.472015,-149.299042,1067.556641,423.865143,-60.616257,1070.118774,289.994873,-264.58313,527.518494,387.848846,-315.177429,101.404984,436.173279,-271.624451,71.293571,314.723267,78.318703,523.306641,411.788422,131.621765,102.992683,446.315704,88.180412,75.330772,308.913727,-178.314575,504.442932,361.552948,-230.023422,109.906448,258.343445,-332.4599,47.825642,222.284119,-266.608215,63.695923,274.32666,166.064819,51.367912,229.238174,101.984856,62.379425,374.160004,52.362965,109.615601,314.960907,-6.842329,505.34082
299,0,231.862869,-229.542862,1072.005615,265.187561,47.274509,1077.458496,424.398926,-149.310928,1067.573364,423.819122,-60.605888,1070.161255,289.945923,-264.599487,527.538269,387.889679,-315.192871,101.404716,436.162048,-271.597534,71.303177,314.707672,78.320053,523.306152,411.802063,131.646667,102.994148,446.321655,88.161102,75.340446,308.907135,-178.308853,504.439697,361.523163,-230.018921,109.879349,258.378021,-332.451324,47.825935,222.281036,-266.620178,63.700119,274.311554,166.054672,51.350597,229.236923,101.985504,62.374557,374.232941,52.353554,109.582428,315.059601,-6.82969,505.477478
300,0,231.855026,-229.551407,1071.957642,265.119537,47.301186,1077.455566,424.435852,-149.332047,1067.596313,423.734711,-60.60783,1070.148804,289.976868,-264.594482,527.542664,387.797974,-315.075653,101.334785,436.059906,-271.501953,71.295715,314.703308,78.331482,523.306885,411.808411,131.634872,103.025124,446.313629,88.208954,75.334251,308.874115,-178.307129,504.429352,361.516327,-229.989487,109.930626,258.353424,-332.528687,47.79044,222.271591,-266.616119,63.705914,274.31604,166.041702,51.356377,229.226089,101.970291,62.383747,374.176666,52.41877,109.619415,314.875458,-6.871042,505.374268
301,0,231.771378,-229.51059,1071.981689,265.082794,47.291569,1077.45105,424.35675,-149.328354,1067.614746,423.684723,-60.608227,1070.183716,289.937744,-264.572845,527.523499,387.820404,-315.06842,101.37542,436.038208,-271.449982,71.300331,314.672424,78.319794,523.316956,411.777954,131.623566,102.988678,446.322601,88.181778,75.33548,308.857513,-178.315536,504.414673,361.480682,-230.006332,109.934616,258.321472,-332.423248,47.905724,222.263931,-266.608429,63.691093,274.300171,166.04509,51.345173,229.22699,101.995453,62.360371,374.208099,52.380001,109.571861,314.787964,-6.928181,505.435333
302,0,231.717636,-229.519211,1071.963257,265.076019,47.326382,1077.443359,424.292114,-149.379196,1067.628418,423.678741,-60.605755,1070.166138,289.938873,-264.560425,527.502625,387.893524,-315.17807,101.40963,436.154877,-271.578918,71.314621,314.660706,78.317459,523.295837,411.796021,131.640488,103.006157,446.337646,88.152267,75.372879,308.814941,-178.301514,504.442627,361.485443,-229.978043,109.961525,258.342987,-332.466248,47.852707,222.273407,-266.608795,63.700802,274.300171,166.055267,51.356182,229.222031,101.991005,62.367741,374.136719,52.21233,109.642715,314.788452,-6.913553,505.427704
303,0,231.659119,-229.502762,1071.94104,265.024658,47.338573,1077.452026,424.085815,-149.247772,1067.617676,423.630524,-60.616837,1070.19104,289.919983,-264.543823,527.49292,387.886871,-315.189484,101.378914,436.159668,-271.597412,71.311584,314.637848,78.32785,523.300537,411.771332,131.619781,102.988274,446.329468,88.169319,75.345932,308.819214,-178.306839,504.442322,361.454346,-229.97934,109.943268,258.315613,-332.407318,47.882023,222.277985,-266.629089,63.676952,274.315582,166.055969,51.360649,229.205978,101.986488,62.38031,374.141754,52.100662,109.726158,314.771729,-6.932794,505.42038
304,0,231.594818,-229.481537,1071.962891,264.982758,47.340355,1077.42981,424.021423,-149.235092,1067.626953,423.628174,-60.590431,1070.196167,289.852417,-264.570221,527.509399,387.899109,-315.181213,101.406746,436.149963,-271.578796,71.319618,314.632385,78.335526,523.306213,411.765167,131.61496,103.004021,446.302216,88.164207,75.365448,308.77417,-178.279526,504.430603,361.459595,-229.970825,109.937553,258.311584,-332.480774,47.844124,222.27446,-266.612427,63.710613,274.30603,166.058838,51.331039,229.233154,101.978653,62.371788,374.250671,52.360603,109.524757,314.78186,-6.906396,505.411102
305,0,231.580505,-229.473343,1071.98877,264.911316,47.345562,1077.439087,423.991516,-149.218536,1067.614624,423.476501,-60.565247,1070.216187,289.845032,-264.559601,527.485474,387.865021,-315.14856,101.42218,436.154968,-271.573608,71.325401,314.624908,78.3312,523.304016,411.786133,131.614883,103.003349,446.34436,88.154526,75.350594,308.759521,-178.268707,504.432556,361.45166,-229.941483,109.924385,258.331696,-332.49353,47.760181,222.304092,-266.585297,63.709171,274.307007,166.057648,51.351631,229.217575,101.980194,62.365875,374.221497,52.426395,109.542938,314.919312,-6.851631,505.519165
306,0,231.50499,-229.478943,1071.914673,264.87912,47.367863,1077.444336,423.930389,-149.215561,1067.631104,423.485382,-60.599525,1070.17688,289.724243,-264.558075,527.495605,387.904449,-315.167999,101.41993,436.129425,-271.59198,71.317047,314.59729,78.321259,523.298767,411.772736,131.627136,102.99926,446.289154,88.166786,75.342918,308.72879,-178.277786,504.419159,361.452454,-229.922379,109.934448,258.334473,-332.454407,47.830902,222.288513,-266.611603,63.668377,274.306366,166.050278,51.33313,229.214401,101.979179,62.363716,374.224609,52.41835,109.580513,314.710602,-6.935973,505.439331
307,0,231.436401,-229.469559,1071.942871,264.838135,47.369972,1077.437256,423.878601,-149.211639,1067.650391,423.348206,-60.602093,1070.21228,289.738403,-264.61264,527.516113,387.9021,-315.162903,101.433731,436.173615,-271.60495,71.329025,314.600891,78.342072,523.292603,411.774078,131.627625,102.999809,446.344238,88.148262,75.384056,308.67807,-178.273056,504.418427,361.455078,-229.980103,109.917358,258.298584,-332.517548,47.723213,222.280823,-266.602509,63.702248,274.324371,166.052414,51.343201,229.222046,101.969658,62.369205,374.164337,52.378071,109.620148,314.721497,-6.884578,505.413544
308,0,231.348694,-229.4496,1071.892822,264.743408,47.375858,1077.427612,423.823273,-149.233459,1067.66272,423.613373,-60.532917,1070.34436,289.727875,-264.573822,527.480164,387.909607,-315.161774,101.449509,436.142548,-271.610229,71.310921,314.590912,78.330116,523.267273,411.735413,131.625031,102.9907,446.304382,88.161896,75.345772,308.668945,-178.255661,504.414154,361.512512,-229.975296,109.912956,258.325958,-332.482086,47.820801,222.274918,-266.611542,63.700996,274.313141,166.052277,51.342831,229.226669,101.976234,62.372944,374.105194,52.377426,109.623871,314.876678,-6.82269,505.509186
309,0,231.314713,-229.449036,1071.88269,264.708527,47.389973,1077.425171,423.739288,-149.221268,1067.692627,423.315125,-60.574913,1070.25354,289.672333,-264.55014,527.46106,387.893311,-315.185699,101.433121,436.141876,-271.590363,71.332542,314.578888,78.345367,523.282104,411.761597,131.613754,103.006683,446.326202,88.1437,75.367416,308.627563,-178.244858,504.40686,361.504303,-230.002838,109.882225,258.302307,-332.40744,47.906181,222.305054,-266.604462,63.704872,274.306976,166.042557,51.348343,229.216476,101.997566,62.369492,374.17804,52.363144,109.575325,314.861389,-6.81383,505.503967
310,0,231.271179,-229.432327,1071.876953,264.630859,47.397507,1077.419312,423.751434,-149.267075,1067.677734,423.211548,-60.600937,1070.250244,289.661774,-264.524994,527.442688,387.895447,-315.182495,101.413918,436.15564,-271.610901,71.314018,314.574036,78.347031,523.281799,411.763123,131.615768,103.006203,446.288696,88.162521,75.360901,308.619141,-178.2556,504.405548,361.527863,-230.051315,109.836983,258.319489,-332.491241,47.857655,222.272293,-266.602814,63.672363,274.299866,166.036072,51.348354,229.206818,101.989304,62.367855,374.194336,52.353737,109.594536,314.687225,-6.902518,505.411987
311,0,231.217087,-229.377762,1071.913086,264.583282,47.392464,1077.410767,423.601685,-149.227386,1067.679199,423.145721,-60.633698,1070.25293,289.624329,-264.531219,527.454163,387.892792,-315.201324,101.436661,436.158783,-271.574341,71.333992,314.566772,78.360283,523.289429,411.74942,131.611389,103.003197,446.301208,88.130241,75.369865,308.583679,-178.24202,504.410156,361.550507,-230.096069,109.84082,258.316986,-332.448883,47.828804,222.299652,-266.607605,63.690685,274.31842,166.054596,51.348122,229.224609,101.985588,62.367336,374.101624,52.423203,109.600281,314.720093,-6.831148,505.362518
312,0,231.207001,-229.400177,1071.885498,264.524475,47.430225,1077.389893,423.533386,-149.208969,1067.687256,423.081055,-60.559151,1070.283325,289.583679,-264.52948,527.447876,387.933563,-315.166534,101.454391,436.139038,-271.580078,71.316887,314.567688,78.355293,523.282166,411.751678,131.6203,103.019547,446.293762,88.141487,75.3479,308.551392,-178.223938,504.388031,361.506744,-230.063141,109.86438,258.306488,-332.497314,47.818424,222.278824,-266.575287,63.672012,274.310181,166.047348,51.343792,229.235519,101.996483,62.356712,374.181396,52.348827,109.606667,314.727966,-6.879419,505.382172
313,0,231.017365,-229.405518,1071.834473,264.48819,47.433475,1077.3927,423.540833,-149.261368,1067.699463,422.99765,-60.593216,1070.262451,289.59845,-264.529358,527.490295,387.959686,-315.201416,101.430946,436.174927,-271.562286,71.422684,314.544922,78.348656,523.277649,411.737671,131.608643,103.027802,446.309662,88.132362,75.363907,308.531525,-178.213913,504.374756,361.55011,-230.081802,109.816582,258.306366,-332.497711,47.890385,222.251831,-266.614807,63.670582,274.305328,166.054169,51.342056,229.214676,101.978271,62.365437,374.178894,52.360172,109.593575,314.645386,-6.899475,505.413483
314,0,230.981842,-229.392349,1071.874756,264.413971,47.426746,1077.379639,423.425751,-149.283386,1067.714233,422.970123,-60.563862,1070.293457,289.543335,-264.542786,527.44519,387.941772,-315.194183,101.420914,436.146576,-271.552399,71.37767,314.525818,78.354866,523.265991,411.762756,131.609192,103.005966,446.304199,88.155174,75.356911,308.520721,-178.219162,504.384521,361.543243,-230.033691,109.865524,258.314667,-332.409119,47.920952,222.281143,-266.607239,63.679806,274.318817,166.044113,51.343163,229.203629,101.982849,62.381752,374.182617,52.430847,109.609001,314.820343,-6.825135,505.495422
315,0,230.859467,-229.366821,1071.834106,264.333038,47.460487,1077.372314,423.349579,-149.259506,1067.734985,422.834961,-60.575333,1070.275024,289.525452,-264.500946,527.443665,387.951569,-315.176514,101.439407,436.156921,-271.564667,71.350319,314.529236,78.364029,523.276001,411.740173,131.618027,103.039276,446.32312,88.127747,75.371216,308.483307,-178.208069,504.381409,361.529144,-230.091187,109.843185,258.326141,-332.489807,47.854252,222.276917,-266.597992,63.680367,274.300903,166.064194,51.352501,229.21489,101.996048,62.371887,374.144012,52.37534,109.573608,314.843231,-6.798345,505.479919
316,0,230.758987,-229.362976,1071.821533,264.268951,47.469913,1077.350464,423.272339,-149.268661,1067.731567,422.765228,-60.577248,1070.289307,289.546906,-264.486725,527.428833,387.951416,-315.182098,101.442986,436.182465,-271.530029,71.432274,314.494598,78.36335,523.246704,411.757477,131.623169,103.010895,446.312592,88.125183,75.380356,308.506104,-178.21521,504.383698,361.510864,-230.051147,109.861481,258.326385,-332.403168,47.916256,222.283539,-266.600128,63.679359,274.315369,166.062134,51.369656,229.210724,101.984344,62.375076,374.283081,52.222218,109.749588,314.628418,-6.859901,505.404663
317,0,230.664459,-229.34343,1071.804443,264.200348,47.473331,1077.335815,423.231659,-149.277084,1067.75354,422.654236,-60.61544,1070.366455,289.544952,-264.497437,527.405151,387.949921,-315.199799,101.46508,436.160736,-271.562286,71.365555,314.463531,78.353683,523.259155,411.769562,131.599182,103.024521,446.306976,88.104431,75.378227,308.484863,-178.210007,504.366699,361.504974,-230.057755,109.873718,258.311829,-332.394104,47.905598,222.25705,-266.616333,63.663826,274.316071,166.069122,51.353256,229.215088,101.988495,62.366253,374.122314,52.365814,109.621429,314.74884,-6.796736,505.4888
318,0,230.585892,-229.319107,1071.800049,264.129059,47.477516,1077.306274,423.135315,-149.259308,1067.723755,422.643036,-60.578629,1070.363525,289.458344,-264.502014,527.418152,387.753082,-315.046082,101.410667,436.062134,-271.452881,71.361382,314.463409,78.369041,523.256836,411.75415,131.612518,103.013657,446.303497,88.113708,75.395424,308.47229,-178.190903,504.379822,361.538422,-230.06041,109.866112,258.341858,-332.497253,47.83799,222.27597,-266.633209,63.679642,274.307709,166.0504,51.346836,229.209686,101.969917,62.368874,374.188721,52.349525,109.588577,314.774811,-6.800257,505.473328
319,0,230.524384,-229.317398,1071.781982,264.032745,47.482742,1077.293579,423.030151,-149.25882,1067.750366,422.483948,-60.555191,1070.357056,289.487366,-264.486633,527.415955,387.899506,-315.14151,101.432869,436.159119,-271.550934,71.376801,314.42688,78.356262,523.242798,411.745178,131.611191,103.028267,446.339996,88.121819,75.389816,308.441681,-178.196716,504.361511,361.523346,-230.013992,109.850945,258.301331,-332.479584,47.85778,222.295441,-266.606049,63.651272,274.318054,166.041199,51.339375,229.209167,101.989754,62.368557,374.164551,52.370998,109.596626,314.611481,-6.823532,505.357727
320,0,230.383041,-229.273621,1071.802368,263.961151,47.506081,1077.286621,422.980591,-149.254639,1067.76001,422.400787,-60.566723,1070.397949,289.426697,-264.493927,527.401123,387.894562,-315.136475,101.455986,436.161652,-271.545074,71.37558,314.382904,78.354187,523.229126,411.737091,131.593811,103.016602,446.326813,88.117828,75.380203,308.424622,-178.182877,504.363708,361.542877,-230.049026,109.826759,258.362732,-332.520172,47.754013,222.266754,-266.600586,63.681557,274.32489,166.048462,51.345974,229.221436,101.985626,62.36079,374.159454,52.370163,109.611565,314.753052,-6.785707,505.456451
321,0,230.290085,-229.273239,1071.76355,263.889801,47.511623,1077.259521,422.839691,-149.238327,1067.765137,422.240662,-60.581081,1070.375977,289.373444,-264.545349,527.402222,387.863251,-315.138489,101.501999,436.145874,-271.539703,71.374306,314.363403,78.354851,523.236023,411.745331,131.615936,103.028229,446.293732,88.121445,75.410713,308.41333,-178.19458,504.363892,361.481812,-230.02742,109.860794,258.348846,-332.513306,47.769707,222.246307,-266.614563,63.682579,274.321838,166.073166,51.361122,229.202087,101.989906,62.361771,374.160095,52.328743,109.606758,314.527679,-6.883569,505.387238
322,0,230.197067,-229.268616,1071.745972,263.770569,47.517975,1077.253784,422.814911,-149.233444,1067.764893,422.155151,-60.608242,1070.404175,289.350128,-264.515778,527.400635,387.882477,-315.128876,101.486862,436.140717,-271.540771,71.358215,314.337128,78.350327,523.230347,411.737793,131.590164,103.022163,446.331635,88.096428,75.416786,308.366119,-178.194092,504.34845,361.514557,-230.064774,109.839172,258.313873,-332.421814,47.903816,222.245621,-266.606384,63.675396,274.311981,166.051285,51.360798,229.219543,101.985939,62.369385,374.118896,52.331451,109.639572,314.673035,-6.806379,505.458282
323,0,230.132401,-229.269714,1071.746948,263.677002,47.537201,1077.233276,422.731598,-149.211563,1067.751831,422.002838,-60.590919,1070.397217,289.327118,-264.513245,527.388428,387.882172,-315.127045,101.460335,436.136932,-271.539764,71.371872,314.303436,78.355736,523.221985,411.72406,131.56723,103.050194,446.297089,88.102264,75.410133,308.325958,-178.185577,504.33786,361.521881,-230.077759,109.845467,258.351288,-332.430389,47.813496,222.283279,-266.591888,63.671001,274.312012,166.076843,51.344452,229.208771,101.983795,62.358181,374.117889,52.353775,109.678215,314.612549,-6.81644,505.452698
324,0,230.009277,-229.262695,1071.733276,263.59729,47.527195,1077.213745,422.667816,-149.184372,1067.762085,421.914703,-60.570633,1070.374634,289.283356,-264.525116,527.373962,387.900452,-315.133514,101.430153,436.153534,-271.537994,71.375977,314.263031,78.347038,523.216125,411.757385,131.57431,103.051361,446.319977,88.087921,75.404686,308.263977,-178.183914,504.336884,361.499298,-230.06958,109.848755,258.319,-332.388947,47.912502,222.26329,-266.600647,63.672581,274.310333,166.039047,51.344975,229.195099,101.979576,62.355045,374.099457,52.324654,109.631012,314.615875,-6.809699,505.460907
325,0,229.931519,-229.252411,1071.738525,263.520721,47.532497,1077.18689,422.585938,-149.205719,1067.790527,421.830383,-60.56382,1070.396484,289.25531,-264.477936,527.368713,387.88736,-315.12027,101.459602,436.137512,-271.541412,71.367836,314.220398,78.333389,523.207214,411.75,131.569672,103.065964,446.30719,88.102295,75.419258,308.224701,-178.181198,504.335876,361.509857,-230.079346,109.832298,258.310608,-332.460175,47.846012,222.27861,-266.595367,63.678646,274.32428,166.055588,51.357327,229.201233,101.975235,62.343815,374.111694,52.288452,109.628265,314.557953,-6.817606,505.47345
326,0,229.842163,-229.24881,1071.721069,263.41272,47.558796,1077.179199,422.483124,-149.184204,1067.775269,421.783508,-60.560596,1070.397095,289.175995,-264.501373,527.371765,387.887329,-315.142822,101.488686,436.129791,-271.544189,71.364204,314.18161,78.344337,523.210327,411.743286,131.560501,103.049927,446.303345,88.081184,75.420181,308.193481,-178.175735,504.343262,361.515625,-230.04361,109.826927,258.36795,-332.511841,47.71629,222.27597,-266.5961,63.677334,274.315094,166.054169,51.34491,229.22113,101.977608,62.341873,374.174896,52.308781,109.608429,314.48056,-6.841568,505.461761
327,0,229.793015,-229.219604,1071.704224,263.316925,47.562019,1077.143066,422.369812,-149.166779,1067.763062,421.655487,-60.547695,1070.399902,289.129272,-264.502258,527.378723,387.906494,-315.126404,101.487801,436.127594,-271.540192,71.366058,314.131012,78.325546,523.203735,411.725677,131.544571,103.052811,446.301056,88.081215,75.432503,308.154724,-178.167526,504.33725,361.50647,-230.027054,109.85556,258.331055,-332.485657,47.862411,222.252151,-266.613312,63.651337,274.323853,166.05365,51.341656,229.205078,101.972618,62.361279,374.128754,52.335587,109.628387,314.44455,-6.838747,505.461639
328,0,229.691666,-229.210648,1071.700073,263.205841,47.560207,1077.089355,422.273102,-149.163345,1067.782837,421.548553,-60.541386,1070.355103,289.067261,-264.528992,527.388245,387.91156,-315.152924,101.47438,436.114197,-271.541779,71.36219,314.066986,78.325653,523.18396,411.733276,131.548309,103.062675,446.276855,88.079681,75.419106,308.095184,-178.177643,504.322815,361.514252,-230.031372,109.809784,258.323151,-332.452484,47.84005,222.264893,-266.614807,63.656181,274.298767,166.053864,51.34251,229.203949,101.96402,62.356861,374.121582,52.313717,109.567924,314.27594,-6.855783,505.322449
329,0,229.574051,-229.20224,1071.693726,263.121613,47.588879,1077.111572,422.19516,-149.151642,1067.772217,421.505005,-60.488327,1070.396484,289.01236,-264.487335,527.372375,387.905609,-315.188354,101.497475,436.13208,-271.506927,71.379608,314.049683,78.336594,523.175964,411.744598,131.558609,103.048401,446.306183,88.092781,75.445648,308.031067,-178.174225,504.328796,361.491211,-230.005432,109.857948,258.322052,-332.403229,47.899647,222.263885,-266.570831,63.679131,274.304535,166.045532,51.350716,229.191849,101.974174,62.347446,374.127136,52.297462,109.60881,314.398529,-6.805619,505.42981
330,0,229.489075,-229.195984,1071.683594,263.032898,47.588646,1077.094971,422.102936,-149.156555,1067.770996,421.393341,-60.493862,1070.376587,289.003815,-264.471252,527.367859,387.915039,-315.155365,101.514557,436.103363,-271.497162,71.386917,314.011627,78.336563,523.173157,411.721497,131.548309,103.056526,446.279419,88.072372,75.41581,307.997131,-178.170959,504.327301,361.475769,-230.034302,109.855499,258.348389,-332.413849,47.891148,222.268951,-266.592285,63.642696,274.312988,166.046722,51.349022,229.200668,101.973083,62.334232,374.094849,52.280052,109.665916,314.213165,-6.807018,505.31311
331,0,229.419327,-229.194839,1071.688599,262.930176,47.620346,1077.080811,422.010437,-149.126053,1067.743286,421.287231,-60.418785,1070.375366,288.959595,-264.502502,527.329407,387.960907,-315.134155,101.457283,436.131439,-271.523651,71.38707,313.953461,78.332581,523.178101,411.735291,131.556305,103.061836,446.281158,88.075317,75.426895,307.972565,-178.151855,504.334564,361.486572,-230.005219,109.840889,258.316437,-332.397552,47.880833,222.269592,-266.582825,63.645119,274.330322,166.044754,51.347481,229.196304,101.96759,62.330009,374.1586,52.335594,109.601128,314.17627,-6.80881,505.294922
332,0,229.283203,-229.185913,1071.658936,262.865509,47.614334,1077.040161,421.929443,-149.13797,1067.745972,421.190247,-60.446987,1070.362793,288.932159,-264.461914,527.333496,387.914795,-315.150665,101.491051,436.125122,-271.513367,71.390327,313.907532,78.338699,523.177551,411.738403,131.553223,103.065498,446.298584,88.04715,75.445129,307.936279,-178.153122,504.31543,361.487854,-230.041489,109.848816,258.338257,-332.410828,47.915722,222.259262,-266.627502,63.653461,274.329163,166.038345,51.335243,229.209305,101.973618,62.340611,374.001801,52.056915,109.706413,314.231384,-6.833796,505.436188
333,0,229.217972,-229.186615,1071.648193,262.753632,47.623455,1077.022949,421.797058,-149.110336,1067.752686,421.018188,-60.501335,1070.364136,288.827881,-264.455078,527.327087,387.927917,-315.161438,101.511185,436.12085,-271.506805,71.394585,313.865509,78.340141,523.180237,411.716431,131.537857,103.082939,446.278107,88.054024,75.462387,307.873322,-178.148071,504.311371,361.456848,-230.008148,109.845039,258.34137,-332.442261,47.829609,222.241425,-266.593384,63.662285,274.336609,166.037994,51.337749,229.18898,101.959763,62.33144,374.037109,52.043324,109.743614,314.181702,-6.8351,505.43457
334,0,229.101257,-229.165375,1071.650879,262.657898,47.650433,1077.016479,421.685181,-149.107697,1067.768188,420.966766,-60.456268,1070.333496,288.856415,-264.428741,527.319641,387.973541,-315.123352,101.487892,436.110107,-271.485138,71.416779,313.834747,78.345802,523.180115,411.686035,131.548355,103.097694,446.255219,88.03672,75.453499,307.822418,-178.128754,504.302612,361.464722,-229.991028,109.881622,258.351624,-332.503387,47.845531,222.212585,-266.620972,63.645847,274.319336,166.054245,51.374714,229.189468,101.965172,62.338497,374.05368,52.274551,109.627434,314.167053,-6.799699,505.439575
335,0,229.014511,-229.163589,1071.645264,262.548035,47.646,1076.994019,421.573883,-149.092575,1067.772217,420.870514,-60.444424,1070.316895,288.774811,-264.412476,527.307617,387.945435,-315.11853,101.472816,436.12677,-271.477264,71.402916,313.810364,78.35762,523.166626,411.737976,131.52536,103.083595,446.244598,88.055695,75.474213,307.769653,-178.134354,504.308167,361.436768,-229.998627,109.848503,258.342529,-332.396332,47.860458,222.245148,-266.60672,63.660545,274.310913,166.03743,51.366913,229.18779,101.960114,62.350616,374.06131,52.311707,109.662788,314.111908,-6.803433,505.436005
336,0,228.878067,-229.148468,1071.637939,262.499969,47.662544,1076.994263,421.461945,-149.102844,1067.75061,420.7276,-60.488148,1070.299927,288.690033,-264.406921,527.296448,387.987579,-315.062836,101.513824,436.120453,-271.494751,71.416954,313.751495,78.343788,523.159119,411.703918,131.519119,103.091934,446.28067,88.029419,75.494225,307.713135,-178.121262,504.310181,361.46875,-230.033249,109.82991,258.318878,-332.411652,47.81414,222.249435,-266.60321,63.663036,274.312469,166.042175,51.344131,229.184982,101.968147,62.332722,374.060181,52.291153,109.64061,314.042389,-6.828209,505.438995
337,0,228.806213,-229.15712,1071.607422,262.389954,47.680859,1076.982788,421.359375,-149.077255,1067.756104,420.662903,-60.435093,1070.287598,288.65152,-264.411591,527.320923,387.919739,-315.105469,101.515656,436.102081,-271.474213,71.417877,313.70752,78.353165,523.150146,411.724762,131.524002,103.093605,446.283783,88.019264,75.466568,307.649475,-178.124771,504.312683,361.428558,-229.994629,109.866974,258.353149,-332.413696,47.885246,222.212219,-266.609955,63.652412,274.316986,166.045059,51.344097,229.187195,101.974716,62.336113,374.060913,52.285511,109.648666,314.000916,-6.820456,505.426392
338,0,228.59938,-229.170761,1071.609131,262.327362,47.68121,1076.971436,421.256256,-149.11969,1067.703003,420.567444,-60.486938,1070.284302,288.867401,-264.266876,527.282776,387.928741,-315.124298,101.546738,436.129913,-271.491364,71.421936,313.674866,78.34478,523.147034,411.674133,131.487091,103.094009,446.259888,88.004883,75.480736,307.601471,-178.113159,504.288269,361.435547,-229.996933,109.858376,258.330627,-332.480347,47.839268,222.238953,-266.600281,63.652836,274.313568,166.047974,51.356144,229.185013,101.97171,62.321941,374.036011,52.264336,109.659203,313.961365,-6.814873,505.430054
339,0,228.574387,-229.079132,1071.580811,262.261719,47.710587,1076.960327,421.174011,-149.112335,1067.717651,420.550995,-60.459656,1070.28894,288.808563,-264.275848,527.277283,387.913025,-315.082916,101.524345,436.106934,-271.460297,71.436287,313.639313,78.359207,523.139771,411.699127,131.502075,103.104393,446.256317,87.986145,75.485428,307.553497,-178.128952,504.297913,361.452759,-229.988525,109.874832,258.355682,-332.464508,47.820431,222.215668,-266.607117,63.643532,274.304108,166.051697,51.345856,229.171021,101.971359,62.316349,374.044373,52.263149,109.641556,313.906342,-6.819646,505.421448
340,0,228.483627,-229.073624,1071.609497,262.165771,47.72253,1076.931519,421.07663,-149.115341,1067.720581,420.401978,-60.520191,1070.261841,288.698914,-264.227814,527.260132,387.899414,-315.088318,101.530502,436.096954,-271.455292,71.434547,313.584015,78.354462,523.130981,411.661713,131.482529,103.088409,446.261719,88.009483,75.465538,307.487457,-178.137863,504.292664,361.425232,-230.001892,109.88591,258.29187,-332.474426,47.838207,222.217758,-266.599213,63.632854,274.309357,166.038513,51.339756,229.177841,101.968819,62.316795,374.042908,52.269539,109.6203,313.756714,-6.814193,505.286804
341,0,228.380157,-229.036469,1071.61438,262.059143,47.756355,1076.918945,420.984833,-149.12233,1067.695923,420.327362,-60.525024,1070.238525,288.49585,-264.359467,527.248474,387.935669,-315.109589,101.582458,436.104828,-271.462952,71.444351,313.520294,78.356049,523.12738,411.693298,131.467804,103.123878,446.255707,87.978279,75.496208,307.456299,-178.146851,504.283844,361.419464,-229.986237,109.867294,258.348358,-332.448212,47.902405,222.237671,-266.585846,63.634762,274.302094,166.04863,51.349888,229.158051,101.96801,62.323914,374.031219,52.243977,109.645294,313.790894,-6.813006,505.412811
342,0,228.284332,-229.019287,1071.611328,261.960236,47.757889,1076.901733,420.911896,-149.095795,1067.67041,420.240387,-60.49823,1070.244629,288.388062,-264.334442,527.26709,387.905243,-315.091614,101.59594,436.110352,-271.452026,71.4506,313.492493,78.356728,523.118103,411.679504,131.491043,103.112442,446.249207,87.977158,75.513222,307.464752,-178.319489,504.287903,361.397095,-229.979202,109.864761,258.357056,-332.448486,47.849232,222.220963,-266.604858,63.640556,274.333679,166.045349,51.33662,229.153046,101.974846,62.33326,374.020996,52.313293,109.641998,313.634094,-6.852958,505.317078
343,0,228.242462,-229.023895,1071.606445,261.940521,47.773289,1076.874634,420.812653,-149.085327,1067.673096,420.128693,-60.483738,1070.156738,288.314941,-264.32486,527.277283,387.891907,-315.093689,101.612816,436.087158,-271.420807,71.443436,313.446899,78.365585,523.103149,411.699707,131.479263,103.103676,446.243683,87.983223,75.474815,307.415833,-178.329788,504.270447,361.419159,-229.97377,109.861572,258.344482,-332.427673,47.904991,222.21669,-266.592102,63.651367,274.334351,166.050476,51.340115,229.165451,101.973969,62.315773,374.032898,52.268806,109.584015,313.734192,-6.786158,505.385406
344,0,228.01741,-229.050125,1071.623535,261.847046,47.788551,1076.871582,420.696075,-149.088333,1067.685059,420.085724,-60.493053,1070.183105,288.267883,-264.325745,527.262695,387.917236,-315.041016,101.552666,436.121307,-271.43457,71.45713,313.415253,78.380898,523.114136,411.693054,131.499023,103.136276,446.251312,87.963501,75.530762,307.363556,-178.328125,504.255829,361.399384,-229.982224,109.832314,258.340424,-332.444244,47.869179,222.206772,-266.605774,63.655018,274.312988,166.053467,51.343403,229.185898,101.966881,62.308315,373.968231,52.263687,109.708794,313.536438,-6.848866,505.301788
345,0,227.90892,-229.052475,1071.640381,261.743256,47.789898,1076.838501,420.632111,-149.093002,1067.670776,420.013245,-60.444096,1070.191284,288.178772,-264.343689,527.256592,387.882355,-315.047913,101.555481,436.107666,-271.427979,71.456062,313.363159,78.37886,523.106018,411.662354,131.465591,103.117485,446.258087,87.98056,75.505569,307.288513,-178.320648,504.266785,361.377289,-229.986588,109.863159,258.33844,-332.431488,47.825562,222.205811,-266.579193,63.631714,274.341644,166.047577,51.33453,229.161911,101.976555,62.309711,373.985718,51.967072,109.664307,313.517944,-6.830549,505.298981
346,0,227.890305,-228.996689,1071.62915,261.6474,47.798275,1076.814697,420.508148,-149.097412,1067.702148,419.926056,-60.439804,1070.183594,288.115082,-264.336151,527.256653,387.882294,-315.093048,101.597527,436.095703,-271.411896,71.477081,313.333405,78.383301,523.110046,411.700226,131.473831,103.11084,446.256653,87.988144,75.518463,307.263062,-178.349731,504.265717,361.389709,-229.980469,109.843422,258.326996,-332.438171,47.85495,222.188126,-266.59433,63.614674,274.318237,166.043137,51.344135,229.161926,101.973824,62.309738,374.013306,52.261333,109.615349,313.618896,-6.782141,505.381592
347,0,227.941971,-228.94548,1071.584106,261.568024,47.801586,1076.817139,420.466522,-149.079636,1067.690186,419.865234,-60.373684,1070.149658,288.065643,-264.339783,527.2276,387.91098,-315.052155,101.526154,436.072784,-271.415253,71.467903,313.294006,78.378288,523.09552,411.654663,131.462601,103.139458,446.257996,87.986839,75.528946,307.214569,-178.352402,504.266449,361.391907,-229.991409,109.845703,258.308716,-332.413208,47.906994,222.210968,-266.596252,63.632427,274.314362,166.044815,51.362747,229.151581,101.978333,62.307068,373.917603,52.051533,109.730774,313.559845,-6.794105,505.375854
348,0,227.842957,-228.915573,1071.579956,261.463928,47.817181,1076.80542,420.403168,-149.027924,1067.666748,419.811951,-60.444023,1070.173096,288.067932,-264.348419,527.201599,387.916351,-315.006317,101.589455,436.101715,-271.415649,71.482018,313.235809,78.381042,523.10907,411.672211,131.481552,103.137878,446.256683,87.957726,75.524139,307.18631,-178.340942,504.256592,361.371368,-229.979462,109.847984,258.300964,-332.429932,47.87421,222.208542,-266.598297,63.618408,274.305176,166.04274,51.346333,229.144775,101.962067,62.312817,374.008789,52.26231,109.6064,313.527802,-6.79834,505.366394
349,0,227.78862,-228.913269,1071.58667,261.370697,47.820881,1076.811157,420.336487,-149.033203,1067.675293,419.708557,-60.452614,1070.13208,287.969513,-264.33783,527.219116,387.882935,-315.025543,101.562057,436.099884,-271.405487,71.491478,313.178741,78.371407,523.098633,411.682343,131.482376,103.144104,446.265167,87.958267,75.530899,307.113922,-178.329147,504.261078,361.37793,-229.980362,109.87191,258.302734,-332.377045,47.889618,222.200668,-266.587982,63.610256,274.329681,166.039978,51.351921,229.154785,101.972145,62.300877,373.963989,52.242081,109.653625,313.492889,-6.798133,505.367462
350,0,227.735596,-228.936768,1071.585327,261.307495,47.819099,1076.799683,420.257416,-149.017105,1067.672363,419.601166,-60.397366,1070.140259,287.941925,-264.332581,527.228027,387.873322,-315.030792,101.571022,436.100037,-271.404572,71.500061,313.138367,78.37149,523.09021,411.682587,131.487411,103.163086,446.259583,87.956963,75.552124,307.090118,-178.350708,504.244934,361.361206,-229.96434,109.892853,258.299042,-332.380676,47.914257,222.222794,-266.595551,63.622578,274.316895,166.037369,51.354092,229.152451,101.981468,62.308304,373.950897,52.248119,109.677223,313.459778,-6.753182,505.359528
351,0,227.672028,-228.903839,1071.615112,261.208313,47.834778,1076.792725,420.183441,-149.002182,1067.672241,419.538666,-60.450451,1070.138672,287.918213,-264.341125,527.210266,387.903961,-315.01413,101.571053,436.061707,-271.391083,71.499771,313.073425,78.371223,523.089844,411.689941,131.484039,103.168465,446.229187,87.948944,75.539192,307.033844,-178.297089,504.262451,361.360443,-229.947052,109.895782,258.288513,-332.465729,47.897541,222.197983,-266.6008,63.611649,274.295441,166.041672,51.348537,229.145111,101.962234,62.309471,373.938446,52.203697,109.690582,313.359741,-6.797006,505.34259
352,0,227.636536,-228.929337,1071.584595,261.139771,47.82542,1076.774658,420.142517,-148.980255,1067.661011,419.480804,-60.393581,1070.105713,287.929443,-264.364319,527.205261,387.852631,-315.048828,101.5597,436.063202,-271.398254,71.493828,313.005768,78.367828,523.093323,411.657135,131.467148,103.167007,446.24118,87.952171,75.555634,306.984192,-178.306763,504.250641,361.385681,-229.940613,109.834114,258.340546,-332.401947,47.92075,222.198074,-266.592865,63.611553,274.288696,166.039017,51.356781,229.175613,101.958992,62.298916,373.978088,52.214806,109.583527,313.292297,-6.77974,505.337585
353,0,227.55191,-228.941681,1071.57312,261.072601,47.819012,1076.752197,420.073425,-148.965668,1067.667847,419.436676,-60.401817,1070.143066,287.889954,-264.366608,527.200684,387.896698,-315.021088,101.664337,436.105896,-271.389862,71.512383,312.963806,78.3591,523.09906,411.675812,131.467819,103.175003,446.231781,87.940392,75.571053,306.948914,-178.301559,504.246124,361.337708,-229.944931,109.859642,258.350922,-332.47406,47.782192,222.188766,-266.612335,63.614243,274.291901,166.035294,51.344425,229.146591,101.959045,62.297855,373.993256,52.217266,109.644058,313.278717,-6.76995,505.320557
354,0,227.539963,-228.916534,1071.590454,261.003967,47.829079,1076.750488,419.946747,-148.883987,1067.644653,419.402191,-60.393898,1070.132812,287.810425,-264.37616,527.196411,387.876007,-315.038422,101.631607,436.064148,-271.384552,71.495834,312.928192,78.375717,523.084167,411.650238,131.457596,103.158287,446.237976,87.933701,75.545448,306.913971,-178.291275,504.251251,361.348816,-229.948074,109.862328,258.322174,-332.396454,47.926125,222.205505,-266.599152,63.628918,274.297943,166.040588,51.337315,229.140213,101.959465,62.313377,374.00589,52.248119,109.656654,313.254883,-6.762002,505.314056
355,0,227.472702,-228.928299,1071.599365,260.98114,47.851433,1076.740967,419.87326,-148.846176,1067.635376,419.383972,-60.354332,1070.144531,287.804626,-264.389374,527.197693,387.888123,-315.033234,101.576691,436.07428,-271.353546,71.488739,312.858429,78.363152,523.068787,411.654541,131.454147,103.163361,446.237793,87.957893,75.549484,306.90564,-178.284134,504.237427,361.331604,-229.964935,109.858788,258.355438,-332.438477,47.831604,222.208481,-266.599731,63.614151,274.304108,166.028397,51.345615,229.15065,101.95874,62.295578,373.882172,52.227768,109.687233,313.212585,-6.764662,505.328186
356,0,227.468307,-228.975662,1071.556519,260.875,47.828491,1076.720093,419.811981,-148.839722,1067.630249,419.281036,-60.349792,1070.11084,287.755219,-264.363495,527.214355,387.88205,-315.029205,101.660896,436.056122,-271.362274,71.493347,312.838379,78.373878,523.08136,411.630127,131.45787,103.153534,446.219482,87.934135,75.550339,306.840942,-178.31662,504.242371,361.357483,-229.915634,109.874458,258.293762,-332.433838,47.84444,222.185593,-266.594269,63.5994,274.313599,166.031143,51.336864,229.147079,101.949516,62.303673,373.906464,52.253613,109.664803,313.189545,-6.754797,505.311493
357,0,227.41922,-228.947449,1071.59729,260.846771,47.838299,1076.711914,419.794769,-148.822342,1067.629272,419.270996,-60.367481,1070.143433,287.719757,-264.427612,527.177551,387.885132,-315.019012,101.675179,436.088531,-271.363861,71.501251,312.802429,78.365715,523.062744,411.646027,131.461029,103.159866,446.25647,87.955902,75.574165,306.843292,-178.323502,504.242493,361.322906,-229.912491,109.879852,258.304871,-332.385162,47.90905,222.191666,-266.591888,63.645348,274.305237,166.029495,51.339817,229.14621,101.961693,62.294407,373.96283,52.197159,109.597656,313.155701,-6.761067,505.321625
358,0,227.392792,-228.928619,1071.567261,260.807648,47.843761,1076.679321,419.748108,-148.802628,1067.627075,419.211212,-60.356968,1070.119507,287.750671,-264.408661,527.187317,387.859985,-315.030029,101.656433,436.083649,-271.358307,71.504509,312.782288,78.356415,523.056824,411.61792,131.462982,103.174767,446.233063,87.920486,75.565414,306.822113,-178.31134,504.240692,361.329132,-229.933624,109.870483,258.295502,-332.366669,47.881927,222.186157,-266.604065,63.613354,274.312073,166.032669,51.338615,229.144867,101.943542,62.305267,374.001617,52.222519,109.61898,313.122772,-6.770575,505.321381
359,0,227.442123,-228.944122,1071.569092,260.748383,47.849873,1076.682251,419.698853,-148.800949,1067.614258,419.219208,-60.322136,1070.114136,287.725861,-264.426147,527.146179,387.888367,-315.002411,101.614731,436.066742,-271.339478,71.504066,312.773102,78.381401,523.061584,411.605591,131.458008,103.158325,446.251007,87.950226,75.568062,306.774536,-178.310974,504.227936,361.318359,-229.929199,109.855492,258.322723,-332.497925,47.78651,222.182419,-266.610382,63.608685,274.301605,166.021744,51.341431,229.145508,101.953339,62.277843,373.921844,52.232487,109.643776,313.09787,-6.77062,505.30661
360,0,227.41922,-228.945023,1071.569824,260.744171,47.8741,1076.654541,419.695923,-148.785583,1067.620117,419.347412,-60.260372,1070.098999,287.762939,-264.403015,527.177734,387.868744,-315.028473,101.602745,436.074738,-271.354614,71.523666,312.758636,78.349953,523.052124,411.619263,131.446945,103.171722,446.236725,87.959969,75.556435,306.771942,-178.328568,504.239746,361.349304,-229.901855,109.864586,258.325867,-332.388153,47.919628,222.174637,-266.611359,63.623032,274.319916,166.032211,51.337971,229.152527,101.967354,62.289635,373.991791,52.229801,109.617737,313.108459,-6.766388,505.30838
361,0,227.404602,-228.880966,1071.595093,260.709106,47.871593,1076.649902,419.617889,-148.794861,1067.606323,419.148987,-60.310802,1070.091675,287.696991,-264.424133,527.150024,387.867218,-314.988098,101.578346,436.053497,-271.355042,71.499619,312.740326,78.368942,523.034058,411.616119,131.447769,103.146568,446.24353,87.939613,75.577309,306.771057,-178.296967,504.228546,361.299194,-229.881607,109.887337,258.330109,-332.471588,47.854813,222.161057,-266.610016,63.579723,274.31073,166.032562,51.330982,229.162903,101.962852,62.290821,373.981293,52.218559,109.646935,312.928101,-6.786898,505.190552
362,0,227.313278,-228.869339,1071.558594,260.694305,47.890522,1076.633057,419.59903,-148.765732,1067.595581,419.119537,-60.335762,1070.120605,287.730133,-264.359772,527.179138,387.857574,-315.030548,101.647781,436.075287,-271.366272,71.508949,312.722351,78.360497,523.044189,411.621765,131.43869,103.149139,446.234253,87.955887,75.536644,306.726288,-178.305252,504.234009,361.326355,-229.929626,109.856209,258.300354,-332.373413,47.884644,222.169357,-266.622162,63.580395,274.312012,166.033829,51.345127,229.126984,101.946579,62.291988,373.952637,52.212109,109.637527,313.037781,-6.774508,505.31958
363,0,227.372803,-228.913818,1071.565918,260.688416,47.902206,1076.632935,419.609131,-148.789474,1067.60083,419.153076,-60.298416,1070.074219,287.629974,-264.375122,527.194885,387.854462,-314.989044,101.613609,436.073914,-271.366058,71.513603,312.724152,78.366737,523.038086,411.636597,131.445786,103.151001,446.235321,87.948624,75.554672,306.709869,-178.315292,504.24469,361.325989,-229.926392,109.886848,258.294708,-332.459473,47.860085,222.162811,-266.590576,63.611351,274.319641,166.042892,51.345932,229.151733,101.947868,62.292763,373.911346,52.205585,109.679543,313.059601,-6.76553,505.303131
364,0,227.254929,-228.887466,1071.566284,260.656342,47.88665,1076.626099,419.607971,-148.770554,1067.596069,419.265747,-60.301987,1070.093018,287.655945,-264.36795,527.165771,387.898865,-314.991974,101.58667,436.060883,-271.335571,71.504623,312.714417,78.37294,523.029663,411.645599,131.460907,103.146461,446.234741,87.955658,75.529793,306.67926,-178.296097,504.230988,361.316895,-229.934921,109.869659,258.324249,-332.473511,47.841129,222.180374,-266.631439,63.612328,274.314423,166.0289,51.33857,229.150818,101.951355,62.295773,373.936707,52.203011,109.668175,313.037109,-6.775559,505.30188
365,0,227.266403,-228.873245,1071.546265,260.648529,47.901611,1076.629761,419.562256,-148.771347,1067.598022,419.063782,-60.306679,1070.079346,287.677002,-264.356964,527.163635,387.870392,-314.980804,101.629601,436.083282,-271.363434,71.516212,312.719299,78.368454,523.041321,411.617126,131.458206,103.15377,446.230591,87.952301,75.529556,306.680634,-178.304016,504.210297,361.328766,-229.931854,109.855133,258.320282,-332.443268,47.875137,222.18222,-266.585449,63.627384,274.321106,166.044724,51.33852,229.131241,101.962845,62.295181,373.931702,52.186539,109.665131,312.999908,-6.775317,505.307434
366,0,227.204849,-228.885605,1071.553345,260.654144,47.913513,1076.634155,419.554474,-148.78186,1067.570679,419.098602,-60.302261,1070.071533,287.617981,-264.39325,527.168335,387.864227,-314.995575,101.642929,436.053925,-271.348785,71.519989,312.719727,78.383804,523.038391,411.639618,131.449615,103.155792,446.243713,87.963066,75.56073,306.671478,-178.27562,504.214813,361.335449,-229.897476,109.85955,258.26712,-332.379974,47.914536,222.182053,-266.612915,63.588455,274.308929,166.041534,51.342117,229.147476,101.950607,62.29808,374.052948,52.181263,109.548782,312.906769,-6.777297,505.184937
367,0,227.227737,-228.870392,1071.624023,260.662811,47.925262,1076.626221,419.55957,-148.773575,1067.570312,419.10849,-60.281448,1070.071045,287.583923,-264.362762,527.137146,387.881897,-314.984039,101.610268,436.073761,-271.362885,71.518028,312.72525,78.383553,523.044067,411.607025,131.446335,103.166328,446.231415,87.954742,75.554474,306.667999,-178.279373,504.219543,361.322144,-229.930496,109.88723,258.296936,-332.379852,47.904911,222.175171,-266.585724,63.60334,274.280182,166.058701,51.346363,229.148239,101.949532,62.292377,373.954926,52.208191,109.615486,313.018982,-6.743942,505.295502
368,0,227.245148,-228.866531,1071.57373,260.665955,47.951126,1076.622559,419.532593,-148.776779,1067.545044,419.082184,-60.319126,1070.036255,287.553467,-264.321777,527.154846,387.897125,-314.983704,101.615211,436.055237,-271.334808,71.530144,312.711517,78.404083,523.047729,411.618591,131.448654,103.148682,446.221649,87.947472,75.527733,306.650055,-178.260498,504.222687,361.314331,-229.925629,109.891937,258.294312,-332.352173,47.904907,222.185181,-266.618713,63.593811,274.304291,166.042892,51.340519,229.153519,101.961929,62.309132,373.968811,52.199684,109.599236,312.925354,-6.727259,505.168854
369,0,227.336182,-228.838684,1071.630737,260.668976,47.956249,1076.612915,419.558807,-148.75795,1067.571167,419.102844,-60.262405,1070.004761,287.543823,-264.318909,527.174316,387.863708,-315.000977,101.611221,436.058014,-271.351196,71.516045,312.71228,78.413338,523.042542,411.614746,131.444626,103.157356,446.254608,87.951096,75.545609,306.637207,-178.272522,504.228821,361.298065,-229.942978,109.838013,258.32486,-332.385559,47.900494,222.157242,-266.61319,63.582489,274.295349,166.045898,51.361729,229.147202,101.971207,62.314007,373.973999,52.209366,109.600822,312.893951,-6.732898,505.157471
370,0,227.293823,-228.820419,1071.624756,260.743622,47.998608,1076.608154,419.588013,-148.730133,1067.550171,419.120148,-60.324619,1070.027954,287.559021,-264.296509,527.17395,387.84436,-314.986847,101.595665,436.065887,-271.329865,71.523163,312.706207,78.406929,523.05011,411.629456,131.457535,103.155754,446.234772,87.948555,75.528885,306.619812,-178.264771,504.221436,361.29541,-229.922012,109.828018,258.315948,-332.451447,47.874859,222.179047,-266.616364,63.590145,274.316864,166.031357,51.335827,229.154587,101.959534,62.294659,373.950073,52.183811,109.643425,312.968628,-6.721566,505.320435
371,0,227.394943,-228.795029,1071.634277,260.723267,47.98135,1076.622192,419.599365,-148.7453,1067.546631,419.141907,-60.245934,1070.020874,287.555359,-264.294495,527.164124,387.84082,-315.042664,101.66584,436.055908,-271.34494,71.520523,312.697906,78.426056,523.051819,411.653229,131.466736,103.161377,446.251953,87.966415,75.537231,306.614624,-178.242432,504.205994,361.312042,-229.921112,109.840111,258.305389,-332.3909,47.919426,222.168793,-266.608246,63.608131,274.300842,166.057846,51.35685,229.146744,101.978111,62.299133,373.965454,52.199345,109.621025,312.973816,-6.711312,505.322052
372,0,227.290085,-228.811646,1071.60083,260.731293,47.985756,1076.622925,419.637238,-148.730286,1067.550537,419.171783,-60.276443,1070.035889,287.632904,-264.319153,527.178467,387.846954,-314.998749,101.671761,436.071228,-271.362152,71.517509,312.717407,78.430229,523.042053,411.635376,131.449326,103.156067,446.242523,87.923416,75.554688,306.630951,-178.255005,504.21286,361.297211,-229.940659,109.855118,258.316467,-332.442322,47.875324,222.180817,-266.62619,63.569069,274.322235,166.049103,51.346413,229.155624,101.963066,62.288921,373.927948,52.228542,109.637962,312.878998,-6.714701,505.192627
373,0,227.404785,-228.824692,1071.622437,260.742584,48.011105,1076.641113,419.628021,-148.71611,1067.538574,419.164337,-60.264431,1070.012573,287.542664,-264.301147,527.177307,387.851074,-315.043701,101.63356,436.058838,-271.338684,71.512093,312.723145,78.454727,523.059692,411.629547,131.459244,103.157021,446.256958,87.958138,75.560509,306.657715,-178.234924,504.22406,361.333771,-229.919754,109.857193,258.281494,-332.343536,47.954945,222.189087,-266.59668,63.610485,274.31604,166.037354,51.324158,229.136124,101.980728,62.293102,373.968353,52.210556,109.630165,312.986115,-6.706431,505.318939
374,0,227.359406,-228.779388,1071.615845,260.782043,48.023144,1076.626831,419.626373,-148.733078,1067.522705,419.159912,-60.282139,1069.997192,287.549561,-264.294983,527.1604,387.848328,-314.963806,101.616158,436.077728,-271.348175,71.51902,312.738892,78.452286,523.052979,411.65033,131.460434,103.15139,446.239899,87.945702,75.525009,306.635834,-178.244415,504.204041,361.302155,-229.941177,109.868515,258.286224,-332.419952,47.85202,222.186493,-266.607086,63.633762,274.309326,166.040863,51.331478,229.141342,101.957306,62.311531,373.934174,52.233055,109.610771,313.034241,-6.685199,505.31662
375,0,227.382095,-228.796143,1071.607178,260.80896,48.023476,1076.62793,419.659882,-148.709702,1067.533936,419.213837,-60.258362,1070.026978,287.550049,-264.291199,527.185547,387.806732,-314.998871,101.706909,436.045898,-271.346802,71.509521,312.746063,78.447929,523.064514,411.610718,131.460999,103.149521,446.229523,87.941048,75.546394,306.661041,-178.209976,504.229553,361.313995,-229.918472,109.867508,258.289215,-332.38504,47.932072,222.160141,-266.616211,63.592644,274.317627,166.047104,51.335766,229.134827,101.962807,62.313,373.964508,52.035831,109.72921,313.055145,-6.683718,505.335815
376,0,227.35379,-228.758179,1071.586914,260.85376,48.041157,1076.619141,419.684387,-148.692383,1067.513062,419.230988,-60.268761,1069.98938,287.587952,-264.277496,527.15979,387.849457,-314.978973,101.692276,436.065369,-271.362122,71.518822,312.754486,78.45713,523.054688,411.62738,131.472763,103.138283,446.237091,87.976768,75.539444,306.668182,-178.207733,504.216553,361.301971,-229.92952,109.869217,258.304993,-332.436096,47.879818,222.167603,-266.589813,63.580402,274.296295,166.056976,51.35099,229.145432,101.973457,62.307606,373.948181,52.247429,109.613625,313.056366,-6.693972,505.325012
377,0,227.40123,-228.745392,1071.588379,260.901764,48.043301,1076.632568,419.73291,-148.69455,1067.495361,419.251801,-60.246918,1069.984375,287.592987,-264.286133,527.179138,387.846893,-314.99588,101.660851,436.055542,-271.347443,71.500679,312.783752,78.465134,523.052002,411.621765,131.46524,103.143303,446.233521,87.975349,75.552803,306.706055,-178.210968,504.230682,361.309601,-229.915268,109.853828,258.29364,-332.378296,47.92617,222.166107,-266.597595,63.607136,274.326172,166.063095,51.336021,229.138229,101.971046,62.313618,373.866455,52.012039,109.763046,313.080353,-6.663571,505.316132
378,0,227.450394,-228.752899,1071.5979,260.962616,48.046608,1076.641479,419.775818,-148.711777,1067.489136,419.313965,-60.265968,1070.0,287.637085,-264.240204,527.173828,387.843536,-314.993896,101.668472,436.051605,-271.337616,71.504196,312.822693,78.469643,523.050354,411.635651,131.468597,103.155312,446.244812,87.971359,75.537308,306.735168,-178.210159,504.233826,361.325195,-229.914108,109.858078,258.2966,-332.365753,47.931526,222.155914,-266.597382,63.600853,274.308105,166.051788,51.347336,229.149277,101.975571,62.321033,373.976532,52.250965,109.64135,313.159241,-6.641212,505.327698
379,0,227.476013,-228.745392,1071.597778,261.006927,48.055729,1076.624146,419.801056,-148.705734,1067.484253,419.340851,-60.246258,1069.975342,287.607117,-264.252136,527.176758,387.860931,-314.985229,101.67952,436.052856,-271.336823,71.51123,312.824982,78.469864,523.056091,411.655792,131.472473,103.124046,446.245728,87.9608,75.526955,306.735229,-178.209503,504.222229,361.323303,-229.913712,109.842659,258.33606,-332.481842,47.870499,222.176437,-266.580902,63.620949,274.298065,166.032852,51.341576,229.149399,101.963127,62.317547,373.946442,52.295769,109.653076,313.115356,-6.676563,505.325806
380,0,227.521515,-228.74118,1071.601807,261.030396,48.053719,1076.638062,419.842896,-148.699768,1067.480469,419.431396,-60.212833,1069.980713,287.629913,-264.307098,527.181335,387.833832,-315.026733,101.648987,436.063538,-271.351257,71.51944,312.851044,78.468491,523.057922,411.644989,131.464554,103.140106,446.246216,87.983612,75.530807,306.771088,-178.195877,504.219421,361.309021,-229.920197,109.838737,258.313141,-332.435699,47.897411,222.18454,-266.592926,63.620941,274.307892,166.044922,51.338257,229.157501,101.982857,62.291702,373.941833,52.267036,109.659058,313.108093,-6.667653,505.335632
381,0,227.527298,-228.764313,1071.604736,261.099335,48.058395,1076.648804,419.896393,-148.707199,1067.481079,419.434296,-60.249752,1070.000366,287.691986,-264.279419,527.194763,387.859924,-315.022491,101.636963,436.076202,-271.348267,71.515366,312.867432,78.473038,523.067139,411.650879,131.470322,103.121277,446.243866,87.985825,75.516388,306.77124,-178.19986,504.231934,361.334839,-229.909912,109.85994,258.33844,-332.483063,47.749832,222.190628,-266.599365,63.619232,274.312622,166.063507,51.340981,229.148209,101.969368,62.318245,374.00296,52.213596,109.602669,313.095459,-6.609797,505.195618
382,0,227.587677,-228.743439,1071.592041,261.186768,48.079212,1076.635864,419.960815,-148.683105,1067.478027,419.481598,-60.209492,1069.976074,287.637451,-264.271149,527.151306,387.860016,-314.964813,101.612495,436.052399,-271.368347,71.506393,312.874023,78.491127,523.073792,411.662598,131.489609,103.137848,446.246338,87.990219,75.518768,306.810669,-178.185684,504.225922,361.332733,-229.901688,109.857056,258.340637,-332.384216,47.902504,222.182816,-266.605957,63.597618,274.316772,166.043518,51.352394,229.146591,101.980927,62.311241,373.947174,52.267807,109.672409,313.148499,-6.663676,505.340393
383,0,227.637497,-228.738403,1071.605957,261.213928,48.075706,1076.641479,419.97757,-148.702454,1067.467407,419.539429,-60.194115,1069.9646,287.689606,-264.2453,527.203308,387.859253,-315.010254,101.623039,436.042053,-271.3526,71.509964,312.89386,78.501984,523.080383,411.661469,131.505875,103.12365,446.242462,88.002899,75.510979,306.814911,-178.181656,504.224426,361.351227,-229.928741,109.843864,258.325562,-332.499725,47.761364,222.172058,-266.585938,63.589497,274.317078,166.061035,51.350548,229.156616,101.989395,62.328056,373.986267,52.244823,109.533592,313.101562,-6.6057,505.200195
384,0,227.729935,-228.729813,1071.602905,261.27179,48.08984,1076.647583,420.145691,-148.742035,1067.480225,419.597931,-60.218166,1069.9552,287.729889,-264.252136,527.173279,387.837769,-314.996765,101.637772,436.082916,-271.367096,71.511909,312.908478,78.482567,523.068054,411.638062,131.490555,103.111366,446.25531,88.010086,75.523438,306.843384,-178.185974,504.225739,361.338898,-229.925507,109.851631,258.28949,-332.44516,47.845146,222.153915,-266.610016,63.614273,274.335114,166.04097,51.348675,229.154984,101.969269,62.314167,374.018524,52.249512,109.591286,313.075409,-6.657489,505.192047
385,0,227.745819,-228.739548,1071.626709,261.326752,48.081059,1076.646362,420.230255,-148.751541,1067.461914,419.647369,-60.214233,1069.95874,287.776276,-264.241608,527.224182,387.850891,-315.033936,101.649757,436.079926,-271.365479,71.506828,312.947083,78.488876,523.078552,411.665802,131.51207,103.126793,446.256561,87.98587,75.50592,306.867371,-178.215164,504.232178,361.351685,-229.905151,109.846924,258.30423,-332.391205,47.911308,222.20253,-266.610901,63.595371,274.305237,166.037842,51.339188,229.16095,101.971893,62.310707,373.935516,52.264339,109.634193,313.112946,-6.662323,505.215302
386,0,227.759323,-228.806686,1071.662842,261.411072,48.071987,1076.658325,420.292145,-148.738297,1067.449707,419.694672,-60.228134,1069.924194,287.802521,-264.297791,527.168884,387.825317,-314.996307,101.575203,436.068695,-271.365906,71.491043,312.944855,78.478394,523.076294,411.644989,131.493469,103.102509,446.222351,87.995773,75.500038,306.898132,-178.219879,504.237579,361.327179,-229.951904,109.814896,258.333954,-332.482574,47.774757,222.167267,-266.601746,63.605862,274.304749,166.058731,51.355476,229.172012,101.967735,62.318348,373.955383,52.241413,109.620041,313.207703,-6.656598,505.344269
387,0,227.789139,-228.827118,1071.667969,261.435974,48.06535,1076.660156,420.360413,-148.754318,1067.459106,419.769928,-60.192719,1069.956421,287.825317,-264.259644,527.22229,387.877502,-314.99173,101.591248,436.079712,-271.364502,71.482094,312.96814,78.487907,523.074219,411.649872,131.487396,103.119453,446.27832,87.992355,75.503883,306.934143,-178.214874,504.235931,361.340393,-229.933838,109.837868,258.286591,-332.424774,47.808186,222.186493,-266.606995,63.601509,274.30957,166.05162,51.354393,229.164658,101.964714,62.316307,374.020599,52.244263,109.580948,313.301636,-6.651097,505.354523
388,0,227.881775,-228.842697,1071.688843,261.501282,48.080574,1076.646484,420.429962,-148.746628,1067.425781,419.822113,-60.203632,1069.921021,287.913452,-264.267914,527.211975,387.8396,-315.035431,101.600143,436.067657,-271.391968,71.481728,312.991394,78.498688,523.072571,411.641846,131.497971,103.105553,446.246674,87.98201,75.502579,306.931213,-178.197296,504.239197,361.339569,-229.921341,109.83551,258.313141,-332.392639,47.928406,222.18605,-266.604614,63.603142,274.308563,166.076553,51.351093,229.157089,101.974754,62.31815,374.008636,52.268101,109.602089,313.302765,-6.644989,505.352631
389,0,227.964066,-228.853287,1071.69043,261.584747,48.074364,1076.671509,420.515656,-148.764099,1067.421631,419.910431,-60.164215,1069.916626,287.858978,-264.314331,527.202759,387.868042,-315.028412,101.630501,436.035767,-271.358124,71.485649,313.001251,78.4813,523.088074,411.668335,131.501953,103.111565,446.263397,87.99662,75.519745,306.956818,-178.193649,504.251709,361.341583,-229.932693,109.843689,258.324219,-332.398773,47.908195,222.181,-266.594574,63.617401,274.317291,166.054657,51.33614,229.176208,101.987015,62.330524,374.034851,52.242699,109.601112,313.324158,-6.626773,505.367706
390,0,228.017181,-228.860565,1071.748901,261.669006,48.076576,1076.668579,420.588501,-148.763916,1067.403076,419.960999,-60.228252,1069.906494,287.93512,-264.283447,527.225403,387.925201,-315.006958,101.578049,436.060242,-271.380646,71.46553,313.0495,78.49099,523.09198,411.664734,131.509476,103.095039,446.248993,88.020554,75.475151,306.989319,-178.199432,504.255585,361.348816,-229.891434,109.853477,258.304016,-332.367371,47.892147,222.178589,-266.595215,63.60112,274.319672,166.046463,51.362087,229.160065,101.974289,62.315556,373.991058,52.25946,109.588142,313.317749,-6.664547,505.344208
391,0,228.110107,-228.890213,1071.723755,261.759125,48.062031,1076.677246,420.643494,-148.770691,1067.373901,420.044403,-60.224785,1069.89978,287.895599,-264.295166,527.23584,387.877319,-315.036011,101.607864,436.074982,-271.37616,71.48661,313.04953,78.475784,523.083923,411.673157,131.518066,103.096931,446.242218,87.994095,75.490517,307.021759,-178.21553,504.254089,361.354797,-229.921982,109.819771,258.292114,-332.404755,47.895802,222.167679,-266.603363,63.612274,274.314362,166.065567,51.330887,229.157501,101.972458,62.318184,374.007233,52.228394,109.600067,313.357605,-6.66427,505.373108
392,0,228.151703,-228.933426,1071.717529,261.800629,48.05497,1076.691772,420.71048,-148.784058,1067.375,420.14212,-60.215378,1069.880005,287.906433,-264.289886,527.234375,387.876129,-315.029877,101.554184,436.087708,-271.392822,71.465012,313.085663,78.464211,523.102966,411.659393,131.498474,103.095718,446.265472,88.004074,75.480247,307.076599,-178.205704,504.254517,361.33551,-229.935959,109.82814,258.27951,-332.437653,47.916828,222.19397,-266.60318,63.599525,274.302521,166.060684,51.344852,229.158081,101.962929,62.320778,374.026428,52.245068,109.584839,313.228241,-6.727726,505.284668
393,0,228.207123,-228.956741,1071.773071,261.891266,48.033161,1076.702026,420.845001,-148.789764,1067.359863,420.136841,-60.250854,1069.883667,287.940491,-264.271332,527.221558,387.883759,-315.045624,101.626343,436.100861,-271.408783,71.459183,313.100525,78.465088,523.100952,411.674042,131.510864,103.100281,446.266083,88.004204,75.500938,307.113159,-178.215439,504.253265,361.374725,-229.919739,109.836334,258.309052,-332.386169,47.900036,222.207001,-266.611786,63.626572,274.318726,166.041626,51.334488,229.174973,101.973976,62.32732,374.093506,52.284138,109.555023,313.424591,-6.668574,505.370972
394,0,228.23848,-228.993683,1071.790527,261.983765,48.024113,1076.695435,420.886139,-148.786987,1067.343872,420.251678,-60.224823,1069.873413,288.030334,-264.301178,527.253113,387.851532,-315.048523,101.606216,436.070129,-271.390656,71.451515,313.132477,78.462326,523.104492,411.682831,131.516785,103.093864,446.243317,88.029892,75.467445,307.115295,-178.221039,504.260193,361.349701,-229.947037,109.842781,258.355194,-332.432434,47.827957,222.190247,-266.623566,63.625359,274.326355,166.048904,51.34425,229.174026,101.973541,62.311165,374.012878,52.251484,109.657257,313.427765,-6.656674,505.380096
395,0,228.487503,-228.890747,1071.739014,262.058807,48.024212,1076.71521,420.991333,-148.782318,1067.303955,420.387909,-60.231869,1069.85437,288.029541,-264.279327,527.230042,387.829193,-315.043457,101.594429,436.064514,-271.374817,71.464752,313.170868,78.470184,523.098328,411.673157,131.50737,103.099335,446.264374,88.016792,75.495171,307.139038,-178.240372,504.266968,361.357361,-229.917236,109.863655,258.309418,-332.424896,47.932491,222.187698,-266.60968,63.627205,274.321594,166.054901,51.351887,229.175003,101.969536,62.327652,373.983887,52.041126,109.712135,313.291107,-6.732493,505.282806
396,0,228.564926,-228.931976,1071.713745,262.157715,48.014767,1076.728394,421.038788,-148.817047,1067.311157,420.4534,-60.231792,1069.856934,288.083527,-264.306793,527.287903,387.868256,-314.99176,101.541924,436.09198,-271.387756,71.47937,313.207153,78.452255,523.109741,411.662689,131.517487,103.077904,446.262024,88.020691,75.477646,307.194275,-178.296631,504.275269,361.38208,-229.934723,109.817566,258.320892,-332.440796,47.813118,222.204575,-266.604248,63.642063,274.326813,166.07486,51.361767,229.171432,101.976082,62.3274,374.027344,52.309814,109.611038,313.485809,-6.68369,505.375916
397,0,228.547729,-228.962036,1071.790527,262.235535,48.004822,1076.727905,421.144806,-148.840073,1067.299927,420.470123,-60.262386,1069.840942,288.15918,-264.316223,527.248901,387.877808,-315.023285,101.541428,436.113037,-271.401062,71.490059,313.215607,78.437881,523.107971,411.671021,131.523804,103.058228,446.231567,88.022392,75.440918,307.234894,-178.308716,504.261963,361.366119,-229.955551,109.817909,258.341827,-332.393494,47.92543,222.215454,-266.59726,63.660145,274.29422,166.06015,51.350235,229.165192,101.980537,62.326538,373.96698,52.308754,109.579712,313.365051,-6.745652,505.30249
398,0,228.712723,-228.992615,1071.762939,262.312836,47.99501,1076.714233,421.228394,-148.815598,1067.298218,420.612244,-60.225407,1069.845337,288.200745,-264.294342,527.278259,387.871216,-315.042938,101.537537,436.104736,-271.402924,71.494446,313.253571,78.445129,523.124512,411.682709,131.532333,103.079956,446.283112,88.052391,75.481361,307.248413,-178.311386,504.26651,361.378632,-229.943909,109.835648,258.318848,-332.424896,47.909679,222.208542,-266.618164,63.630989,274.317169,166.06398,51.343746,229.186478,101.972748,62.337082,373.956421,52.050972,109.680786,313.530182,-6.703146,505.367767
399,0,228.784195,-228.982056,1071.762939,262.406006,47.994751,1076.723755,421.284882,-148.859238,1067.260376,420.712433,-60.252407,1069.81665,288.15033,-264.312714,527.260681,387.847595,-315.05954,101.551949,436.11908,-271.424835,71.491852,313.274048,78.431984,523.10022,411.684662,131.548706,103.060745,446.256561,88.040367,75.451096,307.253784,-178.298065,504.270142,361.379089,-229.955994,109.807762,258.345673,-332.449554,47.826439,222.220322,-266.609344,63.610195,274.316803,166.055557,51.335144,229.188477,101.972328,62.324379,374.010193,52.27523,109.616699,313.542267,-6.708358,505.384979
400,0,228.863663,-228.997391,1071.802368,262.49231,47.984497,1076.728638,421.416626,-148.866959,1067.265503,420.79306,-60.288345,1069.838013,288.179199,-264.313049,527.255981,387.89447,-315.072693,101.559395,436.119873,-271.410248,71.488937,313.32959,78.425919,523.109863,411.678223,131.551926,103.058014,446.288147,88.039001,75.447319,307.282715,-178.305054,504.275787,361.409119,-229.933685,109.813385,258.329803,-332.429871,47.931793,222.235107,-266.612701,63.63266,274.332947,166.043579,51.336693,229.175919,101.970879,62.326828,374.03067,52.252159,109.539368,313.61676,-6.701533,505.399719
401,0,228.941406,-229.026093,1071.802612,262.567749,47.978767,1076.73999,421.496399,-148.872116,1067.281982,420.889374,-60.294998,1069.82605,288.238373,-264.344879,527.260742,387.899506,-315.042694,101.511986,436.152618,-271.384491,71.509789,313.357544,78.427269,523.118347,411.699463,131.545227,103.049034,446.265991,88.053467,75.429588,307.324402,-178.329575,504.272522,361.384613,-229.934998,109.819725,258.329742,-332.405121,47.909801,222.232971,-266.590515,63.645573,274.327667,166.047073,51.338745,229.186356,101.97525,62.319817,374.029907,52.050125,109.65966,313.625244,-6.713921,505.409119
402,0,229.036621,-229.035217,1071.810181,262.670197,47.969231,1076.73645,421.573669,-148.889679,1067.250732,420.871552,-60.334023,1069.767334,288.269257,-264.286957,527.300964,387.874176,-315.087158,101.559029,436.158478,-271.34021,71.514435,313.374207,78.42276,523.123169,411.702057,131.568985,103.066612,446.269409,88.034264,75.431259,307.331696,-178.333099,504.269714,361.395081,-229.947952,109.814667,258.309113,-332.460388,47.857162,222.205704,-266.587006,63.673168,274.320496,166.056381,51.337372,229.186249,101.98008,62.340233,374.033936,52.279045,109.593796,313.659607,-6.728659,505.397552
403,0,229.121704,-229.049728,1071.845459,262.745148,47.933887,1076.746338,421.682465,-148.895248,1067.243286,420.991516,-60.316959,1069.769043,288.241699,-264.332886,527.282043,387.850861,-315.043823,101.571243,436.182465,-271.390594,71.538239,313.385986,78.415291,523.131897,411.673187,131.566299,103.057579,446.252899,88.088219,75.428085,307.345703,-178.330963,504.285828,361.372284,-229.952179,109.837708,258.290253,-332.410278,47.890583,222.245728,-266.606049,63.647614,274.317261,166.058426,51.337799,229.182602,101.983749,62.341404,374.053864,52.276657,109.593506,313.503021,-6.846963,505.338898
404,0,229.194839,-229.065567,1071.841187,262.834869,47.931438,1076.755615,421.750214,-148.901596,1067.224487,421.102539,-60.331059,1069.762695,288.279053,-264.344238,527.292114,387.884674,-315.083954,101.521515,436.100586,-271.458344,71.407928,313.441406,78.419769,523.134949,411.718597,131.564285,103.065758,446.285919,88.072395,75.422867,307.358185,-178.337646,504.286896,361.35437,-229.908997,109.84317,258.32135,-332.416016,47.915577,222.222809,-266.596985,63.635437,274.325592,166.051727,51.340714,229.187958,101.963257,62.332138,374.024017,52.302742,109.592834,313.740784,-6.747832,505.402802
405,0,229.27951,-229.064301,1071.86731,262.936615,47.945946,1076.776489,421.862427,-148.924683,1067.216187,421.15863,-60.343128,1069.693604,288.605286,-264.197113,527.290466,387.89624,-315.078369,101.515305,436.076477,-271.430725,71.410416,313.453339,78.414696,523.145752,411.699677,131.556778,103.058037,446.269958,88.072861,75.440567,307.399475,-178.343719,504.296417,361.347992,-229.889114,109.882446,258.344788,-332.43573,47.815067,222.243713,-266.623108,63.646542,274.320099,166.048157,51.333649,229.201065,101.976357,62.350941,374.043304,52.287849,109.585281,313.734131,-6.729576,505.419861
406,0,229.354019,-229.084976,1071.87915,263.043152,47.921555,1076.771729,421.982056,-148.955292,1067.200684,421.201721,-60.385036,1069.699829,288.6203,-264.170105,527.312561,387.892426,-315.036377,101.480858,436.083496,-271.467133,71.400726,313.491577,78.410461,523.148254,411.700806,131.576553,103.054077,446.252838,88.07061,75.425209,307.420074,-178.338821,504.30304,361.427246,-229.95282,109.789429,258.3255,-332.446442,47.854191,222.218964,-266.592743,63.655258,274.324524,166.038864,51.347359,229.179062,101.976913,62.332298,374.08078,52.311203,109.576935,313.623016,-6.789671,505.350769
407,0,229.411957,-229.078247,1071.884277,263.115814,47.914639,1076.786011,422.033813,-148.95105,1067.218384,421.335388,-60.361301,1069.719116,288.706116,-264.209961,527.304138,387.891571,-315.057495,101.463112,436.104065,-271.455139,71.396996,313.502838,78.420479,523.148865,411.686584,131.562103,103.055702,446.273254,88.059357,75.428001,307.449036,-178.354736,504.289734,361.429169,-229.973618,109.790337,258.345001,-332.463898,47.856499,222.225372,-266.608398,63.668987,274.304077,166.051743,51.344299,229.202591,101.989014,62.357006,374.12204,52.347015,109.54351,313.800232,-6.744191,505.427612
408,0,229.515549,-229.113251,1071.884766,263.188904,47.898777,1076.765503,422.106873,-148.983795,1067.1875,421.384613,-60.340199,1069.702515,288.514832,-264.33963,527.33075,387.90686,-315.084137,101.53788,436.131134,-271.479095,71.431969,313.530762,78.398544,523.157593,411.711975,131.589996,103.05854,446.303955,88.069099,75.428024,307.45932,-178.359726,504.301544,361.396332,-229.922592,109.832077,258.320038,-332.380615,47.959747,222.223358,-266.620667,63.640663,274.323212,166.0383,51.347324,229.189804,101.974045,62.336899,374.060242,52.337029,109.589043,313.795776,-6.744055,505.435333
409,0,229.568939,-229.121048,1071.901611,263.279999,47.890591,1076.829834,422.219635,-148.967697,1067.176147,421.508179,-60.359085,1069.701172,288.552216,-264.3172,527.322998,387.885345,-315.083649,101.498581,436.110626,-271.471802,71.414948,313.544891,78.397057,523.15271,411.722107,131.603394,103.052689,446.262634,88.066879,75.428505,307.521118,-178.342255,504.310181,361.397675,-229.954529,109.842461,258.342041,-332.445923,47.842899,222.243866,-266.592743,63.658558,274.321442,166.049606,51.33794,229.195129,101.985909,62.339333,374.044586,52.310558,109.581833,313.833679,-6.762082,505.437378
410,0,229.652435,-229.139282,1071.911499,263.360687,47.879402,1076.823242,422.30191,-148.992661,1067.166138,421.542816,-60.373215,1069.678101,288.55954,-264.301971,527.312134,387.880768,-315.095947,101.50135,436.08902,-271.41925,71.427284,313.582214,78.412781,523.162903,411.689026,131.578659,103.04657,446.275391,88.088409,75.410744,307.542908,-178.3423,504.323242,361.397675,-229.956909,109.836716,258.316193,-332.401215,47.900497,222.235458,-266.594696,63.631378,274.317841,166.041611,51.339592,229.196136,101.974754,62.344013,374.0578,52.318691,109.562798,313.762024,-6.74056,505.307556
411,0,229.711716,-229.174042,1071.934204,263.448303,47.873703,1076.821045,422.380768,-149.004868,1067.161743,421.672241,-60.390045,1069.615356,288.615112,-264.333496,527.335571,387.908844,-315.102692,101.433723,436.131714,-271.478912,71.444191,313.614532,78.404106,523.170227,411.715149,131.586121,103.062828,446.311096,88.085648,75.418137,307.608246,-178.321747,504.313995,361.455902,-229.992905,109.805115,258.348389,-332.490143,47.776711,222.235291,-266.610474,63.634583,274.304779,166.056778,51.334522,229.208176,101.993614,62.336182,374.062469,52.299759,109.572578,313.865692,-6.762022,505.444214
412,0,229.768005,-229.177444,1071.933228,263.5401,47.854027,1076.807373,422.449677,-149.028946,1067.164429,421.756805,-60.396572,1069.630493,288.659851,-264.329803,527.315857,387.888336,-315.099365,101.526299,436.149017,-271.488068,71.434776,313.640991,78.399612,523.184509,411.68457,131.586227,103.048386,446.239044,88.073463,75.406982,307.642151,-178.341309,504.331482,361.405121,-229.971313,109.818748,258.317657,-332.400635,47.942875,222.24498,-266.624512,63.645607,274.310913,166.04451,51.337124,229.200684,101.983772,62.349556,373.958984,52.104923,109.701027,313.92923,-6.739046,505.454895
413,0,229.839325,-229.194275,1071.946533,263.635864,47.815548,1076.830811,422.493805,-149.061508,1067.1521,421.891876,-60.455708,1069.606323,288.705719,-264.333099,527.332275,387.898682,-315.103271,101.46936,436.148682,-271.483734,71.442001,313.684113,78.391891,523.181091,411.715759,131.587097,103.055038,446.261841,88.109398,75.399521,307.583374,-178.174011,504.340759,361.431641,-229.988159,109.822708,258.28653,-332.458069,47.870697,222.24649,-266.612946,63.649506,274.317261,166.05336,51.350346,229.200882,101.977776,62.35656,374.083008,52.352123,109.564804,313.8367,-6.740544,505.334259
414,0,229.920166,-229.219315,1071.946533,263.7388,47.81876,1076.827515,422.613647,-149.083954,1067.14624,421.895844,-60.502178,1069.655518,288.787811,-264.392944,527.324402,387.91394,-315.108795,101.459488,436.149048,-271.508057,71.413719,313.71283,78.381516,523.191528,411.696564,131.560623,103.043343,446.261932,88.060219,75.420593,307.646759,-178.186478,504.33725,361.464142,-230.00827,109.807625,258.314178,-332.402802,47.919979,222.257935,-266.599762,63.671188,274.331024,166.060928,51.344631,229.208069,101.983704,62.366978,374.072968,52.32056,109.559311,313.993408,-6.74194,505.448273
415,0,229.966446,-229.208511,1071.975708,263.826691,47.836071,1076.870239,422.638428,-149.128433,1067.128784,422.051239,-60.53418,1069.618408,288.751312,-264.369751,527.341919,387.874786,-315.117157,101.481422,436.150269,-271.497711,71.426315,313.760742,78.394035,523.201416,411.712524,131.585632,103.040215,446.284485,88.06366,75.405258,307.68576,-178.195114,504.337067,361.398438,-229.946686,109.865677,258.33783,-332.418121,47.879421,222.243866,-266.583618,63.653259,274.311737,166.052307,51.345066,229.201996,101.984779,62.369835,374.047943,52.332863,109.627968,314.034149,-6.739407,505.457458
416,0,230.075897,-229.251678,1071.955933,263.919708,47.835125,1076.867065,422.725037,-149.137848,1067.117188,422.049072,-60.560715,1069.621094,288.78186,-264.388977,527.359558,387.882751,-315.136047,101.507172,436.139343,-271.529022,71.402596,313.798126,78.38401,523.201599,411.701752,131.569305,103.038132,446.282684,88.079193,75.413391,307.716858,-178.181091,504.324982,361.422424,-229.923462,109.849457,258.341522,-332.467133,47.869747,222.245865,-266.598114,63.669128,274.316406,166.058701,51.358433,229.202103,101.982857,62.359482,374.015564,52.482841,109.516068,314.042969,-6.760151,505.460083
417,0,230.13092,-229.221542,1071.99353,264.02594,47.835323,1076.865845,422.765869,-149.154922,1067.110352,422.182007,-60.58173,1069.640137,288.806274,-264.387939,527.339417,387.906281,-315.135223,101.469727,436.16922,-271.508453,71.433884,313.832733,78.376221,523.20575,411.712128,131.57312,103.033203,446.273895,88.124794,75.38578,307.773376,-178.172119,504.352631,361.443176,-229.999054,109.795242,258.318115,-332.48172,47.889374,222.250839,-266.577148,63.663349,274.324188,166.073578,51.352234,229.193069,102.005013,62.370583,374.036743,52.42083,109.59108,314.164581,-6.697541,505.461639
418,0,230.155304,-229.247375,1071.979858,264.132538,47.837376,1076.88208,422.846832,-149.200043,1067.105591,422.252899,-60.664997,1069.605469,288.798004,-264.431152,527.349854,387.887115,-315.144958,101.455696,436.151276,-271.496948,71.433548,313.876404,78.374283,523.210449,411.725403,131.598618,103.032623,446.281281,88.104134,75.404472,307.814941,-178.198364,504.341309,361.420441,-229.959763,109.867104,258.347534,-332.45166,47.803509,222.253204,-266.603241,63.658768,274.302643,166.058548,51.353313,229.200516,101.990532,62.37146,373.99115,52.454506,109.617065,314.157227,-6.744278,505.45932
419,0,230.21933,-229.247253,1072.028687,264.214386,47.829014,1076.888428,422.915436,-149.241013,1067.09375,422.379456,-60.670559,1069.593384,288.848297,-264.444489,527.357605,387.921112,-315.119934,101.418861,436.151489,-271.547424,71.399422,313.933197,78.362602,523.209473,411.749939,131.601028,103.030777,446.294403,88.099243,75.406837,307.827698,-178.184784,504.33313,361.447388,-229.965561,109.798935,258.299286,-332.478363,47.868622,222.234695,-266.610168,63.649483,274.31485,166.072922,51.357277,229.201569,101.997993,62.378868,373.984955,52.429993,109.625046,314.174561,-6.763159,505.466034
420,0,230.299042,-229.272186,1072.043213,264.298584,47.819092,1076.902222,423.00824,-149.261536,1067.082153,422.44519,-60.684422,1069.609985,288.872803,-264.401215,527.365906,387.915497,-315.151794,101.479881,436.13147,-271.544952,71.346123,313.988617,78.348,523.217407,411.721588,131.602142,103.023735,446.293762,88.123795,75.392548,307.877594,-178.20697,504.34726,361.432587,-229.977615,109.834511,258.307709,-332.423584,47.918098,222.242386,-266.604126,63.670643,274.320099,166.073334,51.336655,229.217606,101.988976,62.355606,374.04776,52.450298,109.551529,314.122803,-6.776895,505.339874
421,0,230.37265,-229.287674,1072.004272,264.37854,47.811691,1076.88916,423.03418,-149.27948,1066.940308,422.55545,-60.704517,1069.572754,288.879059,-264.466583,527.354614,387.911499,-315.151855,101.491394,436.168732,-271.524689,71.399437,314.030365,78.387077,523.220276,411.733582,131.589401,103.021736,446.288574,88.121696,75.367943,307.921509,-178.195541,504.353821,361.512482,-230.037964,109.810493,258.321289,-332.413696,47.930706,222.248276,-266.588226,63.652554,274.315643,166.059708,51.344177,229.205505,102.002769,62.36911,374.044434,52.446331,109.512787,314.259644,-6.785862,505.473846
422,0,230.444885,-229.320724,1072.045166,264.473938,47.803139,1076.892334,423.107147,-149.291306,1067.006104,422.55661,-60.758816,1069.567871,288.942963,-264.429138,527.371765,387.888672,-315.166046,101.457047,436.16391,-271.550232,71.409599,314.07608,78.365692,523.217102,411.755157,131.59967,103.023979,446.334778,88.126144,75.407669,307.941193,-178.201569,504.350067,361.471191,-230.019669,109.807289,258.386383,-332.511841,47.764988,222.253098,-266.592743,63.662678,274.313507,166.06694,51.363251,229.213745,102.000549,62.376328,374.073181,52.4701,109.520508,314.279388,-6.778121,505.477142
423,0,230.528732,-229.313324,1072.037476,264.563049,47.810719,1076.904175,423.195465,-149.303635,1066.916748,422.716095,-60.727982,1069.516846,288.926819,-264.469604,527.363953,387.890503,-315.189819,101.475983,436.160675,-271.564941,71.398087,314.141998,78.374962,523.229492,411.735535,131.616867,103.012955,446.292358,88.128403,75.373878,307.960022,-178.197952,504.348053,361.487701,-230.047302,109.796013,258.285339,-332.376801,47.905567,222.280121,-266.580383,63.706444,274.330933,166.069443,51.35004,229.218506,102.008095,62.384018,374.091034,52.446106,109.582901,314.309845,-6.789941,505.485779
424,0,230.594009,-229.310806,1072.061401,264.633636,47.7845,1076.908325,423.229858,-149.320175,1066.897095,422.784515,-60.751347,1069.53125,288.924866,-264.476013,527.358337,387.897552,-315.188568,101.451805,436.167664,-271.546906,71.416084,314.162384,78.37249,523.235779,411.758179,131.601242,103.001114,446.308624,88.107437,75.345528,307.966339,-178.205521,504.357452,361.520386,-230.027878,109.787117,258.337463,-332.465485,47.866756,222.256638,-266.621155,63.658596,274.32019,166.063705,51.352196,229.22731,101.99617,62.375206,374.067322,52.451977,109.604248,314.382965,-6.792845,505.468201
425,0,230.647888,-229.322983,1072.059204,264.701691,47.768269,1076.908203,423.301819,-149.351074,1066.894165,422.881287,-60.788631,1069.537109,288.992188,-264.502563,527.394653,387.888336,-315.195679,101.429298,436.172668,-271.604034,71.390205,314.198914,78.362648,523.233887,411.769531,131.605286,103.005074,446.293488,88.136841,75.36734,307.981476,-178.209824,504.351624,361.481323,-230.023712,109.809563,258.318573,-332.424774,47.840435,222.254395,-266.58902,63.658298,274.328186,166.060745,51.352787,229.219147,101.999329,62.382717,374.10968,52.451221,109.586609,314.387695,-6.79497,505.475708
426,0,230.86879,-229.369675,1072.123047,264.758057,47.740345,1076.917358,423.41217,-149.360245,1066.965576,422.957947,-60.766232,1069.515015,288.962982,-264.517426,527.355957,387.911102,-315.169067,101.382057,436.18454,-271.574219,71.430351,314.2034,78.336449,523.239258,411.776337,131.601685,103.000877,446.31189,88.126152,75.362541,308.017059,-178.205093,504.36438,361.501953,-230.030655,109.813828,258.298218,-332.442139,47.820755,222.256271,-266.607086,63.653252,274.316467,166.060822,51.352734,229.213394,102.003586,62.372089,374.080475,52.434071,109.590645,314.425476,-6.803118,505.475769
427,0,230.885223,-229.395187,1072.136841,264.830597,47.739674,1076.927246,423.453857,-149.365723,1066.954102,423.063629,-60.77692,1069.513306,289.062622,-264.500458,527.403931,387.887451,-315.173279,101.420341,436.17157,-271.555542,71.41539,314.247559,78.333488,523.24054,411.784973,131.611801,103.004395,446.29541,88.129501,75.3377,308.045013,-178.209854,504.373016,361.509277,-230.079346,109.812645,258.339111,-332.401581,47.94445,222.245972,-266.613892,63.659786,274.334412,166.063751,51.34634,229.244705,101.995667,62.371635,374.101135,52.442947,109.588974,314.462463,-6.775763,505.461945
428,0,231.142624,-229.416962,1072.171997,264.909637,47.741776,1076.947388,423.541199,-149.39743,1066.957642,423.13562,-60.760948,1069.510132,289.056091,-264.506622,527.389099,387.906952,-315.193207,101.412468,436.198608,-271.585724,71.415421,314.242706,78.352791,523.248047,411.779205,131.616577,102.990242,446.302216,88.139694,75.346085,308.09494,-178.252075,504.373016,361.537628,-230.051117,109.813171,258.291046,-332.475861,47.842461,222.260269,-266.593994,63.697414,274.319794,166.075439,51.363743,229.220749,101.998505,62.381611,374.086426,52.433769,109.529411,314.455536,-6.80044,505.468964
429,0,231.097946,-229.434662,1072.147827,264.964172,47.730495,1076.946533,423.62796,-149.383286,1066.945068,423.191437,-60.774483,1069.44165,289.136353,-264.496368,527.389526,387.914337,-315.189667,101.4422,436.204224,-271.55072,71.448868,314.267212,78.341003,523.256348,411.76532,131.612885,102.991135,446.294403,88.152763,75.347023,308.12265,-178.231293,504.390289,361.474182,-230.013992,109.858269,258.331116,-332.464355,47.846291,222.253891,-266.621216,63.685181,274.313202,166.062897,51.35146,229.243622,101.994034,62.38076,374.121216,52.422153,109.543793,314.484039,-6.812916,505.48465
430,0,231.18631,-229.436523,1072.166138,265.038818,47.697487,1076.943604,423.714111,-149.400925,1066.947266,423.298737,-60.773117,1069.449463,289.144623,-264.554993,527.393799,387.913177,-315.186218,101.419441,436.20224,-271.558777,71.431076,314.262238,78.340408,523.243469,411.796265,131.612244,103.012329,446.317261,88.144279,75.34446,308.157928,-178.243134,504.398834,361.490448,-230.020981,109.8181,258.317505,-332.476349,47.81255,222.244324,-266.619537,63.665344,274.312164,166.073349,51.346954,229.238861,101.998711,62.379227,374.096527,52.397499,109.581154,314.46225,-6.813516,505.478546
431,0,231.200211,-229.411819,1072.171387,265.102478,47.693359,1076.972656,423.767761,-149.384796,1066.941406,423.403564,-60.747566,1069.415405,289.198395,-264.554932,527.392944,387.953766,-315.199127,101.439682,436.204224,-271.562683,71.439255,314.27301,78.319313,523.257263,411.749939,131.611145,102.995308,446.291565,88.151466,75.334206,308.192719,-178.263062,504.399963,361.476685,-229.986404,109.823677,258.310913,-332.384613,47.936543,222.244476,-266.620117,63.693447,274.300476,166.069061,51.358646,229.21698,101.997498,62.369488,374.148682,52.430149,109.545654,314.536957,-6.801049,505.469208
432,0,231.252899,-229.422791,1072.190796,265.155945,47.686047,1076.985474,423.852814,-149.382507,1066.949829,423.384949,-60.769737,1069.384277,289.238251,-264.512115,527.408569,387.910248,-315.188263,101.406044,436.213257,-271.559998,71.436447,314.286835,78.321312,523.260437,411.763916,131.62468,102.983765,446.305756,88.167419,75.328667,308.24469,-178.263245,504.394958,361.504425,-230.07135,109.810982,258.315918,-332.392456,47.934978,222.286469,-266.595673,63.70277,274.301514,166.071686,51.368229,229.223312,101.989075,62.373787,374.076935,52.418381,109.560715,314.507874,-6.796503,505.496277
433,0,231.41011,-229.458115,1072.179932,265.205231,47.676517,1076.988892,424.012024,-149.39949,1066.947998,423.552643,-60.720688,1069.414917,289.260193,-264.571289,527.437683,387.911743,-315.174866,101.416092,436.226135,-271.588348,71.445992,314.288971,78.31311,523.267883,411.772736,131.615021,102.977264,446.32312,88.149864,75.307747,308.28125,-178.265015,504.398651,361.452698,-230.068573,109.829872,258.323486,-332.393097,47.889587,222.237228,-266.67218,63.613289,274.310608,166.059555,51.352509,229.228226,101.998985,62.38649,374.146027,52.368687,109.563835,314.55011,-6.803584,505.489838
434,0,231.499359,-229.476852,1072.213745,265.287689,47.663586,1076.978027,424.093597,-149.388992,1066.936157,423.581482,-60.737907,1069.363403,289.30603,-264.553802,527.453125,387.789795,-315.077881,101.391769,436.11322,-271.47467,71.431114,314.293182,78.318634,523.263245,411.779633,131.640076,102.998199,446.313171,88.15625,75.362,308.318024,-178.274048,504.402344,361.469757,-230.023773,109.851006,258.301788,-332.480377,47.837444,222.243835,-266.632446,63.66267,274.308136,166.064941,51.354313,229.229507,102.000603,62.379559,374.157288,52.357475,109.509239,314.513794,-6.817471,505.508484
435,0,231.588486,-229.462128,1072.208496,265.335876,47.666515,1076.991577,424.165283,-149.350952,1066.946045,423.709442,-60.711403,1069.389404,289.371613,-264.528534,527.442505,387.905182,-315.173828,101.379555,436.222198,-271.557098,71.451927,314.310455,78.317749,523.260437,411.768494,131.645737,102.974716,446.290558,88.183594,75.307198,308.359558,-178.283066,504.409302,361.508026,-230.038971,109.821075,258.34259,-332.526459,47.739609,222.261917,-266.637238,63.653374,274.30426,166.05658,51.365158,229.250809,101.990288,62.375652,374.150574,52.405418,109.571831,314.566864,-6.814214,505.498901
436,0,231.627472,-229.506699,1072.220093,265.388641,47.655464,1076.999268,424.263031,-149.345139,1066.933228,423.784973,-60.679695,1069.405396,289.397308,-264.562683,527.434509,387.848938,-315.162445,101.397278,436.247772,-271.565399,71.454071,314.340973,78.316116,523.245911,411.75885,131.643372,102.980347,446.29834,88.167328,75.333267,308.382965,-178.286972,504.405853,361.540131,-230.060226,109.776054,258.322021,-332.458282,47.866547,222.245895,-266.65332,63.645565,274.326813,166.050232,51.360691,229.235703,101.988571,62.385807,374.089111,52.205772,109.610359,314.558899,-6.830338,505.500732
437,0,231.670181,-229.501053,1072.231812,265.427216,47.638393,1076.99353,424.287323,-149.326279,1066.933594,423.81134,-60.666557,1069.372437,289.478241,-264.545074,527.457886,387.866333,-315.165314,101.384605,436.243317,-271.577118,71.428253,314.355865,78.33876,523.274414,411.748535,131.65152,102.962395,446.306396,88.203194,75.326668,308.426239,-178.307068,504.407104,361.492371,-230.026428,109.822922,258.298035,-332.470551,47.804993,222.25386,-266.630829,63.665195,274.310913,166.052994,51.349857,229.209351,101.993843,62.385002,374.116089,52.168255,109.664803,314.66217,-6.807439,505.483032
438,0,231.765198,-229.504929,1072.254272,265.466339,47.654793,1076.988892,424.422089,-149.303558,1066.926392,423.844055,-60.657761,1069.352661,289.509918,-264.556763,527.455139,387.889404,-315.146759,101.37664,436.239319,-271.56131,71.424873,314.380585,78.316177,523.272156,411.789673,131.660797,102.97776,446.309967,88.200699,75.298508,308.439331,-178.301636,504.397034,361.524689,-230.021988,109.82373,258.291656,-332.415833,47.934135,222.230118,-266.642639,63.675961,274.316833,166.040314,51.346836,229.232864,101.987228,62.380127,374.179565,52.411308,109.55024,314.592133,-6.832664,505.510681
439,0,231.858551,-229.509628,1072.244995,265.514557,47.66938,1076.997192,424.485687,-149.300217,1066.946289,423.917053,-60.642746,1069.349609,289.533905,-264.611115,527.466431,387.874786,-315.181976,101.368088,436.256653,-271.547485,71.440842,314.376953,78.333641,523.285645,411.815308,131.652466,102.963974,446.335419,88.218208,75.31916,308.492828,-178.289673,504.409241,361.504822,-230.034668,109.842285,258.319763,-332.455902,47.840969,222.263016,-266.623718,63.667587,274.310791,166.066147,51.359879,229.244583,101.993126,62.372929,374.110809,52.192959,109.657654,314.509644,-6.796769,505.363586
440,0,231.903534,-229.516113,1072.26001,265.576569,47.648312,1077.012207,424.562744,-149.29248,1066.93689,424.010651,-60.580643,1069.307739,289.561035,-264.645264,527.487122,387.89801,-315.162018,101.368118,436.223541,-271.557068,71.4179,314.3927,78.332481,523.286621,411.822845,131.675339,102.966949,446.33963,88.223221,75.313232,308.539276,-178.303558,504.401154,361.536682,-230.033295,109.828545,258.323578,-332.431885,47.887821,222.278412,-266.640198,63.693478,274.328247,166.060013,51.352016,229.245392,101.993683,62.394215,374.151276,52.387409,109.536964,314.589661,-6.79695,505.366913
441,0,231.963226,-229.491196,1072.294678,265.620209,47.670918,1077.001587,424.617676,-149.256775,1066.940063,424.036652,-60.620216,1069.331055,289.618378,-264.585388,527.505981,387.919159,-315.15567,101.401482,436.255402,-271.576813,71.415985,314.413116,78.338165,523.28717,411.811249,131.6819,102.94883,446.322449,88.23925,75.295395,308.560272,-178.299438,504.408966,361.498291,-230.027237,109.812782,258.271637,-332.396515,47.938046,222.255219,-266.64035,63.673622,274.311279,166.076248,51.361019,229.249054,101.988846,62.393948,374.149445,52.478558,109.555084,314.515228,-6.88059,505.420868
442,0,232.069336,-229.487289,1072.266602,265.704163,47.680641,1077.003296,424.697937,-149.268814,1066.943237,424.12738,-60.581947,1069.314087,289.6521,-264.613281,527.501831,387.938629,-315.170135,101.379311,436.238068,-271.577942,71.40831,314.438141,78.333672,523.284119,411.791443,131.684921,102.950699,446.319183,88.226433,75.285736,308.585938,-178.312439,504.40741,361.49411,-230.055862,109.82235,258.323334,-332.489075,47.863033,222.286972,-266.63382,63.660355,274.310669,166.046875,51.358402,229.243378,101.993073,62.392769,374.17038,52.478573,109.552368,314.7323,-6.771725,505.499725
443,0,232.106949,-229.47113,1072.313965,265.742615,47.669689,1077.016235,424.748627,-149.229019,1066.919312,424.115784,-60.575726,1069.340576,289.715973,-264.559448,527.494934,387.905243,-315.191895,101.377243,436.21109,-271.549438,71.367905,314.467163,78.341347,523.274841,411.789581,131.688766,102.94416,446.340088,88.246124,75.302605,308.571716,-178.298996,504.414795,361.50769,-230.048004,109.851791,258.323547,-332.462341,47.871346,222.281921,-266.62088,63.697762,274.327545,166.059891,51.358429,229.249481,101.999565,62.391682,374.109314,52.265385,109.631981,314.717468,-6.793725,505.501556
444,0,232.216995,-229.498215,1072.291626,265.809601,47.686073,1077.022217,424.841614,-149.21347,1066.907349,424.220642,-60.539513,1069.295776,289.682434,-264.565857,527.491943,387.97171,-315.151855,101.363991,436.223022,-271.548798,71.375214,314.478882,78.359962,523.287537,411.774475,131.695068,102.943306,446.324158,88.262787,75.263641,308.584351,-178.300842,504.415619,361.508759,-230.089706,109.790474,258.337769,-332.40097,47.902035,222.276962,-266.629181,63.690296,274.328827,166.054489,51.356075,229.268204,101.994873,62.389629,374.208435,52.476944,109.540154,314.737762,-6.774949,505.508179
445,0,232.167007,-229.492218,1072.344604,265.858582,47.692646,1077.036255,424.843628,-149.188965,1066.905273,424.286804,-60.492901,1069.30188,289.722626,-264.546082,527.513428,387.951447,-315.178833,101.406166,436.132996,-271.565521,71.261887,314.487518,78.366371,523.286316,411.794739,131.715897,102.941422,446.313171,88.274239,75.260872,308.602905,-178.277344,504.412842,361.547668,-230.068771,109.811844,258.34137,-332.486298,47.799896,222.304703,-266.644623,63.663452,274.32251,166.057465,51.343136,229.255478,102.004974,62.403584,374.197357,52.523762,109.577278,314.617981,-6.826793,505.407562
446,0,232.306122,-229.466049,1072.320068,265.916779,47.709404,1077.031006,424.899628,-149.193924,1066.89563,424.381927,-60.473099,1069.252686,289.689545,-264.589813,527.496216,387.951965,-315.215607,101.366249,436.188568,-271.545593,71.327789,314.515869,78.38855,523.290588,411.760925,131.714188,102.936661,446.341095,88.266632,75.280846,308.632538,-178.264145,504.412659,361.564758,-230.076523,109.785393,258.352295,-332.445435,47.831352,222.264771,-266.614349,63.686409,274.31842,166.049255,51.353928,229.248169,102.004517,62.393375,374.143829,52.279667,109.649681,314.80777,-6.769884,505.522919
447,0,232.340164,-229.43956,1072.351562,265.959961,47.728283,1077.032227,424.940369,-149.168915,1066.871338,424.410858,-60.458202,1069.258667,289.686798,-264.560974,527.51593,387.958008,-315.222931,101.377983,436.200287,-271.536133,71.351654,314.537415,78.392075,523.305786,411.799805,131.718735,102.942703,446.33252,88.271858,75.283432,308.62146,-178.266296,504.401672,361.481171,-230.035431,109.842064,258.297455,-332.41922,47.945179,222.276337,-266.631592,63.693272,274.328369,166.062439,51.358379,229.252808,101.999916,62.389244,374.18692,52.262199,109.627831,314.764343,-6.78918,505.518127
448,0,232.422104,-229.45137,1072.322144,266.005981,47.733597,1077.046753,425.0177,-149.158035,1066.87439,424.422607,-60.449837,1069.281982,289.679749,-264.58548,527.522095,387.983124,-315.228882,101.368439,436.177948,-271.567657,71.291489,314.574066,78.394157,523.288269,411.804779,131.734299,102.938911,446.348236,88.284706,75.252106,308.637634,-178.255112,504.421936,361.533875,-230.102295,109.793037,258.309235,-332.409088,47.91256,222.299561,-266.600494,63.706009,274.319977,166.05484,51.35273,229.263657,101.996231,62.396767,374.190674,52.280849,109.580963,314.872009,-6.743439,505.49411
449,0,232.465897,-229.43338,1072.363403,266.043243,47.721882,1077.050293,425.08429,-149.113647,1066.851196,424.531128,-60.387115,1069.24292,289.693115,-264.59314,527.520447,387.959839,-315.204803,101.378601,436.167419,-271.536591,71.290588,314.58725,78.407753,523.292725,411.83078,131.748337,102.929192,446.350769,88.287369,75.265251,308.634949,-178.257782,504.409729,361.502533,-230.049789,109.802002,258.327484,-332.470398,47.863724,222.288254,-266.624481,63.703632,274.325317,166.066162,51.359138,229.265472,102.015259,62.39893,374.164642,52.296963,109.628479,314.723358,-6.751401,505.399475
450,0,232.478516,-229.425201,1072.342896,266.115051,47.776169,1077.048706,425.09729,-149.090134,1066.841553,424.524139,-60.404606,1069.226562,289.732147,-264.537354,527.514526,387.9664,-315.211975,101.37928,436.166534,-271.528503,71.307327,314.617188,78.432243,523.298096,411.789398,131.737503,102.92498,446.343109,88.30452,75.261208,308.62973,-178.240158,504.420624,361.519897,-230.048126,109.835258,258.342621,-332.421173,47.927238,222.278351,-266.599976,63.701794,274.317017,166.058899,51.35228,229.268188,102.012032,62.39542,374.163086,52.249477,109.565582,314.889954,-6.731586,505.511047
451,0,232.58075,-229.400528,1072.35498,266.149841,47.791138,1077.052612,425.190674,-149.06189,1066.858765,424.56485,-60.364635,1069.223511,289.667725,-264.526642,527.522461,387.985382,-315.207489,101.383987,436.202728,-271.529938,71.339119,314.638763,78.438339,523.304321,411.825531,131.74147,102.943512,446.338501,88.297348,75.246002,308.619324,-178.238571,504.414154,361.536407,-230.087357,109.812988,258.348663,-332.431915,47.80545,222.281784,-266.607819,63.69873,274.324402,166.050171,51.356476,229.275467,102.006836,62.400162,374.174591,52.285549,109.673149,314.742462,-6.740065,505.398499
452,0,232.567551,-229.394836,1072.366821,266.195374,47.793663,1077.054199,425.182068,-149.038147,1066.838135,424.621857,-60.330952,1069.216553,289.711639,-264.549103,527.496033,387.936462,-315.191528,101.364098,436.206299,-271.522278,71.330841,314.654266,78.459282,523.305603,411.810883,131.749786,102.929451,446.340057,88.311676,75.26989,308.617218,-178.254776,504.407104,361.51825,-230.063965,109.829994,258.351471,-332.468384,47.83884,222.279541,-266.604889,63.725502,274.327271,166.067841,51.352787,229.289719,102.014908,62.417259,374.163086,52.253498,109.63652,314.940765,-6.706421,505.511597
453,0,232.668442,-229.35054,1072.331055,266.237091,47.810001,1077.080322,425.235046,-148.996872,1066.847046,424.661194,-60.344006,1069.193848,289.650177,-264.532013,527.51355,387.961639,-315.190582,101.412102,436.213806,-271.537354,71.332207,314.669586,78.461433,523.303711,411.828888,131.753998,102.938652,446.32782,88.303093,75.233627,308.618652,-178.219589,504.412994,361.537292,-230.148071,109.770409,258.376984,-332.529297,47.790146,222.29422,-266.599243,63.708843,274.328918,166.056076,51.348881,229.274017,102.014366,62.409229,374.103729,52.258427,109.653671,314.902405,-6.704099,505.527985
454,0,232.689178,-229.362122,1072.354126,266.269135,47.832771,1077.061768,425.210846,-149.010574,1066.790283,424.669922,-60.316845,1069.201904,289.695312,-264.497009,527.484924,387.953217,-315.201508,101.41053,436.210815,-271.502502,71.340683,314.671295,78.466591,523.298889,411.795074,131.737701,102.914879,446.33429,88.319008,75.257118,308.589172,-178.213623,504.415558,361.527588,-230.030762,109.822227,258.331665,-332.522522,47.796124,222.296371,-266.606567,63.688175,274.31427,166.05484,51.366001,229.294586,102.001518,62.399376,374.182159,52.286678,109.607582,314.733154,-6.759138,505.445435
455,0,232.689972,-229.331543,1072.391846,266.28006,47.854286,1077.075317,425.269226,-148.987091,1066.814087,424.724152,-60.342602,1069.184448,289.666504,-264.475494,527.51709,387.962341,-315.220306,101.391083,436.208313,-271.492615,71.335266,314.700134,78.480141,523.300842,411.830139,131.743271,102.922081,446.353455,88.31794,75.244568,308.575256,-178.204498,504.422791,361.516388,-230.051788,109.782417,258.30014,-332.366394,47.948582,222.266983,-266.609436,63.716663,274.319672,166.068588,51.364815,229.28215,102.017487,62.408005,374.188568,52.275818,109.614761,314.949799,-6.663225,505.521881
456,0,232.718048,-229.301071,1072.39917,266.383453,47.877506,1077.07605,425.291595,-148.98996,1066.800049,424.743256,-60.306389,1069.181274,289.687134,-264.498993,527.541626,387.971649,-315.200745,101.411568,436.219421,-271.49646,71.342255,314.706055,78.496651,523.310059,411.831573,131.773346,102.926353,446.348724,88.2985,75.240593,308.558075,-178.195557,504.410553,361.506409,-230.036926,109.841057,258.322998,-332.403198,47.912685,222.288574,-266.598785,63.711861,274.299652,166.064758,51.350292,229.291885,102.001343,62.410088,374.15329,52.270271,109.619347,314.941589,-6.659277,505.538574
457,0,232.748871,-229.278336,1072.376465,266.361969,47.884647,1077.096069,425.32193,-148.979279,1066.790039,424.76889,-60.314919,1069.19458,289.689636,-264.466461,527.533264,387.933716,-315.193604,101.42495,436.228485,-271.4823,71.354256,314.701233,78.502663,523.317566,411.839935,131.777664,102.916115,446.359955,88.32,75.256645,308.548645,-178.19075,504.404114,361.554321,-230.100311,109.77774,258.363312,-332.478638,47.867996,222.25975,-266.59848,63.701168,274.31015,166.064331,51.348888,229.30426,102.012474,62.401772,374.179016,52.287281,109.624329,314.949646,-6.637087,505.547821
458,0,232.62706,-229.326523,1072.416748,266.435913,47.900539,1077.100464,425.318848,-148.982086,1066.752808,424.823273,-60.310143,1069.13855,289.713867,-264.4664,527.531311,387.927063,-315.166992,101.382927,436.240875,-271.529388,71.360039,314.718842,78.510468,523.319458,411.846619,131.765991,102.915337,446.36972,88.320419,75.252716,308.526917,-178.15625,504.402588,361.522522,-230.033554,109.80304,258.293335,-332.428619,47.936085,222.254196,-266.60257,63.711502,274.32608,166.085159,51.356319,229.275208,102.023582,62.415844,374.161316,52.265766,109.649429,314.910492,-6.653473,505.566284
459,0,232.710007,-229.320648,1072.381226,266.471222,47.927551,1077.094482,425.363861,-148.983932,1066.74939,424.828552,-60.281113,1069.131958,289.611511,-264.416107,527.536377,387.957092,-315.170441,101.384407,436.218353,-271.538269,71.367165,314.749268,78.52137,523.316589,411.81662,131.79068,102.907181,446.350616,88.324104,75.24147,308.521942,-178.14296,504.40918,361.517487,-230.046951,109.783028,258.307892,-332.404175,47.922501,222.282684,-266.6026,63.709049,274.320465,166.075119,51.368153,229.295242,102.025024,62.416542,374.144989,52.249561,109.667198,314.932465,-6.645228,505.55658
460,0,232.718628,-229.307632,1072.399902,266.512787,47.938698,1077.103271,425.389862,-148.973587,1066.778931,424.861847,-60.301804,1069.098633,289.628448,-264.412323,527.51825,387.95343,-315.187195,101.397606,436.239288,-271.544067,71.395088,314.750519,78.525597,523.314148,411.827271,131.764587,102.91626,446.333679,88.334145,75.226692,308.501099,-178.15242,504.407593,361.515533,-230.035599,109.798622,258.329926,-332.470703,47.865326,222.28952,-266.609894,63.681728,274.318054,166.064423,51.34243,229.288361,102.016319,62.410488,374.134827,52.278168,109.614777,315.000336,-6.611959,505.529633
461,0,232.780472,-229.279938,1072.383179,266.528442,47.951839,1077.095459,425.388306,-148.978989,1066.733276,424.894958,-60.290451,1069.087524,289.627014,-264.389191,527.545654,387.934753,-315.176453,101.411629,436.220062,-271.574158,71.362213,314.779999,78.540474,523.325745,411.824585,131.771378,102.90258,446.332794,88.341309,75.218254,308.517273,-178.152328,504.414917,361.528564,-230.091522,109.758621,258.326111,-332.453339,47.893265,222.293259,-266.582916,63.703552,274.320984,166.078995,51.370926,229.28891,102.020576,62.408314,374.190033,52.273075,109.632629,314.909027,-6.576288,505.394623
462,0,232.753082,-229.269058,1072.404663,266.581787,47.970406,1077.089722,425.393646,-148.96315,1066.729248,424.937836,-60.257999,1069.083008,289.588348,-264.411652,527.529541,387.946533,-315.191895,101.395027,436.221069,-271.576202,71.364769,314.783051,78.540771,523.318359,411.815674,131.7827,102.905693,446.34549,88.324371,75.24147,308.505737,-178.127731,504.416595,361.546936,-230.05365,109.781273,258.333862,-332.421326,47.857121,222.29126,-266.605103,63.698212,274.320038,166.083542,51.344318,229.30191,102.025162,62.422474,374.186493,52.31641,109.617859,314.865417,-6.592335,505.399872
