FF_TX,FF_TY,FF_TZ,FF_Rquat0,FF_Rquat1,FF_Rquat2,FF_Rquat3,Hip_Z_R,Hip_X_R,Hip_Y_R,Knee_Z_R,Ankle_Z_R,Ankle_X_R,Hip_Z_L,Hip_X_L,Hip_Y_L,Knee_Z_L,Ankle_Z_L,Ankle_X_L
0.3126909572948596,1.0040700505494493,0.08135055484013531,-0.06379737833347063,0.9976783252418328,0.019424875034721477,-0.013805600825884128,0.2427668422457907,-0.13044413214660827,-0.2599140041564773,-0.26801327694710253,0.003992988969370579,0.24594489211618442,0.2588201915750162,0.179599244163565,0.0911852043913745,-0.2638341311545172,0.031410782975665914,-0.1782775584356068
0.3129813237846473,1.0042625781733407,0.0815141719649487,-0.061896002128225366,0.9977799617536146,0.020237782927523523,-0.01394507030004254,0.239321032560144,-0.12931252934026916,-0.26188732077079946,-0.2687813781074594,-0.0013439299922456014,0.2600157845213293,0.2555448843918762,0.1814827281690861,0.09196901696476793,-0.2646471458584529,0.02854007535170033,-0.18341367098685243
0.3130208564115367,1.004412002870689,0.0815205748340206,-0.06099230770494156,0.997826795075666,0.020664137744983473,-0.013950585690465278,0.23713140950064301,-0.12851760004487228,-0.2625040383572044,-0.2682040025214791,-0.0034508402283977783,0.2712637295410117,0.253556651231401,0.18248975250477276,0.09210947339956335,-0.26439331578068287,0.027999089399935666,-0.18725049939010374
0.3130315982289582,1.004470541670172,0.08160963769433291,-0.06046943446573852,0.9978553573821528,0.020856261138231486,-0.013897827544754238,0.2358479931047961,-0.12830436032218057,-0.2626553910873174,-0.2678106566840041,-0.0041890120623707516,0.2801623513680774,0.2525420670314997,0.18291477409397278,0.09185376270951733,-0.2645467360578398,0.02793870089598046,-0.19031119661705342
0.3130179571378742,1.0045163231342689,0.0816482299114378,-0.06010857242249734,0.9978756425584944,0.020946388168349053,-0.013871205156808755,0.23489958106000647,-0.1282225836513941,-0.26275069400925183,-0.2675703932393409,-0.004542566405586465,0.28729029228325376,0.2516786515917183,0.18308554441879082,0.09192996572979528,-0.2644904711838511,0.028013730638564653,-0.1926686407183238
0.31305589434898606,1.0045372809215602,0.08174786546560875,-0.05992076493282869,0.9978871737380683,0.020953070780465634,-0.013844105019237628,0.23453194887062023,-0.1284005347502347,-0.26279332939475986,-0.26755857241623116,-0.004776816042096877,0.29289020104950747,0.25121937489669127,0.18303072413654792,0.09197692261362718,-0.2644332326775669,0.02815692946180082,-0.1944612504032995
0.3130778494581683,1.0045584506038596,0.08179260316146765,-0.059782171100768555,0.9978959209802889,0.020943785267345704,-0.013826813373103512,0.23426903010945743,-0.12855900006762924,-0.2627342302449161,-0.2675768911937014,-0.004979466728403543,0.2973035547565841,0.25094533012461623,0.18300589292524624,0.09204246288009801,-0.2644585188077308,0.02826212196717808,-0.19591419372576044
0.31311095510555387,1.0045690834875531,0.08187032572793838,-0.05966170028824897,0.9979037090318238,0.020914203455056367,-0.013829863089884454,0.23402555332763442,-0.12877951235887428,-0.26279580372290046,-0.2675828572771094,-0.0050059609321563845,0.30087143482749207,0.25074400028992755,0.18292254278717582,0.09202514520860666,-0.26446718457622187,0.02829394325737501,-0.19715711784882922
0.31313708116685746,1.0045879680046315,0.08190427172040003,-0.0595475158720956,0.9979111432797143,0.02087346276779273,-0.01384709441426316,0.2338758637948127,-0.1289432805245731,-0.2627111796661908,-0.2677279405679826,-0.005168372041037041,0.303632328820453,0.250584414523601,0.18277248514592806,0.09199645934619469,-0.2646156726476891,0.028335499432617598,-0.1980305942339988
0.3131493956198113,1.0046008449430586,0.0819841473374565,-0.05950641819336262,0.9979145319809135,0.020845971219073802,-0.013820945663902224,0.2338104078336748,-0.12914596635739234,-0.262671108139858,-0.2677566421806978,-0.005192353990293006,0.305968746852266,0.25048638053501376,0.18265406364650785,0.09217880198945187,-0.26462693379201174,0.028370238391343974,-0.1986811933477735
0.313205792211837,1.0046047243431786,0.08204858603378709,-0.0594675542310257,0.9979169170917077,0.020771531521127092,-0.013927672247315288,0.23374908452863122,-0.12940786691557743,-0.26274494673778204,-0.26774345429308405,-0.005375855444193662,0.3077144594399578,0.25043230763572427,0.1824511698245414,0.09227720269904761,-0.264386727822546,0.028214830859107504,-0.19929983446225186
0.3132335171939673,1.004615640977779,0.08212126510341053,-0.05941168187661129,0.9979214172906423,0.02074084512704115,-0.013889359691654222,0.2337147896192073,-0.12956976929020522,-0.2627243082398492,-0.2676921081752369,-0.005620450714885474,0.3090838295413797,0.2504429244522205,0.18228782097461674,0.09219494519688808,-0.26471576601408214,0.028306045628370427,-0.1996774656927176
0.3132960246781679,1.0046243107504718,0.08217263324574244,-0.0593559366044546,0.9979256963634409,0.02067881416654235,-0.013912726979830812,0.23364491390605321,-0.1297868399615676,-0.2628439566374737,-0.2677090203483133,-0.005718991102300262,0.31023340667211874,0.2505104314973064,0.18212442099169637,0.09186233739519682,-0.2649136421520986,0.028256014481918897,-0.19991135281853323
0.31333299823574706,1.004616720791844,0.08226905128191099,-0.059366262046371965,0.9979265178544109,0.020611345841859873,-0.013909863989226548,0.2337338154639063,-0.13006910668972874,-0.2628629451689024,-0.26775197839004183,-0.005710400803175714,0.31113316415069353,0.2505347479635274,0.18188998446938237,0.0919843079809543,-0.26486046291634446,0.028281629079229594,-0.20028780997805806
0.3133846017221372,1.0046344181437927,0.0823261846965799,-0.05936198151858399,0.9979275271309503,0.020546268480007887,-0.013951938791471007,0.23381994757595106,-0.13027917803450473,-0.2627027631895671,-0.2678312860690063,-0.005918584965323263,0.3118488998490908,0.2504748112274636,0.18164719775184396,0.09209078235022308,-0.26458778693355844,0.028180678016010194,-0.20040188739493675
0.3134297333762772,1.0046270158298984,0.08240808467634717,-0.059345695794734185,0.9979290255080778,0.020513851608473643,-0.013961745282103767,0.2337986451071297,-0.13045926758135484,-0.2626644129535584,-0.26783917038987654,-0.006000993076786269,0.3123927631635329,0.25040309290418744,0.18149220136585045,0.0922184250164857,-0.26445635041908766,0.028170248234129124,-0.200537954364576
0.3134803454108357,1.0046256755995555,0.0824646675880781,-0.05931294517962922,0.9979326042593314,0.020424774203982775,-0.013975710680429333,0.23379413233472346,-0.13072395791369132,-0.2626711557688024,-0.26786497226578637,-0.006045188369571458,0.31278447519107333,0.2504806231932899,0.1812814316660971,0.09219718352249297,-0.2646551608796093,0.02799988684819781,-0.2009195311681593
0.31353795237027565,1.004627760722478,0.0825400607499652,-0.05925845859953347,0.9979370085688561,0.020345574380321,-0.014007841239286625,0.23394335626838794,-0.13107406387752,-0.26265233360899665,-0.2683045836425292,-0.005895026390776076,0.3133138549701429,0.2504051638188312,0.1809730551347473,0.09203893686357126,-0.2645767266396419,0.028105240539092986,-0.2009012867983406
0.3136170773767013,1.0046322529325293,0.08264348197817027,-0.059303174953526584,0.9979360217355115,0.020275046311000907,-0.013991156500401987,0.2339746975196212,-0.13130491870968758,-0.26268094311634393,-0.26795511248948256,-0.006115711990085898,0.3136288415254502,0.2504589931376127,0.180722680473821,0.09216454452282072,-0.2644011073753009,0.028110275179297116,-0.2008847200198994
0.3137008596757336,1.0046241618876817,0.08273084818571953,-0.05924705502272468,0.9979404779542568,0.02019750485909517,-0.014023185409543212,0.2341631617681149,-0.1316381052468519,-0.262596030764998,-0.2683813083134884,-0.006253486607803248,0.3140596684304316,0.25056186543035,0.18045701411844473,0.09190324252433682,-0.2646442452946112,0.028086412700535295,-0.2007892719380242
0.31377018396070155,1.0046249833707754,0.08283364793848849,-0.05924469314984836,0.9979430786792733,0.020115387544463317,-0.013966002779958606,0.23409300619589613,-0.13185230177204346,-0.26266029609925295,-0.26804640754212083,-0.006411804406541775,0.3143030308062762,0.25058800881403337,0.18016082662872468,0.0922603418798565,-0.26465436980766865,0.028096896620670334,-0.2007474628502504
0.3138261872244381,1.0046284541276342,0.08288974731268837,-0.05914490287618098,0.997949663349171,0.020052155905623117,-0.014009315778437937,0.23404658068361947,-0.13213519833215148,-0.26242114158905167,-0.2683426776250459,-0.006281026071232194,0.3146233305041399,0.25050822376544507,0.1799623849445759,0.0922867854444474,-0.26481737867690414,0.028150933780124034,-0.20073818043950506
0.3139189462422335,1.0046186688532548,0.0829545524872765,-0.05907394476273877,0.9979548382709656,0.02001583476262048,-0.013992004162914592,0.23407621610426882,-0.1322847284021605,-0.26226585017298687,-0.2684768788999677,-0.006269976362228713,0.314747574947225,0.25058402201818725,0.1798549190584229,0.092268168644379,-0.26505261985362827,0.028255040825396968,-0.20070468103854483
0.3139911052154094,1.0046303602829412,0.0830131429384193,-0.05902114669525769,0.9979590722023776,0.01995635746134639,-0.013997794419891862,0.234099263227733,-0.13248807391330938,-0.2622667732097739,-0.2685642093449235,-0.006565293732400426,0.3148927233914164,0.2505734358427108,0.17964612624166304,0.09229853059375837,-0.26513431174025454,0.028176069220527893,-0.20068107096457205
0.31407927108327904,1.0046319164253048,0.08310403353813992,-0.05899052002221327,0.9979623583167738,0.019891789271968125,-0.01398451464626586,0.23424600508909674,-0.13278300865630652,-0.26236196600877565,-0.2687082197101806,-0.006584988389759039,0.3150799652302986,0.2505474839965326,0.17945321370910788,0.09232796515052837,-0.2650120000608253,0.028106935002036128,-0.2007311990106657
0.31415153982910854,1.0046414221518885,0.08315293224478235,-0.05896325626171033,0.9979654188462863,0.01982307588107717,-0.013978657324119601,0.23425782231977876,-0.13295029596003755,-0.2622111752896595,-0.26870037734445984,-0.006848689736476082,0.31523478717553693,0.2504960206977395,0.1792294778786978,0.09247344256328058,-0.264896315755546,0.028013879235628522,-0.20058607088078084
0.31423900826854567,1.004633573070283,0.08322687208847748,-0.05887885777609734,0.9979719008836752,0.01979341451159073,-0.013913514853496232,0.2342214492994822,-0.133108318966824,-0.26215917385493254,-0.26866618931036473,-0.006867375210126799,0.3153581586967451,0.250499840216574,0.17907500428579634,0.09251976151773075,-0.2651857136615916,0.028166090301382785,-0.20052138193688818
0.31432152529022317,1.0046383275004274,0.0833173168329377,-0.05884624722636689,0.9979757374218446,0.019748422498891853,-0.013840033002263878,0.23428424050601293,-0.13328312655916666,-0.26189101759101413,-0.26873061596438813,-0.007020507701364313,0.315507657784612,0.2504600545267674,0.17891307509511778,0.09232665399011031,-0.26514927715170156,0.028220361765819314,-0.20039455770521905
0.3144137002972108,1.0046391111069262,0.08337729002973361,-0.05877524520446269,0.997980278946219,0.019715408552543803,-0.013861314915560623,0.2343177173608008,-0.13343605508980114,-0.26175879890725373,-0.2689201315853614,-0.007283515231544742,0.3155705726978762,0.25048171635946903,0.17878839768458712,0.0925808433637166,-0.2652562844870236,0.028207867885531895,-0.20039362481110173
0.31448502208012297,1.00464713893722,0.08342608872133549,-0.05874161321087684,0.9979850659899362,0.019646460041240363,-0.013756727310456672,0.2343716178969716,-0.133640106123746,-0.261597233734396,-0.26887103946346774,-0.00733659193484904,0.3156980605481965,0.25040845824827773,0.17857537111307256,0.09282624895139159,-0.26523102393882403,0.028264359866176054,-0.20027425254081793
0.31459760955596716,1.0046604680585474,0.08350808227322994,-0.05867826478035391,0.9979914842510258,0.01957115968225909,-0.013668515409238982,0.2344564734145346,-0.13389766463942324,-0.26142980609545746,-0.26896062109163577,-0.007500332028864764,0.3158242498929541,0.250319716016469,0.17835292798016875,0.09263129355651291,-0.2650817197625574,0.028072964337347614,-0.20015350851864325
0.3146749225980361,1.0046576570455594,0.08356278215782192,-0.05864368636544613,0.9979947683277598,0.019522957425306423,-0.01364604606696225,0.23446314212702718,-0.13405156790537298,-0.26133435908418057,-0.26891492258405947,-0.007510727186135532,0.3159919662173745,0.25029556061065017,0.17816726501349786,0.09285298336037548,-0.26501325594229136,0.027989550861133555,-0.20005577619618828
0.3147581035113947,1.0046646311709215,0.08361097009622873,-0.058613952584131136,0.9979988367704952,0.019479714428384677,-0.013537617700042038,0.23459650771660395,-0.13421217298310364,-0.2611691735811396,-0.2690263307046437,-0.0078066179190892995,0.31606236143277516,0.25009438250422733,0.17803272569894427,0.09295344565701319,-0.26476109203331977,0.027868111370032058,-0.19982961887298323
0.3148587430130754,1.0046729384202353,0.08367338177272574,-0.058599933404821156,0.9980002273781011,0.019492401106019762,-0.013477398017831882,0.23465806521063995,-0.13421926465953887,-0.2609690367103085,-0.2689314591071852,-0.007924492889017632,0.31621996666149393,0.25019933523545207,0.17804276893264698,0.09295838333674475,-0.26482839169489897,0.027703662474738246,-0.19969649377900256
0.31494860097294985,1.004677448028224,0.08373130245749076,-0.05860927358665704,0.9980005372046034,0.019513500704922207,-0.013382977217586982,0.23475872602606518,-0.1341709483991058,-0.26064254952058774,-0.26873458086665597,-0.00833538365077826,0.31637541435158745,0.2503272139728508,0.1780370898368329,0.09296038327599862,-0.2648783471539925,0.027734692814968986,-0.19963215744192422
0.3150462386478247,1.0046768593479063,0.08378065822146001,-0.05855763201903425,0.9980055328914704,0.019463332020264016,-0.013309348481594948,0.23486382173427187,-0.13434630649043014,-0.260381848467287,-0.26892673250302374,-0.008278836367924427,0.3165251006821805,0.2502997603153365,0.1778610072333488,0.09308683629038836,-0.26496199670627923,0.0277911479317206,-0.1994865280732493
0.31514571805275843,1.0046794996402626,0.08383450802589412,-0.05854984033073354,0.9980081970734627,0.019407670843596264,-0.013224866118367245,0.23490335447214988,-0.13449180747762077,-0.26045960007546376,-0.2686855956745889,-0.008407281493908764,0.3166972203814797,0.2502734682473263,0.17769105748417055,0.09322980275343068,-0.2647963602638625,0.027691098763608323,-0.19932677027056242
0.31525202501345806,1.0046932443367682,0.08386429599890514,-0.05857839524535118,0.9980065193918326,0.01945630828260493,-0.013153361923527899,0.23496431761255585,-0.13436614963133645,-0.26024023102812954,-0.2683480895318871,-0.008735196724956325,0.3168491588943693,0.2505460225953392,0.17777295265005494,0.09338350954760681,-0.2650008182928502,0.027585519413590356,-0.19920048659045828
0.3153180876142056,1.0046735958714037,0.08393347843306084,-0.0585934582305668,0.9980069276632115,0.01947116028914857,-0.01303276278516897,0.23504595202392856,-0.13438958284495317,-0.26002409445873514,-0.2682151922273065,-0.008892250675028837,0.31696556132324316,0.250369940325553,0.17775517576977598,0.09370230392761314,-0.26457179289022276,0.027557245436925358,-0.1990646371440437
0.31537931570714733,1.004699504269521,0.0839447394319737,-0.05851946294282443,0.9980141457878515,0.019398680374741486,-0.012920079873868659,0.23501920212205726,-0.13454167780446624,-0.2598954323205354,-0.26820902805240937,-0.009060906901363075,0.3171423110043766,0.25026343185831157,0.1776389785520093,0.09387521123415288,-0.2646911753253807,0.02753758388289588,-0.19901999453909852
0.31548517437876616,1.0046941074220581,0.08400495508269583,-0.0584791784300604,0.9980173479636322,0.01939174714148229,-0.012865418632301206,0.23504109678611146,-0.13460554773717853,-0.25969195544637896,-0.2681208224516445,-0.009305980209407226,0.31715611269514205,0.2503429631273452,0.1775743048053895,0.0938686157299297,-0.26480092718633574,0.027536980208612206,-0.1989755405685823
0.3155438677932432,1.0046872190523854,0.08405104922383573,-0.058417679917579256,0.9980241453883781,0.019275219373574053,-0.012792412319235577,0.2350985653715455,-0.13490927412641926,-0.2594774545499115,-0.268302560431876,-0.00916007247830253,0.31706415625608936,0.2501795760464853,0.17731088778032697,0.09401797513192882,-0.26472906410449176,0.027270675305250274,-0.19906059452618824
0.31564892620088514,1.0046827110685754,0.08407527557023055,-0.0584028040759619,0.9980259427768166,0.01924304390779111,-0.012768526997037585,0.23533957133782746,-0.1350062749826431,-0.2593987594506656,-0.2685734119231878,-0.009198690517867208,0.3170758248607595,0.2502376487346966,0.1772494155353626,0.09402387066850837,-0.26466182669462013,0.027280387133739224,-0.19907719366315774
0.3157389764756836,1.0046861175864032,0.08408800601596836,-0.058385797126497614,0.9980275577526907,0.019227986638810545,-0.01274273086589823,0.23545818868768625,-0.13506484929052068,-0.25943540032755913,-0.2686904086627244,-0.009225605591778123,0.3170789807366249,0.25026802497346856,0.17717927428352845,0.09412893320300607,-0.2646081704403697,0.02726049528131878,-0.19904473185673946
0.31581554408584706,1.004699252971014,0.0841195018544526,-0.05837237908079376,0.9980298331877948,0.01918058608609536,-0.012697344012992584,0.23557251072197544,-0.13520178447677392,-0.2592516210480548,-0.26871255287455004,-0.009386673157862156,0.3170576503449874,0.25031882085340634,0.17702422017157513,0.09417414710322553,-0.26468115309135826,0.027149882764310334,-0.19895750788565905
0.31594059727479057,1.0046970885380953,0.08415440477084263,-0.05831121732234194,0.9980336822121845,0.019187454595861506,-0.012665413159728592,0.23562116657768645,-0.13523517103956365,-0.25911554366992934,-0.2688172027968856,-0.009497136604713874,0.31701867869562084,0.25035204907086805,0.17700833751108666,0.09411686289691765,-0.2646728714568436,0.027073935030565086,-0.19889688653497278
0.3160082417595815,1.0046982864825056,0.08418605499438495,-0.05829106290004592,0.9980368391647746,0.019159937461757922,-0.012550555861400766,0.2357390955844074,-0.13529372385302602,-0.2589447875764356,-0.2688222435457772,-0.009708831955655332,0.31704962228430467,0.2503050973795183,0.17694734206745055,0.0941637102911519,-0.2646696917962491,0.027070379771377658,-0.19889392158865984
0.316116444709771,1.0046931571488842,0.08425654789693482,-0.05829448353741965,0.9980376905495684,0.019132025867566925,-0.012509477119059748,0.23587857467924167,-0.13543682427698378,-0.2588430164850787,-0.2688464014987328,-0.00979137483149898,0.3170324535428284,0.25041589345583504,0.1767943412625188,0.09415949945009498,-0.26473693908831053,0.02711562467157686,-0.19871406999582586
0.316182615018019,1.0047099433835063,0.0842615735001651,-0.058257504109197666,0.9980407597415148,0.019129393461146667,-0.012440716030646799,0.2359041324902033,-0.1354156785167467,-0.2587332451056846,-0.2687857104558471,-0.009924172041310002,0.31711394651356134,0.25043492243207316,0.17678635583775218,0.09434577794986636,-0.2647835981403205,0.02700768736993942,-0.19860509102131757
0.31627804891059047,1.0047022390711788,0.08431321592366975,-0.05821268974852705,0.9980448857550143,0.019090793899421837,-0.012378625076795975,0.23598833947819053,-0.13558323857374188,-0.2586327096402711,-0.26889730978807425,-0.009971196294285518,0.3170905302495112,0.25041192588340155,0.1766526830577897,0.09414780942177192,-0.26474039410556643,0.02691939042688184,-0.1983968553615149
0.3163805334925893,1.0047000650182845,0.08433592622983052,-0.05817092206757233,0.9980477817056436,0.01906826896399047,-0.012376202041398108,0.23607603422171555,-0.1356635889548907,-0.2584828930848172,-0.2690264956071491,-0.010048911485513764,0.31717266544599065,0.25047417644354697,0.17657467168456037,0.09421050134291489,-0.26488291509534995,0.026991766105501455,-0.19823772659448605
0.3164748485059505,1.0047008205923653,0.08436818685491292,-0.05812644700731208,0.9980512001608038,0.019033444574640193,-0.012363090370502134,0.23611215364523794,-0.13576840753560304,-0.25837895172965847,-0.26910636690981493,-0.010181365244707655,0.3171837225608282,0.2505186703050582,0.17647566442627438,0.0944618800175547,-0.26495174519984604,0.02696068780097397,-0.19812454319190112
0.3165670328885606,1.0047079651148774,0.08439942906957816,-0.058091457578933796,0.9980545381176663,0.019003528787126186,-0.012303958416844474,0.2362147880529678,-0.13588289254815014,-0.25833587010901854,-0.2691029009406307,-0.010257069092925042,0.31732340572785545,0.2504999283148034,0.1763893346301141,0.09439120675480947,-0.2649359569348078,0.026891194921467465,-0.19803420686873194
0.3166509696322607,1.0047106065824798,0.08441220909099076,-0.058059145055442164,0.998055693728813,0.019028411403012972,-0.01232426267191904,0.2361661728799185,-0.1358453244820047,-0.25845330910303455,-0.2689651809433559,-0.010198297303125933,0.31751324970833983,0.25048793631003974,0.1764643984726312,0.0945255348186783,-0.2648207538433266,0.0266066840372804,-0.19826032187372325
0.3167165190477222,1.0047098492401392,0.08446446176831938,-0.05802727120476831,0.9980593336410437,0.018964124117322012,-0.012278612502509808,0.23629502191697901,-0.1360532603961046,-0.2582915739911246,-0.2692616102959081,-0.010274798204709206,0.3174961079064824,0.25053018258608345,0.17628270213747976,0.09444880778918402,-0.2649102045089209,0.02661175711859658,-0.19828706344809577
0.31684932521957465,1.0047220289695022,0.08449464610561894,-0.05797772380735657,0.998064402979941,0.01887938418005147,-0.012231103768409185,0.23644786866638245,-0.1362996487048644,-0.25813118531566775,-0.2693855316885829,-0.0104340600593324,0.31762582854162275,0.2504624046235987,0.17605888628512587,0.09440603229870327,-0.26476517945902056,0.026550429341127977,-0.19830296530575472
0.3168785062494228,1.0047096889000355,0.08448280372021837,-0.05802177851951608,0.9980624118439717,0.018877321694232195,-0.01218778106461257,0.23653904432845937,-0.13626156573284695,-0.2579934187869089,-0.26928258846455877,-0.010563356215806037,0.3177524284252607,0.25054549145102667,0.17604286752198436,0.09442033940581677,-0.264719970217679,0.026512388896748392,-0.1981997739547539
0.31695672048617346,1.0047170812770854,0.08452964317403344,-0.057980842921471584,0.9980658177000546,0.018846012011392334,-0.012152087232372598,0.23647046769501376,-0.13636800879880592,-0.25793897432806856,-0.269086594787827,-0.010716676470258592,0.3178612160675456,0.25051498519459303,0.1759100137672484,0.0945551107813085,-0.2647233564334573,0.026445412991649275,-0.198067894020133
0.31700872412232317,1.0047333068160056,0.08453891149933343,-0.05803155241626922,0.9980633067988037,0.018830645211991997,-0.01214007194767451,0.2365586595267178,-0.13638974088753916,-0.2579084130754029,-0.26886586434664644,-0.010973693652470883,0.3179036398021092,0.250595119676897,0.17583828976993301,0.09453041584585016,-0.2644553524086922,0.026225453584984477,-0.19795419545524803
0.31704205065776503,1.0047246807123804,0.08456332991882211,-0.058015924246447,0.9980646145197473,0.018842476052317318,-0.012088791238030389,0.2365516847496989,-0.13637063355820578,-0.25788045216175537,-0.26877950652121235,-0.011021509684631007,0.31801631055397916,0.25057393192575705,0.17586272991806284,0.09471537756856208,-0.26447058317620564,0.026205401254662232,-0.1978659296998146
0.3171318196294561,1.0047380172261406,0.08459005993658456,-0.05795985453355432,0.9980691986792806,0.01879014342993391,-0.012060697327708455,0.23655618298847889,-0.1365033899556716,-0.25769455360531257,-0.2688334178053297,-0.011207700183887063,0.3179471853427741,0.2505171844099345,0.17573680127828914,0.09473445329404563,-0.264456126290246,0.026153826519357944,-0.1978350295192469
0.31719947783600694,1.0047270949127562,0.08462485799192937,-0.058017558657576594,0.9980657444431573,0.018818236971151803,-0.012025249013578609,0.23684609404176837,-0.13650928881475408,-0.25762899523996996,-0.26894352077341077,-0.011321520644359723,0.318004746416137,0.2507646192989892,0.1757659553841384,0.09460821721056802,-0.2645794389234437,0.026103262721834223,-0.19774335074271077
0.31726745087324265,1.0047412298781022,0.0846466577381398,-0.05805787519734421,0.9980641448924488,0.018776642938349977,-0.01202844493857986,0.23691870793020187,-0.13658776580602122,-0.25760255753419814,-0.2687588136251313,-0.011545163548853444,0.31807217211389754,0.2507942597491493,0.1756452547031731,0.09467063735420068,-0.2643141468023782,0.0259754844453966,-0.1976862634861066
0.31726926127821753,1.0047534586295703,0.08465606237402704,-0.05814667303442006,0.998059486304209,0.018758094816940584,-0.012014994467136208,0.23703233473084714,-0.13663466797062268,-0.25766145391268674,-0.26856058291522134,-0.01159892941065123,0.3181723379354622,0.25105951804411436,0.17557469772566073,0.09485162112380557,-0.2644250097188743,0.02586500423331082,-0.19762250465679393
0.317306020184372,1.0047378905530306,0.08467043516830887,-0.05817033145336027,0.9980580087321719,0.01876524979908711,-0.012012041631458813,0.23710586427316402,-0.13662411159367052,-0.2575619485084878,-0.26850882354048367,-0.011662321353287689,0.318184175604606,0.2510423679881264,0.17557857297959642,0.09495985227779914,-0.2641538875525202,0.02584191683177767,-0.197614126736885
0.3173486596593683,1.0047317793822976,0.08468418499446602,-0.058206454429221115,0.9980553670022334,0.018762122614237292,-0.0120613355738294,0.2371127169881697,-0.13661778872598868,-0.2575370231861077,-0.2683511513307266,-0.011932445095114569,0.31813398975111457,0.2513120172236733,0.17552924013879295,0.09487132720740109,-0.2644850590845102,0.025932233982306128,-0.19767727813122357
0.3174042207508688,1.0047491990239719,0.0847015282086815,-0.058266018490243474,0.9980523496341951,0.01874279780268522,-0.012053464625768671,0.23721650232990596,-0.13668395710059938,-0.2576664208467015,-0.2680916078505895,-0.011986106595503981,0.3183273283639811,0.2514405145358737,0.17546805162660464,0.09482613790009109,-0.2643106382900109,0.025765645693367447,-0.197618808803695
0.3174073705501187,1.004764210462458,0.08470212322767492,-0.058316090875268276,0.9980487939293281,0.01875928891966933,-0.012080048032573095,0.23721374356472305,-0.13662465333052715,-0.25776034624090105,-0.267885877400874,-0.012132901447450058,0.31835484993776564,0.2515117559917817,0.1754723178288087,0.09473453696568869,-0.2642147808756302,0.02564619680985373,-0.19758355615517398
0.3174381643050527,1.0047623919930366,0.08472565223495049,-0.05838524488832227,0.9980441958016845,0.018757466457793345,-0.01212863792782704,0.23728702823491749,-0.1366414117264289,-0.25784204401497507,-0.2677146809745714,-0.012285685611096947,0.31837162949631437,0.2517989714659241,0.17544726132920202,0.0943836509445473,-0.2644025989310225,0.025450777242147442,-0.19748649064859888
0.3174814036760821,1.0047747394690063,0.0847542883931661,-0.05843140648248431,0.998042067379721,0.018719243175208893,-0.012140527658972848,0.23737480020831364,-0.13677003030019858,-0.2579251416453145,-0.2675577991211337,-0.012345629551462112,0.3184403417486463,0.2519392524868669,0.17529556996504675,0.09457965883911111,-0.2643340621400721,0.02533821655139305,-0.1975618323496606
0.31748643941967813,1.0047710019603393,0.08473839802680756,-0.05852131509023742,0.9980363068306334,0.01870921746452353,-0.01219635641674414,0.23745509485369662,-0.13677951275687378,-0.25807634991067685,-0.26739582961246133,-0.01239230193765111,0.3185423022432411,0.2521659512941844,0.1753133176839342,0.0945840050793871,-0.2642918045524597,0.02496797252378742,-0.19786626553141462
0.3175249526098818,1.0047768999991376,0.08474443983045052,-0.05858664840402032,0.9980319461378868,0.018700848984012135,-0.012252239153845951,0.2375718743656237,-0.1368079208836717,-0.25806874829029497,-0.26728084517128103,-0.012534164269800599,0.3186266103233084,0.2522965497767909,0.1752396248143067,0.09447458325804317,-0.2641458130775339,0.02498559910052956,-0.19785574496669522
0.317511288543168,1.0047631874381036,0.08473344535217193,-0.058599407415146826,0.998030415910143,0.01871747472956264,-0.012290423449529577,0.2375390425542729,-0.13676634095665616,-0.25812332858704445,-0.2672159908871861,-0.012500130170870028,0.31875743405495643,0.25242656921045564,0.17532547054546893,0.09438883400602287,-0.26430684761545964,0.024983046673248972,-0.19796762537340493
0.31755269751303566,1.0047677218177593,0.08475341091583434,-0.05861273168629096,0.9980300032464963,0.018689251759183498,-0.012303339902292538,0.23754453990818103,-0.13682634704598107,-0.2581656784003903,-0.267118752843085,-0.012530815778363234,0.31878384149005956,0.2524891209268339,0.17521483386432954,0.0944219655169899,-0.26428722461554693,0.024927247458154136,-0.19803022180725363
0.31759139458206326,1.0047748864514376,0.08475635689905323,-0.05860881666376696,0.9980310540851397,0.01863211920350911,-0.012323385288313879,0.2376504504292351,-0.13697653427476408,-0.25813312763720225,-0.26726366398434664,-0.012593316483205937,0.31879777867874043,0.2525357049247097,0.1750952020807972,0.09434433169742061,-0.26430773359555704,0.024880764747457883,-0.19817481993685088
0.3175604341958881,1.0047815592000782,0.08477980485182256,-0.05856752379211477,0.9980347901182676,0.01857058312840441,-0.012310008639993132,0.23749605624262357,-0.13712752933222339,-0.2581358990771882,-0.26719533501875103,-0.012563979820318188,0.3188712547369968,0.25237867287449073,0.17492090462333426,0.09432707630855192,-0.2642904958461722,0.024920981879258636,-0.19812370783015645
0.3174910687271751,1.0047866558047267,0.08474146245003787,-0.05856791831936661,0.9980339219993095,0.018530417501844292,-0.012438372466665145,0.2372959159906498,-0.13719642548285838,-0.2583399992381097,-0.26707966460317445,-0.012485115455249532,0.31887186917916005,0.25224453280341547,0.17486555500475862,0.09419544416082273,-0.26408793950941706,0.02490657818961377,-0.19820088367808672
0.3175935557709095,1.0047871003914783,0.08474061471809,-0.0585162551452596,0.9980357584843402,0.018573023045743257,-0.012470584802035311,0.23739909017690683,-0.13713142624587285,-0.25843556153150665,-0.2672255794146986,-0.012443265568797388,0.3188582045626768,0.2523324459713152,0.17492264674054459,0.09421130091154589,-0.26418899793118666,0.02468914089384752,-0.19837374267345445
0.3175471284364311,1.0047882035402578,0.08466933739335021,-0.05860192452887851,0.9980292497149371,0.018580272786763965,-0.012577941728315164,0.23749312346592957,-0.13705179352382754,-0.25851285512337413,-0.2672800423380581,-0.012570249484195304,0.3187515815815568,0.2524451577735183,0.1750309366284088,0.09407489672908613,-0.26400193711528797,0.024401610704989796,-0.19856627973097568
0.3175869390853586,1.0047830616916598,0.08467025604717131,-0.05856053541629149,0.9980310799081105,0.018564302696501372,-0.01264886930126954,0.23744240069686695,-0.13709430050795474,-0.25861696934632505,-0.2673301455761125,-0.01253015510023608,0.31869068011677937,0.2525095717590228,0.17494662383738666,0.09408686218772139,-0.2642031456427765,0.024411385626512454,-0.19858329489624835
0.31760950136564103,1.0047913598191394,0.08468180354470606,-0.05854042164783785,0.9980325287479457,0.01850186965184219,-0.012718939171983037,0.23745167357970573,-0.13727121574438203,-0.2585800785075153,-0.2674641246975001,-0.012534566583570992,0.3185887971253554,0.25257651940153664,0.17480408819118096,0.09386123932658906,-0.26430502183461047,0.024531741412854,-0.19862509884200882
0.31759287653050816,1.004784840243375,0.08465780057215744,-0.058550847760653564,0.9980297389788507,0.01856459911061989,-0.01279820300580842,0.2373734167283358,-0.1371283752930298,-0.2587360554744422,-0.26738325847280353,-0.012486842248101579,0.3185068168866796,0.2525733206598902,0.17496423513376225,0.09393474707445634,-0.2642222073687346,0.024751053035250353,-0.19876207811301103
0.3175919859363514,1.0047906785783025,0.0846656397270542,-0.058580650633465986,0.9980273535582185,0.018569203531151875,-0.012841090341448527,0.23740918549006132,-0.13712054255759523,-0.2589022523155905,-0.2673294679642755,-0.01256814287622129,0.3184478118299588,0.25269549009501374,0.1749428746009765,0.09355983545584402,-0.26425487943266157,0.024638718848552028,-0.19882218301532628
0.31757489252040694,1.0047891850137711,0.08464848383728478,-0.05857158119800743,0.998025486987774,0.018615291247265586,-0.012960251948210181,0.23729756833025376,-0.13703292941685047,-0.2590671668778403,-0.26729382903643606,-0.012529661575019875,0.31847214720093175,0.25266467053821307,0.17498957306764615,0.09348299067487885,-0.26418068380053106,0.024390148830080036,-0.19895014121614937
0.3175495998996274,1.0047889810244797,0.08461732478140546,-0.058576662912274695,0.9980245314718138,0.01859730735573964,-0.013036460472247647,0.23723030915165264,-0.13705120335861484,-0.25922922170867607,-0.2672754772647024,-0.012414832734723097,0.31843994247208884,0.2527595120163734,0.17501021814536766,0.09330724082680325,-0.26431527002139044,0.024533667799210093,-0.1989727294520422
0.3175045346254046,1.004790749230632,0.08461491035387374,-0.05860293088348497,0.998021686034356,0.018584654443158714,-0.013153756734683336,0.23715438889675491,-0.13708635607968064,-0.25937351616711657,-0.2671535518132011,-0.012444354401009472,0.31841054377267053,0.25282894029247066,0.17493113019793158,0.09312428699220747,-0.26433147977689403,0.024495735419178787,-0.19898832395209834
0.3175036779629227,1.0047860298200837,0.08460946734524888,-0.05862222649949437,0.9980194905019393,0.018617858650124306,-0.013187360531035374,0.23715682318929723,-0.13701858958987345,-0.25953126384199365,-0.26718452369213225,-0.012306380045645212,0.31832371915368457,0.25283800173786286,0.1749800526515722,0.09315629022266533,-0.2642276783849237,0.024544920300808532,-0.1989469420399475
0.31747949364897265,1.0047838159705367,0.08458382787413844,-0.0586459195308914,0.9980164108620297,0.018617326102232677,-0.01331521465285147,0.23715309498933598,-0.13701738927100243,-0.2597704825575801,-0.2672562584597832,-0.01224031357349235,0.3182865106146618,0.25267930108672376,0.17497800817485823,0.09330553622901717,-0.2637764097125342,0.02443571501926121,-0.19888073117426092
0.3174144426229108,1.0047752872805544,0.08454733410917044,-0.05861810845839244,0.9980175069926209,0.018614255783135327,-0.013359737221743865,0.23695248069825436,-0.1369946652343026,-0.25980779583509744,-0.26711188399651764,-0.012130434228401807,0.31828539483304974,0.25266518299166757,0.17499970793343195,0.09285209207146762,-0.2639634160217888,0.024548532607448815,-0.19881550942513196
0.31740214055060895,1.0047786853368368,0.08455203267511642,-0.05863607654368821,0.9980154423928327,0.018646543608495724,-0.013390059165577168,0.23698217359816448,-0.13694798666975566,-0.2600110843258961,-0.2672060825307328,-0.012021018748888784,0.3182582483844719,0.2527711118299572,0.1750414230795389,0.09280929308748062,-0.264083117369737,0.02461742553188756,-0.19882238333922242
0.3174041477834884,1.004777096698675,0.0845430640041618,-0.05864744112313982,0.9980139337890476,0.018659005920250264,-0.013435293472278233,0.23699902806371265,-0.1369169942853976,-0.2601344970570055,-0.2671876022600741,-0.012004924147105663,0.3181742692217335,0.2528481579684745,0.17507145071932487,0.09272724199539259,-0.2641835314050683,0.02458234070910623,-0.1987995018554041
0.31735199868691716,1.0047810574639244,0.0845321264300854,-0.05862952268034777,0.9980146666813162,0.018656095970487487,-0.013463069575540191,0.23680841902213978,-0.13690167606892314,-0.260113959423801,-0.2670518473295173,-0.011910007526726808,0.3180837449162029,0.2528253001856938,0.17507705492956935,0.09273164982796588,-0.26427995864567577,0.02461209177456182,-0.1987966585515376
0.31735638185906495,1.0047858043899847,0.08452777489759634,-0.058587408203777745,0.9980174129829121,0.018651342495167086,-0.013449401696259723,0.23675345587197394,-0.1369027742445125,-0.26008060170333036,-0.2670616044496125,-0.011913976566131662,0.317997220102465,0.25273881934702297,0.17507720928900994,0.09289593862535306,-0.26431340393401326,0.024631044473672817,-0.19886262303932215
0.31726631099277336,1.0047873753592076,0.08454878862037749,-0.05851808964083376,0.9980229052554326,0.01861810679036405,-0.013389543301986157,0.236489845658051,-0.1369828056046155,-0.2600373855840413,-0.26703932447141904,-0.011882003544829111,0.3180654844772571,0.25246416949422074,0.17498791693613414,0.0929931008476174,-0.26421043448793863,0.024725224268684926,-0.19887548596845273
0.31725471966905994,1.0047912993997399,0.08447991543162912,-0.05844922392560615,0.9980267285159015,0.018637355860621443,-0.013378578282688017,0.23630883988015247,-0.13684068659700308,-0.2600690466559882,-0.26696276947508435,-0.011729936901974627,0.3180588744046955,0.25228452774439114,0.17519260193157332,0.09291330639917293,-0.2643281101963349,0.024802866848985455,-0.1989363254377546
0.3172609304036619,1.004797971779114,0.08447002296188735,-0.058359257259564,0.9980312538845606,0.018685643273052444,-0.013366379360018624,0.23611243950712568,-0.1367228141718363,-0.2600029717209865,-0.26696225323424705,-0.011675031941259805,0.31804874223693297,0.25225777818948303,0.17528222530913531,0.09319686428548848,-0.2645964945325937,0.02489389213234549,-0.19896637377728646
0.3172209581520774,1.0047935454055066,0.08444034386309666,-0.05830678216944833,0.9980350409415328,0.018666652875447342,-0.0133391257698793,0.23599181356825957,-0.13672534588627544,-0.26010533982038153,-0.2669978561489523,-0.011517714150939891,0.31808621181066193,0.2520506187380104,0.17529205683649912,0.09297360955819473,-0.26454981749779927,0.024890441081061022,-0.19890012083744377
0.3171958585973179,1.0048000941458937,0.08445488342814418,-0.05823777360766249,0.9980392123888431,0.01864576944197633,-0.013357677245578268,0.2358486660563115,-0.1367987702478634,-0.2601124293159138,-0.2671453288378038,-0.011386096178742772,0.3180835310907819,0.2518742193367301,0.1752205027826655,0.09292281885020592,-0.26451282236341495,0.024994986882234102,-0.19884619769060824
0.31722679348558935,1.0047861878437598,0.08446407349863368,-0.05813797828468182,0.9980451483263015,0.01865170217829387,-0.013340591784204396,0.23576022686909825,-0.1368126867499131,-0.2600757966897383,-0.2673273620478935,-0.011282427514993608,0.31800979921640476,0.25182513167918985,0.1752356984212286,0.09273605409840596,-0.2647204833398666,0.025056570334408602,-0.1987798740056856
0.3172463467149992,1.0047925918306506,0.0844599325465076,-0.058088597374762976,0.9980478155188798,0.018623612800702186,-0.013395291683060688,0.23574804265622998,-0.13688528787003565,-0.26004274577564435,-0.2675617402192339,-0.011281723611970912,0.3178409474366894,0.2517941574612416,0.17517344162547976,0.09284552141192064,-0.26482654902187097,0.02505895011424612,-0.19871951223000361
0.3172027541117406,1.0047976697242351,0.0844255696569654,-0.05802832667874254,0.9980515067037248,0.01864314861311375,-0.013354260708825096,0.23559815025548486,-0.1367918451254306,-0.2600134394259752,-0.2675406145166834,-0.011221151311622138,0.317838012777106,0.25164568000904136,0.17529314806723725,0.09281475297688296,-0.2649766642222958,0.025111773539188576,-0.19870907899367918
0.3172054527811719,1.004795710586666,0.08440694946327817,-0.0578928824763557,0.9980590609698502,0.018656261170235743,-0.013359225041433767,0.23534118614698166,-0.13674672380228026,-0.26007221604384384,-0.2676070911851155,-0.011219207970758548,0.31781137810376475,0.25140298855299703,0.17534180514120448,0.09300575334969292,-0.2650746123110392,0.025228001300537598,-0.19876031045659465
0.3172063960017621,1.0048050856992345,0.08439991602309174,-0.0578090141047817,0.9980643229378602,0.018624932489227364,-0.013372997292887798,0.2352406204609528,-0.1368311705799484,-0.2600149660039155,-0.26777639185527036,-0.011059555552287407,0.3177944220946316,0.2514074616594737,0.17531457248011406,0.093102436004111,-0.26541042907577334,0.02526286788507193,-0.19876508145727698
0.31720299899322857,1.0048018217875867,0.08436657755031746,-0.05772728126921161,0.9980681930735991,0.018661665692320036,-0.013386007831099934,0.23512186479596342,-0.13671727613168097,-0.259987465853844,-0.2679309210218693,-0.010927219893411775,0.3176792607328976,0.2511635953924184,0.17542761823990455,0.09304442102267833,-0.2652569090477442,0.02542821239219412,-0.19890461624669406
0.3172112825279684,1.0048084413855838,0.08438374383032615,-0.057626599560890474,0.9980748765233377,0.018597022959468013,-0.013411435904402177,0.23499884079120043,-0.1368877513775305,-0.26002470821988066,-0.2681335081289605,-0.011020336173448213,0.3176583760051809,0.2510157997659898,0.17526433612866602,0.09311256948931472,-0.2653636904631126,0.025427714123570574,-0.19887595115165624
0.3172135893624097,1.0048002493117991,0.08435714003625809,-0.05753740887898696,0.9980798070005599,0.018585542715169948,-0.013443326939416782,0.23482432770716136,-0.13690531730232494,-0.26005076555471557,-0.2682227180066389,-0.010586315801870142,0.3175751145668,0.25080329280481767,0.1752617274140261,0.09296422380924801,-0.26533646627261964,0.025461346650760584,-0.19880316915255378
0.31722094743395957,1.0048062808437326,0.08434781005479747,-0.05745683778629013,0.9980833361604833,0.018577172216813303,-0.013537154161291655,0.23480359139766774,-0.1369769220848126,-0.2601562237000907,-0.2685599381605407,-0.010595878832713266,0.31757858431060026,0.25065571102624784,0.17525084248099923,0.09322066209208159,-0.26531677844583296,0.025288055670292752,-0.1990882924051905
0.3172209993618317,1.0047954630249116,0.08433405727986075,-0.05740549378992756,0.9980849954692546,0.0185953665794157,-0.013607477490329851,0.23469015859128278,-0.13691865539777945,-0.2600913367638058,-0.268639360328348,-0.010587867478498872,0.3173916780182278,0.25063147196133956,0.1753225376818321,0.09318836107387833,-0.26544367460373636,0.025296338842678144,-0.19928716960441625
0.31725314260248183,1.0047927821439862,0.08432620750747483,-0.057360982061209036,0.9980871435598517,0.018585888614134162,-0.013650507021077283,0.2346491988141619,-0.13695982671757803,-0.2602295956511509,-0.26875038079111396,-0.01044863228601776,0.3173391361660881,0.25055196819588943,0.1752926808756211,0.09304349000840102,-0.26535812001945175,0.025462783769168055,-0.1992877820760356
0.3172647751724361,1.0047894468858267,0.08431733803424094,-0.05731891613750918,0.9980880392056385,0.018610834319949074,-0.01372751592169584,0.2345855783537358,-0.13691451279780265,-0.26031961533541487,-0.26885253090472794,-0.01039414854259874,0.3172182748568312,0.2503411725435944,0.17533484558162254,0.0928586002650142,-0.2650248117560698,0.025454165220609126,-0.19919066839790014
0.31723560772838477,1.0047912796038805,0.08428268686182866,-0.05725591622575129,0.9980906117698867,0.018604231502261426,-0.01381207168289573,0.2344271750657684,-0.13689801247167205,-0.2603671747657108,-0.26891970546986255,-0.010390229518577081,0.3170466822988259,0.25019713306347824,0.1753334045803814,0.09264188298476496,-0.2650173092346585,0.025478138303725598,-0.19917348355725265
0.31726608445371984,1.0047935026195374,0.08429038538686028,-0.057196162009009274,0.9980939356441137,0.018575785681805797,-0.013857664600737285,0.23436424524983143,-0.13700611676837024,-0.2605029857051831,-0.2690670243543828,-0.010338307074363033,0.31691494456396896,0.2501439243572621,0.17523556676551902,0.09230389542735536,-0.2650089908778527,0.025483076861195022,-0.19917353405208355
0.3172692694869386,1.004792586351326,0.08425008989954098,-0.05713906438665544,0.998095595035203,0.018590006562678223,-0.013954287812042096,0.23425446161230384,-0.13695034853599883,-0.26062481252619113,-0.26915431284207875,-0.01020183910165068,0.31688777021050196,0.2500296883471567,0.1752893043025631,0.09219451547239814,-0.26495982122050554,0.025469735879921088,-0.19919888523128126
0.3172832502871666,1.0047963113951777,0.08425065760283604,-0.057090829810187906,0.9980975160538846,0.018599116988501446,-0.01400208719790781,0.23406202779635973,-0.13689842919741835,-0.2607268921337106,-0.2689789267071198,-0.010169685187801307,0.31671114808349454,0.2498880638939457,0.17531420394083805,0.0920000082481663,-0.2648566889467854,0.025314975381427685,-0.19935781032000652
0.3173020953162598,1.004780219298065,0.0842564586004432,-0.05698669182545865,0.9981040664546892,0.01851359875694651,-0.014072531487631983,0.23402504319850873,-0.1371612691343077,-0.2608536609728962,-0.2693792760232472,-0.00992957011709069,0.3165080405837295,0.24959267381430392,0.17509141558112734,0.09193027317252452,-0.2646067828925201,0.025463949071666096,-0.19933802395868713
0.3173216596480058,1.0047874948783961,0.08423154061812325,-0.056974082337368975,0.9981039141932426,0.018478349409393538,-0.014180303841854024,0.23397170448425772,-0.13719147852701238,-0.26086855850484153,-0.26936389113517656,-0.010121503993827347,0.3163071106963144,0.24959200356826097,0.17500320418641405,0.09180537248230002,-0.26453581330526305,0.025442259565645886,-0.19930050257997234
0.3173339898109257,1.0047913834094033,0.08421860035011271,-0.05691225663756339,0.9981069042405252,0.018464107612872555,-0.014236554424280106,0.23384517275275266,-0.13726482099790083,-0.26109148181291875,-0.2694706395794062,-0.009914204470930476,0.3161530891618823,0.24940337055485534,0.1749788246044535,0.09184045137049623,-0.2643889957317207,0.025510445095067204,-0.1992908304682526
0.3173675391106343,1.0047873692538123,0.08421857469169548,-0.0568311514159726,0.9981114159260669,0.01841163661621233,-0.01431199720197137,0.23384111085768014,-0.13740438746077988,-0.26109093711032516,-0.269783854806836,-0.009772942687095875,0.3159038640616644,0.24919951870266432,0.17484318951479347,0.0916420787652528,-0.2641639418695418,0.025399852793606396,-0.19926375898933127
0.3174078414317879,1.0047808157643612,0.08420321343560205,-0.05676097354378151,0.9981152304731106,0.018387004484576627,-0.014356066524491536,0.23375827748835784,-0.13743338848675776,-0.2611162094658083,-0.2698406838566638,-0.009703116039695883,0.3158417248646004,0.24896070046230623,0.17478085783635905,0.09182034898684291,-0.2639204715843299,0.025230190504195654,-0.19948976508262847
0.3174391333551145,1.0047840170971098,0.08418682580874946,-0.05673437335746547,0.9981157730996415,0.01838674438593854,-0.014423661127698032,0.23372000726789624,-0.13744775965082848,-0.26131165678144436,-0.26988878576672415,-0.009709309698463878,0.3158238092759338,0.24889356756492304,0.17478397321607975,0.09163506938359563,-0.26377503120263424,0.025299692874211837,-0.19954484473161685
0.3174695569699617,1.004786719809284,0.08414762530488303,-0.056651495555339056,0.9981199787524043,0.01837450255911104,-0.01447389796662812,0.23361465447746674,-0.13745952932718317,-0.26134157040657824,-0.2700323480752851,-0.009498135904013882,0.3158170298418877,0.24872910600014692,0.17478786796824305,0.09151832697237101,-0.2636800700194032,0.025252947178075344,-0.19960389807565812
0.3174700320482773,1.00478645864917,0.08414842097764813,-0.056616645323132785,0.9981222468014943,0.018364431233550728,-0.014466636712083928,0.23355758552908967,-0.1374893606402248,-0.261402829132151,-0.27007488314743194,-0.009512293979368343,0.31569846176175487,0.24855832973580358,0.17477819733287225,0.0915519989368898,-0.26351001282436604,0.02525725968432116,-0.19961690053242906
0.31748555438864673,1.004784611958235,0.08411888475003115,-0.056569433365438945,0.998123739609599,0.01840568053490048,-0.014495880811787645,0.23346614742819952,-0.1373773717601104,-0.26149365637241556,-0.2700714167639523,-0.009443756231989899,0.3156580252062436,0.24838198846454737,0.17489901331635857,0.09151603895568629,-0.263353935563564,0.02529804155452081,-0.19963101698140598
0.3174913959130215,1.0047894866414364,0.08410345326848408,-0.056539102316941724,0.9981255598960499,0.018413337423088014,-0.014479143494513744,0.23342304300545108,-0.1373385928152659,-0.26143885391485105,-0.27008710284458076,-0.009363994222482195,0.31553784337688506,0.2482260641497801,0.17491844870575135,0.09145434336536455,-0.2631136495649568,0.02526540669274451,-0.19963533744676934
0.31754805377819045,1.0048032380991458,0.08408583347604187,-0.05649351925470296,0.9981272593701815,0.018437530458395315,-0.014509095594995757,0.23339218520850263,-0.13728920073691017,-0.26149901376629603,-0.2701512048750619,-0.009385012567990719,0.3154857589037743,0.2481740783222599,0.17501474221602917,0.09135577297994539,-0.2630438893514785,0.024997029404814013,-0.19994470100504932
0.31756049092313987,1.0048013667499691,0.08409255918390378,-0.056504777636600896,0.9981278181637071,0.018401143956207355,-0.014472961448815389,0.2334815648222931,-0.13736981929353098,-0.2614852726286376,-0.2702075920996748,-0.009472688470477804,0.3154889065992575,0.24809115310603866,0.17491766648677437,0.09156135504507536,-0.2628261397619672,0.025002888767461626,-0.20000030943644845
0.3175596051624519,1.0048042968269022,0.0840499527766207,-0.0564858239165463,0.9981286889760902,0.018433898993698593,-0.014445182838251434,0.23351135519804253,-0.13723615955686363,-0.261343287087024,-0.2702776040387733,-0.009495163704233112,0.3153857480151582,0.24794429334210097,0.1750337346867884,0.09147025170811582,-0.2626452929806914,0.025051055637695427,-0.19990346322707098
0.31755891304787415,1.0048123958599033,0.08404079844816381,-0.056489368293256355,0.9981292957897178,0.018453062981972163,-0.01436470057935209,0.2334914392799108,-0.13715565718966202,-0.26134745694964945,-0.27016445902217645,-0.009583457298125694,0.3153975721280961,0.24787068730658565,0.17509847599175135,0.09168850288751293,-0.262576623671795,0.024957542817351536,-0.19991902463739566
0.31756354601808623,1.004819499140236,0.08403363050436628,-0.05650586954779651,0.9981293070657365,0.018459796872320956,-0.014290170837071826,0.23351847411972768,-0.13712522994817244,-0.26133887014072904,-0.27008030450782927,-0.009571934278441743,0.31540456093866526,0.24776690057420872,0.17514667075027368,0.09167238338870548,-0.26237004366329475,0.024898100975292704,-0.1998999501852116
0.3175750035781552,1.0048189017748683,0.08400712409203058,-0.05649023635250844,0.9981306589322746,0.018471842848456946,-0.014241907106952995,0.2334908272173096,-0.13706169830895573,-0.261227392286797,-0.27003046113755663,-0.009507815245855747,0.3154317963101731,0.247594953510118,0.1751922239795813,0.09193874924722438,-0.26211856192797217,0.024904083705212278,-0.1999662300346419
0.31761984338249927,1.004824293357978,0.08399932373919454,-0.0564527687811157,0.9981334023251897,0.018483710582050433,-0.014182683201918168,0.23355205155625725,-0.13699924784564854,-0.26103256345706327,-0.27013721505332455,-0.009717645516963538,0.3153736554107864,0.24755212210813976,0.1752352095080618,0.09179351066347655,-0.26207245003583746,0.024827391367259075,-0.19985874732753203
0.31761171363768087,1.0048277293510928,0.08396525470368958,-0.05645450076534875,0.9981348916734817,0.018477788425416787,-0.014078306084456423,0.2335387169331434,-0.13697148868146714,-0.2609001697017083,-0.2700864229732983,-0.009606300800665157,0.31544539058416193,0.24747124983407434,0.17525631969480202,0.09190052568576285,-0.2619047311902286,0.024641003038187545,-0.19978530634513691
0.3175670587317723,1.004826416815365,0.08392645105591186,-0.056426915000173966,0.9981356373619459,0.01854867478390458,-0.014042768793442946,0.23340458877244993,-0.13672755566016723,-0.2608013781914574,-0.26995837398768463,-0.00969561078478467,0.3154290665563339,0.24723502314265675,0.17548912539880696,0.09211925169774347,-0.2617992532802551,0.02454785354920636,-0.19991326478430615
0.31760845342940863,1.0048398113802446,0.08393903789282137,-0.05641320956952573,0.9981370301207384,0.01857873916399487,-0.0139588444684028,0.23348001031454754,-0.13665688669808837,-0.26082823142357064,-0.2699873589867759,-0.009703904439562452,0.3154202115383339,0.24720031587617305,0.1755388034996473,0.09236345436660912,-0.2617503084414005,0.02468268127080107,-0.19991856447943823
0.3176153013652996,1.004823002385187,0.08390795804729395,-0.056329870113696875,0.9981417227372069,0.018615946324568488,-0.013910197935879153,0.23338222356740626,-0.1365423570544092,-0.26065723068328756,-0.270130416859858,-0.009537236583936919,0.31540400677856606,0.24727983972407516,0.17574497927058325,0.09252313953501969,-0.26225615001805885,0.02487824601694184,-0.20001077255373467
0.3176418210493474,1.0048230983571416,0.08390120745362974,-0.05632423523533819,0.9981425526294142,0.018618913779120685,-0.013869434208969413,0.23347941308047246,-0.1365492091558925,-0.2605381697165413,-0.2702275922046049,-0.009546460491898414,0.3154738290239387,0.24718592661148966,0.1757345576873673,0.09249635915987438,-0.262073836955113,0.024874734229538457,-0.19991463440606466
0.3176369910748883,1.004824189515506,0.08388788295770375,-0.05628223134823307,0.998145678394574,0.01864400843328323,-0.01378100454390343,0.23335729964004134,-0.13643411287044177,-0.2604835021618822,-0.270091145809143,-0.009594413979327978,0.3155357849155985,0.24703680082419463,0.1758120116468972,0.09277682696082465,-0.26210347101735876,0.024888637545262726,-0.19999709741475472
0.3176448758570562,1.0048303141035566,0.08386080388113287,-0.056245189516624126,0.9981485991304471,0.018658824316205806,-0.013700400917558848,0.23334564282749318,-0.1363696350781212,-0.26037174739768654,-0.2701688120350692,-0.009595016459248757,0.31554671904301657,0.24689316132367325,0.17588686666053324,0.09290222331408021,-0.2619420316465385,0.024950963474852077,-0.19994480128015757
0.3176644516236586,1.0048313458188682,0.08386908075124716,-0.056231666966768984,0.998149742601933,0.01870018444520741,-0.013615949307647276,0.233380249713087,-0.13627808408087014,-0.26028219290608445,-0.27017959018578397,-0.009689086656662974,0.3154726350404561,0.2468450192060128,0.17599735170143743,0.09304283514308578,-0.2620239894176951,0.02490487317869894,-0.20004466916381383
0.31764783019158654,1.0048230687786097,0.08385608294766413,-0.056242241293087594,0.9981503878114573,0.018678192596810247,-0.013555025912329847,0.2334103263457689,-0.13628159265225206,-0.2601201295422489,-0.27013692506208764,-0.009719743350155883,0.3154419141370539,0.24681925425303966,0.1759776557071419,0.09293104842484741,-0.261963184799526,0.02502074351381961,-0.19986098192657742
0.31768396150653555,1.004833043212391,0.08384160041790104,-0.05621143149910191,0.9981520704129784,0.018724257305666892,-0.013495239436834647,0.23348291099187768,-0.13618275892609552,-0.26010662514871374,-0.27027431648403655,-0.00965618264446935,0.3155148714954616,0.24678510237349988,0.17611219857923663,0.09323915911172878,-0.2620421460954953,0.024862247545805,-0.19991895898628442
0.31768654659657214,1.0048257719845766,0.08383015741269739,-0.05624798905024902,0.9981507753200258,0.01872983761782605,-0.013430809307116886,0.2335742003055767,-0.13613422916259438,-0.2598796941724441,-0.2702493073764387,-0.009725392867783926,0.31551210012879394,0.2468448420418287,0.17615015450627142,0.09325830769797998,-0.2620273054644515,0.025036609514645286,-0.1997611671356277
0.3176686433552273,1.0048376879260588,0.08381773817916927,-0.056249570035443085,0.9981515664591573,0.018748610889524554,-0.013338884348827924,0.23356571186979752,-0.13604315967926053,-0.2597733732822596,-0.27019011746394894,-0.009726237474860691,0.31553647308685995,0.2467959591607139,0.17622154851272548,0.09325565264968506,-0.26199985052861374,0.025027619868791623,-0.19966336959397984
0.31766748649539317,1.0048170338886508,0.08382049571593393,-0.05623919724051229,0.9981539217668056,0.018765262622291307,-0.013182036034117639,0.23363486636794456,-0.1359999632711217,-0.25961968848744366,-0.2702289044189756,-0.009677151659317299,0.31555695518901666,0.2466684309553645,0.1762856219277541,0.0934693743095498,-0.2619670380882959,0.025131911529374842,-0.1996195741769759
0.31768647812103357,1.0048245281587762,0.0837803358525783,-0.05620721846500209,0.9981553881892041,0.018809421300287395,-0.013144401532022182,0.23363863570652368,-0.13584947567225125,-0.25939934078210286,-0.2703171417679416,-0.009732203882699656,0.3154715210847339,0.24665302511666196,0.17644214985570073,0.09374056354259795,-0.26207530700495024,0.025250355791885778,-0.19955639919646193
0.31769605404810863,1.0048242960142337,0.08380033688139688,-0.056190893552152545,0.9981580431716984,0.018859875662071084,-0.012938679355624712,0.23362968307079524,-0.13571110443047402,-0.2593345120038671,-0.27013713966535846,-0.009773499952722293,0.31551484371430577,0.24649909594473934,0.17657681466314748,0.09403168778161364,-0.262008451074607,0.025342688448974027,-0.199487829845999
0.3177088050655301,1.004829558534333,0.08379784106482649,-0.05617781510354283,0.9981598799551097,0.018890583355756982,-0.01280831755822398,0.23364127977176333,-0.1356162683686668,-0.2591122555335057,-0.2700932041972241,-0.009784629236280052,0.315599837355639,0.24645875834708952,0.1766808826227914,0.09425610787056565,-0.2620470565174181,0.025331628136427493,-0.19937865928213494
0.3176779503788376,1.0048234600674415,0.08378318980213693,-0.0561987247540934,0.9981598008959739,0.018902852005356484,-0.012704227539955332,0.23366982286679921,-0.13554858754551902,-0.2588860987435784,-0.27005453134896074,-0.009873648394927619,0.31567597160982996,0.24627628905088653,0.17676093304317828,0.09459087564197807,-0.2617913604981139,0.025381014631507555,-0.19927606265408787
0.3176809513385958,1.004826764582873,0.08378202226134528,-0.056158673415212385,0.9981629488182512,0.018957543943150728,-0.01255159489228897,0.2336229386237583,-0.13537079119150955,-0.25862889233015807,-0.26996466383551493,-0.009992536819065024,0.3157105210910379,0.24615906373784366,0.17689966889723654,0.09463028070258801,-0.2618451922647936,0.025456024225323354,-0.19914170951310456
0.31769903485096734,1.0048267242312037,0.08379117328618813,-0.056147475631482695,0.9981649655402789,0.01896648921274857,-0.01242718130264141,0.2336658314624808,-0.13533377237624974,-0.2584011271526673,-0.2699202787086943,-0.010081549760801552,0.31573367940031155,0.24604745323756655,0.17694219027342414,0.09496972830013176,-0.2617983928823962,0.025513433331078444,-0.19908273408110821
0.317687247013984,1.004836981355581,0.08378491874526202,-0.05610071423478027,0.9981700927315583,0.01892610383505487,-0.01228732811658244,0.23359071476657933,-0.13539285431433856,-0.2581543074988798,-0.2699313285964944,-0.009989694929254894,0.31581177743974626,0.2459018153801482,0.17688975051021455,0.09506313200730541,-0.2618278584128223,0.02553159964906157,-0.19894544248497886
0.3177200172965904,1.0048369772837322,0.08381162190150447,-0.056069328560830835,0.9981730966992561,0.01892138777084492,-0.012193461583176657,0.2336628633903306,-0.135426539874577,-0.2579850370721553,-0.27002826351876263,-0.009971601328338292,0.3157822310116709,0.24583902169315722,0.17687481115655992,0.09517701392725775,-0.2618526506102542,0.025539454867498222,-0.1989012142428706
0.3177630412347112,1.0048366587720154,0.08383002988506023,-0.056051842196239134,0.9981749097551545,0.01891173768020434,-0.01214029240224853,0.233737723038346,-0.1354735435593105,-0.25786422159491534,-0.2701410436151049,-0.009976343907419732,0.31581993635193006,0.24585709024579103,0.17685289132819365,0.09548536862203429,-0.26189368273615726,0.025546680015804787,-0.19881767411392717
0.3177742241323052,1.0048395758576667,0.08383857898797951,-0.05604970352334513,0.9981765577402024,0.01890758351545529,-0.012020549008738116,0.2338041638780721,-0.1354718003128584,-0.2577952675432795,-0.2701064930672334,-0.0100245420952285,0.31598185619198876,0.2459174298169577,0.17691063326740666,0.09526429373491707,-0.26209090612726005,0.025570535460638012,-0.19876034980219587
0.31776263589702725,1.0048298752154363,0.08383931667507506,-0.05603359232886066,0.9981781080539596,0.01892119247740501,-0.01194527554197807,0.23378674030062266,-0.13538544643761216,-0.25761140427139484,-0.27008976436489657,-0.010171706132838406,0.31596361225662006,0.24578990195639733,0.17692668880788845,0.09560821215077371,-0.26210463317727106,0.02553360694118264,-0.1989316687721261
0.3178256421539951,1.004836678599707,0.08384775751901366,-0.05597927486087702,0.9981832200677305,0.018871377978311378,-0.011851204768576776,0.23385972020142626,-0.1355064131751392,-0.2574703920781174,-0.2702570207321058,-0.010122995573764603,0.3160449556023277,0.2458560968010983,0.17687044373925614,0.09547754841948777,-0.2622497195370504,0.025284019821229534,-0.19905390518576133
0.3178267778750979,1.0048441127700374,0.08385778418564471,-0.055977494816107344,0.9981841619708334,0.01886149839620474,-0.011795878218581222,0.2339094555611843,-0.13555158437204484,-0.25733455608328065,-0.27031892361055104,-0.010141166193726849,0.31606480375605056,0.24578749363363797,0.17679687957138168,0.09571169057623123,-0.26223131039567843,0.025390349671067666,-0.19900897735075937
0.31785554104692954,1.0048464854074415,0.08387908041943035,-0.055964118414117026,0.9981863177566304,0.01882367888778287,-0.011737189046774194,0.2339490984186735,-0.13564781884520136,-0.2572257256411994,-0.27035053704720846,-0.010210276793683092,0.3161200823591972,0.24578662241632812,0.17671238363556793,0.09575750357036338,-0.2622062770965359,0.025451345298410033,-0.19884267674939918
0.3179000107169621,1.0048383856964753,0.08389410275061061,-0.055914172279675316,0.9981893930372279,0.018848005124172007,-0.011674487958306353,0.23394976998871964,-0.13559592180169716,-0.25701008600076036,-0.2704074896685486,-0.010185027852890311,0.316162586638155,0.24582705826231196,0.17679665934599814,0.09583637895670409,-0.26252645351706183,0.02559688808941827,-0.19867185540528745
0.31791464609296505,1.0048295365777968,0.08394271798172377,-0.05592717810816683,0.9981891511909416,0.018841649222833746,-0.01164308585077332,0.23402802568019593,-0.13568513866370482,-0.25688444744828587,-0.27049421218199776,-0.010123499092136579,0.31631006693562813,0.24585075399922793,0.1767411168444262,0.0959056839400712,-0.26250698708949816,0.025457821633002933,-0.1987152611622407
0.31791447778279947,1.004838084434516,0.08393347453589742,-0.05589375595006052,0.9981920556502093,0.01880359144047106,-0.011616067817654641,0.234025191837408,-0.1357246391037799,-0.25679650111440916,-0.2705596308280046,-0.01019044841020114,0.31635821774045797,0.2457371134793685,0.17666342139819244,0.09591123250721822,-0.2624456835200239,0.02559115196715638,-0.19865894226489955
0.31791458125066663,1.004843369503398,0.08396292518475981,-0.0559078369842018,0.998192158263216,0.01877453454078445,-0.011586448910149724,0.23400685654047848,-0.13581286805341253,-0.25671198225540276,-0.27042462124394906,-0.010317518694051894,0.3163464332357831,0.24570312964843424,0.17656771040765337,0.09609200651714447,-0.2623783619702693,0.02558830536593706,-0.19853171551497095
0.3179433642810915,1.0048371587983564,0.0839856325341738,-0.05588170149126999,0.9981939699200563,0.018770507230253728,-0.011562954293658405,0.23400884590529525,-0.13586168121336323,-0.2567580430185461,-0.27046618231049485,-0.010295751767239484,0.31634988947235254,0.24572736763654512,0.1765511391815504,0.09606909280766193,-0.26248837604359876,0.025600020033914817,-0.19847874848866298
0.3179477674232156,1.0048343127089727,0.08402130083918864,-0.05590039425324114,0.9981933776332687,0.01873932595295079,-0.011574300594322127,0.23403121731160076,-0.13596437471621398,-0.25675124655511666,-0.27041055623625276,-0.010335504999130852,0.31641387403577925,0.2458184293369549,0.17645127003088068,0.09618049300487946,-0.26257705561466177,0.025502621859588345,-0.19858361449236686
0.31796980220576787,1.004829257366166,0.08403118062198717,-0.0558803108535073,0.9981943477710403,0.018768208541589868,-0.011540766222496982,0.23401574721492527,-0.13591044643726605,-0.25669891059541633,-0.2703972242266164,-0.010333220390784562,0.31649600413636175,0.24577822853079043,0.17651606851685167,0.09627104028715745,-0.26254410649204596,0.025597589128104746,-0.1987057146008909
0.3179944853695256,1.0048410106454786,0.0840239080887737,-0.055860332017894664,0.9981954332965981,0.018739010701962388,-0.01159093311943012,0.2339544187068971,-0.13594628313905602,-0.2566977971447706,-0.2703362927543827,-0.010527404883415928,0.31648058972954995,0.24592638033642017,0.1764583359919161,0.09650310205296926,-0.26283744226472217,0.02567350186137356,-0.19865247640322214
0.31801003958958407,1.0048419296446758,0.08403921506672225,-0.055879314903463345,0.9981949465388167,0.018711171592275613,-0.01158632504001375,0.23401205056867,-0.13601630536452872,-0.2566998358744661,-0.270319709401987,-0.010520416470492847,0.316526468389624,0.24583928721727397,0.17636018444935392,0.09630461660838961,-0.26247496127110714,0.025564155640842415,-0.19858706601802806
0.3179654962947118,1.0048456529765695,0.08405464222516801,-0.05594621333560081,0.9981904578256736,0.01871602116775772,-0.0116422365045331,0.23392666038179244,-0.13601859870141772,-0.25687128602869536,-0.26999411182019184,-0.010542478868210359,0.3165514124810243,0.24590050852008818,0.17633863847610148,0.09626555593310271,-0.262473027160723,0.025576276462981662,-0.19854330235767506
0.31797258724367283,1.0048364515311599,0.08408082855009753,-0.055968169644654606,0.9981892698032927,0.01868240819394323,-0.011692444580629669,0.23391266591961593,-0.13611782879535658,-0.2569889027530403,-0.2699136823278313,-0.010556684581656655,0.31654893563586717,0.24593842833727436,0.17623265751563982,0.09627802800768565,-0.2624283141588023,0.025681505749588572,-0.1985508159806396
0.3180433089502904,1.0048484381906138,0.08410068102854762,-0.05595682232497587,0.9981905029879191,0.01869532626596896,-0.011620609098717347,0.23399035762870685,-0.13611800597225077,-0.25692579924665343,-0.26990572494849696,-0.01073578735929907,0.3167185759895579,0.2460054842735704,0.1762535411646301,0.09621651291251831,-0.26244466587569465,0.025508552489418898,-0.19853800688369505
0.31806102864977087,1.0048456262444398,0.08412197720248689,-0.05595346626415595,0.998191108629025,0.01864314006617634,-0.011668487282279804,0.2339615425175516,-0.13623906709972294,-0.257025803831864,-0.26980446947366105,-0.010681856833782732,0.316788040653062,0.24609610397310822,0.17610775117227953,0.09649618774549319,-0.26260169476886924,0.025380198230254246,-0.19866783395709608
0.3180734016550457,1.0048545571671743,0.08412101105799263,-0.055981361586839154,0.998190045299232,0.018627784886337446,-0.011650160970078748,0.23406430603642436,-0.13628672173072973,-0.2569547366650057,-0.2698453724222108,-0.010801821659498839,0.3168626981108201,0.2461049148633526,0.17606604411676993,0.09626720877088887,-0.2624535409037228,0.025395318971381378,-0.19854500484907248
0.3180735887586312,1.0048599942702046,0.084129807622571,-0.05603258208488571,0.998187773360902,0.01857142974305039,-0.011688492417935181,0.23414626945687847,-0.13642769570987837,-0.2569178849094839,-0.26985321118557626,-0.010828183511049002,0.3168620147683368,0.24619741131329706,0.17590962582979414,0.09605371165323236,-0.2623232086435319,0.025232457497213274,-0.1985471285255821
0.31809980303828495,1.004855090439543,0.08413211249457948,-0.05603320424663019,0.998186907372342,0.0185948323262587,-0.01172220896646378,0.23416737931488818,-0.136386515227066,-0.25691552391576494,-0.2698452651464728,-0.010919083138814213,0.31692597443392456,0.24628639994731694,0.17596202136587966,0.09603922204953597,-0.2625056603554445,0.025079319795915062,-0.19864053336207502
0.31808622625646404,1.0048513915271082,0.08413074070857215,-0.05609177028559,0.9981829567810298,0.018632815034557024,-0.011718203872503321,0.2342008735494902,-0.13630242171049323,-0.25701564006891464,-0.26969356083187007,-0.010898398537283784,0.31697031165786255,0.24639215457291705,0.1760394202927896,0.09601030687668947,-0.2624862023106166,0.02526353780720907,-0.19852418333618257
0.3181140434632619,1.0048488447512716,0.08414753797895566,-0.05610272323592009,0.9981825916780492,0.018574253074255257,-0.011789624215393793,0.23426486224984436,-0.13644258910153492,-0.25703403719939855,-0.26976575084788107,-0.010913117518103465,0.31692195024696496,0.24655660281744948,0.17589605284398163,0.09580622648738323,-0.2624895419963396,0.025118350226958703,-0.19853715712466316
0.31815985655931067,1.0048371217666314,0.08420694213951632,-0.05616766627039603,0.9981786055645054,0.01856566837861078,-0.011831340443602128,0.23449397948706407,-0.13656541555990376,-0.2571193601657623,-0.2698473326616636,-0.010998864854722125,0.31692737003415566,0.24676147732937054,0.17576271712459388,0.09584401809854567,-0.26257144935947613,0.02522370327749377,-0.19848148362898627
0.31812034427189734,1.004849958251207,0.08416738730132634,-0.05622208487215025,0.9981753282076701,0.018597766128752698,-0.011798916270532265,0.2344472178144376,-0.13643158862178728,-0.25717462139050884,-0.269622054352142,-0.01104254602865851,0.3169925520068556,0.24669761061229567,0.17589286188400155,0.09589491533374629,-0.2623706597576511,0.025210091240514702,-0.1984842414893072
0.3181354000967382,1.004845669315885,0.0841832879074203,-0.05623780573329137,0.9981749356748746,0.018548562603230182,-0.011834602744436377,0.2345133601682422,-0.1365504259873095,-0.2570991872430306,-0.26963569965167633,-0.011103444945398926,0.31700112253264384,0.24680927486387522,0.17574878256829735,0.09579424833631328,-0.26240556939620063,0.024875081886774886,-0.19856901698954152
0.31813636697437775,1.004850692438218,0.08417077210328786,-0.05628464416862572,0.9981720926722888,0.01856055437365455,-0.011832922816342508,0.2345984989869183,-0.13649976455426102,-0.25700842923567524,-0.2695915815354556,-0.011235475509757639,0.31698298546238557,0.2469397484203282,0.17578185135427526,0.09598702648789015,-0.2625197178774491,0.024806610249691982,-0.1987411954148413
0.31810623044219233,1.0048524461851684,0.08414412507865358,-0.05632868786414014,0.9981694046193904,0.018590678778761312,-0.01180276526161029,0.234546599678635,-0.13639932457114232,-0.2571483419381576,-0.26935140745593006,-0.011193699986081105,0.3169292999233295,0.24698603403159364,0.1759086236583166,0.09588517993141349,-0.2624885000040953,0.024975276292858208,-0.19863427541490652
0.31807941268239337,1.0048451076116938,0.08416528347866499,-0.05639189131875427,0.9981649304182397,0.018614965466807274,-0.011841002377921267,0.23456515364706054,-0.13636375369919906,-0.2572063611840348,-0.2692270990882335,-0.011201336312576216,0.3169033916287114,0.24712232351026556,0.17590608790884837,0.09594147852340772,-0.2625059739323179,0.025042312092888472,-0.19854044259436102
0.31803936752292034,1.0048429052384265,0.08412893553312023,-0.05641442606397926,0.9981625884503033,0.01863114534700553,-0.011905459803005268,0.23447214499271316,-0.13628740441628487,-0.25734445942040113,-0.2690836306836975,-0.011000993604499121,0.31699955910158906,0.2471248177916092,0.17597086115548383,0.09600835588669482,-0.2624273285278198,0.025113455988650085,-0.19855217825531857
0.3180599406478907,1.0048385834850326,0.0841162980726573,-0.056358391617565916,0.9981656866759355,0.018622697695733863,-0.011924293168661884,0.23439668603748035,-0.13627505322700512,-0.257250586381894,-0.26913562177043565,-0.011111798458211542,0.316890619285342,0.24709799443464212,0.1759653438914829,0.09591775754002242,-0.26252864291264416,0.025042902028999465,-0.19856811884828593
0.31803624784411505,1.0048480351428255,0.08409748720053271,-0.05636733649750135,0.998164715804882,0.01861027658173737,-0.011982533283405912,0.23432824228423835,-0.13629885025579233,-0.2573229067237604,-0.2691292556973012,-0.011028232038244223,0.3169842784089159,0.24712462106945957,0.17598049398698581,0.09563728053160107,-0.26256463749751047,0.024820763702116895,-0.1987380340842036
0.3180124001476436,1.0048400498759924,0.08409918200600636,-0.05633552603100893,0.9981665065773201,0.018579342101427698,-0.012030864520737367,0.23427735228565302,-0.13637410433156766,-0.2573750359832856,-0.2692507540368068,-0.010897059302332852,0.3169835701644977,0.24707004729286167,0.17589089474921152,0.09555213113661343,-0.26261637277247657,0.025005793998283163,-0.19875588242409883
0.31801532246994135,1.0048512869018464,0.08407301393913637,-0.05631472914390897,0.9981672891876482,0.018582319756760505,-0.012058667823913025,0.23424335983512315,-0.13636680941761078,-0.25748137777004937,-0.2692907457888225,-0.01091907149100084,0.31698433566062445,0.24708675651538595,0.17591330892396911,0.09561682426766764,-0.262704152819056,0.025006721245380937,-0.19874800623895955
0.3179633279713399,1.004838759490532,0.08404319410627835,-0.05628960914068148,0.9981669910463155,0.01862164605488525,-0.01213969466423038,0.23412204173007034,-0.1362584283936291,-0.25755063789041566,-0.2693456177637807,-0.010758132783672646,0.31689933960196137,0.24703004951288182,0.1760062604302764,0.0955870055729982,-0.26274505670904824,0.025061863051885493,-0.19874984282174019
0.31798445311814977,1.0048367758679213,0.08402569291675024,-0.05625505906096754,0.9981670479721587,0.018684579395436496,-0.012198326336385356,0.2340903117702766,-0.13614242695418258,-0.2577391865732857,-0.2694281766665282,-0.010751816459790162,0.31691955053453713,0.24707531229460958,0.1762019727211269,0.09538092277095439,-0.26282943647656165,0.02505054350454251,-0.1988329484806679
0.3179639116038322,1.0048287920564658,0.08401622807777855,-0.056240062694722134,0.9981677548928386,0.01864517964068951,-0.012269707268313876,0.23411666699774222,-0.13621536640079268,-0.25773446252080523,-0.2696268991182522,-0.010623041058451951,0.3168231510769307,0.24705233625448536,0.17606821266996928,0.09529729853175965,-0.2628866637867021,0.025180680992921166,-0.19885978281860794
0.3179666181338707,1.00483072907121,0.08399120299305372,-0.0562119486483811,0.9981687264764126,0.018667240249887106,-0.012285945428064533,0.23404963664083023,-0.13618858203323672,-0.2579459560520544,-0.2696809491508369,-0.010499441285453832,0.31678862854739515,0.2470512114018906,0.17614227264939383,0.0951032412235299,-0.26288766821785986,0.02509231702587934,-0.19882683586767128
0.3179325063859094,1.0048303825786116,0.08396721672693754,-0.05619891222361102,0.9981675082737482,0.018711122329315235,-0.012377463093745236,0.23394448357611988,-0.13606806365178784,-0.2580171652444507,-0.26966000717866984,-0.010531767925792588,0.31672981726838806,0.24702459375404837,0.17625417191594453,0.09494978374148404,-0.2629656664384498,0.025169062087220133,-0.1988068537894683
0.31795161511944625,1.0048219360260384,0.08396159846505212,-0.056139577923373894,0.9981701902674439,0.018717776452410944,-0.012420301796561964,0.23390396232176833,-0.13607868643650978,-0.25810117380366726,-0.26984078923411325,-0.010397656691740188,0.31663027799157756,0.24702744195866042,0.17626567689466108,0.09485926295972806,-0.26312890772757125,0.025196313104915546,-0.1987315052344617
0.3179224771906712,1.004833979203301,0.08391547345792462,-0.056112698175103365,0.9981703950538222,0.01875087863706791,-0.01247525919347149,0.23379485407808906,-0.13595530085064428,-0.2581010454100011,-0.26987039278763036,-0.010372977707424375,0.31654537824141005,0.2469826406363772,0.17637734550856174,0.09480552139665314,-0.26311324162916955,0.02520275902518023,-0.1987283003434618
0.31792907473594734,1.004827839111398,0.08390495309992985,-0.056076659299827324,0.9981718440102053,0.018718036015995233,-0.012570331528692294,0.23375188677027278,-0.13604121190148585,-0.2582278822882559,-0.2700343269443,-0.010206996069771811,0.31645577752546217,0.24695070939128594,0.17629213423833817,0.09461264908817708,-0.26313460860504895,0.025195267072847548,-0.19867964031161814
0.31788303024130515,1.0048173757592018,0.08386381470044063,-0.056043805319971246,0.9981728395797173,0.018737231720773254,-0.012609137879462376,0.23363002933645677,-0.13598402850656638,-0.25835504395297376,-0.27008600430422713,-0.010008222113664311,0.31632946253106414,0.24678187039806682,0.1763660707815968,0.09463624920168502,-0.26303538472375015,0.025309382981969792,-0.19865253070769806
0.3178720735580314,1.004814832975777,0.08382667166205364,-0.055948062459597145,0.9981779181525151,0.018741992937549537,-0.012625201798651859,0.2335168996195077,-0.1359403249374856,-0.2583106600764877,-0.2702864699429678,-0.010013090295600685,0.3162077245815614,0.24671666630325662,0.17640628555180662,0.09448001275886528,-0.2632168264376222,0.025364707194783145,-0.1986559008244775
0.31786792886662574,1.0048252654050962,0.08382106133690612,-0.055921144482485204,0.9981799734952816,0.018732145554434445,-0.012596540622538633,0.23343378800404826,-0.13594880217404476,-0.25834925754857635,-0.2702599549827334,-0.009831871973649285,0.31614547413566363,0.2466562477446921,0.17639709638543824,0.0944301289708225,-0.2633560148987499,0.025435787103428226,-0.19860712527519167
0.3179110992430352,1.0048017830261282,0.0838168481713461,-0.05590305686684949,0.9981796748346663,0.01878000666724322,-0.012629185622200027,0.2334794613864234,-0.13587379040358066,-0.25856128671592593,-0.2703461742309565,-0.009687944409790962,0.3161188269688962,0.24673606401499332,0.1765173800322841,0.0942794032369541,-0.2634759247409015,0.025563693369230665,-0.19856666925064986
0.3178846909096166,1.0048103253284244,0.08379245615739088,-0.05586031042382545,0.9981816318180231,0.01881055452049998,-0.012618187631099785,0.2334504493634972,-0.13578990764748922,-0.2584128458418037,-0.2705370982495112,-0.009686941111072671,0.3160325736229961,0.24663847178480222,0.17659544889716025,0.09441731706383902,-0.26352226182333066,0.02557354041854083,-0.19860562423722714
0.3178838129318892,1.0047984211883212,0.08377379881067681,-0.05581142233028569,0.9981836518794461,0.018868888506733676,-0.012587585336498574,0.23335446501933596,-0.13563560554314416,-0.2584765265411328,-0.2705481837851601,-0.009601231351569161,0.3159348446587658,0.24647933325119037,0.17675929497769255,0.09447421168837006,-0.26347138358520367,0.025757932926313853,-0.19859976837480098
0.3179055662087912,1.0048019354480136,0.0837600802091403,-0.055770323686938114,0.9981866164296598,0.018872980069140465,-0.012528383769310904,0.23328426223413362,-0.13559676173722424,-0.25829134320047414,-0.27052355664602146,-0.009615963677619252,0.3158974844695101,0.2463474582958946,0.176818836441463,0.09456970010893445,-0.26335026550318724,0.025746022756301282,-0.1985460600852737
0.3179197201206172,1.0048062666152062,0.0837491677712681,-0.05570283643392483,0.9981909995344563,0.01888840584624319,-0.012455945817393605,0.2332142940220696,-0.1355346900964202,-0.25825957741598304,-0.27054129438768976,-0.009582609643928605,0.31582850983580496,0.2463147571125048,0.17686209962221477,0.09460142798450824,-0.26359526218258605,0.02575533062084062,-0.1985806959221545
0.3179280505441213,1.004812021853042,0.08371577074379374,-0.05568349657082528,0.9981918088606103,0.01891658079506653,-0.012434786055799642,0.23318900290519162,-0.13543134025958178,-0.2582731938748914,-0.27053172662789554,-0.009657888523892778,0.3158247381684617,0.2463056420411065,0.17699643732936735,0.09450234019627272,-0.2636744503039872,0.025726999845485734,-0.19857034269501475
0.31795490320545466,1.0048119241304958,0.08372946024049986,-0.05570399103057399,0.9981896712067395,0.018975283831468123,-0.012425147200830282,0.2332923162285155,-0.13531028295480535,-0.2582566803424693,-0.270573292037413,-0.00977215612785244,0.31578975143006616,0.24640061135279606,0.17709905624724437,0.09454353141810021,-0.26367240768822536,0.025758578899974943,-0.19854964515302986
0.31797693791818565,1.0048008737001795,0.08371096270900849,-0.05567298098445403,0.9981924189881581,0.01896636706487897,-0.012356811208166237,0.23321176733964352,-0.13530180100713776,-0.25810131966419725,-0.2705012459099071,-0.009629549758962009,0.3157207345502804,0.24635283887971857,0.17712654916226991,0.09449492970935357,-0.263719209714129,0.025739769151628594,-0.1984622479712936
0.31799060441337773,1.0048066629607824,0.0836774802523642,-0.055638981295739666,0.9981942107615449,0.018991891068847,-0.012325965931227803,0.23317010349294967,-0.13518544226883403,-0.2580642528838943,-0.2704988434561922,-0.009535996041175129,0.3157375633406258,0.24621397492741845,0.17720459769688252,0.09439302098349131,-0.2635947239554776,0.025777705733337365,-0.19842607444758828
0.31800033246331283,1.0048098625488397,0.08366911735622382,-0.05560485459843463,0.9981967599479654,0.018989019685139545,-0.01227785428600105,0.23312618602146118,-0.1351847996284549,-0.2580637141519872,-0.2704645004438933,-0.00955723069229101,0.3156979795822973,0.24606896832773748,0.17721239930425428,0.09455951120332179,-0.2634934959384628,0.025777601620761606,-0.19835499100001816
0.3180236193732757,1.0048011589341155,0.08366554191433474,-0.05556926413271331,0.9981989476615437,0.019023370801049252,-0.012207748953075479,0.2331030723199329,-0.13510324341214344,-0.2580191210611758,-0.27045165217729317,-0.009530288957524436,0.31569849219987284,0.24602396670419635,0.17731679785857074,0.09473385029674275,-0.263560686187579,0.02590557753739199,-0.19831215600403806
0.31804756424599323,1.004792584332645,0.08365493279111216,-0.05554839389498509,0.9982003171110533,0.01902850747242562,-0.012182723769832654,0.23308828048038815,-0.1350757767994162,-0.25796708352574355,-0.27043128753424656,-0.009514213369893415,0.31579684838690947,0.24605795858825422,0.1773600641144066,0.09481990057260566,-0.2637128239290551,0.025701921873842435,-0.1984632536129133
0.3180733064197214,1.004806040736294,0.08365256944919014,-0.05549170093836317,0.9982045576812798,0.019035030435602528,-0.012083036356948896,0.23305140863921267,-0.13504421717730916,-0.2577409707676871,-0.27052589895036644,-0.009504153008144615,0.31575949490449007,0.2458627156657203,0.1774134830854566,0.09474547748207628,-0.26359937048158144,0.025819085962802257,-0.19840291597476872
0.31810599902414116,1.004815165380216,0.08365443337968459,-0.05547728031191105,0.9982052487093256,0.019049107813245095,-0.012069975553674126,0.23313109349033273,-0.1350081611798007,-0.25758648663860023,-0.2705880566006443,-0.009648052131396537,0.31578806658450814,0.245848312136026,0.17743023623277268,0.09471907101336254,-0.26350290511545954,0.025745966322905694,-0.19837182012376994
0.3181627571491642,1.0048005436908898,0.08367271034067032,-0.055482703978433114,0.9982044072476502,0.019062345595326893,-0.012093712871282112,0.23324110574779758,-0.13503990116452808,-0.25768318053694894,-0.2707118158715864,-0.00959387071345226,0.31572389632586134,0.2458713078602057,0.17742599482932928,0.0948173285730191,-0.2634639486683512,0.025649445031348337,-0.19848596848618555
0.3181614585649266,1.004811348031934,0.0836926331301358,-0.05543575799730716,0.9982095426197893,0.018972844832019425,-0.01202567740440591,0.23315354255350304,-0.13521476445692202,-0.25754277904298983,-0.2706393034887732,-0.009870685990084187,0.3156534596171901,0.2456763542268566,0.17724134472135808,0.09489086686171008,-0.2632930006836082,0.025616433584695484,-0.1984651291835489
0.31823778070262854,1.004808079653832,0.08366641016155536,-0.05544338698789234,0.998207834488064,0.019029916906671045,-0.012042103989156224,0.23329566973138424,-0.13508557207247499,-0.2574367998543235,-0.27073113714173325,-0.009966567969321587,0.3156480934391408,0.24576492676017894,0.17735290246498936,0.09508665390547262,-0.26331204422901433,0.025669377405083196,-0.19844705622731496
0.3182781635753646,1.00481533274871,0.08368416418296634,-0.0554581417304013,0.9982078444966735,0.019011974065548984,-0.01200160586114252,0.2333602387563453,-0.13513117274031478,-0.2574023267755732,-0.27068794068470065,-0.009935151117001821,0.3157300794381528,0.24582988195426758,0.17730586106291674,0.09498824299543815,-0.26328566462325836,0.025664551489318368,-0.19833907569101925
0.3183211112813304,1.0048096153451762,0.08368882050661097,-0.055489003979661326,0.9982054586545483,0.01901377637659693,-0.012054420662503559,0.2334576978897661,-0.13514792713906076,-0.25741956107139485,-0.27069026437639815,-0.01003248693015531,0.3157951083939059,0.24593349785232604,0.17726571966186144,0.09490846370590114,-0.2632140451128519,0.025643683468256347,-0.1982847298774297
0.31832387345012025,1.0048132683980788,0.08370751139143946,-0.055549733173236034,0.9982017149338782,0.01901792198645743,-0.012078165869191212,0.2335894163693788,-0.1351641897668836,-0.2574981845044109,-0.27067532357967583,-0.009996966010325807,0.3158209884306064,0.24591269185382778,0.17723537902626296,0.09494655345075428,-0.2628714285871539,0.025540017802901563,-0.19822662218378628
0.3183563228207268,1.004810303221808,0.08372246943451447,-0.05560329053680188,0.9981977142464804,0.01904401302681665,-0.012121176610221626,0.23367294860964322,-0.13513766850309403,-0.2576147153454308,-0.27059690832902905,-0.01009000482191247,0.31595605627417195,0.24612420846766364,0.17727911026058257,0.09475659834909933,-0.2629790076290641,0.02543466262768229,-0.19822209409051192
0.31840952391615546,1.0048146680544139,0.08374932303321077,-0.05560671810869537,0.9981974491559454,0.019005280670889798,-0.012187891793265805,0.23367772312372814,-0.13525620975078,-0.2576234545216367,-0.2705331007061445,-0.01016684736478504,0.3160009832140243,0.24621296260313016,0.17713907639926268,0.09481880918459483,-0.262994898684878,0.025477185876039036,-0.1982509785690066
0.3184585756014193,1.0048205766141316,0.08376126182737385,-0.055616930712856553,0.9981965105955446,0.019005431252831384,-0.012217889991881555,0.2336596438390107,-0.13525009531876608,-0.2577757932204614,-0.2703722303055437,-0.010324196490874817,0.31602656593727135,0.24631285415462856,0.1771272800623578,0.09484284004540174,-0.2629790998593735,0.025315896512793156,-0.19821606914763365
0.318503894608817,1.0048135925499353,0.0837897350514118,-0.0556419992371661,0.9981944175613763,0.01896390463428859,-0.012338678665787957,0.23369280937517353,-0.13539197544993942,-0.25781351137383696,-0.27028845558225717,-0.010456330842001735,0.31598593420545257,0.24641660347472696,0.17697341639773762,0.0945602598784524,-0.2628076386418883,0.025192319725922598,-0.1981779033993857
0.318512342160648,1.0048140407130024,0.08380732569049852,-0.055664873264271664,0.9981924603013659,0.018966418817589616,-0.012389876480993673,0.23365477097092965,-0.13539939558499067,-0.2579433340161819,-0.27014139928515923,-0.010541370216662233,0.3160901518917193,0.2465050795179719,0.1769365359710519,0.09460251208620575,-0.2628512458588211,0.0252178253418036,-0.19821040123734027
0.3185284174553963,1.0048378155302884,0.08381398177272843,-0.055762739840159864,0.9981871236617621,0.018944514028477407,-0.012413234453652387,0.2338289873380412,-0.13546957313689237,-0.25804470636269544,-0.270059962420365,-0.010665019274838317,0.31609808543866297,0.24670832504999088,0.1768744240440959,0.09433968842396558,-0.2627790104755866,0.02500495953256888,-0.19822088251313194
0.318578990141756,1.0048322188729386,0.08383518656424818,-0.05579803677139565,0.9981844477865444,0.018893775837625467,-0.012546414791771232,0.2339077186575841,-0.1356082456361862,-0.2581512443792161,-0.2700446741836916,-0.010706741485779775,0.3160867104841731,0.24684899877067726,0.17670716493775454,0.09430537820223218,-0.2627153408773822,0.0249281760142314,-0.19829813020305928
0.3186277255690836,1.004822456092812,0.08390113676645419,-0.05588124835961819,0.9981799794870441,0.018840089502587285,-0.012612123554325427,0.2340706378460445,-0.13584547960518484,-0.25835111786960896,-0.26994199087162485,-0.010730281971651387,0.3161766469077101,0.24717900672797627,0.17649508722390916,0.09392969317511105,-0.2626695791104561,0.024754748776614655,-0.19832912390525723
0.3186431280863582,1.0048228710068112,0.0839380363244599,-0.05603894108445907,0.9981700849931593,0.018861060322762448,-0.012664079531598533,0.23434717077548547,-0.13584933624542583,-0.2584967206654192,-0.26981387597890266,-0.010917660372538274,0.31625491419103496,0.24746328242627003,0.17646508394481034,0.09382832605298606,-0.26261701939769,0.024483695042420393,-0.19847687254281504
0.31865597602991347,1.0048243612521655,0.08395180086132527,-0.05615810828279974,0.9981638532267992,0.018820354979106717,-0.012687916455686878,0.23456104847108353,-0.1359448275756151,-0.25852345658724296,-0.2697096355697583,-0.010964524762523915,0.3163854380717064,0.2477435801887236,0.17633323162647774,0.09373866953244614,-0.26256095825715114,0.02444041129453563,-0.1984501772408657
0.3186503229009392,1.0048246650315973,0.08398040731105516,-0.05624680868942726,0.9981592785414276,0.0187502558727858,-0.01275849045211474,0.23467841604768305,-0.13613133497681235,-0.25848410078354445,-0.26963220307959496,-0.010995341183940894,0.31646997168778307,0.2480003054304489,0.17613756081109058,0.09369985207676043,-0.262642392719016,0.024362180296219553,-0.1984857842056449
0.3186678110606769,1.004823960304733,0.08399087940305201,-0.05636762527862087,0.9981511887995546,0.0187795607115819,-0.012814960708675032,0.23484797584788245,-0.13608891751472268,-0.2587773344459898,-0.2694063476984094,-0.011106018287744601,0.3165285895022118,0.24834197540049666,0.17617184645829015,0.09354799792413747,-0.2626785151347044,0.02429252889999173,-0.19850861174253479
0.3186658588009423,1.0048202208061827,0.08401703111498704,-0.05641975203512768,0.9981473139001433,0.018765098040964358,-0.012908231084711695,0.23486173146372194,-0.13615663434241665,-0.2588098205736002,-0.2693292152650231,-0.011137194857988277,0.31650353201708736,0.2484384308241173,0.17608642518883888,0.09353055614822624,-0.2626413446587595,0.0240520386306772,-0.198662025589851
0.31861548354845937,1.0048359080396063,0.08402099653837741,-0.056557191291774965,0.9981389965924027,0.01876839780968611,-0.012945070040532568,0.2349430065269414,-0.1361442547372287,-0.25892446470233554,-0.26902791393947817,-0.01128129012986501,0.3165275266821259,0.24870419647179406,0.1760641918014746,0.09361970498427269,-0.26260319884659306,0.02415674775766392,-0.19866245203986407
0.3186236083717825,1.004838801322101,0.08406469160049898,-0.05662310357985289,0.9981355865858293,0.018748693825202584,-0.012948413485698598,0.23501966899341745,-0.13621013467511994,-0.2589856969263919,-0.26884540819295866,-0.01143040966380238,0.31660807288744786,0.2490030520228153,0.17597542290238175,0.09340251334082102,-0.26283861627295124,0.02400049684750898,-0.19860636902258053
0.31862192344130535,1.0048342337106726,0.08409931241626706,-0.0566972533746039,0.9981313607789468,0.018736518256907735,-0.01296730399707544,0.23514270815032054,-0.13628398329191435,-0.2589665906914502,-0.2687873070064037,-0.011496144866318638,0.3167198890632826,0.24905614597046352,0.17590709975514504,0.09325458173227853,-0.262696602916614,0.02395652101334931,-0.19854310729838745
0.3186276584988817,1.0048314675580865,0.08411591657625443,-0.056783506652436075,0.99812566507167,0.018754030176103557,-0.013002940038426659,0.23524580998293482,-0.1362640500778101,-0.2590713065465099,-0.2686530292516421,-0.011623799748371674,0.3167914742731799,0.24932170484844793,0.17591466115683976,0.09327452897408592,-0.2627136292462041,0.02390987116165433,-0.198657001484217
0.31856238562161926,1.0048309757926062,0.08415045192116417,-0.05687581711959444,0.9981202298700226,0.018743782839335237,-0.013031452569212447,0.23523228135039048,-0.13630333239637707,-0.2592063422053896,-0.26840937072505006,-0.01162480925262982,0.31690064977682203,0.24944685771607755,0.17584689431824022,0.09338189146331084,-0.26273164326208187,0.02390556351325299,-0.19858949840514828
0.3185728908512867,1.0048342127563243,0.08416905922997533,-0.056897092024545216,0.998119194616382,0.018720958172983748,-0.013050669813493785,0.23530030371575994,-0.13637356239045856,-0.25922917912862614,-0.26843586358768906,-0.011728189436241524,0.3168915893836251,0.24971877436655093,0.17579041803471904,0.0932361674568999,-0.2630598690074467,0.023897072696445445,-0.1986056678714206
0.31855886394751093,1.0048283697619977,0.08418956310212178,-0.056979080493524646,0.9981136592239783,0.01871008094781558,-0.013131661264236953,0.2353731418586831,-0.13644419295829288,-0.2593464357607451,-0.2683279005156075,-0.011709963922008026,0.31698843212091726,0.24979373042360237,0.1757363596766563,0.09340272465641357,-0.2629446580161764,0.023765333329732265,-0.1987445370854703
0.3185220579602494,1.0048144775904868,0.08420498471610667,-0.05698116849868175,0.9981131244617772,0.018738124382454313,-0.013123258295909431,0.235326704950222,-0.13639196372772247,-0.2593000117944329,-0.268358900664915,-0.011615777759266118,0.3169928555675392,0.24981266186273582,0.17577207991705618,0.09346271781831858,-0.26301198769422296,0.024032715916633206,-0.19878672954609744
0.3185470448293035,1.0048219548014745,0.08423050453216471,-0.0570227298621572,0.9981108862314331,0.018715353731213906,-0.01314544027737618,0.2354577919320127,-0.13645708720474511,-0.25926741825883426,-0.26834068827397095,-0.011841689859084818,0.31694859616117216,0.24993255826602948,0.1756772494440624,0.09345066143323338,-0.2630352001756185,0.023941172760882694,-0.19884232477271085
0.3185164609756287,1.00482418630568,0.08423661527549771,-0.05702653242180199,0.9981113771787472,0.018699359547291627,-0.013114392811362043,0.23549393308239164,-0.13651181327658385,-0.25926622814197864,-0.2684490843645381,-0.011902116768736553,0.3170184511682587,0.24995384566821513,0.1756441466726083,0.09338703120248174,-0.263101198152084,0.023958134339949956,-0.1988246017014738
0.31846357405005,1.0048270054371893,0.08424766227273105,-0.05706881345708196,0.9981095649680274,0.018678302755856944,-0.013098391355294338,0.23545937406349543,-0.13653883436481956,-0.2593263802904956,-0.26830335317823906,-0.011819964895542996,0.31715284537576255,0.25015025948295083,0.17561794842824163,0.09357634201183922,-0.2634584442788524,0.02400646966148601,-0.1988496899255829
0.3184586528976482,1.004825075830485,0.08426336237492249,-0.05715764855132034,0.9981040028392498,0.018680256848320177,-0.013132049818337902,0.23567530703389142,-0.13658936204312827,-0.25948638481691333,-0.2683779702540504,-0.01182054623701781,0.3172382232543856,0.2504410216973545,0.17563749377700805,0.09347063361314319,-0.26363273899697587,0.02393868026796169,-0.19891399744515814
0.318424142741643,1.004820267113753,0.08425526670109859,-0.057167197393945525,0.9981030427433725,0.01868638229298469,-0.01315472254909304,0.23565021691366467,-0.13658298022139012,-0.2594818643270889,-0.2683638880568998,-0.01183163203888099,0.3173087744506516,0.2504065983956031,0.17559856323855322,0.0934029049682111,-0.2636076923831151,0.024046137153212615,-0.1989330849463558
0.31836480415565094,1.0048208427042324,0.08426461849038386,-0.05719640585068666,0.9981000307208947,0.018726771652341045,-0.01319878237541558,0.23561955779970412,-0.13650146409668953,-0.25942941006352804,-0.2683763544955057,-0.01186709755870814,0.31738143401293956,0.2504175143452644,0.17567395903815908,0.09338608766675345,-0.2635713065207561,0.024027605242895208,-0.19897787149400992
0.3183626973699896,1.004813905868417,0.0843064587857695,-0.057197274745577134,0.9980997348498913,0.018722162601023436,-0.013223905693722806,0.23563586246583287,-0.1365829394597801,-0.25958758571603735,-0.2684292667725299,-0.011809098452450711,0.3174553896133695,0.2504784571811787,0.17560016740166312,0.09324159428200406,-0.2636901840056554,0.02417178385781064,-0.1989431567906223
0.31834191178351645,1.0048188305229542,0.08433619269684638,-0.057186675065829945,0.9981003235371301,0.018703063125168697,-0.013252312240793472,0.23560394258202463,-0.13666326127932954,-0.2596546666216862,-0.2684587868950293,-0.011789236938562299,0.3174704391591588,0.2505687075160576,0.17553185325923085,0.09337813168904109,-0.263946876963807,0.024221974835950087,-0.198935024661749
0.3182955039975032,1.0048272528719155,0.08434585624259877,-0.05719347613997447,0.9981001717364303,0.018703332658317688,-0.013234002199137944,0.23549173348074748,-0.13664414139609415,-0.25962116429726906,-0.2683285645628322,-0.011813458908020056,0.3174722375058567,0.25059640346593515,0.17553670730493878,0.09341547578849639,-0.26409611871603517,0.02437644387122273,-0.19887737775685663
0.3182529084988635,1.0048235009288646,0.08436375308355494,-0.05726011696425077,0.998096324180636,0.01869093872072773,-0.01325350791606336,0.23558632443481,-0.13670796340213773,-0.2598414100575257,-0.2682837979705398,-0.01168474797805209,0.3175398505205866,0.2507291185741256,0.17548583840173776,0.09334659844375609,-0.2641732130665282,0.024392497742165276,-0.1987712018438375
0.31815971283850586,1.0048181304715527,0.08436571246914694,-0.05730145004148538,0.9980942593998159,0.018697155841235352,-0.013221555873826426,0.23555347303970153,-0.13667800044194983,-0.2598294740475476,-0.26826053404560324,-0.011869542173065352,0.31751350455586475,0.25072251849899674,0.17549798384444779,0.0931641120545989,-0.2641779465870964,0.024418661246037796,-0.19868272817065058
0.31811824160169544,1.0048093753276774,0.08437093267396621,-0.05732016583206985,0.9980932671246766,0.018700338022886114,-0.01321083143494824,0.23555941489537924,-0.136683028360428,-0.2596907964176867,-0.2682880962877113,-0.011764785350084236,0.3175765826265286,0.2506464540001372,0.17551607759002652,0.09324742991175915,-0.26408745761870805,0.0242775321678114,-0.19881927222553483
0.3180942221086285,1.0048146530668345,0.08441020015623033,-0.05736011069444148,0.9980919405809857,0.01866939666682945,-0.013181406468960516,0.23559784206730688,-0.1367747376848146,-0.2595755141527265,-0.2682079025634826,-0.011782106378118891,0.31761228508149175,0.25067013752121875,0.1754010371923774,0.09339289659251446,-0.26404020992445054,0.024382902028582985,-0.19874525656593375
0.31801381854702226,1.0048157828541404,0.08440048801037346,-0.05738295655789586,0.9980916852101053,0.018655458315273963,-0.01312090264326354,0.2355884047993143,-0.1367762536564841,-0.25957860565425295,-0.26818529000152813,-0.011714835295907701,0.31756722200281196,0.2507873320984313,0.17541401081239522,0.09341303865045687,-0.26440546634610157,0.024494792132712124,-0.19864752122731288
0.3179559933189974,1.0048061844782235,0.08442028107211923,-0.05747353745903619,0.9980866516392853,0.018679361400947968,-0.013073246309823136,0.23562727805211076,-0.1367164424946264,-0.2594976983919211,-0.2679948176298901,-0.011757616049819508,0.31755287879289396,0.25075369077690046,0.17545185738412267,0.0935683850096234,-0.26414739198627524,0.02457742205927554,-0.19863310821399027
0.31789879021950884,1.0048021792817434,0.08443923116785132,-0.0575034569422927,0.99808564146974,0.01867868942226977,-0.013019650267568596,0.2356502956838985,-0.1367119173615677,-0.25947977924891397,-0.26797306007845323,-0.011788650111177214,0.3175972388856865,0.2507185501670344,0.17544432142623845,0.0936773162627198,-0.2641394319943604,0.024632950515333155,-0.1985798962261068
0.3178905098805437,1.0048015846359122,0.08446192250629157,-0.05753145229869228,0.9980856268857592,0.018646615061874254,-0.012942841542667257,0.23568764243838594,-0.13677948123321937,-0.2592875212383395,-0.2678809583660304,-0.011915134708148636,0.3176002470348391,0.25079455600043865,0.17537468090005062,0.09372350357461749,-0.26426949237830333,0.024704893436515295,-0.19853486860190686
0.31781842222903267,1.0047977740383913,0.08447019170848352,-0.057558462399183774,0.9980851732608256,0.018654957016389705,-0.012845345533153,0.2356607878153834,-0.13676044400946583,-0.2592499697083618,-0.26781432496775276,-0.01171801428227185,0.3177247966130023,0.250844498456439,0.17543224388844728,0.09380428528670914,-0.2644937231048793,0.024845344983399763,-0.19851116298864713
0.31776810241587494,1.0048066096683381,0.08448102282178262,-0.057616473219691294,0.998082182046814,0.018622325175823348,-0.012865026212210515,0.23567700106102205,-0.13682853234781428,-0.25917638033249546,-0.26773338381391737,-0.011843967833654882,0.31773067037955566,0.25085033866944145,0.17531996442701492,0.09407440697115425,-0.264381783763811,0.024864157049133688,-0.19848007822875186
0.31769673073848576,1.0047963190680995,0.08447495276257816,-0.0576253826288321,0.9980822653163129,0.018652160927384538,-0.012775125466180167,0.23560831910385055,-0.13671311044779988,-0.2590366461511974,-0.26760967739283964,-0.011877455464190263,0.31769110501576714,0.2508469021845892,0.17540744227631408,0.09400745719676645,-0.264548596892948,0.024996888264926475,-0.19849875071715828
0.31758053486631255,1.0047975243477043,0.08446557469561582,-0.05768783964332368,0.998078680643302,0.01863025496124136,-0.012805233410247158,0.23556168913450892,-0.13675517828271996,-0.2591198631509063,-0.2675342091301073,-0.011736905031738598,0.31773134763249994,0.2508488722954184,0.17537459083372436,0.09408561637778849,-0.2645366331960057,0.025156330911045337,-0.19850670155463415
0.31765289182245937,1.0047899736757722,0.08450800929179053,-0.057618151760438545,0.9980834317924884,0.018651460010335238,-0.012717500089365603,0.23561489233704713,-0.13677082110089805,-0.25900150373729997,-0.2677126772032999,-0.011843933329575836,0.3178334185626284,0.25088812210373873,0.175404083388481,0.09422553300758452,-0.26483016139062776,0.02502054645887272,-0.19869098483437553
0.3175851136196451,1.0048035955583452,0.08449960159613486,-0.05765270779071891,0.9980830348924871,0.018627867284076772,-0.01262629417712117,0.2356600750184152,-0.13677469117998742,-0.2588647573770329,-0.2677243145868824,-0.01175534714701553,0.31783632694002856,0.2508696738557196,0.17540252496334577,0.09424090681527497,-0.2649024457932071,0.025225825626625335,-0.19864517425119171
0.31749905502189335,1.0047971520261592,0.08449364992840641,-0.05763944980642878,0.9980846215371981,0.018629936123623868,-0.012558166943863108,0.23558536470220645,-0.136736637942141,-0.25876234714407176,-0.26776675578146303,-0.011601268954137482,0.31781903723866106,0.2507254250277505,0.17544187273869485,0.09438261096169545,-0.2649718065669061,0.025280042296320353,-0.19859543378243188
0.3175105616961737,1.0047974028882778,0.0845060622910838,-0.05759967662758319,0.9980878805133366,0.018594814521311405,-0.012533670560188639,0.2355556278620537,-0.13683215461364023,-0.25859178832425844,-0.26784285012724385,-0.011665692380333055,0.3178281122339115,0.2506792570549498,0.1753586196221455,0.09460132784652388,-0.26500745789409497,0.025286426727226342,-0.19855268316889735
0.3174165881361505,1.0047987161464826,0.0845023220240369,-0.057546311326832245,0.9980919889101584,0.018562299413570123,-0.01249979065907509,0.23539109933111454,-0.1368847229575503,-0.25854345391974903,-0.26793212730406407,-0.011608082160421817,0.3177437769680156,0.2504724637596626,0.1752970564691715,0.09451990517012261,-0.2650737997099065,0.02541241480545582,-0.1984432415012044
0.31740780782632017,1.0048209440378504,0.08447698332397625,-0.05755193793473241,0.998091894286681,0.01856299204096404,-0.012480397656669607,0.23543341000278753,-0.13685481615873452,-0.2585250288617469,-0.2679676489046261,-0.011531699288033463,0.3177087460086694,0.2504260917961693,0.17531874961245147,0.09454618511053722,-0.26493342916238416,0.025259071165089124,-0.19836583471470323
0.31736040049801306,1.004805873077302,0.08448182621330766,-0.05755489382468901,0.9980906864940357,0.018601263741082272,-0.012506347105687812,0.23538965256460348,-0.1367984281104184,-0.2586161753123301,-0.26801134314815706,-0.011391642252928876,0.31772957965899984,0.2503469081900986,0.17536259906768192,0.094828269381263,-0.26490316086412025,0.025391168953018798,-0.19831808104812354
0.3173273507788005,1.0048057878299645,0.08447074470855775,-0.057484068663290304,0.9980959891109465,0.01856529764003212,-0.012462266811948284,0.23521712271206585,-0.13684966318917563,-0.2585267079481429,-0.2679991375682059,-0.011357446479909057,0.317804196174873,0.25017437921424257,0.1753583609448659,0.09456546828000506,-0.26497848831240656,0.025482413862151183,-0.19824258731626346
0.3172944178603478,1.00478961650517,0.08448041151754275,-0.0574548623129153,0.9980981153993519,0.018526161023327024,-0.012484878477736524,0.23515596495178004,-0.13694989488581807,-0.2585642407991752,-0.26812254330885854,-0.011226817045805595,0.31777650200245183,0.25012452065943236,0.17525220410845532,0.0946867443131964,-0.2650240473454782,0.02568045907112401,-0.19829064835354185
0.3172760569027306,1.0048035982910295,0.08450179436285554,-0.057495335632339994,0.998096336948311,0.018538050557791147,-0.01242293171537667,0.23523023229026793,-0.136942722346385,-0.2585487922812834,-0.26808502417353486,-0.011243663960081331,0.31779411326430085,0.2501217232837161,0.1752630888581525,0.09487643707152307,-0.26501495949114245,0.025679890207958567,-0.19829731168167786
0.3172076564485423,1.0047818088648295,0.08447414707295405,-0.057486186580138425,0.9980956796929581,0.018610445049708393,-0.012409829401621504,0.2351308427924939,-0.1367408665682264,-0.2585455826611368,-0.26809855939359045,-0.011060744427445151,0.31783152120920327,0.250102471178186,0.1754850528515677,0.09508274172741232,-0.26521239992315665,0.02566247293187022,-0.19848460817380445
0.3172463426099747,1.0047802450984373,0.08447792304461244,-0.05746044800752741,0.9980975777785239,0.01859072765022595,-0.012405925715269753,0.2351867089467283,-0.13679894545780324,-0.2584672677196364,-0.26824441852048264,-0.011034346205470892,0.317849050656666,0.25016719082568833,0.17546302759203067,0.09509866119928467,-0.2653003888237122,0.025903360382190627,-0.1985140157331269
0.3171680040738938,1.0047878372050172,0.08443285629871405,-0.057399289443127145,0.9981010885484087,0.018538088406717255,-0.012485106652750702,0.23494656222262209,-0.13688450695246412,-0.2584619074146642,-0.2682462962103145,-0.010895863454536896,0.3178434816964378,0.2500124157499323,0.17536946797512007,0.09479762777313545,-0.26539707400053936,0.02590526118613512,-0.19843241891035804
0.31716205536098824,1.0047910252049703,0.08437615058764163,-0.05733526961032153,0.998103823047619,0.018585394263495068,-0.012490332121659406,0.2348063166195182,-0.1367060141809115,-0.2584718364772239,-0.2682901025339489,-0.0108261517819168,0.3177732077224954,0.24996906710626765,0.1755308785990766,0.09488944234557835,-0.2656156691138793,0.025939297561468518,-0.19842111603353224
0.3171422885339956,1.0047759925047224,0.0843890633983968,-0.05735922376615894,0.9981020293985142,0.01862071442063554,-0.012471060659634338,0.23481352555163473,-0.13665105813033018,-0.2584713308600024,-0.2682240422982642,-0.010648856943875051,0.3177522705804711,0.2499558401130081,0.17561510955045018,0.09504092852220518,-0.2655253548248651,0.026021249976452925,-0.19838548611911153
0.31716239552988573,1.004791678702077,0.08437215208275205,-0.057323685553001595,0.9981047392817447,0.01863197810537033,-0.012400560060818674,0.23486056669247007,-0.13658526163484042,-0.25838428474956787,-0.2683880691762188,-0.01070257174071223,0.31770760513560564,0.24990506909245502,0.17567312474931354,0.09506237803678166,-0.26559021960764045,0.02602781892574437,-0.19838411862541894
0.31714392907219463,1.0047877076864102,0.08431218940421856,-0.05729582659440201,0.9981048521642663,0.018644205976241043,-0.012501436898525937,0.23467311376962535,-0.13648954836033214,-0.25839667847485204,-0.26832787660491136,-0.01057199920842295,0.31757495344324915,0.24983015473453826,0.17576515500840403,0.09493987122489878,-0.2655228733051586,0.026053262971418824,-0.1984041430644351
0.31714462907738994,1.0047892910282608,0.08429916305878331,-0.0572163522715516,0.9981094120779822,0.018635249148939312,-0.012514713070602902,0.2345899820797874,-0.13652364748172746,-0.25857088459872474,-0.2684613542298039,-0.010564527843116595,0.31746313499423023,0.24970819272124686,0.1757551711773521,0.0949214704311182,-0.26560354595726005,0.026093775403230653,-0.1983902140860102
0.31714075723435614,1.004792076941624,0.08431313644797735,-0.057126141675380424,0.9981136489741353,0.018641526786505734,-0.012579393780652625,0.23435878796231221,-0.13652644978400652,-0.2585736748062081,-0.26848062536284756,-0.010565262578452124,0.3173797699248561,0.24955422592789436,0.1757289232397768,0.09514328925336854,-0.26568265095518095,0.02616084486233748,-0.19844663003512458
0.31714864848630003,1.0047791156000205,0.08424647591520672,-0.05713922412145619,0.9981113634793187,0.018717327801997523,-0.012588756896764797,0.23450393580354256,-0.13634113319799848,-0.2586052420213887,-0.26869028614692936,-0.010360033500235314,0.317333083013043,0.24960515707864345,0.17593672498804205,0.0948212117859414,-0.26550256920538645,0.02618138467353132,-0.19853681071752993
0.31716572000262677,1.004774944060393,0.08422727596291583,-0.05710917257342157,0.9981124520547878,0.018738879963852356,-0.012606737835702977,0.23437193409937754,-0.13625893098709152,-0.2586782743667895,-0.26852762740662117,-0.010311829958227988,0.3171934480419308,0.24953687903831367,0.176021588342894,0.09470893661272935,-0.2655609203253031,0.0261572377759445,-0.1984798458490939
0.3171881778641994,1.0047756055283297,0.08422107673863931,-0.057087989313899766,0.9981122570148369,0.018772198223004022,-0.012668403479548274,0.23433930499521383,-0.13617988266177938,-0.25871751499029966,-0.2686099472943064,-0.010295594070544733,0.3169897686579911,0.24956272518141062,0.17608583410429923,0.0948178891293338,-0.2655639046544444,0.026205918946776215,-0.19850433820490984
0.317219078905367,1.004781979436324,0.08420563097644458,-0.05706013244268304,0.9981143102347753,0.01877426506971076,-0.01262901268011355,0.23432741390079007,-0.136145290996922,-0.2587477646961637,-0.26857373249773336,-0.0104519537985488,0.3169684627146644,0.24953822001421994,0.17611663473321562,0.09483376897425165,-0.26560447260540093,0.026215017703332618,-0.1985709277978751
0.31724991897843735,1.0047891572696002,0.08417606101167002,-0.05702878572298486,0.9981158048563914,0.01877612383424261,-0.012649698360082449,0.2343429998690297,-0.13611915601225033,-0.2587623131041458,-0.26870019059720907,-0.010468502087863403,0.316927338938447,0.24949987570725218,0.17614956602154716,0.09484499502825447,-0.26559851024795395,0.026221862320605388,-0.19858497718008722
