FF_TX,FF_TY,FF_TZ,FF_Rquat0,FF_Rquat1,FF_Rquat2,FF_Rquat3,Hip_Z_R,Hip_X_R,Hip_Y_R,Knee_Z_R,Ankle_Z_R,Ankle_X_R,Hip_Z_L,Hip_X_L,Hip_Y_L,Knee_Z_L,Ankle_Z_L,Ankle_X_L
0.33470021509295633,1.0717170354299037,0.09981196558563257,0.01356453605261287,0.9992789955927587,0.006920650213542483,0.03477926179306407,0.10582909353817703,-0.14653471280654204,-0.06928600744327858,-0.30496445833862523,0.05757041673371949,0.13126238672934054,0.10405217971804324,0.15308145666476677,0.10327521872229925,-0.3179850594748472,0.08759292443555855,-0.10835788946651412
0.3349418977958806,1.0717430463399673,0.09972970671276794,0.01517461704446121,0.999225885789692,0.006712567779107375,0.035669336960060374,0.10489544731014265,-0.1472897355870103,-0.0682767760943339,-0.3094064194844995,0.05977420134352973,0.14063735439396116,0.10144381467224686,0.15340507784604127,0.10617547476999525,-0.32015475666552223,0.083627467727518,-0.12564963671746887
0.33493298320969034,1.071807772912501,0.09967493393202001,0.015601951364957335,0.9992102667674558,0.0066850201519506455,0.03592676447557537,0.10405736558896643,-0.14742411082984078,-0.0675861072520239,-0.30953266879425834,0.060343185294640535,0.14759024144189575,0.10036631940801298,0.15374727912509936,0.10732749665297084,-0.320132242135715,0.08292819301207197,-0.13830836687248121
0.33485937313013125,1.0718320189349253,0.0996528730697616,0.015785543974394203,0.999202032300734,0.006689341980810418,0.03607447783931431,0.1035551435218494,-0.14749504347271003,-0.06723146671849266,-0.30940801953853836,0.060528691690522614,0.15279356737498395,0.09976745503428562,0.15403995241949928,0.10794672489784232,-0.32007599329120645,0.08294909653944704,-0.14769718884411712
0.334823342195045,1.071850305049294,0.09962465277756484,0.015896259902433832,0.9991977709457476,0.00672256079548934,0.03613766227240685,0.10326314214435008,-0.14748614133939217,-0.06726670687105196,-0.3093376929634694,0.0605899456736216,0.15654171977214978,0.099514475691355,0.15433008736013443,0.10818420338943048,-0.32024876183263595,0.08298440154441145,-0.1544068666270671
0.3346903349016517,1.0718653043670747,0.09959628198850909,0.015895034342052604,0.9991974273518658,0.006746929941116714,0.03614315969927934,0.10308636011302903,-0.14746435049815537,-0.06730321647244905,-0.3092683730191827,0.06059990515547293,0.15925076823080528,0.09927613519402062,0.15455430582701868,0.1085180835084327,-0.3200903879872948,0.08298392701059276,-0.1593682748202754
0.33462559905337286,1.0718675081555766,0.09958144257631389,0.015931849359580447,0.9991956713027151,0.006790631321403931,0.036167305016504156,0.10292033175245843,-0.14740052355280156,-0.06735744353878134,-0.30922649214211106,0.06068816871341283,0.1612674084811113,0.09914931713318173,0.1547821468759231,0.10879590548437876,-0.32017334358771393,0.08272919449161983,-0.16317264074028423
0.33455738551379177,1.0718823127327752,0.09957385762041089,0.015917292287437948,0.9991944196027729,0.0068100396707415035,0.03620462678438947,0.10287955627049533,-0.14738609231041716,-0.06748619599414125,-0.3091719709019877,0.06065517347968109,0.16280106038692999,0.09907079271504637,0.1548973677337807,0.10903014144087468,-0.32016732770538925,0.08276603913329522,-0.16588271075721334
0.3344883558650953,1.0718764930830922,0.09956962345265666,0.015888441498547776,0.9991964573598953,0.006834029572207856,0.0361565079340965,0.10277810129362572,-0.14735854620382213,-0.06749932546377806,-0.3090829179110783,0.06074748862499266,0.16393077920583257,0.09908800542207169,0.1549898960590044,0.10944207187313523,-0.32003334161776026,0.08260678693040113,-0.16792600756280154
0.3343975315592873,1.0718799015940563,0.09956029703607457,0.015852982717502677,0.9991964700247346,0.006864887911462256,0.03616587539423692,0.10275038310870528,-0.14730433859019149,-0.06752870079470691,-0.30908529344540986,0.06079851698665942,0.16466467223562573,0.09903538768396741,0.1551026219285891,0.1095727958658937,-0.31998683890548524,0.0826611227460105,-0.16938904057575255
0.33432856041533476,1.071875587829097,0.09955560288638826,0.01583626140632603,0.9991981465810637,0.006844824502221797,0.036130666630599696,0.10271557289946455,-0.14735876718188137,-0.06762080268097942,-0.30913903908318036,0.06094587760031444,0.16516246879570282,0.09900401618263814,0.1551010887879627,0.10967342206236573,-0.3199589240193943,0.0827373077472527,-0.1702954481616113
0.33424357710120184,1.0718822386524447,0.09956195011581744,0.01577699994483014,0.9991999503942387,0.00682621161097847,0.036110223482191645,0.10270892136370266,-0.147422518574067,-0.0676739370811577,-0.3090396901998893,0.06092720377335298,0.16547103815840603,0.09898814716236487,0.15506145272681643,0.10972145062307301,-0.3198516470933596,0.0827070517495938,-0.17090009488813787
0.33417700500449515,1.071894028905207,0.09954778354488282,0.01572918370561352,0.9992019251970616,0.006851464427043417,0.0360716356386247,0.1027091842330539,-0.14734188979480675,-0.06781418119358898,-0.3089926934338735,0.06087471375849405,0.16568222109382574,0.09895534490682027,0.15513982661336514,0.10974917758892629,-0.31968108611206086,0.08245229696288167,-0.17161258220675182
0.33409495669532135,1.0718932310011358,0.09954523841374034,0.015707030491874087,0.9992045488519612,0.0067920389903118475,0.03601981333974383,0.10279786133639082,-0.14749126348601443,-0.06788107054825712,-0.30932180081669536,0.06106045059676211,0.1657532826882523,0.09889856886594693,0.15498844942907614,0.10966267405472932,-0.31963901737046735,0.08265438737984389,-0.1719028523529979
0.3340230875163071,1.0718912424625742,0.09954468066029143,0.015628371356068236,0.9992059543485081,0.006815728622115686,0.03601056298634567,0.1027545072507248,-0.14744378084054335,-0.06793386048755448,-0.30907558621083636,0.061084608433120295,0.16593378189384902,0.09898244097245751,0.15505309243796334,0.10964666101777185,-0.31960392070751137,0.08277791838328565,-0.17211287067953296
0.33394003294616087,1.071896970616261,0.09954479830365061,0.015560857823079862,0.9992072382609539,0.00682935450598606,0.036001592017004015,0.10289535091171169,-0.14741581693255598,-0.06800272224795043,-0.30921781166530343,0.0610608610131671,0.16602220395711928,0.09895742907448561,0.15511674434911243,0.10937618021254625,-0.3195491116375804,0.08272458638169625,-0.17254548864569558
0.3338885144149418,1.0718992051840326,0.09953181924118114,0.015531761727834015,0.9992104375376205,0.006827224682942635,0.03592568575038191,0.10291653028743686,-0.14742701819499957,-0.06809992422315779,-0.3093244767414505,0.06113595349614863,0.16605839107116938,0.09897350382910482,0.1551047835317807,0.10921466418034562,-0.3195142259917293,0.08276665430923062,-0.1726224955215426
0.33381649872086355,1.0718946287640991,0.09954374245835447,0.015494820429773331,0.9992124662568382,0.006781122404001645,0.0358939297892786,0.10299564711124952,-0.14756056054715963,-0.0681847641676786,-0.3095054967904457,0.06117669906083836,0.1661065051673711,0.09893567357124089,0.15495436380670288,0.10904126552950004,-0.3193940392106239,0.08300646327245549,-0.1726770800022472
0.3337610859482403,1.0718902380332604,0.09954085565377455,0.015475457224370201,0.9992147018182551,0.006771732650028757,0.03584178470540731,0.10306241349444303,-0.14757827629197456,-0.06836023587869561,-0.30970567680143035,0.06125801797231934,0.16614107382141444,0.0988746375810788,0.15495259001749045,0.10907353454918245,-0.3192709576562987,0.082886487781499,-0.1727880840865957
0.33369037684052844,1.0718911590133684,0.0995550871057407,0.015440681238722885,0.9992193828641732,0.006736436663344138,0.035732767770012434,0.10317830217523452,-0.14770059903441937,-0.06853738460777876,-0.3100292399795972,0.06129522305980609,0.1661196584842571,0.09892968907578763,0.15483574178539491,0.10926566319197972,-0.31918304047700713,0.08277145966805952,-0.1729103559487918
0.3336155022631308,1.0718881923557664,0.09956493988565493,0.015434516018877954,0.9992207777333948,0.0067107213968051836,0.035701250390809784,0.10315980627924547,-0.14777105410597352,-0.06860175249649762,-0.31011945883790987,0.06142794970129186,0.1660948370926377,0.09881765278012537,0.15478325182372304,0.10909794175511278,-0.3191561699603348,0.08300947125757886,-0.17285948237608828
0.33360697875172995,1.071888897993889,0.09956806903869957,0.015447682465534697,0.9992254398167808,0.006741920014108609,0.03555890948733371,0.10316388903395271,-0.14772090223820056,-0.06882349207600959,-0.31032906379388825,0.06144127854435212,0.16594698784239423,0.09884103806238345,0.15483383964774783,0.1088207069629847,-0.31919592876761327,0.08281177965560554,-0.1729693327565864
0.33351169783885354,1.0719056584206264,0.0995704333856248,0.015396445735207636,0.999227141681747,0.006708213790997274,0.0355396771648683,0.10321803434278783,-0.14780610260657212,-0.06897825136083638,-0.31042744987534215,0.0614270632924924,0.16592452098220203,0.0988313321390715,0.15469539592904885,0.10899103330843248,-0.31898610904234354,0.082880588232409,-0.17282518094757957
0.333432978837551,1.0718995345786497,0.09956886509719337,0.015324387271427164,0.9992311238170528,0.0066869968750261745,0.03546277517141448,0.10329210942288486,-0.14786081606330373,-0.06897586876684329,-0.31051648986270214,0.061463158170128915,0.1659664715899514,0.09882106322387116,0.15464743923582788,0.10898891436422747,-0.3187563171019673,0.08274352854537712,-0.1729321356855869
0.33338954451367636,1.071902736724716,0.0995836196688074,0.015287810278766568,0.9992344001996881,0.0066683448584506505,0.03538968057638474,0.10334919618055399,-0.1479238974182578,-0.0692767112656837,-0.3105991186720476,0.06143123135351213,0.16589946204535982,0.09887065141299468,0.15457726600599359,0.10885286350274506,-0.3186994786368908,0.08273405094488848,-0.17296834979161355
0.3333229153204631,1.0719020967083481,0.09957470291701401,0.015205711657433263,0.9992383616773667,0.006690439698772892,0.035308935157548835,0.10346583662473739,-0.14786707476431318,-0.0694263281279826,-0.31069599730290853,0.061454194044914395,0.1658649868044773,0.09895042493886463,0.154640001169884,0.1089226015331919,-0.3185453080670282,0.0824893798361094,-0.173035268883935
0.33329674163500833,1.071898080738448,0.09961436971462605,0.015193219171504773,0.9992423205766744,0.006641418694400341,0.03521139613072352,0.10352656014516988,-0.1480441556021991,-0.06963619166928628,-0.310899037519157,0.06155205650340002,0.16587982762784778,0.09899967503003265,0.15448016483633575,0.10880320760508244,-0.3185937910366988,0.08262409966080672,-0.1730783657273556
0.33321979342236374,1.0719019507379972,0.09962692752273872,0.015131260289406567,0.9992412303850724,0.00665750911753476,0.035265933036444964,0.1035978396414976,-0.148003275034294,-0.06952597611210713,-0.31085855867497825,0.06150825983005732,0.16584340079442603,0.09893666248579143,0.15448791270814904,0.10870150986844478,-0.31845945639479084,0.08286857373563843,-0.17318157995003428
0.33316492983147866,1.071901138415104,0.09965649837109583,0.015124913019079728,0.9992424297702048,0.006644682974396811,0.03523707906839356,0.10351336603352852,-0.14808562449262724,-0.069588197310909,-0.3107807682704971,0.06159874173271959,0.16591468950767724,0.09888793670256889,0.15445413314054815,0.10849391664776208,-0.3184682617022782,0.08283216019952916,-0.1732644803691817
0.33307874121664366,1.0719033666924085,0.09966528536605421,0.015056625826481772,0.9992420931245478,0.006643907110318891,0.035275995309887086,0.1035568314715095,-0.14807365849078183,-0.06957028719732239,-0.31073427090835,0.06151935624456526,0.16588798838168514,0.09891059841288073,0.1544017189355498,0.10871883105112401,-0.3183686096023302,0.08290923705735924,-0.17324645125863025
0.3330449823876114,1.0719063439993028,0.09970003545373964,0.015000825240551746,0.999245026147477,0.006614829002758595,0.03522210951795142,0.10362060182458491,-0.14818803255565122,-0.06960442445334243,-0.31077063018731665,0.06155243059159724,0.16593704108360538,0.09897913385845224,0.15427821645867668,0.1086581197294254,-0.31828004945920557,0.0830584998514966,-0.17297540052989807
0.3329679157943444,1.0718931121993678,0.0997297701996478,0.014949182646793109,0.999244091276408,0.006529682194306083,0.035286417185935635,0.10379220248802586,-0.14839195967593313,-0.06956620030490612,-0.3109543348466968,0.0616499723759568,0.16589143220327077,0.09900614580387015,0.15409897604683842,0.10887428859500954,-0.3183282436798824,0.08274134212143186,-0.17300765092440634
0.332915337837362,1.0718905301401374,0.09975422548440524,0.014888443946157022,0.9992430913374084,0.006540659444846267,0.03533834214204456,0.1037525626637853,-0.1483918081147911,-0.0694578963124552,-0.31068744886015126,0.06168053569670085,0.16590863275210013,0.09904366444866715,0.15409914260924482,0.10888268059346383,-0.31828973245795283,0.083001464227392,-0.1730544601924233
0.3328697210903366,1.0718671862645603,0.09977036667418743,0.014864428407573845,0.9992415455820767,0.0064916612048528536,0.03540113960962333,0.10386421520303822,-0.14851802563788713,-0.06931772507409294,-0.31085370369184917,0.0618473356746964,0.16599511224955693,0.09903148107011119,0.153994229184913,0.10904514373035791,-0.3183578741931213,0.08308127201041286,-0.1730978783967761
0.3328406920479485,1.0718792943775861,0.09978436890798813,0.014801060209579397,0.9992414125873587,0.00647780164159963,0.03543396778494183,0.10389540520405677,-0.1485410150374938,-0.06925177884525105,-0.31066552992262586,0.06171046960799292,0.16607053336113436,0.09908551507453876,0.1539413392633605,0.10927555247508881,-0.3182387335330893,0.08314538360188964,-0.1729136192354508
0.33278881155063744,1.0718751163713516,0.09979666845102457,0.014766084071209062,0.9992374355708122,0.006450366766985219,0.03556547319578383,0.10394481696132164,-0.14860109745292585,-0.06905193857090544,-0.31060262710253245,0.061788574786524,0.16614995371445498,0.0990112234021114,0.15387343252432434,0.10930525795769701,-0.31814552118449835,0.0831681878109383,-0.1730760359779427
0.3327356737141082,1.071881592973469,0.09981938996737205,0.014746193754123834,0.9992350159713937,0.006472938652733036,0.03563753206399144,0.10393591923414473,-0.14856637645331855,-0.06890989862218962,-0.31051171140776124,0.061677977438290794,0.1661554472396169,0.09897821714896321,0.15390614317101747,0.10943315486124906,-0.3181941891936,0.0832463664880103,-0.17307652372927634
0.33271281135888225,1.0718815188676558,0.09984321020381298,0.014755563585617906,0.9992326428995173,0.006442358430976989,0.03570566796970886,0.10393892868866313,-0.14865939807157313,-0.06890493633337906,-0.3105484750739538,0.06162775752056991,0.16624673101621903,0.09899359036911261,0.15382219509330303,0.10962926577919359,-0.31831896652380764,0.08323127369180733,-0.17290534099368018
0.33265815397322374,1.0718841476147136,0.09986568122712747,0.014684579436806258,0.9992306606712534,0.006444044973470622,0.035790001196345046,0.10413248937001243,-0.14864374381702097,-0.06884550527131883,-0.31059472547950834,0.06157718833293737,0.16616757936426932,0.09904198748759245,0.15378670368919814,0.10978711901265653,-0.3183472144350319,0.08343961703813525,-0.17268919633928273
0.3325867949703975,1.0718721756706928,0.09989823492381933,0.01472971621723473,0.99922688829318,0.0064217116735086075,0.035880674342477215,0.10396167632624563,-0.14875531021732316,-0.06861550731283442,-0.3105394113743161,0.06163841720981424,0.16633170650206552,0.09883293069662033,0.1537386820246672,0.10998314391699252,-0.3183738573030487,0.08367705173096482,-0.17266270205322473
0.3325700721378854,1.0718776296155428,0.09992051874392778,0.014759428086991077,0.9992253085782195,0.006416143668097307,0.03591343870666484,0.10394936785876004,-0.14878648724005974,-0.06856023388756455,-0.3106508050501359,0.061666980502394615,0.16641393015128525,0.09876868511052414,0.15372412531109425,0.10970272384643803,-0.3185437242905471,0.08366307012323046,-0.1726553284996852
0.3325124444047259,1.0718652959183037,0.09993779569719415,0.014759871923875711,0.9992223910715883,0.006412399988298,0.03599500643642938,0.10397163622721943,-0.1488165542990004,-0.0685545812628169,-0.3107622283631912,0.06174299541446903,0.1664040158787391,0.09871251791989491,0.15370520742709756,0.10978843884076325,-0.3186475503388441,0.08366720725997406,-0.17261464736241627
0.33249050930723867,1.0718671781838265,0.09996036528010693,0.01473816710267387,0.9992230638468056,0.006422704691046831,0.0359833846588643,0.10400104032471581,-0.14880944592376716,-0.06853414809375477,-0.3107863450501178,0.06174195491293114,0.16644510931745343,0.09878222994460648,0.15369351036699633,0.11007551134640052,-0.31861573065320814,0.08374431152209641,-0.1724849628798924
0.33244990608173164,1.0718701643391848,0.09999376235118361,0.01473472580712508,0.9992220836658394,0.006394640915028512,0.03601699511973244,0.10404073816904616,-0.14895601515276105,-0.06839022607561243,-0.31078954428969224,0.06158474952475182,0.1667551921175066,0.0987195813233701,0.15359881740363088,0.10988925190803418,-0.3186670613472763,0.08374987235698422,-0.17235559427387315
0.33240507614982073,1.0718742362585332,0.10000013660793683,0.014718445219188924,0.9992219467059816,0.006393666000463186,0.03602762310384145,0.10400955327189505,-0.14894695881415168,-0.0683811739267877,-0.310751075932049,0.061595664759015484,0.1669199503429273,0.09870884157917353,0.1535600486380799,0.1101232152233351,-0.31861721901772383,0.08393481736747983,-0.17222891171595822
0.33238664643722055,1.0718617876425716,0.10002999664271991,0.014723695649249214,0.9992231639311452,0.0063733408177470445,0.03599530492551737,0.10401535335970652,-0.14903114653674998,-0.06850982115775678,-0.3108698418494252,0.06166060384199351,0.16694618895131694,0.09874397820466231,0.1534882478601719,0.11014455435426182,-0.31869360157255705,0.08391939658231473,-0.17224205924639466
0.3323583302492133,1.071860340369143,0.10004091935331688,0.014738518302586568,0.9992233601878678,0.006356683236416264,0.03598673521372652,0.10403214744874147,-0.14909302368829047,-0.06856832561048824,-0.3110335773175383,0.06176221373281139,0.1669758281216235,0.0986258590126615,0.1534381500515394,0.11025760857499266,-0.318610438468915,0.08391096042059748,-0.17209369022370546
0.33232344050566875,1.0718589763019135,0.10006047283653843,0.014728326460670502,0.999222491248574,0.006354271378203279,0.036015449711389744,0.10399781761562278,-0.14911239869638723,-0.0685221642784927,-0.31097172354952984,0.061763204068968576,0.16705611559067457,0.09864297413311401,0.15344097190259362,0.11016112046405997,-0.3186817903138965,0.0838883265744776,-0.17215393833403383
0.33228398087708977,1.0718634554453523,0.10007115340854811,0.014746550764579584,0.9992214578866998,0.006340105661364087,0.03603915092685221,0.1039945737976206,-0.14915905187773743,-0.06850301981718714,-0.3111054061370546,0.061823727825038866,0.1670125043998858,0.09850633287168416,0.1533927694383664,0.1099691409681768,-0.3186950889546286,0.08386859260108045,-0.17221771347263562
0.33228555562144446,1.0718555302146575,0.10006735454290404,0.014773989354896535,0.9992221389769138,0.0062887927142445815,0.036018013592368045,0.10398631077741821,-0.14926567900074356,-0.06849262652202895,-0.311199652727177,0.06190771816750974,0.16697295441754306,0.09844544583145572,0.15327661161685543,0.10990557959133823,-0.3186794850643895,0.08407417391568593,-0.17213567772021537
0.3322499080231466,1.0718472666026841,0.10008045939400342,0.014761227456115735,0.9992222743994275,0.0062814803066854295,0.036020765027699055,0.10400979138979026,-0.14930224377420134,-0.06849313106781078,-0.3112955881815363,0.06202208497020826,0.16697383468731394,0.0983982692313673,0.15321634372010776,0.11012060425068586,-0.3185185902893491,0.08398537533135955,-0.17220847840077194
0.3322277659254102,1.07183751614176,0.10010306619487559,0.014722677208606197,0.9992225681100296,0.0062656748073461515,0.036031145896529386,0.10409749540721364,-0.14935097426671365,-0.0684404490919401,-0.3113473338769206,0.06202733004631396,0.16696454510329886,0.09852378698579595,0.15314635842348065,0.11007784922851356,-0.31861901909553564,0.08425141594487738,-0.17219332916711316
0.33220898172218627,1.071834003304407,0.10011163381198984,0.014719503782428747,0.9992221646754491,0.0062518067483001765,0.03604603642691899,0.10418212305249047,-0.14938351266490685,-0.0683731350528176,-0.31152247647220443,0.062142592974861896,0.16686737585926859,0.09846778074606216,0.15311452443538884,0.11013523958682475,-0.31857808248244907,0.08422168480712876,-0.1722125764758716
0.3321928474171547,1.0718303694312246,0.1001242005733284,0.014736951082133668,0.9992226891082082,0.006224506825118568,0.03602909045407485,0.10416389260257221,-0.14947451040251689,-0.06825852394979427,-0.3116175150971998,0.06219259671051953,0.1669200131895042,0.09845729344832517,0.1530479255177019,0.11025619958062347,-0.3186631488565453,0.0842336662523106,-0.17208300578675542
0.332184308752781,1.0718400262118384,0.10015112044375551,0.014738928946744447,0.9992217652175115,0.006220831034798728,0.03605453023324121,0.10427608571605743,-0.14946543458596206,-0.06839912147013029,-0.31188303549851165,0.062166910020593005,0.166658088860002,0.09845250331850997,0.15300422894085472,0.11035538522072379,-0.3186804424998914,0.08425176452210385,-0.1721144560011347
0.332163379718876,1.0718275985094723,0.1001517737875444,0.01475563291538348,0.9992210690026219,0.006195434318250583,0.03607136193897227,0.10425882418259187,-0.1495598802107449,-0.06819431866178402,-0.31192887192584634,0.06227802275618159,0.16678660025246636,0.09834318344790971,0.15294537419174423,0.11033234230320045,-0.318577011973084,0.08438538667776663,-0.17201976593798707
0.3321732729127012,1.071824026757763,0.10015653639324301,0.014827529445364035,0.9992180032875508,0.006185064267521177,0.036128537980292315,0.10421108903135455,-0.14958726955426543,-0.0681504908397455,-0.3120827695246816,0.0622955813462209,0.16677761031516233,0.09826316735452637,0.1529835099453171,0.11016718975148383,-0.3188853402562765,0.08442095553183177,-0.1719363977956605
0.33213394179178996,1.0718169037486291,0.10018374513172873,0.014853993322807802,0.9992187404207006,0.006128143801779887,0.0361069733982128,0.10427591709372144,-0.14974881557867106,-0.0681802858689576,-0.3124216757063134,0.062393584707578865,0.166792288174012,0.09814307558918259,0.1527404432101641,0.11023926418749581,-0.3187192806960103,0.08460545942905609,-0.1718613833342214
0.33214402875942745,1.0718145922390616,0.10018005620403238,0.014861326400284293,0.999217383818495,0.006111244298370201,0.036144343204327405,0.1042100713596552,-0.14976840352494458,-0.06802149503408957,-0.3122960610429254,0.062437063137092366,0.16672638675166282,0.09808807779014685,0.1527447497150059,0.11053210158338109,-0.31864733950403135,0.08416079012095545,-0.17187303763169162
0.3321205477272742,1.0718117887197955,0.10018344879281131,0.014885691601591044,0.9992158994837443,0.006046185101115907,0.03618626880678671,0.10429517627409197,-0.14993238261915415,-0.06812363000800548,-0.31254414623531285,0.06259259106376122,0.16667602640388,0.0980053599441573,0.15260909442012985,0.11070623846057688,-0.31868382417118873,0.08439425294528138,-0.17179074899351338
0.3321362385303272,1.0718175197786224,0.10019759154872718,0.014894824176182203,0.9992151042309634,0.00608505845215509,0.036197952332963496,0.10423768701218059,-0.14984522597158328,-0.06808878601598645,-0.3123986491593038,0.0625141138457659,0.16669204921874003,0.09797586219192644,0.15267248964678665,0.11071246674255739,-0.3186200508789197,0.0842953539877338,-0.17174400707416512
0.3321041326073039,1.0718086585854065,0.10020351070513242,0.014910501632743064,0.9992153036846789,0.006066023879231078,0.036189185921920435,0.10432676693116241,-0.1499117717996071,-0.06809619597257162,-0.31276358875840954,0.06261351747622466,0.1666520065221699,0.0978381921504422,0.15262022380585522,0.11072582893351882,-0.3185699123038097,0.08448215085394553,-0.17172531282734216
0.33211536665739366,1.0718087338847735,0.10021461903376509,0.014902923876693404,0.9992147702821067,0.006082290823215657,0.036204301517138125,0.10425953272534672,-0.1498835663312648,-0.06802595586822843,-0.3125626276302767,0.06250819055638429,0.16669572954288586,0.09789954341027582,0.15266371779242555,0.11087951557422866,-0.31856947803341057,0.08439380836040714,-0.17169946252422597
0.3321095409888918,1.0718061975527007,0.10019029017035788,0.014903952118064435,0.9992149743514693,0.006085367021670949,0.03619772853738558,0.10427124381331884,-0.1498649440499869,-0.06807302726909664,-0.3125799692959441,0.06256705701857697,0.16680454423724403,0.09783349032019129,0.15269262224558255,0.11083720421392691,-0.3184808274558472,0.08455110355445598,-0.17174708189323787
0.3321268206453238,1.0718077657810454,0.10020009717923857,0.014923278598883007,0.9992146498005691,0.00610293190118438,0.03619576773596305,0.10427306175859524,-0.14984385175947346,-0.0681602954300291,-0.31262821518056877,0.06254581241477497,0.16677757708301408,0.09782529776418024,0.15274039772960912,0.11096589340128894,-0.31853063538510584,0.08440731218082687,-0.17186338177280783
0.3321034357930929,1.0718061930575309,0.10020639505363366,0.014909774427180842,0.9992146309447364,0.006113424108276396,0.036200082571412814,0.10433241143612564,-0.14979910765594162,-0.06831206962869363,-0.312742573855064,0.06258181670895702,0.1665805334526585,0.09780343921968122,0.15274846976829826,0.11101627251572281,-0.3184892624077087,0.08461041320169148,-0.1717694363649384
0.33211961390352274,1.0717961584977533,0.10019547740318775,0.0149232897445146,0.999213762137319,0.0060927875138305125,0.03622196735266656,0.10431313221259944,-0.14984581554691606,-0.06811973052030451,-0.3127243543086751,0.06259723377067955,0.1666254704614234,0.09779727616257579,0.15270925892168985,0.11095727474389856,-0.31848877129924696,0.08469055680067691,-0.17182220431300135
0.3321194821570649,1.0717932898007534,0.10017468607963428,0.014933536399415593,0.999213051425614,0.006113220245443468,0.03623390524841656,0.1043327445468408,-0.14977705329044405,-0.06805817561764006,-0.31278008951288033,0.06254259381889295,0.16662715208068132,0.09770282468290792,0.15278330954629216,0.11070646893385266,-0.31849295584254,0.08475332609001698,-0.17171139703571447
0.33211013566837816,1.0718033832276013,0.10017176217213093,0.014958884848994904,0.9992115594961966,0.006085039289809402,0.03626931802632511,0.10426799466533214,-0.14985032461004202,-0.06794438149200649,-0.3127638486243469,0.0625875034587806,0.16667510068216673,0.09767917556927101,0.15271508218848479,0.11057810599540226,-0.3185878950918151,0.08468744125815547,-0.17171659027676
0.3321290924194628,1.0718018352399612,0.10016668979436447,0.01501070423651531,0.9992100636395543,0.006041580488220516,0.03629637426748933,0.10440243914688989,-0.14994551366561526,-0.06785519563102066,-0.3131634982864625,0.06270224276151205,0.16676628932661478,0.09761080690430476,0.15265619935345567,0.11076248114442852,-0.31869738165623807,0.0845278025457541,-0.17165396800945265
0.3321410414445122,1.0717939248671025,0.10014868524016285,0.015010654421430663,0.9992095821502738,0.0060889491125715785,0.03630173400294016,0.10426025927152005,-0.14982032260764963,-0.06784842843321229,-0.3128963495583932,0.06270904740673537,0.16682890033528597,0.09763212788991113,0.15279817259320058,0.11087716568868347,-0.31865658826564314,0.08456059586013309,-0.17179125874852247
0.3321420591268744,1.0717910506470165,0.10013329373745991,0.015055716542650999,0.9992058145169935,0.006087818317435726,0.03638686717694872,0.10423830475506458,-0.1498099147519958,-0.067759695114509,-0.31296609761715644,0.06277892350426799,0.16684578108041587,0.09746357696033987,0.15278069212073514,0.11119796953272774,-0.3185006379035519,0.08456795437018377,-0.17186377917670284
0.33217029764984496,1.0718044623040257,0.1001236121252879,0.01505611241525388,0.9992022047266874,0.006161860724905018,0.03647326446416774,0.10431626294859057,-0.14958876900751586,-0.06757579292108025,-0.31304074314583896,0.06273464023482876,0.16667594117944862,0.09739059577448805,0.15298144970940325,0.11116444529677375,-0.31847883921138403,0.08454573057906177,-0.17208489651855638
0.33217775383047804,1.0717863113637482,0.10009000582872148,0.015108962806708634,0.9992014692061301,0.006130463846004667,0.036476850086726034,0.10423050842729566,-0.14966311687873957,-0.06743795306514414,-0.3130466833002931,0.06284372495326124,0.16675925279505052,0.09734478600801044,0.15295008291386117,0.11106852539785167,-0.3185778204071947,0.08460043264354047,-0.17203781676644578
0.33219136320800197,1.0717885190937093,0.10008044740056134,0.015104048242204878,0.9992005273747138,0.006137964477670379,0.036503413715182696,0.10430975837554225,-0.14963355224908667,-0.06745828701414797,-0.3131315286589405,0.06279532186954166,0.16681442090520188,0.097391632453976,0.15297239106639327,0.11118209360310324,-0.31865666016564526,0.0847684249008525,-0.1719371957152641
0.3321970866844948,1.0717897715579168,0.10007104043607265,0.015151727371858681,0.9991966995902504,0.006118101983234606,0.03659165907310539,0.10427438411404125,-0.14972017285243774,-0.06736656830391288,-0.3130622296993731,0.06268081704849811,0.16716811830091124,0.09728446838706928,0.15292870338129308,0.11130742877188594,-0.3187261880577567,0.08478396721360051,-0.17176357742322848
0.33221622385099375,1.0717859222235224,0.10004185419268827,0.015113240343766154,0.9991940209626554,0.006118926013173591,0.036680474141388635,0.10437971907410219,-0.14967811562814343,-0.06718106043914539,-0.31301309329947297,0.06268732947122219,0.16741281178295855,0.09735153635133725,0.15299012235551482,0.11149863488890639,-0.3187303692689897,0.08478193961059846,-0.17153683504466385
0.33223319990863015,1.0717810200050564,0.1000255868481215,0.015159357231527957,0.9991891316428813,0.006146040270482267,0.036789934548259295,0.10437253770489294,-0.14958993912133986,-0.06701706826306741,-0.3131351781610912,0.06276581818233853,0.16748852299749437,0.0972047609709734,0.1530775916800605,0.11159130731839756,-0.3187289070618281,0.08476817050622645,-0.17158967491026375
0.3322434186753182,1.071786261697144,0.09999012973001238,0.015184232273939644,0.9991860600930984,0.0061176739397704365,0.03686774296656774,0.10436489385761684,-0.14961270574719418,-0.06680922945858334,-0.3131611476052192,0.06277291381906205,0.16763114046425223,0.09713040783010764,0.15301514817533057,0.11169917888482309,-0.3186984571144125,0.08483373700005467,-0.171508273188425
0.3322509781883895,1.0717977651701556,0.09997815171845022,0.015196325778478376,0.9991817715886214,0.006174407823607787,0.03696938863284284,0.10440521873975495,-0.1494446336848419,-0.06680380488498867,-0.31318874069828273,0.06278745569439015,0.16757033699599566,0.09704865770760988,0.15314590367771594,0.11171461904808919,-0.3186449719367435,0.0849611190788544,-0.17154396443003045
0.33226769950590573,1.071781494192952,0.09994772495851076,0.015211053811300484,0.9991808220099024,0.0061349394889855975,0.036995557666183176,0.10439018038722092,-0.1495326565895982,-0.06659668933331092,-0.31317818497175504,0.06285164670237278,0.1676916330381753,0.09704568008266257,0.15312738771518913,0.1119313875387441,-0.31872706783321336,0.08488587873215342,-0.17149097390399376
0.33229000153315363,1.0717913704824324,0.09992974414250441,0.015214493094538518,0.9991793651218374,0.006188796195850516,0.037024509669197854,0.10445981547964683,-0.14937295434228218,-0.06671555084551732,-0.3132633033252354,0.06275886413129868,0.16755528346711512,0.09707156205372018,0.15323598598202598,0.11229103350928234,-0.3185821208898066,0.08450484259433556,-0.17156354093879705
0.33232451070247016,1.0717779674474026,0.09988607392191735,0.015261455434282326,0.9991774298555349,0.006188242024646631,0.037057486503530114,0.1043632853155635,-0.14935577255390414,-0.06661457796362291,-0.3131998290991897,0.06284451589210056,0.16768701101771033,0.09699443829198683,0.1532899612658634,0.11238878190532356,-0.31864385914047827,0.0848282642897389,-0.17145440693249173
0.3323469972114287,1.0717780085727537,0.09985393560200696,0.015315115375090185,0.9991754881823269,0.006189213201592814,0.03708752750725677,0.10425491325233917,-0.1493194687877011,-0.06648124242142042,-0.3131876400479308,0.06300662847250844,0.1677912754929354,0.0968970534605289,0.15332678424910334,0.11241584417173245,-0.3186736712165319,0.08479801795969444,-0.17131422683239358
0.3323775022314604,1.0717695500504252,0.09983762068428549,0.015332234500614914,0.9991729288819283,0.006242973217589878,0.037140356219773116,0.10428675977991639,-0.14917787471128405,-0.06632966018371092,-0.313224900070064,0.06295496898214546,0.16782710238815288,0.09691099339235651,0.1535059172564339,0.11253838193436815,-0.3188088524512081,0.08459084526230637,-0.17133743593103734
0.3323828676577988,1.0717712060540558,0.09979858346034788,0.015338742441171,0.9991681667879263,0.006259543367986818,0.0372627907543464,0.10429060692173453,-0.1490719760449896,-0.06613520445095653,-0.3131115163711184,0.06294843723362088,0.16781107395256256,0.09685318318342209,0.15358372653560426,0.11241339222687931,-0.31887713232848236,0.08457313932573,-0.17149951627075483
0.3324116979618586,1.0717729284323092,0.09977434708715444,0.01535962412900389,0.999166660484163,0.006295679208319662,0.03728848276407572,0.10427904039195611,-0.14897427742607253,-0.06603977253518376,-0.3131643790144499,0.06296637666195838,0.16781345878354773,0.09686983384955272,0.15367655135165065,0.112681031992822,-0.3188605319312552,0.08463108979168185,-0.17151018819036368
0.3324273231028772,1.0717745630748474,0.09974162608719492,0.015358328417932759,0.9991643451140552,0.006321416603653415,0.03734665839310141,0.10431260690546931,-0.1488826134002789,-0.06599179117730938,-0.313140507832485,0.06292836121339607,0.16782192457384798,0.09691706423858797,0.15376248326189967,0.11230389725218372,-0.319036489595847,0.08465583888052804,-0.1714654654289619
0.3324696250515621,1.071765240269301,0.0997032493221997,0.015392788922678369,0.9991664812655922,0.006323520374427209,0.03727489576901461,0.10421260614699644,-0.14883346194379246,-0.06597744662409452,-0.3131025013908787,0.06299024115495862,0.16771322939973538,0.09692192633193235,0.15383991947811193,0.1123089657580825,-0.3191153320655086,0.08470611813309263,-0.17135666711094427
0.33248893633939786,1.0717691892608343,0.0996700494460823,0.015388575942287241,0.9991626970463109,0.006354477767519825,0.03737267951207739,0.1043011781604467,-0.1487307565269237,-0.06580573940553203,-0.31318735343202836,0.06310052439499066,0.1677490634438194,0.09689799382566476,0.15392371562692875,0.1123814080812591,-0.31906341467323796,0.08488522067723855,-0.1712057222410539
0.33254680059062536,1.0717475349657826,0.09962435691376002,0.01539037554991363,0.9991625042508643,0.006361233596412058,0.03737594342228784,0.10436821172779337,-0.14866849121504283,-0.0657684666824677,-0.31322649045102624,0.06321357237058593,0.16770820065090758,0.09699625082431233,0.1539844877667074,0.1122714088480165,-0.3191834883502997,0.08502460246118657,-0.1713244436033483
0.33257702444727566,1.0717499141805078,0.09960992248645147,0.015381626911151908,0.9991604387169152,0.006398824134646424,0.03742830888888101,0.10441655640412612,-0.14856628571691965,-0.06565230965135527,-0.3131570453739643,0.06314177642553638,0.16767057710774255,0.09704273706519627,0.15410187906961811,0.11243944983527407,-0.3191959050917357,0.08475951944286687,-0.17133726593890403
0.332606022794733,1.0717498150523308,0.09957677868785375,0.015389353674345036,0.9991583268902261,0.006393060014984601,0.03748245433605923,0.10443566479015223,-0.1485198817054631,-0.06556132549584047,-0.3131359140507763,0.06319256112406939,0.16762599138801287,0.09702056494430453,0.1541345529916122,0.11249856498378558,-0.3191924939262648,0.08495970870604193,-0.17116130563338788
0.33263770240578105,1.0717554702324184,0.0995467629631182,0.015445681796524464,0.9991556918868782,0.006429311077311132,0.03752330266601532,0.10431237482125968,-0.14841700652077489,-0.06542543016191357,-0.313074613447266,0.06318841960796164,0.16761181594242897,0.09697350259769984,0.15422639517303935,0.11237660470503905,-0.3192876413443471,0.08493370539395596,-0.1710151876659973
0.3326779687058226,1.0717474378538436,0.09951725594458674,0.015435030975135046,0.9991559398348914,0.006500672631006843,0.03750878519488708,0.104390816174944,-0.14818245527030552,-0.06546182515576224,-0.31314494177742686,0.06321334416527148,0.16739745125143896,0.09700349675313157,0.1544342774321391,0.11244578153167818,-0.3192561192439835,0.08472341684308549,-0.171083493105862
0.3327308978664223,1.0717575991045194,0.09945563592034988,0.015420156379405251,0.9991588176567924,0.006460581765421332,0.03744511662644076,0.10440587649863374,-0.14822736801679579,-0.06550554236988355,-0.31300810877230323,0.06313913055335885,0.16748469023598792,0.09688585341130068,0.15437983026962318,0.11261771010611245,-0.3187224833195491,0.08458825232019904,-0.1710664136135073
0.3327508614818933,1.0717495215291541,0.09944817869014703,0.01545659928994763,0.99915600451042,0.006433916886410962,0.03750969078334672,0.10438517217551345,-0.14829315742013985,-0.06545388590187436,-0.31304431292902085,0.0631872787345605,0.16748459798458276,0.09694464157200243,0.1543186944276309,0.11282100043390401,-0.31890811452322504,0.08464767394905841,-0.1709434344355007
0.33280105537451476,1.0717413210527225,0.09943185454624621,0.015469659117080838,0.9991565634509533,0.006425419235505934,0.03749087018635829,0.10450686745331095,-0.14830928485939515,-0.06542127864091754,-0.31326895241084013,0.06325728519195109,0.1675129318806416,0.09705385003438977,0.1543284562326842,0.11289942008794812,-0.3190816289765369,0.08466703966560966,-0.1708850935168663
0.33281289791146806,1.0717436502511917,0.09941508932508661,0.015420589508855373,0.9991552801338364,0.006448197029759095,0.03754134194378103,0.10452450393519482,-0.14822054983624333,-0.06522213581339294,-0.31306873025537446,0.06329544767748785,0.16758429440152758,0.09712196606394992,0.15440147157061293,0.1126455641397003,-0.31912298198888595,0.08471591770687167,-0.17083875120255443
0.3328465875592262,1.0717320435876188,0.09940318095078203,0.015437329909579994,0.9991540276165307,0.006453354205263659,0.0375669024864861,0.1046661804409065,-0.14820635188580092,-0.0652647906079986,-0.31330406004538147,0.06326298662913056,0.16755997693565317,0.09715157645866264,0.15441951663370684,0.11283324491732474,-0.31909243435432494,0.08462798882617846,-0.1708130660497579
0.332886540613249,1.0717417043709108,0.09937404401280141,0.015460281067986881,0.9991532530367089,0.006452969073526667,0.03757812988424549,0.10455310715693067,-0.14817313831026793,-0.06512288855736133,-0.3131215420090898,0.063309165503083,0.16758636855991604,0.09722023705812978,0.1544544740651908,0.11293953314834686,-0.3192627136877656,0.08467780140040652,-0.17063609714959768
0.3329482446695119,1.071740654092828,0.0993391760499483,0.015521996082032452,0.999148485852336,0.006473778031363445,0.03767573562140968,0.10456638446463239,-0.14809305522119467,-0.06495099773692974,-0.3132091530868732,0.06325070235660493,0.1676319503239855,0.09709991107985899,0.15457501109118837,0.11292588684514687,-0.31932629235877513,0.08466900838168326,-0.1706214630709725
0.3329668376629431,1.0717336069257495,0.09934129773852217,0.015611024940092916,0.9991448850426926,0.006464212925508144,0.037736037743752726,0.10447843638178984,-0.14812218841742117,-0.06495862108317083,-0.31327861371578336,0.06335080367717627,0.1676566935039245,0.09698928008066934,0.15456694052435835,0.1128254368600849,-0.31956744331976145,0.08483035677858419,-0.17063183154303196
0.33301595232045506,1.0717358386846432,0.09933119709965882,0.015645023559990923,0.9991445442617478,0.006498557260588102,0.03772508003069598,0.10438882030041534,-0.14801735919370312,-0.06481021825345439,-0.31320250854821075,0.06334940378402294,0.1676567147477176,0.09704690586914919,0.15464309480589725,0.11265795600604513,-0.319678445241554,0.08493391417965176,-0.17069573616516423
0.33306096405816266,1.0717230083401366,0.09931569798264075,0.015683095751831074,0.99914438070767,0.006513568853631587,0.03771101203513793,0.10436023451035628,-0.14797013359691055,-0.06486576531462013,-0.31321874743136674,0.06337181095904201,0.16763160765120386,0.09706619357885417,0.15469917513046683,0.11305313818063743,-0.31972827862285824,0.08495900880904257,-0.17052766816721643
0.3331132083177449,1.071707257904037,0.09932478078850306,0.015729584973490394,0.9991411667824585,0.0065734491486579925,0.0377663708004788,0.1043628883779514,-0.14785697344348486,-0.06467491441767201,-0.31330347639603773,0.06339948451657276,0.16768701924836207,0.0971631104150794,0.15482873126041038,0.11308838170789805,-0.32007575231939245,0.08498329185697281,-0.17069122909460158
0.3331636101614994,1.0716883955165786,0.09931041475385723,0.0157997592767419,0.9991358021998592,0.00656283972016175,0.0378806745458452,0.10440478318463654,-0.14785818087680824,-0.06457375811432528,-0.3134811488476845,0.0634541873977021,0.1676844661199333,0.0971599337879915,0.1548739963388007,0.11288006441893647,-0.32045492018494015,0.08503399223949991,-0.1707381807058308
0.3331889764807999,1.0716827272636869,0.09931454947569396,0.015869632130080816,0.9991345455604775,0.006547866610381546,0.03788720214751243,0.10428889806932562,-0.14791166898889074,-0.0644347250270237,-0.31354296534887227,0.06363585562120617,0.16764522790675648,0.0970724978459639,0.15484032735939682,0.11290576665290784,-0.320586242678813,0.08522437418699363,-0.1707048492622121
0.3332343440599887,1.0716874239227412,0.09931291753972192,0.015906857218189366,0.9991344235162078,0.006595284997011344,0.037866579647273114,0.10413861220653035,-0.14780983046868235,-0.06442713281840583,-0.31331165528283594,0.06356612259592559,0.16769192014174084,0.09719371215485416,0.15493095211880173,0.11307792091757922,-0.3207464507813547,0.08514566884256587,-0.1706526144525237
0.3332794948053076,1.0716689570570062,0.09930148069949267,0.01601235208288206,0.9991314930647309,0.006595696041213027,0.037899352774779856,0.10407151002442869,-0.14780311492570095,-0.06445734678540485,-0.31349910765122696,0.06365538106230839,0.16765696611898384,0.09710716508465839,0.15500243327109292,0.11288902899163179,-0.3210528832494267,0.08493486833691524,-0.17096804428406925
0.3333045423510096,1.0716760421424008,0.0993070475491197,0.016083920886864986,0.9991257380876392,0.006661173993646747,0.038009153381277264,0.10394152803765944,-0.14762243390365226,-0.06438737123222284,-0.313414036521454,0.06362887120140644,0.16748732858194015,0.09706168345152981,0.15517137383530197,0.11299941328971586,-0.32134213375176657,0.08499714289018177,-0.17119318326098165
0.33333397680027094,1.0716721327973884,0.09930273520352356,0.016151015873267744,0.9991261273954567,0.006641159488882678,0.0379739547935421,0.10378529217650795,-0.14769651575647041,-0.06429277749818801,-0.31337479611356994,0.06371257626834519,0.1675126597010844,0.09704716133045596,0.15510917149148815,0.11290309540349588,-0.32151389961431004,0.0851314858565,-0.17114426679171896
0.33337682359917237,1.0716828569990404,0.0993069225543376,0.016210989752791966,0.9991222798837234,0.006628232796356708,0.0380518091709581,0.10374499680434682,-0.14771611255530642,-0.0641471195553452,-0.3133991451533475,0.06360387091225264,0.16752183677061908,0.09698497229608247,0.15507207966099176,0.11292869722736552,-0.3216607822031234,0.08536471838116964,-0.17111590880732014
0.3334103697506899,1.0716757468322546,0.09928829297551815,0.016296075444560177,0.9991238983145182,0.006575792691593994,0.03798200484943454,0.10362579694395324,-0.14783150670488654,-0.0641929496862478,-0.31355114624529873,0.06374692753845526,0.16758842413688443,0.09672766283967173,0.15494035253337946,0.11302621113608645,-0.3213745342219165,0.08530879395237069,-0.17080169148484145
0.3334522199290625,1.071675188575289,0.0993092753508414,0.016405931673675253,0.9991224784835192,0.006597045554699489,0.0379683734813248,0.10338598113602573,-0.14779793792430432,-0.06421482612948776,-0.313445628017351,0.06376758241479472,0.16761733069104168,0.0967168886754956,0.15499454529754414,0.11324431728580937,-0.321610101684761,0.08497761924499754,-0.1709646945504419
0.33347242143134964,1.071681410466297,0.09929771146467653,0.0164381114938607,0.9991215725455218,0.006614429934765216,0.03797526933830762,0.10333712505485147,-0.14776304408109261,-0.06418623232864194,-0.3134513972379723,0.06371815665422503,0.1676619946472543,0.09664491929523145,0.15507948161828025,0.11301240961438129,-0.32166577161031656,0.0849182929869682,-0.17110994960094394
0.3334773713634181,1.0716794276481472,0.09930938189127762,0.016551787434407054,0.9991225298781081,0.006549852160333174,0.03791184589772526,0.10317163921124675,-0.14794501524338732,-0.06426574612813163,-0.3136642710271631,0.06385415933598945,0.167597301921966,0.09640409757666256,0.1548609631398801,0.11274807874161379,-0.321606632874628,0.08515913596922788,-0.17110350336687402
0.3335241325774497,1.07168396033449,0.09931633533392425,0.016575808128852624,0.9991225956794246,0.006570958790792771,0.037895961371288485,0.10308326492788483,-0.14790476825766194,-0.06430741828473441,-0.31354619122343574,0.06384393149191168,0.16767215618600725,0.09643793046472762,0.1548951092389153,0.11264284929544242,-0.3216717486492309,0.0853600112199395,-0.17104203471317403
0.3335561709985037,1.0716851063661892,0.09932017506135038,0.016641383134355623,0.999124744313288,0.006555813099947307,0.03781310596712604,0.10301770199438967,-0.1479521737971122,-0.06443358164790622,-0.31364627273463763,0.06378503423822786,0.16764556895121838,0.09635050128508715,0.15487688265023827,0.11258989059933178,-0.321661804948566,0.08526090777140247,-0.17103086725260433
0.3335647750961503,1.071673090165823,0.09932918321272204,0.016684988774918398,0.9991261151765148,0.006558085940508359,0.03775723282582287,0.10294973649328466,-0.147956616009266,-0.06445889276883486,-0.31376927398783033,0.0639561513679514,0.16753429926658098,0.09628289550311107,0.15485894473796752,0.11287289075187831,-0.32154852386429156,0.08517544625810078,-0.17090205830107044
0.3336214356998807,1.0716858569573364,0.09932871584450594,0.016738852558057498,0.9991278595722429,0.006499454252852528,0.03769732266412532,0.10288927773691811,-0.1480852486460711,-0.0645198622243976,-0.31379067711594577,0.06394097574608512,0.16752398749522646,0.0962456727955464,0.15473350260338053,0.11244925447605163,-0.321589685170474,0.08520769508658307,-0.17094932961933937
0.33365730225766,1.0716753747424774,0.09936248080816751,0.016798586547574112,0.999131946898066,0.00645861136599561,0.03756922300110938,0.10284762982080015,-0.14824242026588808,-0.06470910723405189,-0.3139670422982247,0.06396100975196273,0.16751521364316482,0.09620021538504421,0.15459087665248472,0.11227130111710856,-0.32162585232524166,0.08509769549134222,-0.1710807523428647
0.3336762742006095,1.0716766679672365,0.09936632927987049,0.01679282628635799,0.9991338701991082,0.006467335134970663,0.0375191148952086,0.1028542700257923,-0.14823725163221332,-0.0647208942113181,-0.3139850670758989,0.06394207140963279,0.1675286593489399,0.09621224509980968,0.15460940652796537,0.11216274321828261,-0.3214822539671272,0.0849512760214926,-0.17121237055045055
0.3337282306392056,1.0716750971506603,0.09937165074452996,0.016862922207016257,0.9991369313395192,0.006374748231180812,0.03742187693152432,0.10279065179911229,-0.14845335923407163,-0.06488615117469823,-0.31408944529551003,0.06396510149767907,0.16740210795743288,0.09622696395952386,0.15439016008015757,0.11198635677453123,-0.3216168012138642,0.08506619487231092,-0.17127377915938985
0.33375964483699155,1.0716685861503197,0.0993821016312816,0.01687723626030936,0.999141779073455,0.006370863602402651,0.03728640909372269,0.1027881171488345,-0.1484919408901362,-0.06506112058871319,-0.31425571615220294,0.06410191582361928,0.1673077423027325,0.09628976674535289,0.1543790934567683,0.11180673499045567,-0.3216343127615593,0.084878614598556,-0.17155456248077228
0.33379494448828795,1.0716789238389195,0.09937637719486997,0.016871660231658744,0.9991452777135316,0.0064058365439111946,0.03718906239675963,0.10273590547573092,-0.1483689163468759,-0.06530795292742844,-0.3140997485070769,0.06398917055344074,0.1670361780213948,0.09637747764324237,0.1544788093249294,0.11179758155306295,-0.32160477429287343,0.08463617016887316,-0.17165634594217233
0.3338431921612299,1.07168087158744,0.0993915804832679,0.016916900153252788,0.9991471067800788,0.006393265247649673,0.03712147170675956,0.1026434554455847,-0.14844023727830583,-0.06539801559436878,-0.3140640112968113,0.0639121816290698,0.1670225243176045,0.09637790260596416,0.15440421919897848,0.11143961857215176,-0.3216561981288605,0.08481333913031669,-0.17177850877477938
0.3338708663735329,1.0716821499145734,0.09940194371280994,0.016930444245253407,0.9991506251821394,0.006350437549017557,0.03702783005705839,0.10262754499786714,-0.14855548947793581,-0.06551547717820441,-0.31410587267867857,0.06391382591337941,0.16690835231473555,0.09639760376878122,0.15430090570578933,0.11125601738314966,-0.3216296367856535,0.08495888872117507,-0.17168985443914603
0.33390589748464794,1.0716842654830008,0.09940911638769269,0.016941386402573727,0.9991509757061908,0.006321681800990083,0.03701828617497611,0.10258664639856722,-0.14862929448481793,-0.06553691616159431,-0.3139894850289203,0.06382901766717596,0.16688825158647355,0.09645668762330838,0.15424997276641855,0.11130047186346566,-0.32170791321099634,0.08489034020556235,-0.17173359112792033
0.33399102080356324,1.0716785390068246,0.0994102151722434,0.016980055084686307,0.9991564310592712,0.006268707060632779,0.03686200366242499,0.10265232622890862,-0.14876205752523597,-0.06576796470571225,-0.314236048605292,0.06390512268616373,0.16689648947799296,0.09649592848057914,0.15411069065657892,0.11116253699532007,-0.3216249301794046,0.08480919218068365,-0.17185718032993746
0.3340071823355257,1.0716756541574783,0.0994385845491601,0.017008589876723063,0.9991562975661911,0.006253673831710795,0.03685501957444891,0.10261655828087833,-0.1488075179077027,-0.06599960669160412,-0.3142387122719579,0.063914043064509,0.16668368566517255,0.09652019755884317,0.15407357558678958,0.11109156432327243,-0.3217456280372304,0.08481263642169795,-0.17184093502299924
0.33405622103086163,1.071670179622214,0.09944474358277468,0.016999912287057904,0.9991591464212057,0.006229992768056239,0.0367857349415466,0.10266344749786349,-0.1488928895048018,-0.06593187171772034,-0.3142534115960136,0.06394912260376513,0.16673476237393267,0.0966145452378903,0.1540118470986744,0.11100812875787612,-0.3217116202144931,0.08480189089263533,-0.17191274121453481
0.33411181462199435,1.0716768687534457,0.09946380092056777,0.01702611110011705,0.9991598307532261,0.006193391282818696,0.03676120311427388,0.10274154613663211,-0.14898789935638615,-0.06591860448080233,-0.31440509095915986,0.06389624391235058,0.1666741733817227,0.09663845427800963,0.15390439091330496,0.11095463669961422,-0.32176591330008214,0.08461340770083267,-0.17198051414232726
0.3341412414923676,1.0716776606125675,0.09945868565757339,0.017058546372746237,0.999159083005175,0.0062453761492266965,0.03675769471364285,0.10257765638239019,-0.1488473301542172,-0.06608055592638418,-0.31421387230592357,0.06389754738050135,0.16649550652991882,0.09653345180364421,0.15398801015510288,0.1112026935877457,-0.3214803004192828,0.08447017892945191,-0.17196018870453963
0.33418491272078243,1.0716819848749533,0.09946508203429044,0.01702005422095825,0.9991599879011338,0.006267744737633455,0.036747131964625944,0.10258685482196399,-0.14883952373062953,-0.06594185941755665,-0.3139451599021987,0.06383403242087071,0.16670386431323952,0.09665529168783267,0.15407726476594263,0.11101422428663445,-0.32153324837749736,0.08446064365769605,-0.17203206772379687
0.33423132894656554,1.071687673796482,0.0994880636585003,0.017060040342324247,0.999158868686513,0.006268100201255653,0.03675895902324587,0.10260165588743483,-0.14884826701335344,-0.06596825200988624,-0.3140323478153814,0.06367621665127149,0.16676578590929242,0.0966589631129718,0.15402402154467693,0.11122187421354768,-0.3215348225982275,0.08457587051584246,-0.17192912829607068
0.3342589454324192,1.0716905968141794,0.09948522458427858,0.017068365036091694,0.9991571040612647,0.0062611236903222355,0.03680422053292576,0.10257463069945466,-0.14886461836163428,-0.06597307053682788,-0.3138860787437909,0.06359567438593815,0.16681035309164907,0.09659383434859774,0.15401054487218482,0.11103211309233602,-0.32151615215648527,0.08475775583528954,-0.17194128552524843
0.33429247112163,1.0716828874161075,0.0994925379153366,0.017077980146229958,0.999157210961201,0.006251318659823901,0.03679852433688564,0.10272001771662569,-0.14888480406247026,-0.06605543794384078,-0.31415903737104767,0.06367082608261282,0.16673933139750372,0.09658046541356866,0.15397389486362922,0.11134464096026697,-0.32135944526221616,0.08438322777163837,-0.17200775279379643
0.33433521946170197,1.071689492695678,0.0994834618361662,0.017090733264538194,0.9991559434308801,0.006258951462924946,0.03682571207475969,0.10267335428189951,-0.1488812569600328,-0.06585185266156283,-0.3140534957332684,0.06364625302973058,0.1668901013887085,0.09657402955102508,0.15401760527950611,0.1110415085751355,-0.32141625106987254,0.0845788740487348,-0.17193349449555714
0.3343673097649429,1.0716951177286285,0.09950075366463684,0.01707991538787338,0.9991569334435596,0.006302408735548993,0.03679644665093979,0.10273878158699905,-0.14879809387881485,-0.0659282394651236,-0.31404123635037257,0.06350617470196378,0.16701105274447908,0.09666893550907857,0.15407931954429327,0.11128590451584369,-0.32136857713880596,0.084350419418073,-0.17189660788310082
0.33444164470552923,1.0717041888293228,0.09950517580569361,0.017089902832816896,0.9991546663125166,0.006280138268537887,0.03685712781018922,0.1028460300650102,-0.14884086409415614,-0.0658707160534588,-0.31410632527252935,0.06341329296309474,0.16705051049669606,0.0967073604449577,0.1540253227205203,0.11138391066833637,-0.3213676640873535,0.08442631967773086,-0.17159966747379896
0.33444672824895993,1.0717033239553189,0.09950441625054052,0.017077838541088755,0.9991522023579895,0.006297654606379208,0.03692646070776973,0.10287413471569068,-0.14881069375438957,-0.06573685058060265,-0.31397502275349537,0.06326357513968013,0.16720139985894866,0.09664187252696567,0.1540985157190906,0.11129439230247709,-0.3213260257181265,0.08440478556530363,-0.1715685096388391
0.3344662288340927,1.071707159880028,0.09949913037197346,0.01712741843920937,0.9991508556328627,0.006308520242789334,0.03693808059540932,0.10276118340594706,-0.14877276494415914,-0.06574174253498784,-0.31389334916636763,0.06324252921342484,0.16725521024273823,0.09658232551229166,0.15412376336849226,0.11128673829672696,-0.32142578854175,0.08442226589879022,-0.17154949764659194
0.33452822224520457,1.071698091860449,0.09951747565374344,0.01715937025323984,0.9991503876954078,0.006334411960059027,0.03693147716716479,0.10275762655700882,-0.14874863009635403,-0.06577217898407973,-0.31395278764234813,0.06328838894455568,0.16739102197447386,0.09658597973977975,0.15414828608638548,0.11147161393455596,-0.3213180065925282,0.08433329325778231,-0.17147745572334108
0.3345543919856014,1.0716933365999135,0.09951551854105947,0.017222614562883196,0.9991483316470162,0.006343544821081905,0.03695608682890294,0.10266230185973584,-0.14873190215893087,-0.06566433908572573,-0.3139820430938863,0.06330009791765438,0.1674500618818226,0.09646297208147792,0.15417089166330736,0.11150041940925907,-0.3213187198676034,0.0844157228996049,-0.17157991819805513
0.3346002463566983,1.0716931125635858,0.09952464861353949,0.017252723573893965,0.9991458020402182,0.006355261158126562,0.03700838351379313,0.10270338056635295,-0.14871024190676277,-0.06558221267598068,-0.3140294829103586,0.06321416784911006,0.16752556620386252,0.09643493926354788,0.1542325049906547,0.11129702940573429,-0.32143327955606854,0.08410526723964452,-0.17188901126494238
0.33465547309255583,1.071698707674084,0.09953460283789164,0.0172707292463624,0.9991459231860722,0.006365214584732702,0.03699500148993892,0.10273533620561093,-0.14869512723277975,-0.06559931801636312,-0.3140392064932777,0.0631606602385153,0.1675326633495831,0.09654965510233125,0.1542253553948388,0.11153907605446946,-0.32150474413271074,0.08418816670319387,-0.17180323744995168
0.3347011689743997,1.0716988253706041,0.09953991138727124,0.01727934709684354,0.9991453277665916,0.006365162003462102,0.037007065254714935,0.10284580986569103,-0.14870261337944823,-0.06552044538577892,-0.31419873169582097,0.06318001790068016,0.16763828916465484,0.0965739521621818,0.15421460927809053,0.11165878459030422,-0.32151222055792156,0.08426222244382611,-0.17160257160734418
0.3347287872532158,1.0716931365860578,0.09954443984368361,0.01734068095164994,0.9991413267093737,0.006378678559306356,0.03708399257634793,0.10280918902856051,-0.14868621256029238,-0.06539538121119691,-0.31432887252943376,0.06322835683837685,0.1677063991769896,0.09642731990009883,0.15426283899318122,0.11136766586119622,-0.3215948618113214,0.08437578414800863,-0.17164412277973828
0.3347726501929548,1.0716923788228163,0.09954155364524701,0.017350473872051193,0.9991396242518641,0.006370522064833577,0.037126658277856085,0.10281791973554713,-0.1486904979391341,-0.06525713438083786,-0.31425140948279734,0.06321137042432264,0.16776167835166605,0.0964721369309264,0.1542457240835232,0.1112760095599197,-0.32167134662104224,0.08454557961203492,-0.17161366303091574
0.3348132114046392,1.071692613331264,0.09954625781426142,0.017428173185801876,0.9991391436800316,0.0063736415751889305,0.03710265541453656,0.10281252489291201,-0.14871539641859305,-0.06533088296975537,-0.3145010790785262,0.06325846523135792,0.16781582127579558,0.09640428064618742,0.15423348149584254,0.11133351304608627,-0.3218072489796658,0.084559993120112,-0.17144158141684987
0.33481852982999766,1.0716788762814384,0.09955975393717988,0.01747818935313096,0.999137102742293,0.006341527194289064,0.03713957260816076,0.10276570079860894,-0.14880530005953144,-0.06527948483382807,-0.3145772849249125,0.06332369897609555,0.16781525137242023,0.09631345291840042,0.1541518744339664,0.11129211741281649,-0.32183124279812847,0.08455068286857301,-0.17139010083638256
0.3348598442852849,1.071674368766533,0.09954903493353677,0.01753270251772779,0.9991367853163348,0.006312092873575253,0.0371274299369136,0.10277512804345926,-0.1488724126796366,-0.06523020250307518,-0.31476554217368374,0.0634432882367588,0.16790768641081516,0.09624968781285376,0.15411901639111686,0.11130535168369102,-0.3218556582836062,0.08449354118764935,-0.17142155969959097
0.3349079981105351,1.0716888856438735,0.09956307295266567,0.017557097642039526,0.9991344337135557,0.006349247684066433,0.0371728226548172,0.10279725998386602,-0.14879595467249462,-0.06501485124322956,-0.3147735409201599,0.06333021710179529,0.1679838663558058,0.09626408948179643,0.15420702463574565,0.11152154190696623,-0.3218997189003513,0.08437914861719682,-0.17144869015557837
0.33491802281494487,1.0716847702339105,0.09956993447648517,0.017570526454326465,0.9991335913827133,0.006353567805222162,0.037188376503197694,0.10284518839079689,-0.14880534012647947,-0.06496575090037554,-0.31489520655741476,0.0632887492419716,0.16815283297254313,0.09618398603170322,0.1541856700844917,0.11156926531130919,-0.3217536606845768,0.08429898133116695,-0.17144647635107163
0.3349425457016123,1.0716838452692201,0.09957296315597901,0.017630517055064774,0.9991313653057533,0.006329524504675435,0.03722387473352343,0.10281369453003687,-0.14886472454288133,-0.06489722664127295,-0.31499638278530256,0.06337159643773006,0.16822036421054093,0.09600141942492302,0.15414666157134652,0.11155799062543166,-0.3216654043409279,0.08433542961028333,-0.17146711726588215
0.3349701747222926,1.0716879517331173,0.09956535194946392,0.017667018050414547,0.9991290492068198,0.006341964224092108,0.0372665935398305,0.10280464154264665,-0.1488382241973439,-0.06493391372227075,-0.3150499619361162,0.0633691831506299,0.1683851184929747,0.09590701648500026,0.1541731146642956,0.11166811168271704,-0.3216682476562691,0.08437753454501351,-0.17133593648953538
0.33499488394390553,1.0716866598291075,0.09957491705989976,0.01768884164357068,0.9991276447790752,0.0064051180884642095,0.03728308975661409,0.10280188608032842,-0.1487109147861085,-0.06489100317819932,-0.315092586004203,0.06328923259288109,0.16848978497131684,0.09586461061833774,0.1543329612801206,0.11174134291421901,-0.3216318371651753,0.08422239622867815,-0.17154491812361278
0.33500293836884415,1.0716888467720356,0.09958059742392374,0.017727397546951885,0.9991243689634515,0.006364785381702143,0.037359392749911256,0.10283277194692607,-0.1488107919932206,-0.06476495239592829,-0.3152413424252711,0.06335085723986299,0.16859020348045223,0.09573948674349203,0.154223773790586,0.11180267496473552,-0.32159465002691007,0.08436823978264968,-0.17154374809703068
0.33502785161313803,1.0716901484234969,0.0995822106784089,0.017781606684320928,0.9991248396141097,0.006370859392704309,0.037319987679552497,0.10274454595057543,-0.1488116458172902,-0.06476276009904232,-0.3152836128111265,0.06336749809333879,0.16873408225931388,0.09561855185234985,0.15422389212071838,0.11213811876488514,-0.32137477906288925,0.08405684739002804,-0.1715242605459467
0.3350347580858699,1.0717003385197628,0.09959474738013616,0.017768691452564527,0.9991222306520141,0.00639040758177647,0.03739257295166933,0.10281394091832993,-0.14877255959889157,-0.06472052888249087,-0.3152399840276978,0.0631574378558635,0.16878819315081206,0.09559371008865175,0.15425738626604682,0.11206552782538634,-0.32143262110410015,0.08428794202009564,-0.17169373119857048
0.3350402882875536,1.0716851593166365,0.09959836887289271,0.017843901069960838,0.9991204885425273,0.006354838175977579,0.03740936514970699,0.10274006430528712,-0.14889053477082578,-0.06473546576627276,-0.3153802371470106,0.06324362267874681,0.16891020197470138,0.09541574320160211,0.1541476486434149,0.11231561313689843,-0.3212651251634689,0.08424514529151372,-0.17161199576480005
0.3350374862411798,1.0716996801198775,0.09959300779066314,0.017866248117683073,0.9991168843509095,0.0063911026940369165,0.03748869682295055,0.10260182414347008,-0.148788646646568,-0.06462886167148243,-0.3151595383727103,0.06324013938475109,0.1689812415653442,0.09533034354210908,0.15423209705663848,0.11229592445379777,-0.32128376022885574,0.0842521044911496,-0.171537631963417
0.33506923761049195,1.071699564423259,0.09959549339868326,0.01787582444381209,0.9991155702747306,0.00640579326884461,0.037516635612092036,0.10263984107170893,-0.1487575329219196,-0.06457950075944983,-0.31518962467170586,0.06310892211861151,0.16897371512905374,0.0952996099781207,0.15426786670540626,0.11250082361787321,-0.32123554568436424,0.08424778213389963,-0.17134965444613576
0.3350841488395901,1.0716957187816065,0.09959554278168434,0.017973053859877085,0.999112240732354,0.006397297692706666,0.037560276036732676,0.10258200874882434,-0.1487668423078557,-0.06449489254845613,-0.31540710091380797,0.06320426895401632,0.16899105788962457,0.09517448947436676,0.15428893148426095,0.11227368736115013,-0.3215061876616554,0.08418937197833434,-0.1714424734229149
0.33510920337110744,1.0717066008773495,0.09958667188979609,0.01795404826834538,0.9991094957641823,0.006477489582254174,0.037628576286261636,0.10253335105836958,-0.14857109668545743,-0.06442303626223075,-0.31512721197156157,0.06313458992607199,0.1690376614490643,0.09521355612357817,0.15444953644473314,0.11227203781569231,-0.32148269231759796,0.08427850986526647,-0.17128183069165312
0.33512670796226884,1.0717011160124477,0.09959145737131747,0.01798933166693667,0.9991096354133029,0.0064932135316269,0.037605299473696084,0.10248999064865927,-0.14856423717924072,-0.06441165335609365,-0.31516460908712784,0.06308504615231345,0.16915388809457124,0.0952387498203639,0.15451082651021117,0.1122634459900993,-0.32167355103103085,0.08439205408837383,-0.17125924901693887
0.33513982433473766,1.0717061811812887,0.09958573432880306,0.018003503497140194,0.9991065120304312,0.006537970737537005,0.03767368337247139,0.1024852915625331,-0.1484601561933688,-0.06444605959354217,-0.3151355823240983,0.06306479016897978,0.16927746248775305,0.09521304017015723,0.15457682587024013,0.1125712776991369,-0.32158644926576013,0.08440061277892452,-0.17123844533947283
0.335138194177659,1.071699118982651,0.09957812480988885,0.018040860742217155,0.9991041378390529,0.0064836064850172055,0.03772813199072959,0.10248999863180534,-0.14858004403097394,-0.06436310036325042,-0.3152552792624664,0.06309775608947389,0.16930750366729747,0.09515687026753138,0.15449991511859076,0.11249559786557844,-0.32179785828098323,0.08456103438849008,-0.17106038282251643
0.3351693410242231,1.0716965967759948,0.09960003181197957,0.018091695865865468,0.9991001328043453,0.0065234488774645995,0.0378029071075167,0.10241943014819993,-0.14851051173097304,-0.06421606806670636,-0.31524818420270745,0.06312401790232794,0.1693892667014239,0.09513880641742757,0.15458968170227827,0.11261022868024476,-0.3220069443322798,0.0843099001017002,-0.17103893447736976
0.33517561191473083,1.0716933153663806,0.09960002029647044,0.01813145332483595,0.9990975796183641,0.00650684650143076,0.03785416423146285,0.10249702703545518,-0.14854656963397878,-0.0641518090374726,-0.3155081444608822,0.06322454875930462,0.1693661767417947,0.09503290333931534,0.15453664201044384,0.11263310170206636,-0.32196353417266227,0.08438308590159888,-0.17106529614432947
0.3351781567277109,1.071712251510929,0.09959706742932066,0.01811453573481525,0.999094568885632,0.006585616639661113,0.037928032796611874,0.10246442377050312,-0.148369795353783,-0.06401869690503736,-0.31526408959394175,0.06301968463047188,0.16951489612677362,0.09503937927962268,0.15469973987571606,0.1130043680528257,-0.3218556895537127,0.08434669408469798,-0.1709280823760518
0.33521061327558566,1.0717089829195763,0.09960027289350573,0.018113727369900287,0.9990925754360984,0.006584380624728639,0.03798110742226507,0.10250783054982848,-0.1483719463021268,-0.06396361133659524,-0.3152679285219741,0.06305673263267043,0.16966011501939565,0.09507927852880965,0.1546887433979227,0.11320219640839349,-0.3219119164859713,0.08451576518266543,-0.1706877532534167
0.3352248917435371,1.0717069031797144,0.09959833821040782,0.018107750439099443,0.9990899584456192,0.006616363252318534,0.03804718182046417,0.10258060309564938,-0.14829817626402633,-0.0638575786070617,-0.31529665003170226,0.06292711746193663,0.16974349581394554,0.09505217854218136,0.1547811913261777,0.11308501329112726,-0.3219754360579026,0.08449526261008333,-0.1706017352126317
0.3352250856690155,1.0717044910755038,0.09960101793194963,0.01812697228555934,0.9990863695835409,0.006610104546642467,0.038133259839952076,0.10264235600857563,-0.14830914200485532,-0.06364408813843131,-0.31542216230261566,0.06298399749779456,0.16986344117429003,0.09493039470396387,0.1547816263089261,0.11345600514235356,-0.32181129911741263,0.08427102458980508,-0.17076232030825436
0.33523064142549686,1.0717066569035474,0.09960298482259371,0.018138406701550702,0.9990825181000672,0.006586751728147454,0.03823264221616963,0.1027544055606035,-0.14836941430617015,-0.06359866441307287,-0.31556690988089303,0.06298598983711456,0.16995151445825651,0.09485263749093933,0.1547265004831587,0.11373513822087684,-0.3217905954872147,0.08426339772684067,-0.17077096038715187
0.3352228824191994,1.0717063314777733,0.0995930250333101,0.018121595819507993,0.9990783824583199,0.006564064702803859,0.03835239919481959,0.10287459597408978,-0.14841398605983486,-0.06341762457406251,-0.31569950670013214,0.06303007204875981,0.17017798595401937,0.09481728646722153,0.15469532318122875,0.11350681557454616,-0.32185216508113207,0.08464819142214575,-0.17065518835198062
0.33524664559347206,1.0717055673500222,0.09960182165407454,0.018137820580374688,0.9990764002948119,0.006633010384860899,0.03838448920838933,0.10277915537306845,-0.14824299246445607,-0.06328695080245543,-0.31550737802227957,0.0629418629157014,0.17017750761428013,0.09480730115149004,0.1548385332737388,0.11375265677860266,-0.321793706980338,0.08448163296357727,-0.17066121151737257
0.3352295193008987,1.07170399780237,0.09959741007731951,0.018173357081530856,0.9990703047202865,0.006620924031725668,0.038528154425913286,0.10276040410104312,-0.14826351993747713,-0.06301891010577781,-0.3155161734696311,0.06302553290601583,0.1702461984602946,0.09459843104848216,0.15485414396356922,0.1138077689738518,-0.3218098704396998,0.08463997170631507,-0.17062620621165103
0.33526819754247666,1.0716941161622997,0.09961149843579807,0.018213566851677146,0.9990680260556788,0.006642714254849257,0.03856448681205877,0.10288852154884225,-0.14822947428565564,-0.06287225996632696,-0.3158479437123162,0.06307782551117218,0.17029404976560603,0.09455239074621445,0.15487833290964068,0.11377379039277934,-0.32183212163990754,0.08467639256899857,-0.17053613217678243
0.3352660704439765,1.0716895499120072,0.09961894142972186,0.018265299844540353,0.9990648767004542,0.006619466104665035,0.03862555674141683,0.1028883088314549,-0.148288582209892,-0.06274975775125514,-0.3160364930544216,0.06307238869731821,0.17031014204317485,0.09440871484018663,0.15482201764939005,0.11405329064454627,-0.32183981635468617,0.0847971813687417,-0.17036971827861164
0.3352806609025166,1.071686015784395,0.09961691218832577,0.018328988239323246,0.9990602080574023,0.006598075711559155,0.038719688316505824,0.10288793870283491,-0.14834296103672678,-0.06250612402075369,-0.31617377884610504,0.06314615711859554,0.17041434131223127,0.09429570202923139,0.15478921011261337,0.11407865597068582,-0.32193657926261127,0.08483416216795558,-0.1703431934488417
0.3353180228563186,1.0716814377169903,0.09960483463619298,0.018401375525580587,0.9990574434759758,0.006587040768556717,0.03875854625662792,0.10291973792196803,-0.148348033341316,-0.06226494915850975,-0.3164863249947176,0.06325782897950476,0.17044389890859027,0.09421220921621976,0.15477250950476476,0.11443131672235457,-0.32194394064174775,0.0848447833340422,-0.170264334919701
0.3353503770811282,1.0716737382523158,0.09960644790567846,0.018511451197374934,0.9990526491396674,0.006552675224244895,0.0388354589130242,0.10290043885186247,-0.14843414140315048,-0.062156403128718445,-0.31677232357834073,0.06331215332365205,0.17052890216764527,0.09400235366702178,0.15470156841888466,0.11433214508406858,-0.32211892770555633,0.08486754465528472,-0.17030125923018283
0.335349823374404,1.071668402473839,0.09962057660510619,0.018592486514329692,0.9990488634598733,0.006548697480996568,0.03889476090750631,0.10288499455158924,-0.14846624624782506,-0.06194839789972748,-0.31703548232378903,0.06337477736063657,0.1705673023860719,0.0938290365362833,0.15468108174001824,0.11443146205256159,-0.3221310558673648,0.08499207121767831,-0.1702067371986075
0.3353998814097449,1.0716661124863678,0.0996135294852158,0.018692442689607843,0.9990456034515419,0.006519173998013904,0.038935525947693846,0.10287900955696061,-0.14852181285897226,-0.06191766874852894,-0.31730010497973504,0.06348928579957672,0.17054190879047423,0.09374571919031832,0.1546220610383153,0.11485455918784591,-0.32225726701768564,0.08506587570335566,-0.17004946887859465
0.335405354937362,1.0716418410996342,0.09962096239327972,0.01879454678895177,0.999041004264192,0.006484903138860981,0.039010035132925586,0.10300093413623627,-0.1486266888839944,-0.06174371437144261,-0.3179115268663985,0.06369850906438414,0.17060414737110416,0.09352401178230083,0.15458343888649773,0.11490022725300215,-0.3224123743558011,0.08498389649499352,-0.1701190287964028
0.3354166799791218,1.071648388279059,0.0996064951876376,0.018872952005195908,0.9990387741854848,0.006465216109076343,0.03903255483870225,0.1029618093497937,-0.14863157497935617,-0.061814299827756596,-0.3181236676463938,0.06375753718256996,0.1703783332370953,0.09341822245435948,0.15453389736757414,0.11523073136823622,-0.3224396521798538,0.0850229307836028,-0.17006413213304242
0.33542507688062934,1.0716497100874054,0.09961325764897945,0.01888068012544282,0.9990357886773665,0.006551215938833677,0.03909084841130528,0.10294647440680732,-0.14841571503970938,-0.06159603526796876,-0.318105041640103,0.06375195937986625,0.17022917022544845,0.09340416438327402,0.15472386049454337,0.11515162580408889,-0.32254429984864424,0.08519585043910259,-0.17006499286496254
0.33543418284119075,1.0716466062231436,0.09961483162119912,0.018927921615655884,0.9990364568861132,0.006511924098629851,0.03905747611260186,0.10285626931897734,-0.14855704800788214,-0.06157720675293618,-0.3180925065472569,0.06371190834393234,0.1703842396110367,0.093389029239236,0.15462112554780733,0.11521629155362278,-0.32264567542350364,0.08513713595635243,-0.16999864222662775
0.33543544191099045,1.0716382205381825,0.0996166625193943,0.019039197289051225,0.9990323961635549,0.0064867205304907785,0.03911141571272746,0.10279894067488018,-0.14861155580998392,-0.06145739700377866,-0.31842524494139585,0.06390796221828544,0.17039955759827205,0.09307923513465538,0.15457711247506872,0.11523362275269049,-0.3225536090248065,0.08504960015229143,-0.17011901999940154
0.33542863020369773,1.071649225763787,0.09961832957962691,0.01908625273608608,0.9990310938361445,0.006482699950404398,0.039122411817319555,0.10263472644187105,-0.14866757791463628,-0.06142484932822484,-0.3182231501713025,0.06378183318977368,0.1707129902871264,0.09295615566898992,0.1545603031217991,0.11497229365065205,-0.32261558283517067,0.0853072265002955,-0.16994197174824296
0.3354521080933256,1.0716482766385667,0.09961454106788126,0.01915521480971223,0.9990300294482111,0.006479338411434963,0.03911644385741617,0.10255090503004863,-0.14866698077100032,-0.061352282839117304,-0.31836681192168104,0.06385629614818705,0.17079581942735633,0.09282565473508338,0.1545425279061533,0.11488354285560082,-0.32261808974862294,0.0853987843246194,-0.16980977932652688
0.3354800015381939,1.071645620011841,0.09960945036031013,0.01920742052863383,0.9990305363417769,0.006485327724568087,0.039076885464461725,0.10258083033256726,-0.1486369944576625,-0.06161789595243293,-0.31860366431703624,0.06386472523409907,0.17065610290998132,0.09278150198230053,0.1545813207927678,0.11493729528776092,-0.3226478733989148,0.085180589042013,-0.1698945277365037
0.3354755166730273,1.0716449070562455,0.09962245506748857,0.019233727724083882,0.9990291004444384,0.006486725565095881,0.03910041655091357,0.10247002901598296,-0.14867913433162377,-0.06145944419846048,-0.31851243560020476,0.0638703162066354,0.17080148632318687,0.09268790984107125,0.15454624515219859,0.11523917009195157,-0.3225234987699981,0.08527075250628169,-0.16978927629684346
0.33548280532809827,1.0716467291752891,0.09962018599398537,0.01927616614288224,0.9990270865972546,0.0065217466089251865,0.039125138785729395,0.10239026813485759,-0.14859109500463927,-0.06138194381266535,-0.3185047680217633,0.06388119437883806,0.1709530440016088,0.09261463160851668,0.1546475385381923,0.11508242938671334,-0.32268222834941357,0.08539965678441282,-0.1697027694487482
0.3355127074678745,1.071645444899262,0.09962149506692923,0.01929575900155291,0.999026768406402,0.006543319918974231,0.03912000327777468,0.10241044780403945,-0.14856560123467522,-0.06157184329049423,-0.3185670112791529,0.06385129776797863,0.17090528586782816,0.09262202669170475,0.15468338993280045,0.11533672819600753,-0.3226399734454461,0.08545977275297487,-0.1696235167342657
0.33551740132136126,1.071647939523475,0.09962164743008368,0.01930273386248405,0.9990251672050753,0.006597601092561411,0.039148325840689426,0.10238409450188855,-0.14840597869928396,-0.06156560643238776,-0.31853785419565145,0.06384541992029968,0.17073528697454318,0.0925333592038865,0.15480281843168303,0.11538881077260935,-0.32252141240174687,0.08521137745096569,-0.16983901935640477
0.335524373374454,1.0716436930695064,0.09962613424010096,0.01934795636762641,0.9990237438845558,0.006559890838861102,0.039168655471739325,0.10226025617030315,-0.1485184365926822,-0.0614678458637317,-0.31846680745273415,0.06387922272240351,0.17082689683746136,0.09251553812223309,0.1547170191748297,0.11536297535857709,-0.32262165782196167,0.08529542219853033,-0.1698781594831623
0.33555235986224874,1.0716396152310428,0.09961090650441677,0.01938194053081734,0.9990210713655571,0.006565131950534378,0.03921910747768877,0.10224976535101088,-0.14848284840275713,-0.061375894534817454,-0.31848761038555806,0.06389257157593675,0.1709180651629617,0.09241322790406462,0.15477360471806853,0.11518545731608158,-0.3226835979586649,0.08545353868584352,-0.1699395923984176
0.33557613491891725,1.0716457042060092,0.09960312586343117,0.019386926333772595,0.9990234516197306,0.00658094461608311,0.03915330597904359,0.1021970136162965,-0.14844687883584706,-0.061460914438881395,-0.31842389467933324,0.06388408088217551,0.17095234675180593,0.09248883675566111,0.15480002875066515,0.11538372357491439,-0.32265691380773526,0.08515784389519845,-0.17003142426276222
0.3355814553503992,1.0716473000610127,0.09960523189035239,0.01941568269652175,0.9990199269840929,0.006559549438406787,0.03923250011521916,0.10220355872350483,-0.1485017952138787,-0.0613570354179179,-0.31846158305389954,0.06385067521528641,0.17091372482320352,0.09240753010458755,0.15473422230569378,0.11548186961494585,-0.3226306248505993,0.08520084693690147,-0.16993569748385107
0.3356122488692706,1.0716512946586239,0.09958989474902318,0.01941079291934394,0.9990194584614819,0.006567810120052032,0.03924546602853159,0.10226192019957261,-0.14844928685795628,-0.061308067918046216,-0.3184654472618599,0.06380665208591879,0.1708571825880722,0.0924257791830071,0.15480523211168146,0.11531324425214992,-0.32272295836034975,0.08536939062056538,-0.16983704448386508
0.3356291367501758,1.0716501604624746,0.09958305590129177,0.019407795015673145,0.9990194848581163,0.006586163224815487,0.0392432009452568,0.10227470282226815,-0.14839377914888463,-0.061285945334619944,-0.3184648422118176,0.06380387827869502,0.17083492076303686,0.09246111470386134,0.1548089565772731,0.11542322961458244,-0.3226442768493805,0.08521086895701266,-0.16985135088152967
0.33566677580254917,1.0716362191668571,0.09957129467445032,0.01943312292903879,0.9990189516886917,0.006533611397639648,0.03925302309576903,0.10235714566932108,-0.14850224977120516,-0.06125040838662418,-0.3186419282130852,0.06390305540081918,0.17077036415704933,0.09243259647778271,0.15475358061734715,0.11528826249771364,-0.3227115182421998,0.08531822274858347,-0.16983609541802117
0.3356924153555829,1.071638711076365,0.09955266682182277,0.019492867734750077,0.9990175690750684,0.006574841252644203,0.039251703776001616,0.10214564566817684,-0.14838342774489066,-0.06115437362353951,-0.31847885060174186,0.0638717816430799,0.170758643363476,0.09236458098576128,0.15484395174160012,0.11511721070682122,-0.32280586311414283,0.085301974392006,-0.16978636595565352
0.33572628246493036,1.0716461525944918,0.09954743788310348,0.019475402731873346,0.9990185149960044,0.00661594491807027,0.03922938511435863,0.10221209508773385,-0.14828538896983423,-0.061227652630956156,-0.3184869420530343,0.06390342798325345,0.17074300496244568,0.09247584970965926,0.15496034500507078,0.11514418289751312,-0.32283348435140374,0.08517130036235668,-0.16989500103939817
0.33577151724897797,1.07164950030434,0.09954228213509791,0.0194858569238885,0.9990171789459659,0.006620598780013739,0.03925742251574628,0.10225204564473322,-0.14825887473595364,-0.06114004779718263,-0.3185127076478357,0.06382287952572002,0.17077940531363123,0.09246780200082567,0.15497114392915343,0.11519151006248715,-0.3227745706679175,0.08529487035821726,-0.16987296708191818
0.3357671587076931,1.0716345256946376,0.09953739915092952,0.019520572033241913,0.9990157912246388,0.0065876372287855065,0.03928102833488149,0.10230284349770905,-0.148347134651428,-0.06122792771566069,-0.3187171438644195,0.06394915753844105,0.17071892047267986,0.09234705029028793,0.15489741404731175,0.11517400318423189,-0.32274833846214623,0.08529221527400997,-0.16990293071533796
0.3358178388804525,1.0716403093675055,0.09952735971363491,0.019529932911065227,0.9990162019139656,0.006616158575435259,0.039261131919352044,0.10222520220086569,-0.148262924645243,-0.06116795262534555,-0.31854999474496465,0.06394684830100965,0.17072442643415667,0.09242502516118993,0.15499301466550522,0.11517681519804986,-0.3228186440916968,0.08522346506709917,-0.16997027955185323
0.3358479373799126,1.071637100447069,0.09951701948134901,0.01954312883756307,0.999016637763606,0.006576290985914227,0.039250171765318344,0.10233471877653708,-0.14833177922796684,-0.061187583323026776,-0.3187503098316925,0.06390968958116776,0.170700513850858,0.09241257416426772,0.15490447558041087,0.11509233934166875,-0.32276648019431226,0.0852170231328774,-0.16999646282629266
0.33589274713033473,1.0716495636809948,0.09949771599683443,0.019520285140442364,0.9990182885491556,0.0066090386442517555,0.039214005413253025,0.10231307567815262,-0.1482463993273145,-0.0611974507115657,-0.3185375588614081,0.06380024825407997,0.1707092127779678,0.09249545297048159,0.15499975268116417,0.11548820984668351,-0.3225744276560447,0.08477234903590644,-0.17004563584482918
0.3359277823292934,1.0716414602422495,0.09947798368699257,0.019540922952917286,0.9990209963567313,0.0065613876079364634,0.039142679535393174,0.10236013474370795,-0.14831705523110628,-0.06124466149109555,-0.3187154995780068,0.06389092144580953,0.17059487079335106,0.09244378821182174,0.15490645310106546,0.1154890752929176,-0.3224320376192665,0.08461951746024575,-0.1701029170578187
0.3359569209648652,1.07163805755098,0.09945513528866931,0.01956449059751992,0.9990194113904917,0.006548205078849683,0.039173554637029824,0.10237747138199091,-0.14833440826532582,-0.061252284639943796,-0.3187755544588315,0.06393772710865048,0.17060310759129937,0.09242985316353826,0.15491280076019706,0.11508726760635886,-0.3225731465149252,0.08489296386658354,-0.17011785151928796
0.335995772401673,1.0716350531124152,0.09944300387097517,0.01955638121105787,0.9990209531269381,0.00655103171871941,0.03913779695757464,0.10238601300723561,-0.14832021125055803,-0.061248354858420104,-0.3187132327270158,0.06401922885369933,0.17056581739049198,0.09253406498080047,0.15491043467239568,0.11488376610152427,-0.3226080583549626,0.08511918943977481,-0.1700284650231457
0.33598663974382686,1.0716392811837052,0.09945492964291304,0.01959089229923355,0.9990201229900368,0.006524915731746903,0.03914608887979682,0.10225470072172228,-0.14842812531316787,-0.06117186629594532,-0.318547374271894,0.06389113478058303,0.17076829352577402,0.09242387892220182,0.15481815826283737,0.11477739122424441,-0.3226028803967693,0.08518306289095885,-0.16996962645123304
0.3360460296484062,1.0716454058498508,0.0994308012543105,0.01961418854347665,0.9990233710396631,0.0065194552526466176,0.03905232934841651,0.10232657979576863,-0.14839892668129864,-0.06125648710576126,-0.31877132951513537,0.06379155483160337,0.1708471993581232,0.09252737087687696,0.1548022491842252,0.11502732355279925,-0.3225721099634442,0.08502318635247252,-0.16978021544427369
0.3360832282843377,1.071655756194657,0.09941079575981086,0.019617483337839327,0.9990227693348941,0.006531242571565264,0.03906409564293135,0.10230063631047953,-0.1483641297389572,-0.06136524181860809,-0.318633989970731,0.06376284943777087,0.1707863571821231,0.09248763353945258,0.15488781129777118,0.11488990859883881,-0.32253638485371916,0.08497252713358747,-0.16974671528130425
0.33613053816493643,1.0716648704106362,0.09939877744817,0.019619205608060693,0.9990235504193811,0.006572370049040932,0.03903634755841748,0.10226892116988706,-0.14825914537110702,-0.06146929155621426,-0.3184926253843414,0.06362339302618478,0.1708267026403975,0.09260213824189484,0.15494801461420693,0.11507188505359166,-0.32254118328103276,0.08490483167885508,-0.16964642279718717
0.33614309491477645,1.071646394619624,0.09938368156555892,0.019655594583949023,0.9990216741982756,0.006591448427660872,0.039062832606601615,0.10217432803698112,-0.1482031837060291,-0.06129488027181597,-0.3184717781275513,0.06381162908093356,0.17095144347548125,0.09247351227397553,0.1550521273903123,0.11482757149768896,-0.32258507123204905,0.08475261500261902,-0.16975062491413462
0.33616987443804514,1.071651611589792,0.09937196476801095,0.019680546985079234,0.9990212000905521,0.006630491977110305,0.03905578594962062,0.1021408641396959,-0.1481042047017538,-0.061282586114276894,-0.3184748646080044,0.06377254654109979,0.1709664700877319,0.09250260724953802,0.1551535296307362,0.11510871298384591,-0.32256991586355266,0.08455067177464334,-0.1699601034918138
0.3362118182881433,1.0716474678026562,0.09935322416774953,0.0197112344467521,0.9990202936462521,0.0066107509354781015,0.03906684133136827,0.10223232971798658,-0.1481288550610049,-0.06133918065516758,-0.31867202127491073,0.06375487911433836,0.1709091743227968,0.09247992447974245,0.15512852237694,0.11484653622363436,-0.3226660271599177,0.08475540255007519,-0.1699475348527356
0.3362527841856944,1.0716496406688707,0.09933049098180183,0.019718653172414287,0.9990199077617534,0.00662643138752992,0.03907030867333735,0.10225313925147148,-0.14807474518588112,-0.06140189680051828,-0.3186836699887549,0.06380910328751001,0.1709137175944532,0.09251076673981588,0.1551842936256801,0.11477149060960493,-0.32267817804217086,0.08481417521593539,-0.1699772165913099
0.33628625260318173,1.0716641578643946,0.09929724464089423,0.01975005017774001,0.9990170232645303,0.006649772221649831,0.03912420318746148,0.1020971338283009,-0.1479741041957304,-0.061265626450052006,-0.3183814697767678,0.06369222795148093,0.17098966651705694,0.09247423383453901,0.15529231216753525,0.1148214310133332,-0.3227237664800614,0.08463163776238236,-0.16995496880963015
0.3363023952531407,1.0716610665456392,0.09928728034648489,0.019799597455367052,0.999015022689015,0.006651811614970404,0.039149888690918296,0.10212363946124456,-0.1479682228715573,-0.061235029958092255,-0.31862024443782,0.06380810098785288,0.17095064223349118,0.09234541967276763,0.15528515029935358,0.1148667504529229,-0.32264667744217657,0.08463180284446416,-0.16981861834812373
0.3363214883943476,1.0716550260322872,0.09928988590681653,0.01981911185987039,0.9990134300641236,0.006679001196117345,0.03917601689327934,0.10213645475925087,-0.1479157794168361,-0.06116606776179617,-0.3186672979896202,0.06385335711189369,0.1710103559901104,0.09242688143471965,0.15536582079845354,0.11490585047852406,-0.32286563160916226,0.08445603254003867,-0.1699646847241506
0.3363522403922067,1.0716593142721165,0.09925432829136924,0.01979553603298027,0.9990136624593938,0.006724238448820907,0.03917427204069935,0.10208215165563721,-0.14777268731167853,-0.06114574467935634,-0.3184497276946355,0.06376186802462372,0.17098945304632784,0.09250885051333514,0.1554977624231265,0.11490865438668091,-0.322850291016503,0.08453529395351576,-0.1699176482807813
0.3364128664775792,1.0716634514341783,0.09924990591130693,0.019864477078644322,0.999009585639237,0.00672354375142062,0.03924339830767278,0.10204014754955068,-0.1477625269528083,-0.06102948293262442,-0.3184583815563466,0.06372880047479985,0.17097756562822958,0.09239243261024432,0.15546698208028692,0.11482852625385188,-0.32291006704441766,0.08483587627928615,-0.16977904587005915
0.3364398554999948,1.0716664398464142,0.09923918357447832,0.019911621893136347,0.9990081952545267,0.006727881850536533,0.03925415562311345,0.10199540545114294,-0.14775075795090636,-0.06103727379190204,-0.3185078324438017,0.06368794309263284,0.17097931877903888,0.0922912948990725,0.15548678535936006,0.11485567026374212,-0.3228489851425598,0.08482629225784931,-0.16973668994023688
0.3364912269960046,1.0716608725405274,0.09921617996758897,0.01994142600316415,0.9990060875718082,0.00681009714641029,0.03927848138975597,0.10200998848415348,-0.14753036649839524,-0.06090008469433842,-0.3185527085278606,0.06369598375006623,0.1709910915954027,0.09230524769696083,0.15571639542208435,0.11483697412077142,-0.3229239900377522,0.08471979479609713,-0.16965880417321424
0.33652797119222244,1.0716569535855454,0.09922320955123384,0.019966433911216202,0.9990047925906247,0.006872673687193075,0.039287813049613984,0.10201763042507107,-0.14740962323834805,-0.06100500751888827,-0.3186027121290373,0.0636369333970616,0.17095080230908502,0.09235427099353509,0.1558556744764121,0.1146917855411746,-0.3230999928717671,0.08476978755229994,-0.16980821704083807
0.3365954085520733,1.071661453554585,0.0992081604664991,0.020039296452432492,0.9990041063795574,0.006877543898826528,0.039267307322925944,0.10197721102305982,-0.14738619818927323,-0.06095891843454658,-0.3187104997714683,0.06361804256177701,0.17100219217144258,0.09233129097782578,0.15587416913242622,0.11476389218509345,-0.3231751694455749,0.08459177304120324,-0.16991702615237345
0.3366541181992971,1.0716543359427688,0.09921598676164567,0.020086892445359814,0.9990030003520562,0.006916147667700438,0.039264346943715146,0.10194607325729992,-0.14730440303996625,-0.06093521671611163,-0.31874784775291437,0.06367059866664826,0.17100758383134587,0.09237205581379374,0.15596095449862113,0.1148794994547675,-0.3233068767521236,0.08465717155395305,-0.16979968296830536
0.33670635909758584,1.0716787989659566,0.09921479474346738,0.02009806749471729,0.9990024944718321,0.006975125302636377,0.03926106658061611,0.10202297557149395,-0.14712517509777448,-0.061154542588837874,-0.3187891935477418,0.06344091966461565,0.17063336985208272,0.09246048090058799,0.15607098668146485,0.11508384124431391,-0.32330919742194253,0.08444318068707814,-0.1696817015239105
0.336751483192463,1.071663684190128,0.09918880654968287,0.020154250378786757,0.9990033042222863,0.006971515245372876,0.039212272566209246,0.10185244841873492,-0.1471581095074062,-0.06092801047575604,-0.3187089630318877,0.06350265207697814,0.17072244263851716,0.09242702159941069,0.15613341119318816,0.11493049689379027,-0.32340258705749214,0.08429177461340168,-0.16971323640137714
0.3368305295200557,1.071661719302359,0.09919146521105626,0.02018303426760537,0.9990039403030505,0.00697645116173623,0.03918037156433975,0.10189221544675553,-0.14713917204608268,-0.06097463766116132,-0.3188002886318593,0.06354958422320092,0.1707338049197345,0.0924803240970519,0.15612944395712033,0.11480575810581607,-0.32346722936221206,0.08451471011277248,-0.16957419318793332
0.3368678524900193,1.0716560082882418,0.09918204913311263,0.020234686996822224,0.9990067150703238,0.006940776549125881,0.03908920960363272,0.10189475516153641,-0.14723163734986774,-0.061095193652262486,-0.3190331274207509,0.06363783789443489,0.17071361298873944,0.09246497395227729,0.1560376827697774,0.11454233654629403,-0.32353086846330903,0.08449108032912647,-0.16951815598952896
0.3369390280918079,1.071662447529036,0.09917296859462237,0.020220079428725665,0.9990092178411922,0.006959100468328584,0.039029501366233794,0.10185032654818571,-0.14717786570236557,-0.06108971876416351,-0.3187844690785948,0.0635916717536817,0.1707299128211302,0.09263754007570697,0.15610094177180475,0.1148048600854923,-0.3234968911028432,0.08419873272621423,-0.16978724349858593
0.33698212551580026,1.071673207489175,0.09915082075162306,0.020185787876576766,0.9990114306147619,0.006954833257063594,0.038991354980494275,0.10196252618791596,-0.14714638149119771,-0.061140961682995265,-0.31880451698408657,0.06352596017477324,0.1707408278493131,0.09271911323963665,0.15612063383082472,0.11440981095822267,-0.3235011399075478,0.08439458588354726,-0.16982659466652017
0.33703800271828666,1.0716753880860372,0.09913773768179479,0.020131224148116786,0.9990173813519749,0.006943350454385022,0.038868952332270966,0.10208186049856734,-0.1471659637730745,-0.0613909312117788,-0.3187771333709774,0.06336745444955796,0.1707043109281294,0.09292855706314213,0.15612162467257754,0.11425299365829078,-0.3234110437887786,0.08417104533071654,-0.16972886050301672
0.3370446362346945,1.071679254155115,0.09914757462060443,0.020044451375314038,0.9990196277162043,0.0069833509719135056,0.038848889508483905,0.10218555700363474,-0.1470910520077298,-0.06152334829512784,-0.31860349067406374,0.0632193871327641,0.1707247393303016,0.09301830497234455,0.15617730536418842,0.11418729443686436,-0.3231686698941402,0.0838743281569954,-0.17003145611446657
0.3371129013532866,1.0716797331763217,0.0991103757917615,0.019986681305915233,0.9990235267975327,0.006977508483997993,0.038779374037635136,0.10233676331156334,-0.14703721901002745,-0.06168269173925455,-0.31856004198905397,0.06316748144923177,0.17053882173901608,0.0931861683759288,0.15621537573609148,0.11402263047913509,-0.32307042925123514,0.08385541638794002,-0.17006175068044713
0.3371548224760908,1.0717056347120597,0.09911263541353132,0.019904352344661924,0.9990278490983795,0.007056295673347679,0.03869602272812094,0.10239289847666395,-0.14684423898680407,-0.061847285469926884,-0.31831512652846017,0.06295576427502805,0.17032935895049098,0.0934030746370663,0.1563556382779604,0.11369364051321042,-0.32296017817468153,0.08395947225161057,-0.1700013052812908
0.33720935139359587,1.0716974438167703,0.09910061424595534,0.019809509664581188,0.9990334693952333,0.007110463132547887,0.038589527970846374,0.1025302564241828,-0.1466992523572673,-0.06200338975862701,-0.3181323366042366,0.06287906366814043,0.1701003169854482,0.09366390021041508,0.15652283103055253,0.11360251152408471,-0.32289654930852246,0.0836722404938385,-0.17023601413464928
0.33722840155289274,1.0717088801065533,0.09909545411386918,0.019759970372802967,0.9990344118342269,0.007123320237058023,0.03858815687107086,0.10254418485554494,-0.14665463064621792,-0.06209758298311035,-0.3178958320429282,0.06270922746821654,0.16999057370316528,0.09378248558551784,0.15653414588352907,0.1134375920065457,-0.3228422736152544,0.08354557956723188,-0.17025991427621642
0.33729391890188226,1.0717250059930679,0.09907919698109367,0.019709529006087835,0.9990404746126521,0.0071428758656684145,0.03845313870742448,0.10260921879175613,-0.14659659499118757,-0.06234407987341722,-0.3177911034981486,0.06251674941838031,0.16989430647552195,0.0939650568110916,0.1565419585140322,0.11349095783996091,-0.3225999238172489,0.08340191911291242,-0.17010849458016755
0.33733072702522016,1.0717076247857713,0.09907152811559686,0.019646733601276726,0.9990412325556461,0.0071933034115703835,0.03845618153853459,0.102791094333473,-0.14648787219390408,-0.06240686982886269,-0.31780372703868737,0.06251009530059612,0.1697878382395626,0.09413661373081354,0.15670348318046967,0.11314428471520503,-0.3227380920088321,0.08322461061271558,-0.17038742544162425
0.337367875437741,1.0717213584018062,0.09905429793357307,0.019525314594197173,0.9990469896286509,0.0072549716363456435,0.03835674634902986,0.1028348893175435,-0.14635474389777753,-0.06243043997892746,-0.3173955267987183,0.06233406922102686,0.17004310779583762,0.09448576805345663,0.1568265882174131,0.11320296908674235,-0.3226120504993528,0.08313446453715914,-0.17029393184968383
0.337400883262878,1.0717206964208845,0.0990122807958847,0.019505277059599244,0.9990457428016863,0.007283674013884856,0.038393958502798205,0.10280735105462635,-0.14623891384601523,-0.0623783261406838,-0.3171657017790092,0.062247467733389086,0.17021347068855155,0.09442905112605555,0.15698549395704797,0.1130132894717358,-0.322508243016534,0.0828660171979305,-0.17055806880520455
0.3374372272988716,1.0717310461724423,0.09901562349542109,0.019442776657204716,0.9990464406169052,0.0072965769501260325,0.03840505033666111,0.10292368392231341,-0.14621644472850306,-0.06247831406645275,-0.3170095450887533,0.062148562386901036,0.1703785232865431,0.09460590294992031,0.15697295641492512,0.11295800350531111,-0.3225062361289621,0.08330207509904684,-0.17047538792894149
0.33748343202747844,1.0717363901362746,0.09899942605016948,0.019383426336526854,0.9990454979609759,0.007412102855239372,0.03843743642109252,0.10306506453034801,-0.14589676356967005,-0.06251537204227929,-0.3169337917983837,0.0620134938985136,0.17024043084753493,0.09483625777106923,0.15727388828649128,0.11286885852914823,-0.32264429630971736,0.0832392860085624,-0.17040183013356344
0.33750276804507834,1.071732215755841,0.0989750150151894,0.019348135431950814,0.9990458518068916,0.007412038839541335,0.03844603130350939,0.10324668421698872,-0.14586602743746735,-0.06257876033732149,-0.31709929078877597,0.06195509075728165,0.17007205486350052,0.094846897870011,0.15731042454088753,0.11294940102694985,-0.3224836010986766,0.08303913859733542,-0.17046448644585607
0.33749939937218953,1.0717580192639968,0.09895726741619186,0.019255654359049985,0.9990428244943169,0.007492178970440691,0.03855543873303894,0.10330485856249699,-0.14563990611185504,-0.06249930289865894,-0.31674560377481537,0.061832024050976334,0.17000709305370307,0.09499028091523079,0.1574992169144485,0.11312274002120865,-0.3224625404425643,0.08276781276044072,-0.17051950788276798
0.3375161751743714,1.0717611548686004,0.09895327635576924,0.01919381830420191,0.9990392245010516,0.007563764882357925,0.03866542005522501,0.10340376264145726,-0.14546400980708402,-0.062352453615288475,-0.3165130583670302,0.06164434781835444,0.17003689998400953,0.09509827332824544,0.15768884681630155,0.1132051557597752,-0.32244995169533713,0.08277822752973793,-0.17070971713995745
0.3375327903531415,1.0717636186067865,0.0989364185287101,0.019114309704146043,0.9990413563066175,0.0076228985487266235,0.03863810258389864,0.10352294830980992,-0.14530980899911322,-0.06243721038659752,-0.31638898333811105,0.06153432958921491,0.17008836051552118,0.09532633784413354,0.15781519240829964,0.11343980520769825,-0.3223696025765349,0.0827756448606392,-0.1705414145617973
0.337545375719598,1.0717549715480814,0.09890607103685842,0.01906637108543847,0.9990363958131014,0.00763630032814735,0.038787114505961874,0.10358791468945823,-0.1452666873194845,-0.062023246525976475,-0.3162077057434314,0.06156255014057661,0.170497594398256,0.09533762493782755,0.15790520183151582,0.1134205007161869,-0.32239430596295826,0.08268658682140909,-0.1705455364507989
0.3375383460383024,1.0717747766039214,0.09891018663816176,0.018981789461780467,0.999030628058902,0.007685613851534093,0.03896700153706419,0.10385554753769438,-0.14508772734610298,-0.0619470841569832,-0.3161703779127629,0.06126837636761952,0.17051573937909303,0.09534768746412099,0.1580084205653691,0.11374451654098583,-0.3222275022181524,0.08269475716911236,-0.17039170893380076
0.3375403970172481,1.0717790885508867,0.09888991176189103,0.018956867172306407,0.9990274290803562,0.007747302236723556,0.03904884684799398,0.10388832230270517,-0.14492822695364665,-0.06191987275908977,-0.31604854110345,0.061118140103867145,0.17044853329397272,0.09542495650976371,0.15814794184311745,0.11396504424201175,-0.32222454318827587,0.08249575111861138,-0.17030240652627449
0.33749725939385017,1.0717826474582977,0.0988907922135227,0.01888655975200115,0.9990214225049804,0.007806770608565542,0.03922434919185893,0.10395885100687928,-0.1447854459696099,-0.061768683665552486,-0.31582167971719466,0.06101596657845235,0.17049802077152798,0.09527449781720057,0.1583138248394604,0.11403989204341142,-0.32197786926741107,0.08258808734818669,-0.17040684376673698
0.33748772404272576,1.0717846076525548,0.09889693829814962,0.018895111439172056,0.9990149061040279,0.007865644600380233,0.03937415117411624,0.10398063930083208,-0.1446291865483832,-0.06146382516040864,-0.31580926816392013,0.060935404703886586,0.17056021189949386,0.09529562230965301,0.15841063303056827,0.11411655371146533,-0.3221850810494387,0.08281760033812793,-0.17015404580240467
0.3374856092675093,1.0717698624072542,0.09888731286245853,0.018906186255224052,0.9990132517124243,0.007819787614103867,0.039419918136919356,0.10395846325703069,-0.14477420522288378,-0.06119725257833858,-0.3158003929224823,0.06106305435302596,0.17092431732662286,0.09522312735271704,0.15835876890447603,0.11444081863074182,-0.32216282290346837,0.08283489669968508,-0.17010638662227154
0.33747007786034194,1.0717759177274062,0.09888036255447236,0.018868440577431898,0.9990081509839265,0.007866657395831702,0.0395577036652643,0.1040612375367569,-0.1446119004481957,-0.06117794897670587,-0.3157285560639569,0.0609733202643918,0.17097767096867986,0.09524763852325574,0.15850167711725882,0.11459019181435497,-0.3221905579773689,0.08281074178910652,-0.1701424503441343
0.33744701301270846,1.0717820498089246,0.09887125322236555,0.018827233680012823,0.9990036854987702,0.007945640502763049,0.03967415315836571,0.10414179157373236,-0.14441335020265567,-0.06096673314412887,-0.3156700003415531,0.06087860392665781,0.17104683056513434,0.09527056397845995,0.15866650911494107,0.11480692382158457,-0.32222685373519855,0.08295314285910528,-0.17001970346866954
0.33741445011436,1.0717690558594024,0.0988528820329356,0.018845847417585472,0.9989991621359087,0.007937764772025332,0.03978064827638587,0.10424332899883411,-0.14442728920205963,-0.06080758649513694,-0.31594578719626615,0.06098119222995686,0.17116454985969984,0.09515386397765871,0.15866258804875455,0.11482493599964802,-0.32229025607396766,0.08329036538458509,-0.1698518906733158
0.33741700624183985,1.0717752642693708,0.09883982774191523,0.018863325165385393,0.9989970376058076,0.007959046918525628,0.03982144385471365,0.10420433722443524,-0.14433091281102128,-0.06072724129201967,-0.31593607340233415,0.06101191168271929,0.17118703825927392,0.09505706441898104,0.15875086948394967,0.11504607426049979,-0.3221926611000476,0.08310418709331337,-0.16998286978056634
0.33738373960306317,1.0717771573303672,0.09882801397006646,0.018878459804188535,0.9989941621265942,0.007917643197910608,0.039894595105054,0.10413607144043971,-0.14445818172718497,-0.06056630767153141,-0.3158268418963976,0.06095613968547536,0.17148072436101963,0.09501941082648088,0.15866549731532095,0.11510967303514723,-0.32229528768963217,0.08314258558165767,-0.17003556422166216
0.3373656178829122,1.0717923863096954,0.09881712542346481,0.018859050294927335,0.9989921923706582,0.007979752281480781,0.03994069801550202,0.10417593701501784,-0.1442620957771381,-0.060557953371535196,-0.3158110866857892,0.060859008545553074,0.1714131046941994,0.09506836316331381,0.15883597680112835,0.11517231538555,-0.3223899290882571,0.0829079914309494,-0.16998728190175058
0.3373471709481016,1.071782925275784,0.09880681234567967,0.01889216212953672,0.9989910743338877,0.007996150695347195,0.03994973323257149,0.10421462750104026,-0.14423990314990878,-0.060640024918272695,-0.3160831870902421,0.06089969624065287,0.17142143572346005,0.09499200640445167,0.15887070312925933,0.11528652764261797,-0.32244296895561525,0.08317719228999752,-0.16983999392952992
0.3373028758835224,1.0717864226818576,0.09879164145671746,0.018837416982185645,0.9989906042801049,0.008066901439569299,0.039973108243848164,0.10419575186998822,-0.14404794838516352,-0.06050875460413491,-0.31592272858245407,0.06088779355446285,0.17147618331034217,0.09503935996732366,0.15908094476360765,0.11536042389215974,-0.32243411298826685,0.0829123006859242,-0.16966935540785105
0.3372856436440319,1.0717808640813336,0.09879817455159791,0.018860585784726783,0.998989062009791,0.008103202992843122,0.03999337932597943,0.10414042481835326,-0.1440106397228343,-0.06033526068240699,-0.3159301137149967,0.0609243879761451,0.17170655633410548,0.09508329554981373,0.15914862744149713,0.11524359032733816,-0.3226970362681059,0.08305959108179795,-0.16968114755761135
0.3372250094949753,1.071780027067487,0.09881992378708941,0.01883856045250304,0.9989883491027687,0.008125658282107998,0.04001700481651075,0.10431065697505484,-0.1439424557064938,-0.060565281991374675,-0.31628804320003023,0.060936058196628055,0.17151688268110796,0.09508355758856721,0.15914596627246821,0.11567386815061861,-0.32260723546004666,0.08284658663705878,-0.1698271796975948
0.33720704203646357,1.071776265404909,0.098789419527199,0.01885105575981107,0.9989874247049759,0.008138055318423052,0.04003167537956432,0.10424439656363954,-0.14389931599341052,-0.06059841473911945,-0.316227236269854,0.061034611678583484,0.17147932750345057,0.09500487351065098,0.159232452795578,0.11550664980528055,-0.32266142749763704,0.08304263667123687,-0.16973226232260122
0.3371633302463674,1.0717785018998878,0.0987921239994909,0.01882966864845836,0.9989867443111721,0.008168410960327515,0.04005253214888212,0.10419416950153063,-0.1438695002788737,-0.06047880281717849,-0.3161555723886586,0.06107292578320148,0.17168406506767547,0.09501377149423662,0.1592879821680031,0.11551137559567085,-0.32269085673341463,0.0831129817954193,-0.16979625958172756
0.3371371521671049,1.0717776841565858,0.09879041289939963,0.018849248825217702,0.9989859128058755,0.008189363889600622,0.040059782241301044,0.10415709889694495,-0.1438085446823319,-0.060616521794049874,-0.31621699727256125,0.061042052135974405,0.1716667714830988,0.09499236997470144,0.15933250234709598,0.11540317798060162,-0.3227903584717744,0.08314770617322852,-0.16978913046534483
0.3371021752429044,1.0717846111352107,0.09876145973055729,0.01885007018631187,0.9989874226766358,0.008221548689498457,0.040015126202600476,0.10413417175414576,-0.14371600135597415,-0.060708777258840385,-0.31628918079697543,0.0610584170422657,0.17150063012999928,0.09487430078998194,0.1594246052513816,0.11539994452707641,-0.32262654919734146,0.08310272897922658,-0.16994653285345154
0.33707062614948224,1.0718057049193082,0.0987531630416498,0.01874971241234558,0.998987735038355,0.008308358384277537,0.040036542162755935,0.10418602949746042,-0.1435003356419246,-0.060706512176513516,-0.3160010982193719,0.06092033156515092,0.1714943833903244,0.09497630399050677,0.15962174344182703,0.11537722540806312,-0.32250491691764793,0.08307321770055409,-0.17001124066237763
0.3369727503256775,1.0717948729076292,0.09876571878604687,0.018693657785233707,0.9989897503366544,0.008348528595396058,0.04000409918007404,0.1042336199611645,-0.1434363591319231,-0.0608573727596674,-0.31610534530213863,0.060949309376871506,0.1715341433452741,0.09489089142368436,0.15969037437933267,0.11544247838123486,-0.3223222662444572,0.08309681536381533,-0.17011512330408898
0.3369547887609025,1.071816403563109,0.0987328349537601,0.018664972136081436,0.9989879263868193,0.008391756220756604,0.04005396579682759,0.10421214666000381,-0.14328544598232923,-0.06076944302359559,-0.3159238386426453,0.06078036281379188,0.17153409812695836,0.09488313545084033,0.15981221767371562,0.11550326954770584,-0.3222292991276975,0.08328891158810856,-0.1699136384303991
0.3369091879991921,1.0718006102416793,0.09874164736061558,0.018619838633213797,0.9989880470585015,0.008412085581948227,0.04006769596165944,0.10423769259640443,-0.1432911567029483,-0.06058106992427259,-0.31587920080519116,0.06087915400231803,0.17179284083226043,0.09486289615878102,0.1598419248098019,0.11562998579624449,-0.322109182212311,0.08295079320112381,-0.16992801781423855
0.3368789328360213,1.0718018818256747,0.09872550559137343,0.018599409523159246,0.9989858234377468,0.00837642164870479,0.04014003109316148,0.10432307737695895,-0.14336421859264784,-0.06051672091493508,-0.316002307084691,0.060931357191674064,0.17209608889336342,0.09483119335883339,0.15974449048362227,0.11558757530685004,-0.3220793200293592,0.08336861551452969,-0.16981527212518088
0.3368175583843633,1.071806909802934,0.09872557449341919,0.018584438326067182,0.9989837089917661,0.008392740511719413,0.04019614070855275,0.10437179648302822,-0.14331841721202127,-0.06058074029311656,-0.3161004405386981,0.060969113781729284,0.17217568764264893,0.09468119953486817,0.15979289983392356,0.11568505799118398,-0.32191539929796364,0.08343784268361716,-0.1697772774174451
0.3367812730532533,1.071823722869643,0.09870448305732847,0.01850349604366196,0.9989817291004063,0.008443949657181187,0.040271891834275764,0.10443215460028119,-0.14313248253859584,-0.06062213628113436,-0.3158688379180563,0.06082444926640355,0.1719998060925248,0.09476355252648044,0.1599217242759642,0.11576766286965506,-0.3218959907359637,0.08349128683705936,-0.16972689707996624
0.33672985023256413,1.0718017524899452,0.0987179991279873,0.018518565711555895,0.998981332770224,0.008421722758586648,0.04027944992662089,0.10440853365839567,-0.1432333691054294,-0.0604040652125378,-0.31599684066764544,0.0609818281620628,0.1721379212675507,0.09474422641901697,0.15986818316146167,0.1156814088535772,-0.32205871897799015,0.08360067950425726,-0.16974912752368382
0.3366945900860997,1.0718180661903893,0.09871443442999275,0.018391304182736226,0.9989823367972004,0.008492526348777365,0.04029798622609247,0.10452369692503147,-0.1430579903727794,-0.06033291540749359,-0.3157229209475493,0.06081887502828663,0.17229503633273488,0.09486190469440262,0.16002002320145872,0.11568897438642012,-0.3218248564501427,0.08363428484716486,-0.16972705437343064
0.3366626720752924,1.0718178985251183,0.09870954617524146,0.01838420385028668,0.998980653127648,0.008484549605956229,0.04034461727954342,0.10452923247923912,-0.1430780898376172,-0.060194893966477654,-0.3157598897979336,0.06083481792133108,0.17244059647012466,0.0948305889499729,0.16001671644654955,0.11582945874017153,-0.3218417500216409,0.08365553927044367,-0.16964765624651862
0.33660998062545483,1.0718226126318657,0.09870842087530689,0.018356105695702927,0.998980031682875,0.008470169910319004,0.040375808403803455,0.10453165398106605,-0.1430983741275027,-0.06021430543029113,-0.3156864027454027,0.060764351818006775,0.1725592559326389,0.09481686748468784,0.15996418214698876,0.11590733935741553,-0.3218669526200168,0.08369597527251807,-0.16948760498056428
0.33659970472491524,1.071819038651053,0.09870790863852634,0.01829606162594494,0.9989794959385642,0.008519013530485208,0.040406029646318314,0.10470240628944254,-0.1429617968760555,-0.060451621935342086,-0.3157705147364621,0.06071988102450456,0.1722986411957306,0.0948967194747366,0.16010163984742634,0.11591229008545008,-0.3217834373851856,0.08348866065630696,-0.1696186219319489
0.33651437051267796,1.071809952374121,0.09870679644186701,0.018271990557305568,0.9989798117043605,0.008498012122966811,0.04041353681815163,0.10463988161082352,-0.14304188509284105,-0.0603611432214941,-0.3157498304136548,0.060840721587105816,0.17242368903279282,0.09479028105343178,0.16002843658478194,0.11636572050143433,-0.32154293594638234,0.08341356350147615,-0.16963962485733944
0.33649735288196425,1.0718205996620562,0.09870204350789324,0.01826330659808187,0.9989790455923033,0.008463665853391599,0.04044359603098296,0.10468975074862828,-0.14310944553720487,-0.060223967235155926,-0.31582714748088586,0.060871124416017795,0.17242622240617667,0.09471348237208567,0.15998552116823028,0.11631756310255052,-0.32150012550665635,0.08336824458174283,-0.16948381880114854
0.3364495248084661,1.07181922115171,0.0987146887724484,0.01820656974673224,0.9989804441837202,0.008434798979796262,0.04044066174934248,0.10475350658256168,-0.14315588670602838,-0.06012727615463518,-0.31580510187658645,0.06089762629031239,0.17235050626057327,0.09477205392974848,0.15989460291284743,0.11643372946569469,-0.32145706992594175,0.08343198703398336,-0.16942193906715938
0.3363971844568914,1.0718407500738245,0.09871054391771858,0.01814352604795814,0.9989783142757404,0.008497350152338148,0.04050845726185487,0.10474443646351328,-0.14298055509157068,-0.06024736978046903,-0.3155314493324808,0.06075798271949656,0.1722014729981354,0.09476697136701717,0.16002153299063374,0.11637687574137498,-0.32135212638970356,0.08347826910473184,-0.16939509553812174
0.3363450856963432,1.0718345445318151,0.09870124855686274,0.018053232400307182,0.99897921346917,0.008525358264606082,0.04052073694886671,0.10478651714697838,-0.14291517656663186,-0.060119472726002515,-0.3153519626423246,0.06068886063717637,0.17231548190900994,0.09493136370599069,0.16010307468635504,0.1163715532647694,-0.321394823709263,0.0835576197365713,-0.16937371043543867
0.3362975368461222,1.071826319882387,0.09868541884071023,0.01800328731100326,0.9989821332643769,0.008506317877990551,0.040474950533766416,0.10489062435072607,-0.1429750808608887,-0.06028905925156376,-0.31549867445000057,0.06076512803090108,0.17239497122038439,0.09493159102349222,0.16006853501996296,0.11642786385191432,-0.32127792373951936,0.08356802874563478,-0.1692970956164102
0.3362706544974132,1.071839235226873,0.09869828702890913,0.017885079418252865,0.9989843401539769,0.008587439200964605,0.0404557529814501,0.10504185964807318,-0.14275788826391334,-0.060455190843051204,-0.31532928723455406,0.0606547995735181,0.17226757505994764,0.09517731152352599,0.16023307298412887,0.11634881949352403,-0.321308228922909,0.08362955536485019,-0.16927368313067642
0.3361983303985164,1.0718192887423073,0.09867586547597484,0.01781630782617877,0.9989865705202549,0.00860944246893135,0.040426335426264864,0.10502064193041327,-0.14271405832026085,-0.060319941595289465,-0.3152044028364019,0.06075895833406601,0.17239135022984478,0.09525021510257912,0.16034882225075123,0.11630126055053978,-0.32129423285785946,0.08332191433257982,-0.16953157940745398
0.3361588440692077,1.0718383949643506,0.09867370637319468,0.017812694172710433,0.9989848158142505,0.008561499521413062,0.04048143308755789,0.10498858037592494,-0.1428146369053849,-0.06027241787190529,-0.3151325033832928,0.06072057086087961,0.17247315003393196,0.09510154637367767,0.16021093509153864,0.11638069536084442,-0.321112214278723,0.08358567105131155,-0.16946848586252816
0.3360992528477035,1.0718333469885006,0.09866827511010962,0.01774732312930965,0.9989857335503259,0.008555153316822864,0.04048883841735742,0.10512672684373521,-0.14280342771541507,-0.06046559305047195,-0.31523353896428874,0.06078985498636758,0.17229321403860376,0.0951787696227901,0.16019278126433367,0.1167344183453583,-0.3209751516072924,0.08320154739134604,-0.16966493456474976
0.3360456673030863,1.071827114278691,0.09865758305021254,0.017698833098259852,0.99898538234306,0.008520711847171285,0.040525974898424376,0.10522202250886473,-0.14289076533109876,-0.060370500927398936,-0.31530324378365376,0.06085395516977688,0.17233609476001724,0.09513195338211454,0.16014526365363935,0.11650154796155947,-0.3209422520056551,0.08334873802601028,-0.16969894772407917
0.33598260637219746,1.0718416451778847,0.09865388631591793,0.017645751809046196,0.998984389737338,0.008535740016537263,0.04057040357923446,0.10517171078516477,-0.14283468328618884,-0.06019018117030779,-0.315098596513059,0.06079589660461615,0.17248036105837794,0.0951392461829016,0.16018786432061385,0.11662263524850305,-0.3209156416010212,0.08334142656964445,-0.16980144433163105
0.33594777262952413,1.0718314738882178,0.0986575550160997,0.017609891629714464,0.998987808541899,0.008524707661047013,0.040504067212288636,0.10530806462647645,-0.14288706819978064,-0.06023777960415172,-0.3153235401040653,0.06089343336196393,0.1726044631678193,0.09520657357419395,0.16015890267262817,0.11698139461505479,-0.3208024195863687,0.08323559731537812,-0.1697900406957098
0.33588397644987344,1.0718384084394894,0.0986511649175978,0.017574234423944776,0.9989863150002124,0.008464934397312135,0.0405688749210267,0.10539621703482394,-0.14299364081971266,-0.06019494244719576,-0.3154066854957912,0.060852392773558285,0.17259203030138962,0.09518280075072628,0.16000981650172488,0.11714771521881943,-0.3207672126744603,0.08344978436915461,-0.16967528358822792
0.3358512825102773,1.071841648376784,0.09865320067810421,0.017530712933055023,0.9989823559289702,0.008472130077629755,0.04068353055734712,0.10553607962806423,-0.14294669259614642,-0.060164724654457075,-0.31546659472364336,0.060829897229895624,0.17243638594712213,0.09517993219794076,0.16005674410512308,0.11707196291905567,-0.32084571577856447,0.0834651755699855,-0.16961537045988417
0.33576335093347215,1.0718434496845188,0.09862430920695572,0.017461598935816128,0.998981957689491,0.008517353911826953,0.040713578273312845,0.10556801546103235,-0.14278325877371867,-0.06016283955964562,-0.31540824096027803,0.060918313337907586,0.17216222596997563,0.09515856749051348,0.16016884118150765,0.11702052952106932,-0.3207006114642938,0.08348936103934004,-0.16952698907809646
0.33571714585522144,1.071831799898465,0.09860341724117878,0.01745618682917223,0.9989821484897226,0.008478479243205394,0.04071933115812947,0.10546823207883525,-0.14287830276937954,-0.05994042994295933,-0.315300177613203,0.06095791533489959,0.1722895807928993,0.09517808639632173,0.16012772250610824,0.11711760298963267,-0.3208298735009573,0.08356052342499481,-0.16955215568897797
0.33565543320080443,1.0718462417313082,0.09859171475672995,0.01743710705466865,0.9989840532357955,0.008520908919530142,0.040671891882848796,0.10525848766526547,-0.14278926462692976,-0.05999621322654314,-0.31498792819602234,0.06094446490771022,0.172442535470231,0.095138473183163,0.16020652980008881,0.11706704328537491,-0.32075800438408186,0.0833321154583583,-0.1697054996210445
0.33560724372702944,1.0718295825000173,0.09860194589130064,0.017443312695335996,0.9989818579276576,0.008532311449699967,0.040720732249594084,0.1053527536219086,-0.14277659440293747,-0.05992929954539327,-0.31523832971384447,0.061005848959224104,0.17255119569870092,0.09514602946191035,0.16022517871839756,0.11703342361689822,-0.32096081832133755,0.08351022422431062,-0.16958478690425646
0.33553671182268713,1.0718370662225265,0.09859851215062816,0.017400886639177278,0.9989816194395591,0.008541179498516557,0.040742869546219584,0.10534718921218457,-0.1427588697804284,-0.06000082790559855,-0.31520169341394816,0.06099869508762595,0.17262110855802135,0.0951230997890664,0.16028191654404356,0.11712607205253733,-0.3209050140646014,0.08340904588749681,-0.1698425994801895
0.33553937069900813,1.0718426839554143,0.09857426230989498,0.017276143412832273,0.9989809589029279,0.008633870063874715,0.0407925839569631,0.10551544795464825,-0.14250489504053435,-0.05994568935852018,-0.3148915835117327,0.0608311285959399,0.17267565924133074,0.09537906277889267,0.16051680634110072,0.11714135671310429,-0.320951972697661,0.08360926777763188,-0.16982429380711492
0.335430356144069,1.0718373526042786,0.09857434965743744,0.01720438476523466,0.9989817660267177,0.008664407756917543,0.040796670565277436,0.10548005127412242,-0.1424429388802966,-0.06000672698027571,-0.31479436464124455,0.06089266459433728,0.17270601123348978,0.09542893749609543,0.16055638182248821,0.11699931907644844,-0.3209942385003219,0.08393611896548993,-0.16973506181173387
0.33537348362011327,1.071817860855688,0.09859045674201013,0.01720876224925327,0.9989825262268632,0.008667693668992811,0.04077550590371196,0.10549316483747818,-0.14245749944607053,-0.06002649261926517,-0.3149750680323403,0.06106063307630096,0.17266615725693138,0.09533548237057003,0.16055756000986748,0.11696481904120785,-0.320945062802523,0.08395006913000405,-0.16962655457221926
0.3352976513560755,1.0718253196585081,0.09857212413404477,0.017209629585130174,0.9989804976637074,0.008637871053081985,0.04083112931066423,0.10538259368890981,-0.14252973986865408,-0.06008683844966971,-0.3148500373449206,0.06104112528424317,0.17276288069636644,0.09521662148939034,0.16050873386632308,0.11701252018067523,-0.3209472124102313,0.08395128848584896,-0.16982959569989206
0.33524413776986445,1.0718242108963039,0.09855326988216863,0.01716529892545503,0.9989836282505066,0.008646691465373117,0.040771285569084284,0.10531990538571907,-0.14247295317552025,-0.06011792000683541,-0.31474130570605885,0.061104916268155826,0.17270156990850097,0.09530371243496673,0.16054480945328328,0.11701066462787339,-0.3209715563259705,0.0839220832238875,-0.16986828463609635
0.3351697404549103,1.0718268013088759,0.09856515634837894,0.017090153994404944,0.9989813512675405,0.008659914462576749,0.04085575036181913,0.10547030121889611,-0.1424433763787134,-0.060019844769048654,-0.31479103932760294,0.06111626631252535,0.17269651948952086,0.09530988951550434,0.16058264226677574,0.1171908402371859,-0.3209396429530365,0.08403650405540468,-0.16971537274506354
0.33511024150083524,1.0718373951053515,0.09856182402946463,0.017028312583489476,0.9989810327835246,0.00867462908937651,0.0408862265253621,0.10538747743993501,-0.14241407322691002,-0.05988465037658147,-0.31446469456845066,0.061109344674325654,0.172861306342439,0.09536008791094529,0.1605844083068372,0.11721085568807513,-0.3209219909870247,0.08418802058919649,-0.16964069399596957
0.335007271639337,1.071832977905558,0.09854203541474713,0.016944480991544202,0.9989800005365578,0.00872961747042604,0.04093454373418973,0.10537902279270653,-0.14226812636744263,-0.05994040781813333,-0.31426079091645326,0.061076623192322,0.17287539413307948,0.09536042047363376,0.1607514048368074,0.1173542523494921,-0.32083761855932663,0.08415616608284854,-0.16969067156562886
0.334926693376513,1.0718405313407187,0.09854024319436207,0.016885025610528043,0.998980094736085,0.00868676662778343,0.04096591652543599,0.10556495617271815,-0.14232989675018295,-0.05990298134351105,-0.31459706586516223,0.061272439965682636,0.17269512040659382,0.09531686707159281,0.1606249832840159,0.11744113823449599,-0.3207034042104834,0.08419731493379135,-0.16963642736515766
0.33484954642087617,1.0718378771212314,0.09854203036997844,0.016767658004843297,0.998979627123772,0.00870822588550864,0.04102093415085855,0.10566050738381434,-0.1422989793947467,-0.05992297403113917,-0.3143238488709594,0.06112003988787678,0.17276795825191166,0.09540258468492742,0.16067969501274193,0.11751816749513783,-0.3205459509882878,0.08423777008413388,-0.1696277435841841
0.3347854592757651,1.0718307416864528,0.09852197866123037,0.016705317366617865,0.9989807466228884,0.008717072704076283,0.04101722677033132,0.10564035134362694,-0.142239417168118,-0.05980808159023933,-0.3141729725615907,0.061154461178070225,0.1728287324899137,0.09550606996062191,0.16073118939103045,0.11791564355367512,-0.3205117392723412,0.08401232710755903,-0.1696031123667318
0.3346765738999952,1.0718193049891582,0.09851590338332951,0.01665262078466897,0.9989822907059729,0.008666102756336738,0.04101184877405355,0.10571325548646263,-0.14236273183206524,-0.05984107130726886,-0.31433360931557264,0.06127589629595862,0.17287257526029567,0.09541477572364807,0.16061298958086298,0.11774259199874801,-0.32042385091528813,0.08412959058163877,-0.169459832963641
0.3345924470464006,1.0718282186706882,0.09850125058495249,0.016592405527566165,0.9989803664452435,0.008690258238648366,0.041077961822387,0.10565294460691034,-0.14227764084251987,-0.05972408857551106,-0.31408074069980685,0.06125692672344848,0.1728804111941286,0.09539509855665286,0.1606976493044141,0.11785641466519385,-0.3203802368294967,0.08399220737947966,-0.16968899293792628
0.3344737954343792,1.0718245158324005,0.09850870723071617,0.01653175532471002,0.9989806047575093,0.008632748812615047,0.04110873425615689,0.10577739786525586,-0.14241459347581384,-0.05972507256042718,-0.314265793839422,0.061373696481460335,0.17274725536476573,0.09537552005899769,0.1605769056036278,0.11801906200883977,-0.3203040295231151,0.08401939876885717,-0.16984898877206742
0.3343970319102621,1.071831953216155,0.09850480632064264,0.01643376384321769,0.9989815651748628,0.008679037786770982,0.04111493828065869,0.10577810439642363,-0.14229429231183627,-0.05975412716794091,-0.3140170767246324,0.061343376562286264,0.1727330693836941,0.09548273907295002,0.16065600346625766,0.11792525742302114,-0.32028533742985976,0.08439696510052376,-0.16976538288100193
0.3342982776138837,1.071825673412217,0.09849772014067561,0.0163857067775498,0.998983665248027,0.008702287039222123,0.041078161854022244,0.10575967140605834,-0.14225334263077294,-0.059877544975680465,-0.3139985831943405,0.0613434550874017,0.17271782694238033,0.0954737387773244,0.16070473280022346,0.1178464672820823,-0.3202771612176285,0.08432428462957071,-0.16991974013248393
0.33421040884238484,1.0718204894796135,0.09848745023320432,0.016338335046625085,0.9989849525508758,0.00869484195652855,0.04106729974297979,0.10571976163983615,-0.1422472062959872,-0.05991377207590794,-0.3139307829345646,0.06144025683425175,0.1727244199495868,0.09550882722765075,0.16069442702109835,0.1178422594297065,-0.320321967474205,0.08461532252439745,-0.16984874985383983
0.3341276786783234,1.071818869293071,0.09848493276015538,0.01628729920949262,0.9989855153737044,0.0086892916334957,0.041075055312230074,0.10576735715749246,-0.1422538491346003,-0.05990669127534814,-0.31398693947156014,0.061500478848808875,0.1725857637304139,0.09551635818336121,0.1606901028892938,0.1178774102843251,-0.32029683380638835,0.08459077690787531,-0.1698441063626461
0.3340400330484975,1.0718076134099395,0.0984748427155522,0.0162570697399248,0.9989860193849643,0.008685291789591518,0.04107561884359799,0.10576259684560324,-0.14225394572303574,-0.0598902740098483,-0.31407226275902395,0.06162786039514494,0.17252294605557328,0.09551268044620442,0.1607121813111404,0.11793100575641108,-0.3203663739144923,0.08436954318571743,-0.17011383757070297
0.3339455002334299,1.0718094598217855,0.09846024400234758,0.016188792633139153,0.9989883522454646,0.008661009017804451,0.04105096824395742,0.10581295844251859,-0.1422951933788794,-0.059940216388408456,-0.3140773050451896,0.061714332250461315,0.17251197030035306,0.09558082055833775,0.16066708317209002,0.11794948392085974,-0.3203803934859721,0.08462464960990125,-0.1699150505101099
0.3338382718247889,1.0717779447313525,0.09846034661418743,0.01615870412721532,0.9989902278780152,0.00855382544381554,0.04103965101505198,0.10588607071484472,-0.14254118501709812,-0.059966534838967724,-0.3143123289794659,0.06201672417699504,0.17245477260574743,0.09556446434735111,0.16042738038327328,0.11790005753634795,-0.32044555287993537,0.08482833551918285,-0.1699065835332889
0.3337619987666935,1.0717976086890422,0.09843393428995413,0.01609610021914503,0.9989902691975019,0.008580968420204643,0.04105757649215889,0.10581991020391329,-0.14244627653609362,-0.05989765420273536,-0.31408852348411515,0.06199971430552385,0.17239147251498943,0.09565542244528352,0.16048756283838045,0.11782024627844509,-0.320548175427166,0.0850275692363923,-0.1699342536765317
0.33366637529607,1.0717857418894219,0.09843059216832604,0.016074417685107444,0.9989911919442618,0.008552578733561609,0.041049542151819746,0.10586962032829142,-0.1425192819883614,-0.060055480976115266,-0.31428464555272007,0.06209302681188923,0.1723257570638503,0.09558765854675666,0.1604326731824184,0.11792562075253837,-0.32052596539302675,0.08502606603776545,-0.1698854456153318
0.3335739513666205,1.0717724675642442,0.09840852007991474,0.01606850985195397,0.99899369651537,0.008526646835186797,0.040996263335119805,0.10576561208456824,-0.14257270504268246,-0.06004518444443165,-0.31434956404861775,0.06229381265098234,0.17231565277229807,0.0954907412637964,0.1603738705570475,0.1178433378397881,-0.32048755521629985,0.08516069876271735,-0.1698183608829563
0.3334836753815759,1.071788720848654,0.09841225698176151,0.01597465607382027,0.9989919649782372,0.008580777900935138,0.0410637860268452,0.10586907309080842,-0.14240117020164836,-0.06019919060588963,-0.3142592440686274,0.06218260746611898,0.1720757527270398,0.09554173778820613,0.16050819188563287,0.11797343924057173,-0.3204296532789973,0.08522548318773658,-0.1697225174907486
0.33336234809867926,1.0717871653930637,0.09841720915163187,0.015903008637273813,0.9989930235124641,0.008627169048451996,0.04105612309896621,0.10587310022071296,-0.14229918080295637,-0.06022284340271749,-0.3142288342328862,0.06218997782543859,0.1718655552876445,0.09561841734745317,0.16060057681879075,0.11796698823654388,-0.32051438350053957,0.08516577034633982,-0.16984158174726163
0.33327099861104953,1.071782741836004,0.09838676438747854,0.015859005891419267,0.9989940736780841,0.00861342914421435,0.04105047535145137,0.10582019019295857,-0.14233980719183043,-0.06016549233838037,-0.3141067221958569,0.062339542482865565,0.17188965348175647,0.09557261519283003,0.16062133017842065,0.11825897109509528,-0.3204458560010413,0.08517859145512513,-0.16973465018145076
0.3331688245590893,1.071777660608424,0.09838444997024853,0.015829448847017855,0.9989943701257612,0.008604573938595423,0.04105652583412936,0.10576921174248562,-0.14236889956089926,-0.060146427661346195,-0.31412028287364996,0.06250769644767917,0.17198028470268628,0.09554378319403012,0.16056791556456332,0.11818731483318635,-0.32048303207454587,0.08535098039836353,-0.16978215751415457
0.33305924792185043,1.0717721374542366,0.09839012472263255,0.015829862202749588,0.9989906470094043,0.008604696714868937,0.04114683274346774,0.10572091413787713,-0.1423692569747801,-0.06003647943469918,-0.3141894894056808,0.06250725720005214,0.17203071207185983,0.09541560521899274,0.16056240768160812,0.11827959349144004,-0.3205816519181208,0.0854800891184184,-0.1698422840701409
0.3329730376083375,1.0717708948047386,0.09836795840477383,0.01579462172472946,0.9989927294198558,0.008581317761197872,0.04111468686881466,0.10568806309901724,-0.14240873497876635,-0.06011227725365742,-0.31420607974473547,0.06263569404490908,0.1720860549548903,0.09545555810085386,0.16054495239885774,0.11834262368975151,-0.32062611787032436,0.08559339418618954,-0.16976714060764847
0.33286377768485514,1.071773555429477,0.09837191406206582,0.015742287153984645,0.9989893984758953,0.008601123200910091,0.04121144025162172,0.10571754426151844,-0.14235452524061007,-0.06007545108104056,-0.31415301287835085,0.06261955725569518,0.17202804056257573,0.0951775777417632,0.16056795487456946,0.11860274052022352,-0.32018899315904326,0.08556405562768905,-0.1696174119160368
0.33281042825547097,1.0717690262822819,0.09834158033780571,0.015722094561138763,0.9989874564792711,0.008592944662183116,0.04126789117121754,0.10576233755018863,-0.1423366014854906,-0.0599918826413055,-0.31423247382438385,0.06267510087394336,0.1720213521495087,0.09515831883992214,0.16059349011083363,0.11890146786874355,-0.32021621597646516,0.08550312534013235,-0.1695811218418054
0.33270046487575583,1.0717518405337294,0.09834292476867293,0.015746203583406202,0.9989861005594532,0.008506958307847026,0.04130931640775994,0.10570272753584094,-0.1425359880455423,-0.059888401252205306,-0.3144061329829378,0.06288660147430625,0.17200167795911822,0.0950362165914228,0.16039706305267826,0.11893971334769039,-0.3203065517590923,0.08565454481091106,-0.16945312246856942
0.33260876377296905,1.0717600520758352,0.09834758834660084,0.01574917317184657,0.998982816074807,0.008503528483935725,0.04138824392233045,0.10563128597330558,-0.14254423516034118,-0.05980745125047891,-0.3144183618654342,0.06299940421599472,0.1719941100895252,0.09501014031819514,0.16039892830406285,0.11897790506102462,-0.32060992444814634,0.08592099607258494,-0.16934692449276395
0.33251957316161035,1.071747273546453,0.09834784704083592,0.015754127544629192,0.9989835093711542,0.008437438284118247,0.04138315001304425,0.10561124437217297,-0.14272091310567578,-0.059800911322836985,-0.31458910240420584,0.06313716473204152,0.17210638956491583,0.09494986870734083,0.16027718889323783,0.11909508625436861,-0.3206875315781401,0.08594580475502324,-0.16949289590697658
0.33245704185357094,1.0717385918807605,0.09833176504913818,0.015749943060422534,0.9989832152145193,0.008393044275854912,0.04140086739475919,0.1054843794161975,-0.14280097029081262,-0.05978094560705632,-0.3144577893013982,0.06327329272892729,0.17212384690208385,0.09494233037170421,0.16019400869822478,0.11913369043471105,-0.3208081149400642,0.08620386076869563,-0.1695600780061247
0.3323343551224299,1.0717412120387106,0.0983463569127832,0.015745138357931048,0.9989792777005937,0.008398841373696534,0.04149641920056534,0.10553135000901526,-0.14281280732442964,-0.059682961277028684,-0.3146997636016528,0.06329953432582852,0.17213530947647113,0.09473630227651215,0.16019168768886374,0.11941371077496277,-0.3207409537579666,0.08627971450224091,-0.16956039940316445
0.3322474971015994,1.0717348323309743,0.09833405124978772,0.015743058856435944,0.9989784765897035,0.008359274116262123,0.04152447404371532,0.10545695228324745,-0.14283786862883371,-0.059776444374640976,-0.3147217710096998,0.06344320332277165,0.1717900904054798,0.09470008409699233,0.16011751205108024,0.11945479481926509,-0.32083608752361564,0.08619948452717204,-0.16969799506401004
0.33216813270638534,1.071738118574254,0.09831669293209622,0.01567994989801253,0.9989801930561542,0.008349810557756793,0.041508959470630664,0.10537647796558669,-0.14288238087450172,-0.0595990119461525,-0.31447609774077784,0.06351363129206603,0.17187785592169677,0.09477945574788223,0.16013005647986303,0.11942041522558275,-0.3208725456166444,0.08620090734493506,-0.16978801920768608
0.33213401250686647,1.0717338033237906,0.09829889047563385,0.015654802464041273,0.9989830086788056,0.008412782516384932,0.04143791284784059,0.10543911070473214,-0.14270000083485126,-0.0598527515556411,-0.31460401442771185,0.06354392588063673,0.17158623967320158,0.09487294427808148,0.1602818169026378,0.1193324694663031,-0.32098652072881523,0.0864486951181569,-0.16976496979324865
0.3320552329797073,1.0717220894657133,0.09828836544549419,0.015617275998188658,0.9989846708656132,0.008405529801790199,0.0414134656201349,0.10541026646251009,-0.14273403122011113,-0.059741573540127914,-0.3146088476709245,0.06368630901938965,0.17171166356119122,0.0948785760865432,0.16027457970868514,0.11938230051224094,-0.32100225817789146,0.08647235549127563,-0.1697229637207116
0.3319759499414031,1.0717241268227506,0.0982927060835087,0.015626694328063736,0.9989847745306998,0.008397191486978203,0.041409103532380635,0.10533061347367416,-0.14276949342146003,-0.05977539057079456,-0.3146771193082347,0.06372718031586354,0.17174382570053465,0.09485399829799875,0.16022791999469885,0.11924782016861679,-0.3211475460502054,0.08654631281780166,-0.16972661756258464
0.3319023574845003,1.07172866314817,0.09828214620480184,0.015604097436399508,0.9989877246869117,0.008389753991308377,0.041347915256127854,0.10528871680808252,-0.14279838249568055,-0.05990161895459216,-0.31470342572146354,0.06379257768509139,0.1718064113503695,0.09485160263148705,0.1602165458652671,0.11915401570515813,-0.32115950123613207,0.08664289920607555,-0.16969734626511834
0.33182630197942453,1.0717277199718078,0.09827764803270742,0.015622719580716718,0.99898829026744,0.008362347748959007,0.04133276764946894,0.10523449724527095,-0.1428500671989876,-0.05994089785225979,-0.3148338233255964,0.06392423310693049,0.17180897244377566,0.09473707005946158,0.16016603073316,0.11929143171677736,-0.3211459003660072,0.08665564871857329,-0.16953883794332752
0.3317749528000087,1.0717089563940454,0.0982714337114144,0.01562955140954569,0.9989913230145157,0.008334655644753044,0.04126241849101095,0.10520684666963083,-0.14291709857046198,-0.05998409184016713,-0.31500870638300177,0.06409610542083755,0.17171494179103974,0.09469190842390289,0.1600939574734787,0.11915200482746394,-0.3211534621218629,0.08678751496156124,-0.16950179725276446
0.33170828351259135,1.071712710745653,0.09827086929269348,0.01557996957894824,0.9989930897430831,0.008330658627030349,0.04123919640738657,0.10524473816864303,-0.14292872594904543,-0.060017069018967556,-0.3150422881674968,0.06414125112790667,0.17172519869757588,0.09477064225097698,0.1601170739341179,0.11926577158562543,-0.3212358293731097,0.08650874231016563,-0.16973489567961597
0.33164937266041605,1.0717106355386326,0.09824384999455815,0.015582420769396496,0.9989941923932171,0.008304472707491097,0.04121683467516495,0.10516586138305327,-0.14297185838033055,-0.060070941795140005,-0.3150459216592151,0.06427371140216066,0.17180026233098664,0.09475756608770775,0.16006490356941272,0.11909972624262039,-0.32131738476546323,0.08687887183891364,-0.1697305549456867
0.33160299599369253,1.0717047680335792,0.09823191870597774,0.015591685969598533,0.998994215992105,0.008313946033811031,0.04121084862377279,0.10516604154834733,-0.14294184138217908,-0.06009829108105152,-0.31516234254699027,0.06428962533824645,0.17171968088232925,0.09464971621278197,0.16010823163857055,0.11922257984930987,-0.321253169590596,0.08673555350365492,-0.16993831475989293
0.33153606426297316,1.0717006857764388,0.09823968455715851,0.015553978893452558,0.9989990560077223,0.00830572820067731,0.04110930205340386,0.10511336177767824,-0.142987297077694,-0.060286294601992196,-0.3151214180577273,0.06434571290588346,0.17177100448873037,0.09478236083365933,0.16007052652062945,0.11902550256912332,-0.3213824108921598,0.0868019906969385,-0.16999514991058892
0.3315083896091589,1.0717024446069088,0.09823742565214967,0.015559586138309014,0.9989996851196706,0.008243678964849814,0.04110438136169569,0.10509594649978331,-0.1431175036176606,-0.060248112715173746,-0.31520797041287896,0.06442183320292473,0.17167491519393382,0.09476366949865724,0.15993158093254076,0.11900152047942236,-0.3214486713662323,0.08707067829390698,-0.17004339726008302
0.3314670569628495,1.0716934273923078,0.09822695591498545,0.015513854900615806,0.9990009975633037,0.00822191783944046,0.04109412659600093,0.10517759543374904,-0.14314961787792227,-0.060235261066912765,-0.31527834505871094,0.06455009853170757,0.17169119507980457,0.09478919465352592,0.15989010074734977,0.11897074803975317,-0.32135933465790706,0.08699671234592647,-0.1701264298983063
0.3314529538235598,1.0716802172442474,0.09822324997408993,0.01552787619419266,0.9990041053768297,0.008257136909848835,0.04100612382547231,0.10512308108262856,-0.1430895008825828,-0.060381964453121766,-0.31531579930299813,0.06454115727820324,0.17160243395389052,0.09481612936713033,0.1600119286579875,0.11911316482246977,-0.32143490548905984,0.0867911901858247,-0.17024251664825246
0.33147732441961797,1.0716828274785644,0.09820155257268533,0.015513888805259347,0.999004681730532,0.008198485905382096,0.04100914487618224,0.10519526809746768,-0.14318908885187534,-0.06035010565678112,-0.31537650339733164,0.06461506976519465,0.17150675027285345,0.0948738985256817,0.15988515040029802,0.11901404211016675,-0.3214509870257295,0.08702706798864539,-0.17016069604413597
0.33139538128266866,1.0716670852524801,0.0982010768085706,0.01554385697656643,0.9990040185746455,0.008145523171622749,0.04102450285209965,0.10516694583135518,-0.14332146905067947,-0.06040809612893783,-0.3156202195537675,0.06478920962376238,0.17144506882447727,0.09470460209786766,0.1597661674538506,0.11915864507004968,-0.32139033065628764,0.0869059748928291,-0.16997923862936445
0.3313598353946436,1.0716777192210354,0.0981865775410485,0.015474773123468554,0.9990019700194395,0.00816332920536103,0.04109690195551252,0.10521794634863361,-0.14323869689671573,-0.060262049647700364,-0.31541129854212896,0.06481468101915148,0.17138158808404644,0.09475936768741061,0.15980990078670063,0.11908665519392207,-0.32134883019453947,0.08694614770635052,-0.16998067197456376
0.33138230323623263,1.0716757217382975,0.09819410115824437,0.015495223261164107,0.9990032079955576,0.008174995296263412,0.04105676463845046,0.1051842064158153,-0.14323150074153165,-0.06035065316552096,-0.31542519063508717,0.06478220082495456,0.1713232563135005,0.09487451047431175,0.15984434263258782,0.11904009021759271,-0.3215798185587761,0.08698953715186708,-0.1699598346110993
0.3313724143823066,1.0716644115104614,0.09818528465054553,0.015488739133438182,0.9990014380924053,0.008195945527473561,0.04109807935016987,0.10521578766715087,-0.14317032004797545,-0.06025091562501458,-0.3154662745403125,0.06485857560037689,0.1713235631745659,0.09485217465282487,0.15992717957046998,0.1192981186422543,-0.3216058707884022,0.08702051836112178,-0.16998948484711188
0.3313143136091913,1.0716683649117562,0.098180416111568,0.015451234814445722,0.9990014781060195,0.008200676891458094,0.04111027831600093,0.10522615549288865,-0.14315787563350185,-0.06030285892912752,-0.3154190423306198,0.06485319156720182,0.1712885403176932,0.0948122695979567,0.15991607447851236,0.11922101889714307,-0.32151290098565666,0.08716462650201935,-0.16996809253078637
0.3313038227661615,1.0716530377770654,0.09817856798660034,0.015503306985288444,0.9989995993735387,0.008144125578523854,0.04114755330017055,0.10516973076641087,-0.1432789860748335,-0.0601502117300517,-0.31559228660048944,0.06506668758892188,0.17122095157623138,0.0947356227682131,0.15977614377688037,0.11918434104878568,-0.3216104970992768,0.08728670611562586,-0.1698263982411834
0.33131933410805325,1.071670744455465,0.09816906587527101,0.015554274196095797,0.9989978411931124,0.008147923508961827,0.041170246395008644,0.10503884221459317,-0.143262261427073,-0.060116293939183114,-0.31542711307428545,0.06496513338864428,0.17118971918745676,0.09464339127644639,0.1597831036612881,0.11914034308633674,-0.32165035935543035,0.08727183351452865,-0.16979211979409597
0.3313092789028602,1.0716524482591412,0.09816030501415775,0.015589735392225308,0.9989969837799201,0.008134290181273067,0.041180333561900956,0.10501617650095604,-0.14330045084733833,-0.06019591832871172,-0.3155763896783646,0.0651238639237459,0.17124017923234805,0.09460626900040447,0.15976060694190347,0.11917685178469609,-0.3217705103670279,0.08733103224410423,-0.16974959476542867
0.3313432118019414,1.0716521556698877,0.09814126899321104,0.015664358170867674,0.9989988525747379,0.008089107332811674,0.04111552966958162,0.10492617579727768,-0.14339889364634711,-0.06028962936931437,-0.3157223942161802,0.0652795408012401,0.17118952112455774,0.09454063954004616,0.15969349774334848,0.11909219246019233,-0.3218057239053783,0.0872345118289648,-0.1697344238456876
0.3313652972840581,1.0716617360747596,0.0981325542114132,0.015665975890364038,0.9989947101416937,0.008145100610570414,0.04120441292337149,0.1049604807494028,-0.14324349608480344,-0.06014727127644174,-0.3156813840938368,0.0651236052847512,0.17122760468182807,0.09451880087141626,0.15984278181293632,0.11933000718052104,-0.32179556850088714,0.0871064346196771,-0.1696660268449716
0.3313927233824151,1.0716667909191817,0.09811432195201515,0.015697915648114562,0.9989963292907585,0.00815680103748049,0.04115065132813665,0.10490272454166824,-0.14321927256137137,-0.06018958247523333,-0.31570835813551357,0.06515137764642716,0.17116880137531074,0.09454283160737552,0.15987589657425577,0.11907525661015453,-0.32188208426178144,0.08723337039496731,-0.16970206197757196
0.3313855808037714,1.0716575502031949,0.09811896224250073,0.01567495999814448,0.998995580775397,0.0081416616658947,0.04118056053044868,0.10502647384434495,-0.1432574797901974,-0.06027843842601197,-0.3158320520736147,0.06510098338262091,0.17119873919479547,0.09450760494177317,0.15986077662017917,0.11925324264267416,-0.3217627840161731,0.08706133302918254,-0.1696644196306002
0.33141493275092526,1.0716700016568204,0.09811190893250518,0.015699675465062027,0.9989965121523462,0.008174905048503439,0.041141947270236484,0.10491638674546988,-0.14317890153029805,-0.060244964991914736,-0.3156984475813644,0.06499764817682349,0.17126888367956183,0.09455398310223594,0.15989203166494553,0.11892228716806172,-0.32186990465706794,0.0873278760325748,-0.16968318510500044
0.3314138655823736,1.0716595988192144,0.09810531522648509,0.015704755408847342,0.9989934619608478,0.008204290514552957,0.04120816950777168,0.10487321152558561,-0.1431013753603017,-0.060174767614542594,-0.3155751886084349,0.06508111954378754,0.17139667803287323,0.09453051110105828,0.1599959963336934,0.11917065706636072,-0.3219086542905653,0.08724160703336907,-0.16979873869183124
0.3314470891498085,1.071681503654056,0.09809404561182555,0.015676747105727643,0.9989932234141659,0.008239181874807181,0.041217654649330734,0.10497867816442547,-0.14297001176782237,-0.06022300244479518,-0.31559038724926625,0.06497012371595894,0.17125590000721985,0.09463909993200183,0.16007861653112912,0.11909793178827621,-0.32190242598826474,0.08717283112492423,-0.16970455911381918
0.33146241828327744,1.071660014485871,0.09807935525087742,0.0156689990308087,0.9989913556202348,0.00823509109713576,0.041266658939632654,0.10502792938333343,-0.14299329720269843,-0.05999234600351151,-0.31556475004188755,0.06502431641793141,0.17125235161347915,0.09463322970245332,0.16009921810469818,0.11921059714597856,-0.3218989221981793,0.08707828724491239,-0.16964336315889472
0.3315061978303522,1.0716717194767076,0.09807383953361822,0.015674537076520372,0.9989894713410692,0.008275295542511647,0.04130211278871674,0.10510482054215092,-0.14286236283927528,-0.06012726318507599,-0.31561173682133714,0.06488744018445171,0.17105741951941453,0.09463036097272534,0.16018461265732334,0.11924715584494461,-0.3218477346961504,0.08719331737790303,-0.16964187438623507
0.3315599601330893,1.0716685229442404,0.09807359838065888,0.015689830780106506,0.9989888909486736,0.008281187080897897,0.04130916256427454,0.10504398714776293,-0.14287518290035217,-0.05993382815105535,-0.3154718253531319,0.06492826574425287,0.17120220328748043,0.09464089128187991,0.16018956765739853,0.11924387473213752,-0.3218263753282776,0.08719841613856225,-0.16960511719463653
0.33158787274202656,1.0716589047457692,0.09806627014159305,0.015722295655940414,0.998987939022291,0.00826729393910283,0.04132262041820622,0.10506225794691235,-0.1428948445123549,-0.059853452090180496,-0.31556919560285357,0.06497186009076379,0.17136597257434477,0.0946363749957857,0.16020509832014157,0.11937850410223204,-0.3219447070728042,0.08711239710453843,-0.1696229464902998
0.33163882380533904,1.071661245434116,0.09806296335583004,0.015747479638652084,0.9989874820524473,0.008263421182166506,0.041324852787489284,0.10509937842084935,-0.142905064143598,-0.05986803253345809,-0.31563840659520914,0.06485971882227401,0.1713611660019372,0.09462578280918416,0.16020300348844344,0.11929139515170041,-0.32190104539277187,0.08708407936664271,-0.16967704479868137
0.33167060691335665,1.0716485158254514,0.09806524236892827,0.015777952337777977,0.9989865351714289,0.008239461078021967,0.04134090041779557,0.10508372405727442,-0.14296283865572854,-0.05987412755694704,-0.3156851360396603,0.06501894523537576,0.17137043930218782,0.0945576227953687,0.16016492173462954,0.11941458472617446,-0.32186689693571124,0.08678649017962982,-0.1699808907499375
0.33173474999080815,1.0716575499621859,0.09805143449313164,0.01578433350169935,0.9989847296194998,0.008276892182147394,0.041374604031545234,0.10517729958999214,-0.14286106908972868,-0.059751108776912004,-0.31572339377978803,0.0649397121562209,0.17140770197877003,0.0946421334693569,0.16023418552149832,0.11935172889233166,-0.32194467183739073,0.08696229684258505,-0.16980031934382944
0.331772777792863,1.071636536071985,0.09803862061776447,0.015832167435792775,0.9989848270937571,0.0082354637149677,0.04136223939949058,0.10514523439472394,-0.14295761423915423,-0.05978209028770673,-0.3158130089210451,0.06509469879643401,0.17141983526630852,0.09458382986829103,0.16018876036576732,0.11936309506136461,-0.3219251291815826,0.08670271640384951,-0.16995707561789128
0.3318642278731797,1.0716401241765832,0.09805086964482704,0.015874551030440366,0.9989853400614379,0.008200995979360283,0.04134044795187457,0.10522773396552199,-0.14302388762676313,-0.059686216137157175,-0.31599195737802527,0.06505211318989919,0.17137486371024008,0.09462253918123127,0.16009501287962324,0.11929203446131988,-0.3219489317172381,0.08682527906521584,-0.16991574479403604
0.3319192892202717,1.0716503564820892,0.09805790407927058,0.01588719989310689,0.9989845709574009,0.008175077879049095,0.041359303309963055,0.10527511487037819,-0.14308720833452657,-0.05968647767419372,-0.3159594959678261,0.06492632989996279,0.17145744608551605,0.09463079804205905,0.16001741292785918,0.11923399140473775,-0.3219512145288394,0.08688685420784771,-0.16978841113202398
0.3319738074385129,1.0716475351465653,0.09808453096415702,0.015944693129297256,0.9989829669390894,0.008218311065918636,0.041367352946622776,0.10518010642089108,-0.14301714663665197,-0.05967258883482127,-0.31588287593752673,0.06490013493446038,0.17142445724270727,0.0945253934748951,0.16011290739024078,0.11941269273423764,-0.3218310875825007,0.0865806651094336,-0.1699499850925418
0.3320220329721849,1.0716596906970037,0.09807815677518758,0.015954306434762464,0.998983606193471,0.0082239029160598,0.04134709280833229,0.1051169431329451,-0.1429830448345371,-0.059614825835153415,-0.3157597515359288,0.06483933927532032,0.17140903339001176,0.09454382153661649,0.160110323509696,0.11932543622589624,-0.3218004550874723,0.0865694674045779,-0.17002039173820802
0.33209357247552534,1.071661019805466,0.09807585877887937,0.01600584191498572,0.9989839573792699,0.008193079312379324,0.04132480338521238,0.10510991372744474,-0.14306738081625678,-0.0597064157335349,-0.31579435833217695,0.06477820161998499,0.17143441260573106,0.09451395014306847,0.16003796740115006,0.11920509602458663,-0.32178718594234695,0.08675165957714649,-0.16981941074993384
0.33217600154666155,1.0716639538075257,0.09808178535068922,0.016072196029537793,0.9989838354463985,0.008202686676568658,0.041300084296250775,0.10507783038315012,-0.14305578921796694,-0.059712431892013126,-0.31590585748831573,0.06474724428391763,0.17149037982956158,0.09456536619593746,0.1600612307984388,0.11916170611981029,-0.3219863700933468,0.08676931178710989,-0.16982557597271802
0.3322442387009351,1.0716616224947633,0.09809611902858283,0.016152095642232165,0.9989817577832598,0.008159852407538911,0.04132764487990893,0.1050080032437255,-0.14316137162324316,-0.0596334701740279,-0.31589227402243353,0.06476343387778437,0.17146365439388933,0.09440687018385428,0.15992516689496947,0.11920271167855072,-0.32190855680541497,0.08675152593259976,-0.1697379083702526
0.3323227549291746,1.071661043293066,0.09810855376658136,0.016212648299174636,0.9989805163251074,0.008172932716406255,0.04133135866097332,0.10499384465913408,-0.14314058819828268,-0.05962557069805331,-0.31595687429195274,0.06466708802627513,0.17150437384543235,0.09442784694994547,0.15996506001610314,0.11912385049731142,-0.3220270429204005,0.08671792929628137,-0.16970169421506134
0.3323823771784115,1.0716491927163665,0.0981250891253518,0.01627280757731023,0.9989807097987721,0.008156363872878297,0.041306305957644306,0.10502785712891843,-0.1431943883502438,-0.05962903624633028,-0.31618575816710687,0.06476155314495907,0.17144903669140263,0.0943673375190959,0.15990495773768232,0.11901937259664268,-0.32201456491069774,0.0867449978886742,-0.16949628100755684
0.33245611806001224,1.0716653843296484,0.09813731524274334,0.016328107506108903,0.9989803505383485,0.008158916804563326,0.041292665451910605,0.10487139871873942,-0.14320451221064834,-0.05951589385498048,-0.3160064714841276,0.06466950771862748,0.17157122884014608,0.09432926551745643,0.15987616926891002,0.11884953580242068,-0.3220496845058314,0.08673536217725653,-0.16948655602295765
0.3325272957534848,1.0716711219623771,0.09814318730096308,0.01638010474553772,0.9989792246926141,0.008159597487241549,0.041299173961653834,0.10486953434841423,-0.14321388654784226,-0.05956283646960814,-0.31602282612018606,0.06455178654936762,0.17157846093458648,0.09426488345174197,0.15990562467720373,0.1190435405764479,-0.3219576266630921,0.08643577322855574,-0.16968597075729971
0.33266271352917576,1.0716639071659957,0.09812901061152901,0.016456470900850385,0.9989792347726827,0.008167744604421852,0.04126694811288761,0.10502624471644702,-0.14314597612859814,-0.059758089850335455,-0.31642138871285835,0.06458989717670029,0.17125664042589434,0.09435773667735253,0.15994031205400966,0.11897467785806165,-0.3221331736915369,0.08656830002335142,-0.16956008344874748
0.332740846203705,1.0716563560371553,0.0981528281665166,0.01642783954757412,0.9989799671986411,0.008208834682354246,0.0412524697049632,0.10503464419691616,-0.1431164825758443,-0.05962775936918751,-0.31614876807886694,0.06450977379475722,0.17131519476641532,0.09448695761040604,0.16002321344608725,0.11901842029735095,-0.32212552490284535,0.08637405577484668,-0.1697401975638427
0.33278509487597796,1.0716547163243462,0.09817244407375857,0.016512270549011176,0.9989776367090468,0.008103038516753336,0.04129608992773837,0.10502884026231518,-0.14336401497000759,-0.05956643565256385,-0.3162800044946514,0.06450860759656048,0.17137677317674904,0.09427308365738633,0.15976246314134854,0.11905353466221046,-0.32202980905215045,0.08659269497066603,-0.1697026821336043
0.33290265144076825,1.0716681962219625,0.0981677268623198,0.016512284415217945,0.998980004448011,0.0081503271702275,0.04122944752796146,0.10508457264058663,-0.14321395234145226,-0.05966566179652414,-0.3162622919350701,0.06437139853762625,0.17115711478966283,0.0944639276592848,0.15988648034942904,0.11894818201058098,-0.32207133845732894,0.08638059500813591,-0.16962815716923413
0.33298169935425964,1.0716472979291234,0.09818167735344457,0.01657585725296115,0.9989771453019022,0.008172920761919505,0.04126872286624476,0.10506329536402013,-0.14320516209769862,-0.0594681335443051,-0.31628800457744227,0.0643470229093795,0.17128125151118714,0.09450478200640641,0.15993874709307054,0.11883588250154996,-0.32229603143188895,0.08615379682077294,-0.16969677596874666
0.3330774571446235,1.071654337727619,0.09819295414303986,0.01662365339433828,0.9989764022778529,0.008150421760427032,0.041271933138019856,0.10501948336294523,-0.14325078869249708,-0.059410435656662576,-0.31620313631131197,0.06426936485007138,0.17136720044400802,0.09453697989093572,0.15987433382838015,0.11880543884378603,-0.3224054672819031,0.08638385644742202,-0.16955280453620689
0.3331602418264928,1.0716611542626646,0.09821139391561534,0.016648191365463853,0.9989761631190669,0.00815815115518476,0.04126630361318067,0.10509530535511521,-0.14322173604881386,-0.05951207471432116,-0.31629153393722864,0.06419856326593529,0.17119323817084375,0.09456183519076468,0.15986324250110914,0.11887484119064924,-0.3223767192680322,0.08632770810476438,-0.16956446758703803
0.33322655773550897,1.0716563705671787,0.09822112736738653,0.01670173894146391,0.9989759385003322,0.008131509971892322,0.041255360370367804,0.10505314820232299,-0.14333183344894165,-0.0594137750400741,-0.31628663451585415,0.06420727786319841,0.17138189001594775,0.09455876476157188,0.15981398970238614,0.11889111206728661,-0.32242156461729926,0.08624344656569646,-0.16976203335946644
0.3333173682826895,1.0716539824729021,0.09824265237824181,0.01681569978269806,0.9989756968039162,0.008044399474931095,0.04123199089343178,0.10507401963441128,-0.14354709336650642,-0.05928756372971083,-0.31660770143632244,0.06425353235294137,0.17137891853764728,0.09452030330293529,0.15959203329699578,0.11871912640031385,-0.3226109369030182,0.08617413990674391,-0.16970419802506848
0.3334100325227425,1.0716497652798247,0.09825057053577549,0.01684199176863686,0.9989737378071588,0.008105612171705747,0.04125672716274034,0.10499391431050452,-0.1434166862545655,-0.059222868276528874,-0.3163831913102801,0.06417243835737808,0.1714926579076098,0.09454813595583995,0.15972366145507833,0.1186673171506727,-0.3225731547158103,0.08628825839831454,-0.16955845761330784
0.33350396897761436,1.0716610922166063,0.09823765759207961,0.016901782864720282,0.9989734478491749,0.008109751680719578,0.04123847906995031,0.10500500988077349,-0.1433940303683529,-0.05926301838336987,-0.31647013819847497,0.06409371445617112,0.1715757321257465,0.09429718562432704,0.15973154378782353,0.11894150560362095,-0.3221064170213291,0.08594617347976408,-0.16960840472505426
0.3335827770366733,1.0716500868589,0.09826341424957884,0.01699759746369881,0.9989707296723948,0.008079718280754959,0.04127082614594285,0.10501268898694542,-0.1434928443927465,-0.0591778690472017,-0.3166930329249129,0.0641301639980494,0.1716212143553023,0.09413979545498254,0.1596266947059927,0.11889752038243355,-0.3220664846433964,0.08606462160014337,-0.1694717358949136
0.3336641276882545,1.0716581597669468,0.0982583668372968,0.017017697973082162,0.99896954690279,0.008101337025673717,0.04128693080053193,0.10497941219226321,-0.14343665565605354,-0.059074428098530564,-0.31654751666650144,0.06409692474496112,0.17174031678971077,0.09412380182485287,0.15970833751517358,0.1190424690461455,-0.32198125222664187,0.08602423156446658,-0.1694716913738904
0.3337352177957584,1.071662398194916,0.09828431911992053,0.017068837133962112,0.9989689653993543,0.00807073393705021,0.04128588404715656,0.1049903070701561,-0.14353176003110993,-0.059038164792665083,-0.3166202220529672,0.06397843268115828,0.1718306985235283,0.09433283434884748,0.15962285147157085,0.11882031618800837,-0.32246864127786007,0.08615995054590732,-0.1692866193614784
0.3338329821760658,1.07166181723045,0.09829153676407111,0.017147220263371815,0.9989670015816713,0.008109641965808621,0.04129329600977744,0.10495388383501099,-0.1434531996919332,-0.05903668637620922,-0.31665211444305136,0.06386734330703199,0.17187713828379303,0.09426771641222355,0.15969999227401502,0.11872809114023666,-0.3224667130382969,0.08593755262060819,-0.16940341730624925
0.3339023470471878,1.0716520712117363,0.09829846239183462,0.01722555773997544,0.9989668650643942,0.00806671585353701,0.04127239706270242,0.10492676182768584,-0.14356472502292036,-0.05906445694945527,-0.31679568131180846,0.0639274151530113,0.171902479760483,0.0942315931382442,0.15958243281615903,0.11866712627074068,-0.3225370489992,0.08594872672061807,-0.1693944219519074
0.3339949427047633,1.0716539716011928,0.09832015906885883,0.017283677744242488,0.9989646529748383,0.008091067370244396,0.04129686694295704,0.10489205048262541,-0.14353281008380636,-0.05901214424710721,-0.31678394466248816,0.06383845665402699,0.17188787050116613,0.09412811645941145,0.1596426263614061,0.11864360606819441,-0.3224504790008057,0.0856352733945742,-0.16952419168630575
0.3340723792362206,1.071677273823996,0.09832669864192134,0.017274709016732993,0.9989629024019026,0.008095919630301006,0.041341990016129315,0.10502603727865566,-0.14347905310098458,-0.05910859430519847,-0.3167138342886528,0.06362792528428017,0.17175384861965678,0.09422122464558624,0.15963470299227983,0.11864507356104899,-0.32244501863489333,0.085820260436425,-0.1693209664062935
0.3341534926872624,1.0716521949192837,0.09834397245525947,0.01737131364926724,0.9989603905943766,0.008071120023876785,0.041367046150160396,0.10497857274648727,-0.14360089555648917,-0.05887177725264297,-0.31690106837662885,0.06379948206466393,0.1718668633227969,0.09416595129266475,0.1595554638112821,0.11861912551657908,-0.3225961768120453,0.085816316841083,-0.1691424024564181
0.33423454529817537,1.0716643346043893,0.09837260817184003,0.017358047008319877,0.9989587901560012,0.008097302805175306,0.04140612830725227,0.10504574538949431,-0.14354736546497382,-0.0588740754566629,-0.3167601496968042,0.06363240869356482,0.17197128767700554,0.09419367870292884,0.15957409205611983,0.11859200610766733,-0.32248971837618406,0.08595042105727996,-0.16904426494576524
0.3343140747398733,1.0716776270901125,0.09838070759006788,0.017434407965803953,0.9989531934309893,0.008119925785070726,0.04150452455040588,0.10499328275508066,-0.14350253709635033,-0.058702080749930496,-0.31671473289238244,0.06350740782842652,0.17214210732746102,0.09413790087375075,0.15961227057072616,0.1187138257376898,-0.3225730365868935,0.08570561668489714,-0.16895946738586043
0.3343845908342659,1.0716689405242623,0.09839804985463972,0.017468425563825513,0.9989531437758475,0.008119682717153036,0.04149146178727383,0.10499101500634138,-0.1435418888665314,-0.05864094684934749,-0.316677578239439,0.0634086371448355,0.17229799725176279,0.09415516265595521,0.15961224450672032,0.11869317417858521,-0.3226020140968036,0.08570695422604423,-0.1688403603589427
0.3344694177812746,1.071674791041951,0.09839719487408521,0.017503577901847242,0.9989487594287503,0.0081323048299529,0.04157963942300793,0.104991022332399,-0.14350703245891183,-0.05848684728521257,-0.3165749955920446,0.0633390586921573,0.17238350752679452,0.09410489817729192,0.15964773778486419,0.11875599995575051,-0.32256462290410404,0.08566680977220613,-0.1687497134053445
0.3345399998573244,1.0716765661368883,0.09843812098965325,0.017544654542253475,0.9989434378735849,0.0081416413392452,0.04168820819607458,0.10506211769327832,-0.14351458931023253,-0.05825477238911185,-0.3166160790085125,0.06321481476148204,0.17255524436476938,0.09407863372405689,0.15964139868906396,0.11897608058131257,-0.3226050290838094,0.08541210961246536,-0.16889812482971459
0.3346255284865128,1.0716757549189253,0.09845325482430661,0.017621833321721618,0.9989386480911979,0.008141499379348315,0.04177037620093115,0.1050381271434803,-0.14352568687124906,-0.05815140703922324,-0.3166616700004762,0.06317283847220509,0.17264397867927123,0.09393918165885479,0.1596377728344609,0.11913185238819511,-0.322540891737347,0.08553929812889124,-0.16868360644823743
0.3347031088181635,1.071670400232356,0.09846257553381585,0.01770761789040555,0.9989374538482069,0.008069512862320985,0.04177662659997504,0.104972338410524,-0.14368951695303264,-0.058002369401802194,-0.3167240329565882,0.06310826992839913,0.17269267829863186,0.09384516587664356,0.15945531902025034,0.11905888564225323,-0.3225592659498782,0.08576512901238131,-0.1685755174665535
0.3347838926728837,1.0716637921838312,0.09847954901010555,0.017756757958881726,0.9989343264989545,0.008110598549279455,0.04182256663623262,0.10490349395807747,-0.143611131039418,-0.05794996474940896,-0.31658450156841356,0.0631100924831186,0.17277486967965924,0.0938416268394335,0.1595352935072043,0.1189911385935619,-0.3227031668934343,0.08581844076726972,-0.16853294541289687
0.3348425694671569,1.071671454261151,0.0985006922741791,0.017793527260738018,0.9989333800483519,0.008121687656033603,0.04182739296698091,0.10487105942283462,-0.14361498419820926,-0.05789205737796688,-0.3165868499911313,0.06308750623501645,0.17281677031451545,0.09378854308996964,0.1595611994677874,0.11908720080446664,-0.3226045346807433,0.08532364528100388,-0.16872620955875037
0.3349504575954734,1.0716706043736408,0.09849945500235532,0.017883208906094086,0.998929657464752,0.008133863435851907,0.04187565572239977,0.104823233693857,-0.1435838831852711,-0.05783374005415324,-0.3165961172189519,0.06303610809888618,0.17290123054931505,0.09376765006581712,0.1595718232623949,0.11885702789139148,-0.32275400224806117,0.08572328401989207,-0.16882479119551455
0.33501080216847035,1.071667387960487,0.09851279386245215,0.017948378748149526,0.9989278684098475,0.008161876133344759,0.04188499961149942,0.10471206186563886,-0.14352779278301217,-0.05782828569991105,-0.3165278676007761,0.06300681112202375,0.17297079445986868,0.09373083404642206,0.1596559159071837,0.11902105941774828,-0.32287643302911634,0.08556692135505672,-0.16876280526846427
0.3350830852136082,1.0716685581640406,0.0985371978905956,0.017981883356935912,0.9989256047764093,0.008165391148766497,0.04192391179756403,0.10475151457446195,-0.143543477761373,-0.0577079830101226,-0.3165677483405893,0.06296481826246748,0.1730260609045617,0.09370879295207489,0.1596288858903269,0.11896426979086744,-0.32281315931670396,0.08546792088865902,-0.16879479935460107
0.3351942246324892,1.071673612310775,0.09855636553841124,0.01807275635209834,0.998929895884534,0.00812247427702233,0.04179071664342517,0.1046625590392164,-0.14366407199866688,-0.057883456609593445,-0.31663423740268043,0.06288564728599001,0.17300349556621483,0.09376311243689296,0.159507798378274,0.1187822783270897,-0.3229529814866494,0.08528066210588382,-0.16879706693946944
0.3352575851379851,1.071684455061781,0.09855625633261078,0.018104832174093356,0.9989301217099562,0.008073074885180139,0.041781005904335956,0.1046314893957677,-0.14377764785298325,-0.05791538363847614,-0.3165896566091298,0.06281385723159665,0.17306027822006245,0.09372652891682764,0.15939579222427655,0.1187827415605906,-0.32287724262145023,0.08541924289416591,-0.16866037275068368
0.3353763072275731,1.0716797912018927,0.09857204100753666,0.01822011533416148,0.9989328131989521,0.008044507959507006,0.0416719090434616,0.10455102502734326,-0.14387754922741572,-0.058072405580422023,-0.31673535189109125,0.06285515284167549,0.1730183782914487,0.0936983133915435,0.15932024230975803,0.11851042143278877,-0.3229760158908208,0.08532638579407739,-0.1687497549636695
0.33542075857630516,1.0716860809659554,0.09857250665540167,0.01823852871457993,0.9989334540746874,0.008018552876448731,0.041653489775883755,0.10454594379840262,-0.14392188211005436,-0.05802436042462855,-0.3167307821583438,0.06281325830347158,0.17298768516719032,0.0936977275287956,0.15926108918753348,0.11862710666499172,-0.322930313689961,0.08512709090593726,-0.16875680062029116
0.3355060892520138,1.0716809429337335,0.09859196846043977,0.018291854947940417,0.9989325416002589,0.008001609952732849,0.04165524712175932,0.10462830055061431,-0.14398652637204232,-0.05806255387565706,-0.3169481401809551,0.0627963076181563,0.17296469567946615,0.09368420434353691,0.15921640603439297,0.11864703139392926,-0.32292653004941235,0.08495693857846355,-0.16881384687515005
0.33556897157905397,1.0716873296973,0.09857818954114583,0.018329997921928708,0.9989310437698835,0.007965259562872815,0.04168135805236231,0.10460214109633297,-0.14403249242194674,-0.05787540908570217,-0.316865537430098,0.06275752904312876,0.17291691463480785,0.09364036771742913,0.15913516737869615,0.11866788365721541,-0.32291459868570044,0.08523159229401274,-0.16871146432879017
0.3356126414722684,1.071690309495518,0.09858377528040795,0.01838391089261261,0.9989301813252295,0.007955051978796073,0.041680232795069015,0.10458099967956501,-0.14406626532781663,-0.05787971237506009,-0.3169428705376297,0.06273970481754305,0.17285268510827984,0.09351291058759477,0.1590895043119875,0.11853439919470202,-0.32281175942971024,0.08525970691586007,-0.1686876759000458
0.33574109873191826,1.0716863648164232,0.09859067067517356,0.018435012672973282,0.9989341750481667,0.007952043397392404,0.04156235357137511,0.10460127192986853,-0.14407377397999044,-0.05803850684933954,-0.31707994018197205,0.06276552552436088,0.1728166571333118,0.09366247814630767,0.159107766432215,0.11844385005834335,-0.32289289293100537,0.08478764568323725,-0.16860023243509697
0.33581530005197824,1.0716886972608528,0.09859886949776162,0.018489382668412317,0.9989367577235732,0.00790077437457935,0.04148583567361552,0.10462992362506318,-0.1442096327353943,-0.058115421342757684,-0.317271305343628,0.06272464087341204,0.17274440447163647,0.09366951938966464,0.15896338529397136,0.11862178444601129,-0.3227872780782556,0.08454929612222743,-0.16859411689635104
0.3358967616122927,1.071683336896909,0.09858066557164519,0.018510257405470708,0.9989377170202663,0.007909259623039391,0.04145179727510897,0.10466144274753955,-0.14416807826988892,-0.05804493999702678,-0.31727214209418025,0.0627454235618305,0.17269341607762495,0.09366173054761323,0.1590344051891882,0.11842078493836453,-0.32277829721470536,0.0842578438493465,-0.16879732038709164
0.3359633161127838,1.0716918502226584,0.09858847635974727,0.01853521961048206,0.9989384184007819,0.007922674430554357,0.04142116737614818,0.1047121563068254,-0.14411331022893026,-0.05826087295573378,-0.31735277488566394,0.06264936563057598,0.17246198143262675,0.0937061694601502,0.15904121763279278,0.1182294606342873,-0.3227917255080781,0.08438117472514944,-0.1687155932262641
0.3360019025186247,1.0716967847897547,0.09858157838105766,0.018527559408398845,0.9989405465558344,0.007923843200741057,0.04137301896198876,0.1046845219884791,-0.144097504014741,-0.058270321729509474,-0.3172096437893811,0.06257928294106731,0.17227671359949082,0.09372035287932293,0.15903772860239648,0.11815937275726562,-0.3226300209651276,0.08426900546310734,-0.16881113294490266
0.33607286057544844,1.071689421358598,0.09857487545027022,0.018591607499722176,0.9989436482796036,0.007853738608014008,0.041282665639330654,0.10463640277367486,-0.14428645080584565,-0.05824346809525573,-0.31734742020039947,0.06265845433499946,0.17240478891264932,0.09372043201217255,0.15887429413442528,0.11805839525756458,-0.32269359666496866,0.08457188163071586,-0.16864705832077115
0.3361401970747493,1.071684507403008,0.09857161236383566,0.01863466517777469,0.9989448650562975,0.0078071356110436495,0.041242629219271895,0.10475695100273279,-0.14438277019722745,-0.058485080513320915,-0.31767577354081267,0.0627188166722304,0.17216050676281977,0.09371689461080068,0.15878637525224146,0.11796627863609475,-0.322697444937753,0.08430757345210128,-0.168787098021935
0.33621230281100456,1.0716773283908636,0.09856533132761794,0.018687755665517197,0.9989465890348556,0.007753333501430299,0.04118696229911758,0.1046669848015437,-0.1445277491921632,-0.0584043398698468,-0.3176318466745562,0.06280427767420911,0.17226493200752005,0.0936986889990415,0.1586772642536415,0.11789637593602725,-0.32270582698801026,0.08443776656936919,-0.16885153928744243
0.3362563692605539,1.0716865313825372,0.0985568525208177,0.01872720546123046,0.9989464953199373,0.007691085641791918,0.041182987571059614,0.10469674795234601,-0.14466425256264548,-0.05830215800744911,-0.31772936196151186,0.06281974121256001,0.17234649225967472,0.09363157344165353,0.15852266982403537,0.11781606385376144,-0.322609307218346,0.08445939432166194,-0.1687077334081455
0.3363493589321865,1.0716841872964524,0.09854555748159077,0.01872071591458077,0.9989469072040026,0.00774482453688139,0.04116587271146184,0.10469643876871564,-0.14452273216062525,-0.058267342592791656,-0.31752404966656467,0.06273133605670604,0.17251095311280332,0.09375911196695896,0.15869938742527706,0.11787759465791804,-0.3226449775682155,0.08417043032776474,-0.1687509365889401
0.3363792122805761,1.071700264616784,0.09853215334638349,0.018750187064304643,0.9989467863756369,0.0077775886019100056,0.041149211297187585,0.10465934102109473,-0.14441079682131094,-0.05844412931680598,-0.3175317743069677,0.06259659896864521,0.1723170339845465,0.09370137321194563,0.15876801108141267,0.11786442397404992,-0.32255279413510435,0.08417437984609237,-0.16892040233967875
0.33646914818174295,1.071679974187873,0.09852299163526311,0.018823644649488196,0.9989483176374591,0.007798439422315331,0.04107448641159457,0.10457422033523325,-0.1443969390630318,-0.05837321491070934,-0.31758463056040476,0.06267322805036804,0.17241468571261992,0.09376099835081765,0.15882625332663863,0.117727655075952,-0.3227841480437587,0.08431777238155665,-0.1690427916914815
0.3364851044321772,1.0716742893979676,0.09850666108268298,0.018913616886597887,0.9989454753419587,0.007771589142041687,0.04110735691214721,0.10451255691145787,-0.14445851896520345,-0.058278040857250184,-0.31778651502888605,0.0627933385189163,0.17256044698765338,0.09351171877688258,0.15879763387861506,0.1177808711461005,-0.32264503350961393,0.08416275333036166,-0.16924242937768183
0.3365763108697834,1.0716861383089507,0.09849521261351352,0.01894155736292329,0.9989439864687112,0.007840091882009308,0.041117663624627446,0.1044874531510775,-0.14424608577224074,-0.058351856466765654,-0.3176521689224126,0.06264552741382048,0.1723823816271527,0.09359827541424523,0.15896366862243294,0.11766609673716825,-0.322773010651578,0.0841358111692039,-0.1694993262167612
0.33661315000058134,1.071696076657359,0.09847210716557746,0.018984756735491527,0.9989436081372638,0.007826082461465477,0.0411095999336587,0.10444676695053481,-0.14424834832785316,-0.05837634496327038,-0.3177195719029911,0.06263394843217777,0.17218057057249686,0.09361789648756642,0.15895830484837695,0.11766861014235187,-0.3228839903767788,0.08429784553416761,-0.16941078909899726
0.33666652495664284,1.0716808785219818,0.0984700667597961,0.018991480992248632,0.9989447972919855,0.007871884471318997,0.041068833047278465,0.10437969995714604,-0.1441458930544603,-0.05837747094207646,-0.3175560480001452,0.06266985713278815,0.17210307548259654,0.09369975948257658,0.15906378018059605,0.11741323391611304,-0.32297304997201337,0.08444626659034679,-0.16956296075197733
0.33672788336266213,1.0716727447981285,0.09844838323941439,0.019099098295838036,0.9989456318603516,0.00784350886022726,0.041004004684524455,0.104336646032572,-0.1442254210819738,-0.05857816589060544,-0.3178746653220031,0.06277833009987015,0.17200654044688946,0.0936175363022474,0.15904394610375036,0.11752360740593938,-0.32306543273684185,0.08430513436131638,-0.16967673799731425
0.33675745721361716,1.0716833123105107,0.0984226571377566,0.01908638103118693,0.9989437764143335,0.007871175301249488,0.04104980172399568,0.10428771249928007,-0.14410345565303598,-0.058477560020906476,-0.317598980478258,0.06266722328092154,0.1718730003715533,0.09365189993827801,0.15911536483488292,0.11752457817078087,-0.32307298787412897,0.08435724505594686,-0.16967034046685642
0.3368162814135647,1.0716741987047214,0.09840451031118091,0.01915595757209341,0.9989442044284058,0.007876231913298419,0.04100598370047197,0.10431953071810127,-0.1440944462667839,-0.05857118118268648,-0.31791801249393786,0.06278321438576753,0.17183406524659514,0.09368852435097366,0.15916484912812898,0.11737389815908655,-0.32331098984091705,0.08409616583176763,-0.16998815338020548
0.33684564110458276,1.0716840940296608,0.09838935094396609,0.019145192824606444,0.9989435392383768,0.00792321458416581,0.0410181627607515,0.10424342071947894,-0.14396519526929755,-0.0585264684799208,-0.3176518657237956,0.062700004342344,0.17177812833652542,0.0937281610995305,0.1593053728715051,0.11750441063066505,-0.32327068520997476,0.08408125472858513,-0.1701454349429548
0.336898699224664,1.0716765904286518,0.0983663776705986,0.019182274866628882,0.9989423622695778,0.00799882997181333,0.04101482553051696,0.10425564207485805,-0.14377618188390376,-0.058627446597939656,-0.3177154860686753,0.0626583178906531,0.17175467375771278,0.09378786541946826,0.15953499098567064,0.11740458475434297,-0.323482523928076,0.08396207391218823,-0.17036361788721469
0.3369082486426795,1.0716657122333233,0.09835800057433937,0.019238145763631302,0.9989423982535496,0.007960909806313603,0.040995153787731886,0.10426268431181474,-0.1438503820730407,-0.058555056789477644,-0.31799361079025124,0.06279047793847123,0.17159129570267254,0.09371620355263817,0.1594379145164448,0.11746253980413916,-0.3235196766238814,0.08393886412105808,-0.17034835085335126
0.3369447868582317,1.0716825238806995,0.09833947491953815,0.01926114851144763,0.9989399044861645,0.0079668724127825,0.041043931672670425,0.10412072556447374,-0.1438174909347544,-0.058496573887376536,-0.3177158601607703,0.06275998554783528,0.17155614122848628,0.09372507237332413,0.15943950580014127,0.11737279298827324,-0.3235846720405525,0.08431670937797384,-0.1702710854592912
0.33698672437436983,1.0716866248120078,0.09832016620465246,0.019304570815610197,0.9989367050947366,0.007968657363569128,0.04110101288190107,0.10412314836352568,-0.1437827574324438,-0.058393501772150115,-0.3177464050846461,0.06269378630892278,0.17162324147961028,0.09368928726881799,0.1594847376473826,0.11753294646846282,-0.3236949959333602,0.0842672090469736,-0.17024714308241676
0.3370022527463003,1.0716819522684218,0.09830876388682755,0.019319617870772327,0.9989363555486054,0.008035508100812444,0.04108942124390911,0.10410174765118715,-0.14363453193454231,-0.058348800672123495,-0.3177904236939706,0.06265657694152836,0.17164448576996566,0.09368870204626364,0.15967314818366438,0.11757672500543552,-0.3237335027112235,0.08411808588881589,-0.1703043420673746
0.33700783745464263,1.0716877295564073,0.09831338909080363,0.019386011132450497,0.9989297417580892,0.008036340204722998,0.041218573963731665,0.10405337165509178,-0.14363895653377853,-0.05826577094218203,-0.31785346457419006,0.06268194962155561,0.17163353220375904,0.09348684396455166,0.15964284391376965,0.1177166135647226,-0.3236805216213633,0.08429653021909567,-0.17002560092302352
0.33704651841423394,1.0716797573029488,0.09829875502402771,0.019417207647527364,0.9989285522810757,0.008077869992392246,0.04122459825386992,0.10401940219923744,-0.1435268516563016,-0.05821771122428653,-0.31782677893408007,0.06270422836511268,0.17158733320461653,0.0935695507042643,0.1597438232458142,0.11757013308349791,-0.323930748133247,0.08434730121716559,-0.16985943055109293
0.33707554110058885,1.0716749662976073,0.09828966744527119,0.019450984741439956,0.9989269146654243,0.008077595567598255,0.041248403598811746,0.10394829196373669,-0.1435101323588555,-0.058142976207522006,-0.3177354445799206,0.06266083591689638,0.17163157940160959,0.09356074831332883,0.15977964721761329,0.11763775948150902,-0.32403611912626074,0.08412035786629071,-0.16974908181101447
0.337102318941479,1.0716600928897029,0.09827455909008283,0.019494257943786578,0.9989260132434935,0.008057529453508391,0.041253729428823424,0.10395162237771965,-0.1435578710653988,-0.05816708666695541,-0.3179014120528458,0.062836698403783,0.1715791372288176,0.09350681964697319,0.15974478635783707,0.11749325167884984,-0.32405926550624614,0.0842764196973388,-0.1696997097222361
0.33711950206128855,1.0716560218471967,0.09826320254437547,0.019543042318361712,0.9989230172345449,0.008034612742314769,0.04130762803716723,0.10395296151972498,-0.14360472758554993,-0.05807126577188011,-0.31804120242757694,0.06287138422468833,0.1716694430098059,0.09344052536377703,0.15970369332959913,0.11751607804564307,-0.3241633164240308,0.08425229282698626,-0.16974065775667366
