,,Lowerbody:LIAS,,,Lowerbody:RIAS,,,Lowerbody:LIPS,,,Lowerbody:RIPS,,,Lowerbody:LFLE,,,Lowerbody:LFAL,,,Lowerbody:LFCC,,,Lowerbody:RFLE,,,Lowerbody:RFAL,,,Lowerbody:RFCC,,,Lowerbody:LFME,,,Lowerbody:LTAM,,,Lowerbody:LFM5,,,Lowerbody:LFM1,,,Lowerbody:RFM5,,,Lowerbody:RFM1,,,Lowerbody:RTAM,,,Lowerbody:RFME,,
1,0,251.313446,-201.703979,1043.43689,241.167206,57.432362,1022.274963,414.398926,-104.537346,1061.372192,414.033203,-18.08882,1054.583618,331.166473,-250.187302,531.827148,377.018372,-293.090759,100.069817,418.818787,-247.441086,70.91346,328.601501,97.612572,524.478455,391.670898,134.076126,98.849007,440.154572,77.975548,70.794121,344.29007,-150.006439,513.2005,353.17334,-211.299652,102.579285,233.385849,-323.758606,47.486084,212.021759,-239.964249,62.14222,263.737732,161.299316,53.099224,228.878922,85.655655,65.222374,367.990234,48.122147,105.866707,359.915131,0.303991,505.239838
2,0,251.371765,-202.431732,1044.143188,241.167633,57.409145,1022.276428,414.411377,-104.564285,1061.394775,414.076111,-18.134979,1054.591919,331.223877,-250.186417,531.792114,377.012268,-293.068176,100.069405,418.991608,-247.141251,70.971024,328.716125,97.570259,524.4422,391.204834,134.11586,99.006279,440.155548,77.978989,70.835609,344.352997,-149.972641,513.223083,353.152588,-211.279404,102.617294,233.405304,-323.800415,47.480583,211.980728,-239.951492,62.131474,263.74469,161.272156,53.068264,228.881378,85.643692,65.245041,367.980988,48.113129,105.879601,359.901581,0.244591,505.265533
3,0,251.366852,-202.497162,1044.149048,241.211029,57.29044,1022.301575,414.421906,-104.610306,1061.363037,414.053558,-18.161549,1054.634521,331.240631,-250.223999,531.83374,377.758484,-293.278107,100.705444,422.430725,-253.809326,67.379562,328.694092,97.620872,524.547974,391.008362,134.174042,98.792473,440.166412,77.960838,70.858505,344.365723,-150.035965,513.221741,353.162292,-211.274506,102.590271,233.400299,-323.745636,47.490688,211.997345,-239.919205,62.119396,263.77121,161.289627,53.08382,228.741272,85.62339,65.390739,367.949158,48.070049,105.846588,359.926727,0.234426,505.245697
4,0,251.216568,-202.483185,1044.07373,241.179535,57.269341,1022.259094,414.378296,-104.649864,1061.393799,414.017548,-18.231747,1054.604492,331.338348,-250.268372,531.869568,377.745422,-293.274811,100.706474,422.601685,-253.80481,67.363281,328.683533,97.513664,524.474243,391.802704,134.037735,98.923523,440.153839,77.930038,70.821205,344.439392,-150.026627,513.213806,353.137756,-211.287689,102.612923,233.405853,-323.785095,47.445568,211.702377,-239.731644,62.2925,263.755341,161.298187,53.101345,228.736649,85.638535,65.377708,367.982208,48.134277,105.857567,359.931671,0.160764,505.253326
5,0,251.199753,-202.496109,1044.050659,241.182602,57.242256,1022.275696,414.365753,-104.698082,1061.381348,413.984558,-18.274454,1054.626099,331.379517,-250.303452,531.843811,377.763245,-293.260925,100.69149,422.531982,-253.752884,67.43811,328.872925,97.446243,524.46167,391.269714,134.087753,99.049538,440.149078,77.941589,70.841995,344.47464,-150.052017,513.213928,353.162048,-211.28418,102.62709,233.399719,-323.772644,47.466465,211.995422,-239.945602,62.197124,263.803558,161.266098,53.076515,228.744873,85.620682,65.361168,367.874359,48.052303,105.843521,359.960724,0.132749,505.248962
6,0,251.141006,-202.550552,1044.249756,241.118088,57.208618,1022.267212,414.341492,-104.775505,1061.368408,414.961121,-18.180254,1054.67395,331.466919,-250.332123,531.854736,377.799194,-293.242584,100.760872,422.57547,-253.766357,67.437798,328.892273,97.463127,524.50946,391.624786,134.016998,98.893707,440.149261,77.920563,70.843803,344.580261,-150.10788,513.262756,353.171967,-211.266296,102.623932,233.397812,-323.7453,47.524689,211.670868,-239.776581,62.222244,263.804382,161.267441,53.09523,228.754028,85.626007,65.360168,367.907776,48.146069,105.824287,360.030487,0.080011,505.271362
7,0,251.127487,-202.292694,1043.94458,241.110596,57.177982,1022.240906,414.336487,-104.826004,1061.373657,414.90448,-18.229479,1054.702515,331.478394,-250.378036,531.897217,377.034241,-293.040619,100.083977,418.803864,-247.545166,70.858948,328.909607,97.354034,524.458008,391.401001,134.067902,98.837326,440.157288,77.905739,70.824371,344.602234,-150.095551,513.228882,353.190887,-211.300552,102.582191,233.354965,-323.767242,47.510666,211.971344,-239.968811,62.148506,263.843933,161.251907,53.05471,228.751923,85.637352,65.361626,368.508026,47.764679,106.177216,360.036713,0.03103,505.292297
8,0,251.194534,-202.477814,1043.865234,241.085129,57.132175,1022.232056,414.278687,-104.874969,1061.367798,413.967255,-18.417307,1054.636353,331.582886,-250.423401,531.97406,377.042938,-293.033936,100.087708,418.871124,-247.782028,70.819702,328.91156,97.368484,524.522034,391.591339,133.958298,98.904778,440.170288,77.904907,70.866646,344.731201,-150.203598,513.224426,353.196381,-211.299133,102.604721,233.370758,-323.772888,47.532291,211.941284,-239.963531,62.123837,263.850433,161.234039,53.075222,228.876709,85.642998,65.232292,367.826843,48.130646,105.88414,360.094269,0.001232,505.287476
9,0,251.145966,-202.662964,1044.233643,241.064056,57.088623,1022.199646,414.257721,-104.99221,1061.171143,414.675629,-18.310976,1054.698242,331.666199,-250.481155,531.94989,377.06134,-293.03772,100.071075,418.937012,-247.103104,70.992851,328.965668,97.394234,524.497314,391.684052,133.904266,98.930496,440.152588,77.88694,70.835068,344.824921,-150.287491,513.179749,353.18219,-211.293457,102.642426,233.338287,-323.758606,47.557281,211.876465,-239.943512,62.127483,263.845123,161.253754,53.075165,228.772797,85.637238,65.336487,367.889587,48.166756,105.900391,360.180786,-0.031291,505.242401
10,0,251.061951,-202.796677,1044.144897,241.266373,56.863895,1022.130371,414.201294,-105.061989,1061.172119,414.690094,-18.363306,1054.675049,331.678802,-250.515488,532.057068,377.110077,-293.022308,100.115234,418.881073,-247.998322,70.799637,329.061676,97.353531,524.466919,391.381653,134.001968,99.07579,440.197296,77.86528,70.823158,344.911926,-150.278915,513.188599,353.20343,-211.308395,102.628677,233.361282,-323.793671,47.52914,211.803818,-239.888031,62.166183,263.845703,161.249573,53.082233,228.794968,85.623795,65.328445,367.849213,48.126984,105.911324,360.265381,-0.062117,505.272339
11,0,251.030624,-202.755081,1044.083374,241.239731,56.875065,1022.12146,414.188416,-105.09877,1061.177002,414.572449,-18.449106,1054.660889,331.771667,-250.525772,532.043152,377.073914,-293.03064,100.090309,418.871735,-247.366531,70.991249,329.09024,97.38327,524.517578,390.966492,134.080338,98.864677,440.220276,77.816299,70.774666,345.042969,-150.387161,513.195618,353.222717,-211.325531,102.660812,233.303162,-323.779663,47.555824,211.68364,-239.824448,62.319645,263.893433,161.210892,53.032394,228.814865,85.6297,65.329041,367.869995,48.160725,105.890182,360.320099,-0.134082,505.263855
12,0,251.019958,-202.818146,1044.098755,241.042282,56.997375,1022.119873,414.155762,-105.157364,1061.186646,414.625458,-18.465473,1054.719727,331.81723,-250.568573,532.014221,377.115509,-293.00473,100.080124,419.008392,-247.16774,70.988777,329.230072,97.273392,524.451782,391.208862,134.060074,98.869354,440.221771,77.83622,70.782753,345.10614,-150.449814,513.177856,353.218445,-211.297531,102.613052,233.357986,-323.795837,47.578632,211.732315,-239.852859,62.225525,263.892975,161.251205,53.079723,228.811829,85.637779,65.303894,367.803833,48.167076,105.885635,360.372559,-0.112087,505.272552
13,0,250.984344,-202.754501,1044.179443,241.214508,56.810539,1022.06781,414.132965,-105.18187,1061.190552,414.59494,-18.510237,1054.704346,331.886139,-250.608322,532.063904,377.124054,-292.984467,100.081543,418.906647,-247.380142,70.998146,329.265686,97.30188,524.486694,391.70932,133.916809,99.015488,440.215271,77.816956,70.838585,345.186554,-150.439713,513.200012,353.179657,-211.332733,102.6297,233.296341,-323.779114,47.610138,211.95932,-239.949692,62.125774,263.896698,161.224319,53.043941,228.815659,85.63752,65.316818,367.868408,48.216579,105.841454,360.422516,-0.12764,505.260529
14,0,250.999329,-202.61026,1043.840088,241.20369,56.801277,1022.050598,414.09967,-105.222748,1061.213989,414.42395,-18.535284,1054.719971,332.436218,-250.642685,531.944458,377.074615,-292.94278,100.126511,418.873077,-247.201401,71.059708,329.309479,97.30909,524.506714,391.735901,133.925003,99.011131,440.001312,77.912308,71.051033,345.297211,-150.443451,513.189941,353.215027,-211.313324,102.678619,233.305084,-323.780029,47.619473,211.818832,-239.929657,62.161079,263.933624,161.199066,53.017628,228.815659,85.639671,65.31958,367.71991,48.125122,105.913956,360.412903,-0.154233,505.308044
15,0,250.953552,-202.844818,1044.080811,241.194733,56.781967,1022.051697,414.077667,-105.258904,1061.23877,414.606415,-18.580954,1054.671021,331.978485,-250.686768,532.063538,377.114014,-292.942169,100.144974,418.942108,-247.079956,71.066025,329.285431,97.314651,524.481873,391.476166,133.960739,99.112587,440.228027,77.808548,70.841248,345.425171,-150.480423,513.226868,353.189087,-211.286606,102.697876,233.224197,-323.802216,47.642506,211.827789,-239.903885,62.221134,263.924957,161.205215,53.028458,228.803711,85.62426,65.328888,367.749298,48.071419,105.897362,360.433716,-0.174381,505.287781
16,0,250.838394,-202.800629,1044.243286,241.184143,56.798328,1022.039307,414.053986,-105.294067,1061.236206,414.656525,-18.5793,1054.745972,332.041626,-250.677078,532.008362,377.046814,-292.910187,100.142021,418.860291,-247.281326,71.013046,329.399536,97.358109,524.457031,391.202087,133.986877,98.929077,440.001709,77.876785,71.069511,345.479156,-150.469116,513.21167,353.192932,-211.285889,102.68576,233.328888,-323.7966,47.57473,211.707626,-239.873871,62.340698,263.966248,161.206711,53.04969,228.795959,85.644814,65.327774,367.919647,48.193733,105.787621,360.453735,-0.166524,505.256714
17,0,250.964401,-202.675507,1044.001221,241.028152,56.925434,1022.06311,414.068604,-105.311172,1061.247192,414.777496,-18.594706,1054.756104,332.089111,-250.695145,531.994141,377.091125,-292.898712,100.141548,418.864807,-247.24118,71.091957,329.497742,97.239433,524.480713,391.40448,134.009521,98.844063,440.223724,77.807449,70.844482,345.903931,-151.18483,513.359985,353.205078,-211.297302,102.679146,233.368439,-323.796661,47.580017,211.87178,-239.950699,62.206104,263.948425,161.225571,53.06319,228.800385,85.642342,65.325668,367.749969,48.11795,105.832176,360.459961,-0.177006,505.278229
18,0,250.918564,-202.618393,1043.916016,241.004761,56.874676,1022.087708,414.06192,-105.336891,1061.276978,414.565735,-18.636166,1054.767456,332.143311,-250.704773,531.986206,377.070068,-292.895386,100.127083,418.929291,-247.273666,71.171906,329.481537,97.322578,524.416687,391.269684,134.021347,98.943199,440.274628,77.796028,70.792999,345.615845,-150.539688,513.279968,353.217316,-211.304581,102.65834,233.38945,-323.802612,47.561249,211.911163,-239.971924,62.254326,263.925781,161.223984,53.007526,228.789795,85.649834,65.323822,367.726837,48.195629,105.815979,360.45639,-0.161354,505.266235
19,0,250.931946,-202.66832,1043.937256,240.996628,56.907814,1022.053833,414.075897,-105.34359,1061.287231,415.201965,-18.575047,1054.789429,332.254974,-250.716064,531.735474,377.108337,-292.89679,100.137222,418.836639,-247.095215,71.196342,329.369019,97.36097,524.472717,391.158051,134.027924,98.919228,440.22644,77.800964,70.844978,345.796234,-150.734665,513.278625,353.127106,-211.304138,102.657158,233.31134,-323.795166,47.603283,211.691269,-239.968445,61.932198,263.986389,161.202988,53.045387,228.789032,85.631477,65.324188,367.751892,48.100189,105.805618,360.461609,-0.139446,505.225433
20,0,250.932755,-202.718628,1043.804443,241.155502,56.755547,1021.999146,414.066772,-105.347923,1061.315552,414.574646,-18.620506,1054.768311,332.234467,-250.762436,531.93573,377.110596,-292.894745,100.105064,418.861755,-247.138153,71.137497,329.478821,97.311142,524.444336,391.755157,133.874084,98.975662,440.257568,77.805428,70.841179,345.788757,-150.628235,513.266052,353.213409,-211.296707,102.647873,233.296021,-323.807739,47.628201,211.770538,-239.948944,62.111645,263.93042,161.218491,53.030418,228.889877,85.669716,65.209084,367.731903,48.225609,105.769203,360.505157,-0.170238,505.250458
21,0,251.004791,-202.991623,1044.355347,241.168701,56.779617,1021.99707,414.058685,-105.351318,1061.303589,415.113708,-18.538019,1054.858154,332.248871,-250.763382,531.940308,377.127319,-292.944916,100.126175,418.834717,-247.054337,71.213593,329.319977,97.369011,524.463928,391.37326,134.020447,99.126808,440.259125,77.816872,70.795166,345.815247,-150.673889,513.228027,353.203247,-211.329956,102.625114,233.355988,-323.82605,47.550758,211.873215,-240.015869,62.133842,263.934509,161.224579,53.018009,228.835083,85.652145,65.304474,367.726196,48.191982,105.792297,360.489563,-0.177604,505.209076
22,0,250.908707,-202.723129,1043.904175,241.193054,56.706608,1022.009399,414.073792,-105.363197,1061.294067,415.403778,-18.516945,1054.831665,332.244568,-250.75769,531.9646,377.145355,-292.973358,100.114517,418.811157,-247.242859,71.143745,329.400635,97.321251,524.43042,391.691223,133.93924,98.999367,440.268097,77.836479,70.819855,345.83725,-150.746017,513.259521,353.270996,-211.299179,102.684486,233.352417,-323.784576,47.571297,211.862823,-239.98526,62.145161,263.922791,161.223694,53.044559,228.837601,85.645813,65.32444,367.643066,48.222733,105.828354,360.490417,-0.149712,505.228821
23,0,251.011459,-202.832932,1043.977173,241.155472,56.677986,1022.007446,414.219635,-105.380768,1061.325806,414.685699,-18.623386,1054.874023,332.217834,-250.73204,531.938232,377.079559,-292.951813,100.141785,418.83493,-247.020126,71.198372,329.291473,97.351448,524.49646,391.21283,134.119705,98.96199,440.261383,77.839485,70.831688,345.844055,-150.738007,512.926331,353.197998,-211.323685,102.602135,233.287979,-323.785706,47.625072,211.834442,-239.974487,62.114033,263.95285,161.224777,53.034359,228.809753,85.667587,65.295341,367.747253,48.285942,105.790512,360.469849,-0.180693,505.248474
24,0,251.012924,-203.029099,1044.204224,241.202408,56.647717,1022.063599,414.079895,-105.387756,1061.351074,415.33194,-18.534195,1054.866089,332.267426,-250.762405,531.936646,377.143768,-292.942688,100.130798,418.988831,-247.091095,71.14502,329.326691,97.309799,524.477722,391.254669,134.087616,98.866676,440.280334,77.843307,70.84066,345.802551,-150.704681,513.182373,353.204987,-211.294678,102.673477,233.349274,-323.800537,47.565529,211.816544,-239.967758,62.137066,263.954407,161.213898,53.029842,228.826279,85.666611,65.307594,367.750946,48.101768,105.773956,360.465942,-0.178386,505.231964
25,0,250.97197,-203.109619,1044.114014,241.147949,56.633678,1022.05072,414.098114,-105.395882,1061.363281,414.636902,-18.636808,1054.891235,332.26593,-250.782318,531.769775,377.102264,-292.929047,100.148911,418.916656,-247.467651,70.971901,329.239532,97.258812,524.283325,391.488342,133.991776,98.852791,440.228882,77.826355,70.787712,345.802216,-150.730728,513.215942,353.247681,-211.283859,102.688202,233.332016,-323.808746,47.620136,211.885025,-239.982422,62.092041,263.951233,161.198074,53.044041,228.798492,85.66153,65.30159,367.741882,48.343761,105.685463,360.449005,-0.209364,505.24176
26,0,251.062271,-203.163971,1044.314087,241.091232,56.659588,1022.140381,414.085052,-105.415848,1061.359985,414.581909,-18.657579,1054.876953,332.250641,-250.776764,531.939087,377.125366,-292.918274,100.12912,419.082642,-246.951294,71.130341,329.276367,97.234406,524.493713,391.480591,134.028488,98.844696,440.181854,77.855385,70.872566,345.762299,-150.726196,513.170593,353.21463,-211.298859,102.695549,233.318787,-323.796204,47.574757,211.829025,-239.948868,62.159451,263.953033,161.206528,53.035973,228.812637,85.647102,65.313286,367.638885,48.25108,105.787445,360.409698,-0.265238,505.220306
27,0,251.033096,-203.047073,1043.954224,241.258499,56.49192,1022.111511,414.134064,-105.441032,1061.354126,414.766083,-18.682383,1054.902344,332.254456,-250.798019,531.92749,377.099884,-292.936188,100.145508,418.925507,-247.139923,71.194489,329.232666,97.207794,524.483154,391.530579,133.997833,98.896019,440.255432,77.799568,70.761292,345.728027,-150.748901,512.947693,353.210052,-211.288193,102.649651,233.320633,-323.78009,47.597786,211.851074,-239.964813,62.156025,263.942169,161.196625,53.037704,228.791794,85.655487,65.307655,367.520782,48.206512,105.846268,360.41098,-0.21506,505.245026
28,0,251.034225,-202.955063,1043.854736,241.24202,56.486675,1022.106995,414.234375,-105.466492,1061.360107,414.996094,-18.620356,1054.667725,332.295227,-250.813187,531.762329,377.125671,-292.947754,100.1548,418.856873,-247.149063,71.156967,329.223358,97.111542,524.456055,391.449127,134.00267,98.783722,440.244019,77.804932,70.799332,345.710052,-150.72493,513.184387,353.219482,-211.302414,102.654137,233.358536,-323.800323,47.584839,211.934631,-240.04689,62.077751,263.945435,161.199554,53.048679,228.82074,85.640427,65.310623,367.668152,48.283184,105.76767,360.328827,-0.2856,505.202301
29,0,250.950211,-203.193451,1044.287476,241.270035,56.471062,1022.281616,414.209259,-105.481018,1061.385742,414.518066,-18.746569,1054.852539,332.242706,-250.812469,531.940796,377.090546,-292.930756,100.196846,418.847778,-247.302658,71.167892,329.195343,97.138184,524.433167,391.451569,133.95369,98.793388,440.204987,77.829292,70.854202,345.707581,-150.709824,513.177246,353.228729,-211.278366,102.697731,233.33754,-323.767639,47.548481,211.922653,-239.985443,62.09766,263.98349,161.191071,53.035385,228.786652,85.643341,65.326515,367.604309,48.18956,105.830238,360.327667,-0.269495,505.165802
30,0,251.206726,-203.634445,1044.635132,241.317871,56.459892,1022.252319,414.174408,-105.521164,1061.403076,414.598663,-18.769659,1054.838013,332.199432,-250.822067,531.932007,376.828857,-292.640259,100.061325,419.014954,-246.783096,71.256439,329.233002,97.077477,524.463501,391.38324,133.958466,99.120476,440.230072,77.80098,70.81324,345.717682,-150.709579,512.913757,353.237701,-211.272156,102.655235,233.295959,-323.798309,47.553558,211.952774,-240.01001,62.141644,263.914459,161.212082,53.054707,228.816605,85.643791,65.325531,367.603516,48.1152,105.838097,360.219635,-0.331307,505.265289
31,0,251.145386,-203.50946,1044.384033,241.269379,56.473904,1022.117493,414.139465,-105.569221,1061.404297,414.403351,-18.82865,1054.85437,332.220306,-250.81813,531.881348,377.113312,-292.939514,100.144516,418.866913,-247.48259,70.916801,329.107025,97.121674,524.54248,391.572906,133.96463,98.883545,440.215973,77.804138,70.859543,345.638245,-150.715332,513.170959,353.229218,-211.296768,102.650139,233.318466,-323.79071,47.580612,211.903351,-240.026978,62.113945,263.935425,161.214691,53.022976,228.801834,85.628403,65.323807,367.663391,48.053066,105.807487,360.256195,-0.317545,505.121521
32,0,250.908203,-203.161011,1044.067017,241.015503,56.718689,1022.336121,414.099152,-105.632965,1061.445557,414.70639,-18.816189,1054.880859,332.152008,-250.841232,531.941589,377.156555,-292.963928,100.154236,418.804626,-247.12532,71.117653,329.095001,97.118904,524.496155,391.209412,133.994095,98.932327,440.196991,77.802185,70.848373,345.63443,-150.787415,513.172424,353.261536,-211.307388,102.684181,233.339783,-323.778748,47.559719,211.948898,-240.042313,62.0881,263.940948,161.172119,53.054657,228.807816,85.625786,65.34343,367.662201,48.236305,105.750999,360.168213,-0.371937,505.222198
33,0,250.78186,-203.302673,1044.271973,241.20108,56.449944,1022.097595,414.047821,-105.652908,1061.447876,414.653168,-18.866659,1054.841431,332.170288,-250.874725,531.880432,377.145203,-292.975586,100.10228,418.859253,-247.309753,71.070511,329.194305,97.04789,524.465454,391.672058,133.866302,99.056854,440.191315,77.798241,70.860359,345.670624,-150.855499,513.183289,353.206848,-211.281128,102.675789,233.348816,-323.782227,47.559124,211.817978,-239.951263,62.094631,263.912537,161.195435,53.058304,228.805908,85.642815,65.328743,367.76004,48.302868,105.648918,360.193695,-0.390233,505.176727
34,0,250.768417,-203.10379,1044.039551,240.96196,56.656479,1022.143127,414.053772,-105.728539,1061.457275,414.627289,-18.904867,1054.848389,332.141113,-250.914581,531.878296,377.153381,-292.985229,100.152817,418.856384,-247.26506,71.044945,329.139832,97.056213,524.472473,391.669891,133.843048,99.021179,440.191376,77.774902,70.864433,345.684662,-150.82962,513.184875,353.239288,-211.302109,102.656898,233.308762,-323.770111,47.594856,211.98436,-240.029282,62.111717,263.963318,161.194061,53.038185,228.774979,85.639595,65.335205,367.640259,48.205666,105.748581,360.144714,-0.410826,505.199005
35,0,250.56601,-203.351471,1044.349609,240.877075,56.658848,1022.13623,414.015564,-105.765411,1061.431396,414.48175,-18.966608,1054.889282,332.108337,-250.927536,531.95874,377.134186,-292.995697,100.112671,418.781433,-247.188538,71.1017,329.088013,97.125999,524.465515,391.48468,133.902069,98.817947,440.201294,77.775032,70.850182,345.690674,-150.876099,513.156189,353.251556,-211.327423,102.688721,233.33847,-323.813293,47.588757,211.823715,-239.950882,62.103458,263.936218,161.213425,53.06086,228.788956,85.638725,65.339073,367.625885,48.131393,105.870216,360.174408,-0.414772,505.165649
36,0,250.564728,-203.380508,1044.348022,240.926422,56.571976,1022.105713,413.880768,-105.757881,1061.61145,414.54425,-18.999405,1054.862549,332.127777,-250.943176,531.925232,377.076019,-292.97113,100.14537,418.861603,-247.301941,71.126434,329.2052,96.998306,524.428955,391.670441,133.885498,99.030075,440.21579,77.776451,70.813568,345.661591,-150.881729,513.122986,353.277832,-211.322723,102.708908,233.312347,-323.779114,47.583107,211.932816,-240.008209,62.217812,263.940582,161.200012,53.039898,228.784439,85.648399,65.322266,367.548615,48.18531,105.834732,360.153687,-0.418074,505.167725
37,0,250.43779,-203.332794,1044.333008,240.891846,56.544342,1022.099731,413.786896,-105.797165,1061.575684,414.455292,-19.049932,1054.854736,332.10672,-250.983261,531.901978,377.110077,-292.984497,100.12886,419.053497,-247.044525,71.084023,329.02417,96.969437,524.666931,391.505798,133.918732,99.169922,440.169281,77.778595,70.843834,345.681427,-150.965729,513.202454,353.290161,-211.325409,102.709419,233.323196,-323.823792,47.571621,211.857498,-239.966187,62.161518,263.928558,161.211472,53.028587,228.780823,85.662445,65.322304,367.550415,48.12228,105.796898,360.113129,-0.415063,505.189301
38,0,250.276657,-203.344055,1044.273438,240.766769,56.587975,1022.088379,413.705048,-105.824463,1061.598999,414.356873,-19.070612,1054.827148,332.043457,-250.982498,531.979309,377.125183,-292.997345,100.106155,418.884644,-247.188339,71.102402,329.123199,97.105919,524.480164,391.291199,134.007004,98.988876,440.227478,77.785965,70.834236,345.670471,-150.946167,513.202209,353.24057,-211.341827,102.660599,233.30632,-323.836884,47.570129,211.951263,-240.039764,62.137272,263.946777,161.205963,53.046986,228.797272,85.626579,65.342056,367.718079,48.14045,105.84343,360.107391,-0.404072,505.119385
39,0,250.204086,-203.367126,1044.2771,240.688751,56.597866,1022.07196,413.698914,-105.881218,1061.566895,415.092102,-18.933817,1054.807617,332.094788,-251.028122,531.908508,377.126404,-292.966095,100.073608,418.910034,-247.415298,71.063667,329.105225,97.088127,524.475403,391.776001,133.846786,99.059013,440.170288,77.804306,70.889633,345.688965,-150.984604,513.21051,353.226654,-211.327316,102.656021,233.30513,-323.775391,47.556499,211.715042,-239.878983,62.308899,263.908875,161.218323,53.054844,228.922318,85.65229,65.218918,368.187897,48.566612,104.985146,360.126892,-0.460768,505.113434
40,0,250.029053,-203.277054,1043.959717,240.669006,56.53801,1022.037964,413.601593,-105.91404,1061.55603,415.198578,-18.815508,1054.597168,332.057312,-251.017487,531.960327,377.14621,-292.992249,100.100113,419.010071,-246.99234,71.176331,329.118866,96.980255,524.462952,391.533508,133.948639,98.880913,440.159363,77.767441,70.83963,345.724243,-150.995514,513.195923,353.28302,-211.31636,102.652428,233.300995,-323.812805,47.610291,211.826309,-239.920059,62.11124,263.903961,161.228073,53.049,228.801788,85.652885,65.312218,367.929504,48.248623,105.438629,360.090881,-0.503425,505.151642
41,0,250.00119,-203.319489,1044.334473,240.567123,56.547043,1022.010071,413.572937,-105.931122,1061.550903,414.510132,-19.099949,1054.717773,332.05603,-251.013046,531.981689,377.131775,-292.980225,100.098083,418.904205,-247.117996,71.125847,329.09433,97.000732,524.483826,391.555664,133.907959,98.827499,440.227783,77.76339,70.839005,345.726501,-150.990707,513.205933,353.231079,-211.343445,102.710869,233.332565,-323.816956,47.563557,211.794861,-239.946686,62.198822,263.962952,161.191971,53.020729,228.809952,85.645317,65.306976,367.956909,48.226036,105.496704,360.071045,-0.511578,505.096313
42,0,250.029953,-203.36293,1044.265381,240.276947,56.600872,1021.854187,413.531219,-105.953354,1061.578979,414.780304,-18.97875,1054.694458,332.052795,-251.048233,531.909424,377.121246,-292.979279,100.1362,418.860901,-247.226913,71.035004,329.015747,97.014053,524.432922,391.668427,133.978119,98.744514,440.202179,77.772652,70.871902,345.711273,-151.029114,513.215027,353.237183,-211.329361,102.651817,233.28421,-323.818024,47.631474,211.761978,-239.874084,62.209015,263.953522,161.183868,53.029884,228.805984,85.640991,65.303734,367.91272,48.205795,105.462463,360.050781,-0.526675,505.088043
43,0,249.919815,-203.198044,1044.187622,240.220367,56.605862,1021.838562,413.39209,-105.952766,1061.571167,414.309601,-19.117617,1054.693726,332.013794,-251.054077,531.962036,376.780609,-292.655518,100.081444,419.014465,-247.25116,71.184082,329.090057,96.929909,524.418152,391.333435,133.987396,98.915199,440.151337,77.756134,70.870956,345.695526,-151.053436,513.205444,353.226868,-211.327332,102.652176,233.273743,-323.805298,47.587631,211.654434,-239.830246,62.286457,263.933533,161.213654,53.030579,228.780487,85.664337,65.28257,368.052582,48.198238,105.489944,360.029236,-0.528199,505.087921
44,0,249.865479,-203.301697,1044.227661,240.290131,56.530643,1021.96405,413.466217,-105.994667,1061.414307,413.337769,-19.414728,1054.693237,331.9841,-251.02713,531.983765,377.14267,-292.954437,100.094742,418.880737,-247.206299,71.062943,328.993713,96.91658,524.376221,391.810944,133.849335,99.032486,440.182983,77.764168,70.863533,345.653259,-151.069931,513.270264,353.23056,-211.329056,102.692581,233.324432,-323.794342,47.61417,211.582993,-239.829056,62.315624,263.976746,161.173019,53.005844,228.824371,85.641609,65.299149,367.94812,48.227913,105.452179,359.974365,-0.545088,505.107239
45,0,249.789871,-203.444138,1044.211914,240.109329,56.521713,1021.836975,413.333405,-106.013176,1061.388306,413.260803,-19.384405,1054.713257,331.92804,-251.058609,532.008179,377.094727,-292.998627,100.124832,418.904846,-247.317215,71.058617,328.990875,96.865952,524.391907,391.230347,133.925827,98.922653,440.227844,77.750618,70.853004,345.587891,-151.043488,513.245178,353.225067,-211.325684,102.683846,233.288437,-323.806488,47.615334,211.736053,-239.943085,62.113731,263.934265,161.204254,53.032761,228.911331,85.662842,65.198402,367.837708,48.185699,105.52681,359.973633,-0.552595,505.107574
46,0,249.629837,-203.393555,1044.208252,240.156525,56.441914,1021.959656,413.21521,-105.977287,1061.5448,413.740509,-19.238598,1054.69458,331.914673,-251.049423,532.104797,377.112885,-292.962311,100.115623,418.866791,-247.194092,71.232353,328.928741,96.975456,524.355591,391.406158,133.952026,98.821678,440.229034,77.721855,70.868561,345.588776,-151.066925,513.203857,353.217041,-211.310364,102.67128,233.289307,-323.784851,47.57095,211.556137,-239.785843,62.35223,263.929901,161.209473,53.056572,228.76532,85.647232,65.324287,368.147461,48.423218,104.99498,359.955261,-0.577146,505.087372
47,0,249.680389,-203.262527,1043.944092,240.095749,56.40657,1021.956421,413.127472,-105.980621,1061.531494,413.540741,-19.252277,1054.683472,331.893768,-251.046387,531.99939,377.095306,-292.927521,100.087105,418.91507,-247.230133,71.135818,328.940887,96.965401,524.398621,391.429535,133.933395,98.854485,440.210052,77.701736,70.828568,345.54483,-151.042587,513.257141,353.232697,-211.302856,102.67334,233.331863,-323.794189,47.523869,211.76297,-239.948547,62.119362,263.916565,161.19632,53.019947,228.777069,85.657677,65.281876,368.284668,48.405251,104.947586,359.950714,-0.577172,505.060547
48,0,249.712509,-203.327545,1043.822632,239.98526,56.412369,1021.928284,413.105255,-105.984718,1061.532837,413.437561,-19.294714,1054.684937,331.878479,-251.047348,532.002808,377.111877,-292.960022,100.097343,418.861267,-247.254745,71.157097,328.984894,96.852676,524.373962,391.263153,133.946106,98.929283,440.135956,77.747604,70.914894,345.459015,-151.036667,513.269897,353.276245,-211.26944,102.73822,233.363754,-323.782104,47.564457,211.876251,-239.981277,62.219017,263.954712,161.198425,53.05619,228.781342,85.648392,65.296394,368.027618,48.139664,105.44474,359.909576,-0.605287,505.040833
49,0,249.754105,-203.396454,1043.927246,239.939102,56.341606,1021.916382,413.012421,-105.990112,1061.52356,413.356995,-19.267811,1054.684082,331.832458,-251.027786,531.887634,377.057037,-292.87616,100.097359,418.978943,-246.868744,71.186089,328.952118,96.797752,524.490173,391.250824,133.902466,98.941948,440.134399,77.691444,70.882202,345.45871,-151.055542,513.304382,353.202911,-211.277298,102.655006,233.318298,-323.789398,47.59161,211.807861,-239.920624,62.224472,263.947876,161.181427,53.012917,228.77533,85.665649,65.289673,367.843414,48.197231,105.413834,360.017761,-0.624987,504.78833
50,0,249.314224,-203.319733,1043.985352,239.849747,56.326683,1021.914124,412.94278,-105.978203,1061.525024,413.250061,-19.300659,1054.721436,331.782532,-251.045944,531.987671,377.062561,-292.864838,100.131241,418.797028,-247.081558,71.216469,328.90152,96.844353,524.416443,391.492523,133.968826,98.891106,440.163177,77.675018,70.882584,345.39978,-151.048355,513.274658,353.231567,-211.257339,102.683983,233.399933,-323.796875,47.571938,211.852982,-239.98143,62.201565,263.939758,161.210861,53.067673,228.751724,85.637344,65.290428,367.84259,48.191727,105.43232,359.889313,-0.63477,505.01062
51,0,249.607437,-203.419388,1043.800537,239.796066,56.300522,1021.890259,412.882507,-105.994469,1061.511597,413.413544,-19.184002,1054.486084,331.765015,-251.026184,531.968506,377.058411,-292.854248,100.091225,418.834351,-247.135513,71.070381,328.852142,96.837708,524.413757,391.576019,133.816498,99.156334,440.194397,77.702339,70.94606,345.31131,-150.924561,513.301025,353.168091,-211.250107,102.658142,233.328445,-323.801544,47.611485,211.829819,-239.967743,62.149414,263.95285,161.204941,53.034451,228.786346,85.617012,65.312874,367.838409,48.218086,105.390915,359.840088,-0.643676,505.02713
52,0,249.501755,-203.355148,1043.755249,239.702362,56.310951,1021.909241,412.800354,-105.977386,1061.507812,413.136505,-19.27603,1054.623779,331.700378,-251.056046,532.010681,377.047943,-292.862854,100.110596,418.98053,-247.084595,71.169388,328.902405,96.794937,524.352722,391.640045,133.85463,98.780754,440.213684,77.671265,70.897049,345.272156,-150.917618,513.264648,353.154541,-211.259567,102.642639,233.29129,-323.770111,47.565384,211.824051,-239.954315,62.181694,263.909363,161.206451,53.048229,228.784317,85.640228,65.304901,368.392212,48.270023,105.039551,359.853058,-0.671004,505.000183
53,0,249.394333,-203.479202,1044.119507,239.69838,56.27145,1021.868591,412.782166,-105.994064,1061.471069,413.194366,-19.245743,1054.596191,331.787933,-251.011765,532.086365,376.788757,-292.578003,100.059807,418.943695,-247.147995,71.260681,328.775208,96.889427,524.365051,391.237579,133.794144,98.947365,440.241028,77.655128,70.968445,345.720184,-151.695618,513.38501,353.14917,-211.273132,102.64949,233.359879,-323.792847,47.577103,211.710419,-239.900803,62.262245,263.903198,161.217972,53.05711,228.730362,85.634193,65.293266,367.829681,48.211025,105.39817,359.780334,-0.642099,505.012512
54,0,249.371094,-203.408401,1043.808105,239.633896,56.302296,1021.877625,412.670074,-105.97847,1061.474121,413.059265,-19.258505,1054.615845,331.698944,-251.000076,531.973938,377.087952,-292.809998,100.092163,418.857666,-246.683289,71.40744,328.821136,96.805382,524.347839,391.703217,133.799072,98.714851,440.184296,77.661842,70.941727,345.390106,-151.130463,513.317078,353.135559,-211.249695,102.650673,233.304153,-323.759338,47.588997,211.860092,-239.970413,62.142109,263.942993,161.220062,53.034931,228.756927,85.623116,65.32135,367.771606,48.200401,105.390343,359.773285,-0.623085,504.982117
55,0,249.30957,-203.458176,1043.871338,239.595093,56.248859,1021.865967,412.62384,-105.973595,1061.488892,413.260132,-19.23201,1054.610352,331.748199,-251.006104,531.98175,376.766418,-292.531006,100.049599,418.921661,-247.096329,71.148468,328.749878,96.898872,524.390076,391.338959,133.90744,98.992294,440.181335,77.646347,70.94059,345.36792,-151.088989,513.295654,353.155579,-211.228226,102.683464,233.367371,-323.800537,47.562874,211.567245,-239.801712,62.338593,263.927307,161.182037,53.024246,228.761017,85.622948,65.310448,367.870422,48.146294,105.429642,359.759857,-0.625303,504.966309
56,0,249.213898,-203.435165,1043.830811,239.516159,56.310452,1021.835205,412.582794,-105.971046,1061.492188,413.170929,-19.229757,1054.5896,331.753296,-251.018463,531.957031,376.797363,-292.563446,100.059891,418.930725,-247.344711,71.093605,328.754272,96.913353,524.328186,391.281189,133.851486,98.961166,440.251312,77.620064,70.937187,345.665863,-151.670166,513.450439,353.150513,-211.250259,102.686485,233.355637,-323.80069,47.597992,211.869034,-239.934296,62.236645,263.926971,161.220367,53.055588,228.746933,85.625481,65.315468,367.874207,48.135609,105.405968,359.730682,-0.619809,504.997864
57,0,249.101395,-203.24231,1043.525024,239.478607,56.24255,1021.837219,412.530975,-105.972244,1061.499512,412.990326,-19.261324,1054.62439,331.687164,-251.030716,531.911682,377.095367,-292.821014,100.13092,418.869415,-247.118546,71.214775,328.808258,96.813576,524.363831,391.355225,133.803314,98.818848,440.169647,77.625107,70.90995,345.672607,-151.635635,513.453796,353.177948,-211.217316,102.723099,233.350937,-323.809662,47.549107,211.624756,-239.806427,62.328033,263.942596,161.222092,53.033688,228.71991,85.647285,65.316544,368.221039,48.39679,104.898438,359.745087,-0.645474,505.015839
58,0,248.906464,-203.386917,1043.62439,239.497833,56.261047,1021.850586,412.441345,-105.988029,1061.522339,412.078644,-19.51326,1054.589233,331.685669,-251.014465,531.971436,376.817932,-292.54129,100.031563,418.879486,-247.043503,71.13604,328.812683,96.870377,524.390503,391.557495,133.792847,98.72142,440.149048,77.68013,71.002403,345.285583,-150.978409,513.33905,353.158051,-211.244415,102.675995,233.326553,-323.781189,47.587322,211.810211,-239.91246,62.180927,263.931122,161.227097,53.058319,228.725677,85.640839,65.312431,367.949615,48.107426,105.393806,359.719269,-0.610319,505.014648
59,0,248.80629,-203.272354,1043.721802,239.430359,56.261501,1021.840454,412.365448,-105.980843,1061.551025,412.354858,-19.426241,1054.616333,331.601013,-251.013611,531.930847,377.093964,-292.827515,100.12944,418.972443,-246.851852,71.276283,328.785736,96.908524,524.384521,391.462921,133.888168,98.872711,440.228424,77.632248,70.928894,345.293854,-151.038605,513.347717,353.214844,-211.214157,102.717842,233.32019,-323.79071,47.56802,211.685623,-239.824753,62.337421,263.945465,161.207474,53.008846,228.728149,85.623878,65.333412,368.08429,48.433983,104.945152,359.715881,-0.647549,505.04892
60,0,248.955597,-203.327438,1043.647095,239.379562,56.268078,1021.789795,412.3479,-106.006081,1061.54248,412.384613,-19.4186,1054.638672,331.636047,-250.981308,531.991028,376.793671,-292.507812,100.037277,419.025513,-246.834091,71.31279,328.886169,96.82386,524.24939,391.44577,133.867569,98.829353,440.166779,77.637291,70.915642,345.622345,-151.610031,513.440125,353.178894,-211.22023,102.707207,233.371674,-323.788483,47.602573,211.656326,-239.810089,62.289795,263.919861,161.225494,53.011108,228.734558,85.622719,65.32634,367.897614,48.127419,105.394623,359.736237,-0.63357,504.980438
61,0,248.918564,-203.254547,1043.570679,239.334229,56.289268,1021.783813,412.321869,-106.006607,1061.532715,412.291748,-19.449648,1054.628784,331.668213,-250.980377,531.94043,377.076233,-292.807159,100.171295,418.862244,-246.90213,71.263741,328.714111,96.971535,524.384216,391.560242,133.764709,98.713966,440.181458,77.639839,70.949341,345.307434,-151.098145,513.360413,353.173584,-211.187714,102.695023,233.367905,-323.794922,47.554691,211.788239,-239.881729,62.18811,263.921417,161.229431,53.001808,228.748367,85.630257,65.343323,367.773865,48.187828,105.358467,359.670593,-0.661097,505.070221
62,0,248.905289,-203.309158,1043.609253,239.309189,56.289116,1021.804321,412.230255,-106.02803,1061.577271,412.23996,-19.47913,1054.636353,331.585693,-250.976288,532.067261,376.794556,-292.474274,100.090935,418.743988,-247.085495,71.187889,328.796753,96.877655,524.351013,391.322449,133.872055,98.765762,440.165527,77.624718,70.954185,345.295593,-151.044449,513.348083,353.123444,-211.221069,102.665695,233.282883,-323.777527,47.594299,211.830185,-239.929581,62.188194,263.935608,161.215637,53.01939,228.713989,85.632263,65.336769,367.783844,48.180012,105.401566,359.695038,-0.656341,505.063721
63,0,248.825058,-203.294495,1043.582397,239.317932,56.259995,1021.794189,412.233917,-106.049767,1061.554321,412.515686,-19.385027,1054.430664,331.629822,-250.962997,531.995911,376.821136,-292.481445,100.027786,418.923462,-247.09581,71.216499,328.786896,96.839226,524.353394,391.333344,133.820557,98.803314,440.21579,77.574249,70.932343,345.300903,-150.98793,513.381348,353.13089,-211.196991,102.686272,233.386581,-323.763458,47.62677,211.743011,-239.851883,62.193008,263.961334,161.216431,53.012661,228.699646,85.658691,65.322624,367.774048,48.183384,105.378754,359.54953,-0.657969,505.220398
64,0,248.809265,-203.27298,1043.546143,239.234406,56.295082,1021.782898,412.161377,-106.063286,1061.560669,412.17984,-19.475451,1054.588135,331.583954,-250.948395,532.015503,376.781311,-292.446045,100.063087,418.849213,-247.000702,71.219376,328.675385,96.910385,524.405151,391.036438,133.855865,98.856903,440.206024,77.600143,70.93988,345.591705,-151.570282,513.450012,353.088104,-211.1996,102.619576,233.353088,-323.784729,47.532162,211.358109,-239.55928,62.358929,263.925232,161.231049,53.024395,228.731277,85.630058,65.337662,367.735596,48.156437,105.441452,359.533234,-0.657611,505.229187
65,0,249.287369,-203.636841,1043.802856,239.21431,56.311989,1021.803955,412.187164,-106.06752,1061.526855,411.809662,-19.617159,1054.564453,331.610992,-250.958649,532.048035,376.79303,-292.431946,100.035904,418.829163,-247.035492,71.133568,328.796906,96.79866,524.361572,391.378815,133.756805,98.808563,440.099579,77.650887,71.010582,345.313934,-151.115692,513.353149,353.124512,-211.212631,102.640068,233.356125,-323.786774,47.549835,211.622025,-239.786896,62.271908,263.940155,161.228348,53.016407,228.716614,85.639786,65.324547,367.685181,48.134239,105.47226,359.635223,-0.662159,505.027344
66,0,248.915955,-203.473511,1043.683594,239.209198,56.283512,1021.737122,412.130402,-106.06163,1061.546387,411.729126,-19.610558,1054.562866,331.6185,-250.97081,531.974487,376.804626,-292.459351,100.052162,418.963257,-246.802612,71.301193,328.794189,96.810539,524.288391,391.523376,133.767014,99.110504,440.144348,77.597534,70.946861,345.368225,-151.079514,513.357788,353.132202,-211.18718,102.622101,233.370834,-323.779114,47.566856,211.78595,-239.936951,62.147964,263.974854,161.203018,52.994709,228.709854,85.635956,65.324982,368.058319,48.388206,104.950935,359.676239,-0.663613,505.03302
67,0,248.930527,-203.517593,1043.694214,239.188324,56.293568,1021.763062,412.107819,-106.04612,1061.536133,411.687958,-19.602211,1054.568604,331.583527,-250.987106,531.958984,376.805939,-292.408386,100.071625,418.827118,-247.002869,71.301361,328.800964,96.832184,524.324646,391.527863,133.760025,98.839195,440.161346,77.619995,70.91671,345.262604,-151.011795,513.34729,353.136078,-211.194473,102.664955,233.371658,-323.771362,47.57589,211.835083,-239.930084,62.257488,263.916229,161.228516,53.025227,228.715607,85.61953,65.323074,367.748901,48.147652,105.402214,359.625824,-0.654168,505.053162
68,0,248.727661,-203.387833,1043.674316,239.195435,56.270164,1021.743652,412.12323,-106.061066,1061.565063,411.692688,-19.598097,1054.556152,331.58197,-250.992798,532.004517,376.990082,-292.533112,100.28788,418.91391,-246.556625,71.344215,328.797729,96.815811,524.373291,391.657776,133.813354,98.785126,440.168488,77.610268,70.981567,345.295868,-151.047653,513.362793,353.080109,-211.188187,102.6008,233.300964,-323.768585,47.584801,211.755981,-239.897552,62.166237,263.950409,161.207047,53.021431,228.815628,85.662231,65.192535,367.910156,48.061329,105.369118,359.825775,-0.661286,504.73349
69,0,249.02803,-203.624237,1043.713867,239.154648,56.283459,1021.727783,412.104675,-106.050858,1061.562744,411.677917,-19.625898,1054.588379,331.569122,-251.012207,532.077454,376.812103,-292.42453,100.032417,418.898743,-246.991531,71.305717,328.792816,96.837776,524.326782,391.289093,133.822113,98.94696,440.257141,77.562531,70.927887,345.232086,-151.039291,513.385437,353.163391,-211.153015,102.691292,233.345764,-323.772705,47.634983,211.794388,-239.867065,62.160683,263.950928,161.213837,53.018021,228.71698,85.635902,65.30761,368.630402,47.69524,105.748749,359.734283,-0.68071,504.938599
70,0,248.784485,-203.395859,1043.605103,239.133057,56.238983,1021.741028,412.093018,-106.044289,1061.573486,411.664124,-19.606165,1054.553589,331.597992,-250.996582,532.154968,376.806152,-292.427887,100.064293,419.058533,-246.825531,71.332108,328.847565,96.773064,524.390564,391.505157,133.789337,98.939659,440.197052,77.577858,70.869217,345.292603,-151.10965,513.319031,353.103821,-211.177917,102.643982,233.340576,-323.795258,47.584225,211.362167,-239.567902,62.384682,263.963379,161.187256,52.989388,228.746643,85.621704,65.300934,367.95108,48.03529,105.485062,359.741699,-0.684743,504.950165
71,0,249.004242,-203.585602,1043.647705,239.180588,56.245377,1021.744385,412.094391,-106.074242,1061.560547,411.709167,-19.606731,1054.593018,331.581848,-250.97847,531.997803,376.789917,-292.437714,100.061928,418.823822,-246.998993,71.308426,328.787109,96.791191,524.38501,391.277985,133.796646,98.902489,440.229279,77.549171,70.942986,345.175323,-150.983627,513.354797,353.079681,-211.200974,102.615906,233.29213,-323.765686,47.568916,211.799316,-239.885559,62.157482,263.955383,161.222412,53.01202,228.737701,85.635902,65.294357,368.070648,47.974667,105.509911,359.692108,-0.705849,504.980316
72,0,248.806061,-203.380981,1043.586304,239.126099,56.256565,1021.733154,412.0867,-106.084862,1061.547485,411.644806,-19.63726,1054.590088,331.559357,-250.982162,531.958252,377.09433,-292.724701,100.098999,418.805054,-246.919083,71.343178,328.782898,96.824081,524.338562,391.235657,133.82048,98.918259,440.213043,77.569923,70.93885,345.504913,-151.641418,513.426208,353.1138,-211.1922,102.668152,233.318665,-323.798615,47.586689,211.543381,-239.776718,62.290176,263.921997,161.231384,53.02705,228.750916,85.63353,65.280487,367.896729,48.008739,105.572418,359.664001,-0.679207,504.938171
73,0,248.787338,-203.354782,1043.578247,239.096085,56.273705,1021.727417,412.092804,-106.087563,1061.541382,411.707703,-19.653416,1054.356689,331.587006,-251.005829,531.980957,376.833038,-292.445648,100.043961,418.924164,-247.00647,71.259972,328.737823,96.836494,524.356323,391.441559,133.884247,98.864388,440.149902,77.61647,70.967537,345.228333,-151.094955,513.41095,353.120239,-211.191696,102.665382,233.374481,-323.791138,47.54425,211.732452,-239.83316,62.131443,263.95462,161.187561,53.004002,228.839157,85.652367,65.194008,367.916412,48.009018,105.608032,359.689514,-0.71507,504.946655
74,0,248.786591,-203.519913,1043.764771,239.125961,56.257111,1021.735535,412.098846,-106.108772,1061.542725,411.653992,-19.664923,1054.583496,331.552063,-251.014023,532.097412,376.774872,-292.426147,100.047195,418.777039,-246.940033,71.268265,328.687683,96.827286,524.332031,391.466492,133.740311,98.8433,440.153412,77.592712,71.000801,345.49408,-151.589233,513.402832,353.148773,-211.160858,102.679733,233.401794,-323.76355,47.550884,211.796951,-239.866013,62.134102,263.960266,161.222198,53.010139,228.746811,85.636818,65.280563,367.859467,48.066059,105.633339,359.641327,-0.704532,504.944855
75,0,248.811172,-203.386246,1043.59082,239.133057,56.247093,1021.728394,412.095947,-106.123138,1061.559082,411.72113,-19.661579,1054.53894,331.584595,-251.005859,532.028809,376.809875,-292.447845,100.075302,418.816833,-246.991776,71.310966,328.720795,96.811989,524.342285,391.708527,133.714523,99.058479,440.174683,77.593689,71.020638,345.180206,-151.102386,513.37854,353.089813,-211.183044,102.672607,233.355789,-323.821381,47.60918,211.78595,-239.908478,62.173824,263.970337,161.196823,53.002396,228.753403,85.629539,65.300087,368.173096,48.2845,104.982132,359.641724,-0.738332,504.981689
76,0,248.788055,-203.556778,1043.819458,239.139984,56.280033,1021.722412,412.127808,-106.122704,1061.57019,411.662842,-19.679514,1054.56311,331.542755,-251.008087,531.983582,377.056519,-292.712097,100.129822,418.979156,-246.813766,71.27626,328.721436,96.760445,524.313049,391.776245,133.716797,98.811691,440.17453,77.592354,70.908463,345.173248,-151.108856,513.373352,353.083923,-211.198822,102.657898,233.374451,-323.816803,47.570507,211.422379,-239.60704,62.345798,263.907623,161.227112,53.02866,228.841537,85.648376,65.184189,367.880798,48.110344,105.435898,359.629974,-0.741953,504.954681
77,0,248.856445,-203.371979,1043.59729,239.128448,56.247608,1021.723511,412.115295,-106.125526,1061.587646,411.726624,-19.657753,1054.550415,331.54657,-251.039597,532.078064,377.112091,-292.735718,100.050209,418.794769,-246.878494,71.278473,328.662537,96.776695,524.364197,391.913696,133.352921,98.652046,440.188782,77.579781,70.857887,345.192657,-151.128296,513.369202,353.126801,-211.173569,102.670471,233.393036,-323.783661,47.602768,211.859222,-239.92598,62.167385,263.933289,161.201599,52.974209,228.722916,85.633675,65.279549,367.954041,48.030621,105.42997,359.557098,-0.744258,505.051422
78,0,248.880371,-203.444702,1043.705444,239.142349,56.286362,1021.726624,412.123993,-106.11264,1061.572021,412.02652,-19.561882,1054.622681,331.521362,-251.039719,532.085205,376.808807,-292.451904,100.051132,418.883209,-247.03688,71.331627,328.809937,96.66011,524.339417,391.564728,133.756592,98.830772,440.189667,77.590378,70.888565,345.15451,-151.041885,513.393433,353.198425,-211.139618,102.722961,233.409836,-323.802185,47.599522,211.608505,-239.765167,62.339722,263.929016,161.215317,52.995007,228.722031,85.63913,65.296516,368.159454,48.363068,105.000389,359.604767,-0.74974,505.028015
79,0,248.871033,-203.419739,1043.699707,239.140503,56.259884,1021.734924,412.124268,-106.112152,1061.578003,411.675201,-19.665529,1054.607666,331.565521,-251.010147,531.939148,377.098572,-292.771515,100.147934,418.826508,-247.285187,71.382095,328.664246,96.81498,524.381958,391.332947,133.73378,98.930168,440.22879,77.555916,70.903168,345.142242,-151.07785,513.384216,353.144623,-211.181961,102.669876,233.357193,-323.803284,47.564632,211.896683,-239.94519,62.146107,263.920807,161.207352,53.010338,228.741425,85.633781,65.283661,367.81662,48.100922,105.443954,359.589508,-0.744253,504.99295
80,0,248.691345,-203.394913,1043.800171,239.103409,56.250572,1021.721741,412.100128,-106.086372,1061.632935,411.636383,-19.657021,1054.619873,331.529755,-251.07283,532.010437,376.783173,-292.481171,100.086563,418.951202,-247.080444,71.225006,328.750092,96.747719,524.378113,392.05368,133.64151,98.957382,440.231384,77.536507,70.933594,345.208313,-151.169998,513.350037,353.094482,-211.178482,102.656891,233.307251,-323.798248,47.569691,211.810989,-239.896332,62.165977,263.949921,161.195572,53.011509,228.723419,85.628342,65.29055,368.118713,48.382401,104.904884,359.595581,-0.746373,505.044159
81,0,248.758575,-203.413925,1043.845459,239.132858,56.223282,1021.720642,412.112427,-106.098709,1061.613281,411.628448,-19.654112,1054.629028,331.545166,-251.055801,532.078552,376.775299,-292.480804,100.093674,418.851624,-247.022156,71.310822,328.673584,96.773453,524.391724,391.287109,133.707687,98.903061,440.183563,77.569618,70.863167,345.503845,-151.687576,513.442383,353.10318,-211.204742,102.682739,233.376755,-323.775635,47.56567,211.81694,-239.914352,62.208736,263.940002,161.21048,53.021992,228.772537,85.597954,65.275368,368.036255,48.011337,105.408104,359.580658,-0.735026,505.043213
82,0,248.9711,-203.427582,1043.702637,239.118561,56.238056,1021.72937,412.175842,-106.105408,1061.588135,411.659576,-19.669544,1054.65918,331.565674,-251.051636,532.028687,376.806976,-292.496857,100.084549,418.871979,-247.046005,71.228783,328.720581,96.680298,524.368835,391.930969,133.726837,98.852463,440.221344,77.564514,70.942764,345.139435,-151.074783,513.372131,353.062317,-211.218933,102.591888,233.270157,-323.813873,47.573574,211.82338,-239.907944,62.180264,263.961151,161.189575,53.002171,228.718567,85.617737,65.305847,368.259186,48.225666,105.00219,359.57251,-0.734073,505.105804
83,0,248.810028,-203.387665,1043.804932,239.162308,56.210655,1021.718994,412.185547,-106.08326,1061.602539,411.752716,-19.632446,1054.613159,331.558716,-251.054413,531.948975,377.087311,-292.784607,100.165894,418.740295,-246.959686,71.316986,328.702057,96.77491,524.351074,391.824646,133.676086,98.768501,440.208069,77.561134,70.994011,345.158997,-151.11908,513.319336,353.124298,-211.182312,102.620789,233.435257,-323.790771,47.556931,211.85202,-239.899506,62.209953,263.951385,161.21434,53.013699,228.72818,85.617271,65.279228,368.133667,48.375095,104.874161,359.564545,-0.752795,505.116272
84,0,249.083298,-203.488022,1043.85083,239.153519,56.254814,1021.688477,412.19577,-106.062981,1061.585083,411.694489,-19.641945,1054.644897,331.565338,-251.040756,531.977844,376.780609,-292.494904,100.051208,418.823517,-247.036102,71.245949,328.709381,96.7789,524.350037,391.678314,133.658051,99.170624,440.157471,77.600227,70.923538,345.203735,-151.149109,513.347168,353.103546,-211.188583,102.625618,233.367966,-323.763947,47.559624,211.790848,-239.920944,62.123634,263.943237,161.20961,52.998306,228.700958,85.621437,65.283066,368.086517,48.410675,104.913879,359.594452,-0.754587,505.145264
85,0,248.972427,-203.421509,1043.721436,239.140457,56.251534,1021.68335,412.235382,-106.058327,1061.564453,411.946686,-19.550732,1054.691895,331.619507,-251.029907,531.910828,376.772919,-292.487976,100.045265,418.825714,-247.081894,71.22966,328.793304,96.740021,524.288696,391.735077,133.712982,98.773872,440.192993,77.583679,70.99295,345.2547,-151.158737,513.354919,353.125916,-211.168274,102.663559,233.349716,-323.76944,47.554192,211.792618,-239.888412,62.180252,263.947754,161.201965,53.007107,228.707581,85.625999,65.295204,367.778015,48.158482,105.374931,359.797546,-0.751911,504.716339
86,0,248.830673,-203.344772,1043.858887,239.168762,56.251732,1021.702881,412.233521,-106.042679,1061.596558,412.080811,-19.520237,1054.667969,331.58194,-251.038544,531.975952,377.049774,-292.771637,100.14328,418.794556,-247.075195,71.228836,328.73111,96.819885,524.360718,391.627747,133.698868,98.884628,440.197144,77.570831,70.943184,345.229553,-151.172729,513.370972,353.1362,-211.189529,102.662819,233.389572,-323.77002,47.553226,211.787903,-239.846954,62.155563,263.943787,161.227875,53.027565,228.712204,85.606674,65.29538,367.848328,48.141151,105.394966,359.748444,-0.762175,504.88681
87,0,248.966309,-203.324951,1043.653198,239.130447,56.259872,1021.728638,412.263824,-106.05011,1061.58374,412.090942,-19.492342,1054.666748,331.578247,-251.076645,532.065063,376.797913,-292.46875,100.072067,418.816345,-247.019852,71.245056,328.73703,96.75547,524.295288,391.775879,133.699646,98.764511,440.168365,77.599205,70.973534,345.178619,-151.079636,513.322021,353.113373,-211.149963,102.657753,233.362427,-323.783661,47.579235,211.817932,-239.915604,62.116905,263.935608,161.212112,53.0191,228.728622,85.591156,65.309662,367.861847,48.147114,105.32856,359.742371,-0.757273,504.930542
88,0,249.056976,-203.389069,1043.709961,239.154297,56.27541,1021.678101,412.282959,-106.024536,1061.579956,411.9758,-19.516142,1054.681763,331.520508,-251.027405,531.955017,377.053528,-292.759583,100.114563,418.804504,-247.083801,71.177681,328.596466,96.639854,524.589172,391.755554,133.644516,99.017937,440.197968,77.600067,70.933479,345.159088,-151.07785,513.347656,353.104309,-211.202972,102.631989,233.369781,-323.779785,47.591019,211.789001,-239.882965,62.175056,263.931824,161.192612,53.011887,228.71347,85.614128,65.285141,367.822937,48.120941,105.380676,359.778259,-0.742601,504.887756
89,0,249.066666,-203.388794,1043.776489,239.184494,56.261333,1021.684753,412.303864,-106.017197,1061.592285,412.092682,-19.487085,1054.72937,331.609467,-251.086807,531.97168,377.057007,-292.763123,100.155998,418.725708,-246.957016,71.245575,328.780304,96.759369,524.367004,391.550934,133.837402,98.891769,440.193359,77.592422,70.972275,345.231934,-151.115814,513.343384,353.122009,-211.191528,102.676598,233.358643,-323.7854,47.588837,211.620422,-239.801666,62.278786,263.924988,161.204636,53.012127,228.726089,85.59523,65.303642,367.821411,48.09343,105.441177,359.760651,-0.73276,504.935028
90,0,248.824219,-203.272018,1043.764526,239.226624,56.283676,1021.679871,412.337921,-105.998466,1061.567505,411.822327,-19.557199,1054.697266,331.609955,-251.029495,532.046997,377.093048,-292.808411,100.184334,418.785614,-247.137833,71.205429,328.78183,96.817703,524.35791,391.744629,133.782562,98.817986,440.218719,77.584686,70.973869,345.598419,-151.739517,513.412292,353.129944,-211.196686,102.686089,233.375229,-323.775665,47.561607,211.742401,-239.890228,62.216652,263.944489,161.200516,53.021667,228.690506,85.616798,65.284233,368.201874,48.320648,104.856842,359.726105,-0.73027,504.955414
91,0,248.849411,-203.253326,1043.856812,239.283157,56.269249,1021.692017,412.3479,-105.977692,1061.583984,412.112122,-19.43891,1054.706055,331.653137,-251.048172,532.02301,377.059113,-292.798157,100.170273,418.750641,-247.062729,71.220444,328.790466,96.844933,524.284668,391.258881,133.845001,98.929726,440.250641,77.549637,70.903229,345.350494,-151.1866,513.341797,353.132233,-211.218719,102.617233,233.374893,-323.799255,47.564213,211.873886,-239.927155,62.169449,263.983368,161.196014,52.994011,228.697205,85.610802,65.302948,367.794769,48.131092,105.424812,359.774506,-0.696612,504.956238
92,0,248.981598,-203.174866,1043.722168,239.259338,56.32114,1021.69928,412.3927,-105.966942,1061.581665,411.847565,-19.498888,1054.687866,331.661499,-251.069778,531.978271,376.75943,-292.501862,100.052673,418.847473,-247.429337,71.052017,328.687744,96.859138,524.329407,391.35022,133.816711,98.942917,440.164337,77.631813,70.960869,345.221222,-151.124771,513.332275,353.098785,-211.215347,102.578819,233.37262,-323.753021,47.594299,211.746262,-239.869843,62.219826,263.960724,161.198059,53.01041,228.727798,85.595963,65.297562,367.77829,48.175434,105.322159,359.789215,-0.699386,504.983734
93,0,249.238068,-203.365143,1043.868774,239.310059,56.302345,1021.734375,412.406036,-105.95134,1061.601685,412.234375,-19.408213,1054.692871,331.534088,-251.052078,532.085815,376.786224,-292.515198,100.048454,418.838135,-247.307022,71.054817,328.722778,96.89315,524.34491,391.706848,133.742477,98.767891,440.15863,77.626526,70.92411,345.172058,-151.039536,513.349243,353.117767,-211.22818,102.644257,233.318008,-323.776764,47.594875,211.657089,-239.785645,62.26083,263.951294,161.194839,53.012825,228.730652,85.616394,65.316681,368.125702,48.372025,104.93364,359.796509,-0.678698,504.974609
94,0,249.190079,-203.294937,1043.685059,239.316315,56.334415,1021.749023,412.458618,-105.918251,1061.578979,411.881348,-19.489002,1054.710327,331.583008,-251.038467,531.991699,377.05481,-292.827911,100.104744,418.760071,-247.130798,71.126617,328.817596,96.773476,524.203613,391.435303,133.796982,98.866112,440.131958,77.649307,70.96283,345.160309,-151.004761,513.385498,353.083038,-211.248169,102.573044,233.376099,-323.802063,47.606071,211.864929,-239.90596,62.157913,263.916168,161.199509,53.04771,228.721329,85.61441,65.317986,368.147156,48.36515,104.934349,359.928253,-0.656676,504.748169
95,0,249.381577,-203.322754,1044.004272,239.351074,56.360691,1021.702271,412.503052,-105.904831,1061.588501,412.295807,-19.365953,1054.690308,331.551636,-251.021179,531.991455,376.820038,-292.527405,99.994545,418.865753,-247.19075,71.141479,328.798859,96.830292,524.372437,391.285645,133.831512,98.96019,440.198944,77.618698,70.893234,345.184204,-151.109924,513.284424,353.151398,-211.200912,102.658165,233.331467,-323.751343,47.601082,211.78447,-239.878738,62.145969,263.940948,161.198502,53.025501,228.70433,85.619911,65.307411,367.901703,48.121105,105.382492,359.783417,-0.664337,504.992493
96,0,249.196533,-203.037323,1043.704468,239.381195,56.356998,1021.731262,412.516388,-105.892891,1061.57312,412.412476,-19.329699,1054.675903,331.537262,-251.049728,532.099304,376.787781,-292.544037,100.036766,418.990479,-246.820175,71.266975,328.7453,96.863548,524.346985,391.613495,133.863007,98.766838,440.155609,77.635399,70.940186,345.117828,-151.023453,513.311157,353.12616,-211.233841,102.623253,233.361908,-323.792511,47.594685,211.594727,-239.737061,62.317268,263.927704,161.208969,53.032379,228.741348,85.601967,65.328506,367.943726,48.118206,105.361504,359.820496,-0.647134,504.964539
97,0,249.184891,-203.290161,1044.041016,239.402588,56.39901,1021.713379,412.550385,-105.860146,1061.575439,412.582764,-19.28927,1054.651001,331.508942,-251.031906,532.1745,376.758423,-292.566772,100.044983,418.761902,-246.865921,71.283379,328.789734,96.854965,524.299561,391.480408,133.818283,98.853447,440.128693,77.665131,70.958984,345.117554,-150.987991,513.278076,353.15448,-211.206299,102.654022,233.365982,-323.775665,47.574863,211.667267,-239.798538,62.269711,263.949219,161.21611,53.015823,228.708954,85.604507,65.319756,367.999207,48.039505,105.422729,359.795868,-0.628964,504.982483
98,0,249.361359,-203.279816,1043.935547,239.366226,56.38533,1021.735046,412.604401,-105.833786,1061.586182,412.549469,-19.265423,1054.724487,331.549347,-251.047699,532.070679,377.041351,-292.819702,100.125153,418.849304,-247.149063,71.134071,328.725464,96.899986,524.369995,391.359497,133.822159,98.848328,440.186066,77.604759,70.863777,345.053589,-150.959045,513.258362,353.122589,-211.223053,102.580566,233.336243,-323.760345,47.617722,211.777237,-239.888748,62.186268,263.946136,161.211502,53.055138,228.73082,85.602493,65.311264,367.931396,48.112747,105.425743,359.797607,-0.634109,504.993317
99,0,249.336685,-203.197159,1043.858032,239.448578,56.420692,1021.728516,412.688416,-105.821167,1061.530396,412.820801,-19.16139,1054.667114,331.565765,-250.997421,531.994812,377.043488,-292.845306,100.146179,418.849884,-247.069061,71.209381,328.750305,96.898155,524.332031,391.46167,133.873306,98.871765,440.20578,77.642776,70.979568,345.072266,-150.992462,513.263977,353.109528,-211.213791,102.614563,233.303101,-323.76944,47.56815,211.653397,-239.80661,62.194492,263.94342,161.201202,53.033211,228.722946,85.62738,65.330841,367.786926,48.150261,105.42395,359.800446,-0.627827,505.000061
100,0,249.45433,-203.331223,1044.028564,239.456665,56.414719,1021.766663,412.694916,-105.804474,1061.547241,413.212067,-18.999159,1054.470215,331.550079,-250.985291,532.052673,376.75882,-292.563812,100.05452,419.063171,-246.868225,71.274284,328.754913,96.856773,524.302185,391.62973,133.856369,98.789421,440.148041,77.666435,70.962975,345.007843,-150.86174,513.302673,353.097992,-211.214798,102.596756,233.329727,-323.793701,47.594124,211.873856,-239.929398,62.187431,263.922333,161.209091,53.045288,228.689301,85.621498,65.304131,368.191864,48.39579,104.959541,359.828583,-0.611633,504.997894
101,0,249.613586,-203.105103,1043.817749,239.526764,56.409378,1021.757141,412.700623,-105.77478,1061.557739,412.921692,-19.06695,1054.5979,331.549805,-251.016403,532.091309,376.758331,-292.568298,100.073303,418.891754,-247.147324,71.043892,328.785034,96.884491,524.322083,391.572662,133.794296,98.743622,440.125214,77.69323,70.980705,345.009277,-150.890793,513.287476,353.199646,-211.208633,102.649117,233.326004,-323.782471,47.580608,211.906708,-239.949051,62.210381,263.935883,161.21489,53.049129,228.708481,85.603958,65.306358,367.926788,48.130215,105.427147,359.857727,-0.627768,505.025452
102,0,249.272751,-203.333984,1044.404907,239.509338,56.424488,1021.75354,412.755768,-105.756287,1061.538696,412.894958,-19.057495,1054.57373,331.482758,-250.975754,532.16925,376.755676,-292.574158,100.049515,418.905029,-247.078903,71.175262,328.774719,96.892738,524.359497,391.4617,133.806686,98.620926,440.176666,77.645447,70.904274,344.996643,-150.86702,513.273071,353.153351,-211.207718,102.603439,233.322128,-323.791199,47.634998,211.819794,-239.862717,62.130379,263.944641,161.202835,53.036266,228.828903,85.624054,65.196007,368.155762,48.407841,104.89402,359.866302,-0.623394,504.968597
103,0,249.583649,-203.117981,1044.019775,239.361206,56.528633,1021.605164,412.750275,-105.732857,1061.551392,413.130432,-18.951143,1054.590698,331.512695,-250.977631,532.106079,377.031311,-292.845093,100.164665,418.808502,-246.908493,71.254829,328.756073,96.912979,524.38562,391.446716,133.807358,98.790565,440.205811,77.626091,70.875832,345.079193,-150.997681,513.274353,353.117157,-211.236877,102.574593,233.338272,-323.759033,47.590076,211.706543,-239.835373,62.295265,263.954712,161.195374,53.031223,228.730438,85.628769,65.289635,368.170563,48.404671,104.983002,359.86377,-0.625207,505.010834
104,0,249.378876,-203.225006,1044.200439,239.507797,56.513077,1021.732544,412.790192,-105.720634,1061.522949,413.151672,-18.957449,1054.579346,331.483215,-250.979568,532.081909,376.754333,-292.553162,100.024719,418.947479,-247.072021,71.137665,328.821869,96.869225,524.189819,391.565308,133.792648,98.715584,440.180573,77.656296,70.896614,344.97406,-150.848831,513.308899,353.141479,-211.229904,102.567924,233.373245,-323.792419,47.579906,211.920792,-239.932709,62.191765,263.920593,161.218857,53.027981,228.731949,85.600662,65.282234,367.823761,48.195553,105.411995,359.856171,-0.600841,505.052216
105,0,249.700867,-203.085114,1044.043335,239.501678,56.524502,1021.74353,412.828674,-105.696854,1061.495972,413.512207,-18.843935,1054.558105,331.458191,-250.943985,532.08313,377.106964,-292.847809,100.138451,418.912354,-246.754517,71.242783,328.835083,96.885605,524.307861,391.281403,133.894012,98.775108,440.210571,77.632744,70.893951,344.96814,-150.841736,513.310791,353.197113,-211.215973,102.645889,233.406067,-323.775146,47.619133,211.806946,-239.874924,62.18185,263.948517,161.203995,53.026726,228.746826,85.616684,65.276154,367.945984,48.181255,105.350716,359.865051,-0.596376,505.068115
106,0,249.619171,-203.216705,1044.187134,239.410233,56.584042,1021.609314,412.830505,-105.680191,1061.476685,413.289246,-18.889633,1054.573853,331.455475,-250.963776,532.15387,377.051941,-292.854492,100.181656,418.890045,-247.198715,71.094353,328.826477,96.877144,524.325439,391.400818,133.803162,98.767258,440.184387,77.661736,70.888168,345.284576,-151.391541,513.432129,353.186066,-211.226639,102.627678,233.352722,-323.767181,47.628914,211.773468,-239.929901,62.128551,263.944946,161.210388,53.030712,228.743301,85.615211,65.287872,367.872559,48.193935,105.387718,359.917542,-0.54559,505.009247
107,0,249.395599,-203.287781,1044.418213,239.578003,56.525616,1021.748657,412.883972,-105.63755,1061.491943,413.357208,-18.855793,1054.562988,331.392548,-250.956833,532.219971,376.788452,-292.564667,100.076042,418.940094,-247.147034,71.144722,328.761871,96.967514,524.331421,391.286865,133.853317,98.746483,440.203918,77.627243,70.881783,345.265625,-151.469696,513.397278,353.172028,-211.252655,102.583107,233.339737,-323.748444,47.598919,211.928482,-239.936798,62.047562,263.959137,161.204269,53.038326,228.738373,85.614365,65.283798,368.105774,48.457932,104.927788,359.903198,-0.539078,505.044891
108,0,249.717484,-203.394791,1044.546265,239.466843,56.640549,1021.644714,412.901215,-105.609337,1061.467407,413.810699,-18.718876,1054.532104,331.424072,-250.879608,532.032104,377.089325,-292.885834,100.114792,418.856934,-247.018967,71.169563,328.80368,96.929733,524.316223,391.801605,133.82196,99.029015,440.217163,77.633377,70.932861,345.189423,-151.417816,513.422974,353.11908,-211.24736,102.568298,233.392639,-323.781372,47.595474,211.754898,-239.900848,62.254429,263.952789,161.206879,53.038338,228.697617,85.624443,65.274948,367.810425,48.18063,105.420013,359.905426,-0.559583,505.096924
109,0,249.700623,-203.350128,1044.494263,239.478317,56.653996,1021.63623,413.0466,-105.660919,1061.23999,414.391174,-18.520933,1054.383789,331.382568,-250.909714,532.211304,377.121429,-292.89032,100.150047,418.841553,-247.010208,71.22081,328.792389,96.918396,524.334473,391.8862,133.784012,98.895569,440.158875,77.662308,70.947006,344.886963,-150.849503,513.31665,353.12381,-211.230972,102.590424,233.380417,-323.765381,47.579685,211.896347,-239.945618,62.197968,263.943604,161.193756,53.025581,228.726761,85.618805,65.295845,368.143951,48.489422,104.873337,359.929871,-0.565718,505.093384
110,0,249.539139,-203.200012,1044.309082,239.639908,56.621353,1021.789429,412.990906,-105.597656,1061.391357,413.431458,-18.795473,1054.485352,331.310211,-250.877502,532.247925,376.795593,-292.583374,100.070107,418.76828,-247.092133,71.188622,328.780731,96.861465,524.462463,391.500092,133.804703,99.118256,440.135529,77.672615,70.928337,344.905334,-150.833282,513.343323,353.127869,-211.24617,102.587471,233.314819,-323.760254,47.606316,211.743835,-239.866516,62.2108,263.905853,161.200821,53.035263,228.733551,85.613541,65.312111,367.840454,48.171761,105.35379,359.921844,-0.544927,505.098877
111,0,249.572433,-202.934311,1044.223267,239.514786,56.747921,1021.651123,413.015778,-105.558647,1061.379517,414.087677,-18.613586,1054.456299,331.405945,-250.816406,532.126404,377.102417,-292.854523,100.146416,418.830719,-247.080399,71.092331,328.811279,96.935394,524.324829,391.896637,133.806549,98.971542,440.261383,77.615189,70.94532,344.840179,-150.851761,513.28418,353.1427,-211.248627,102.596413,233.321045,-323.783264,47.592339,211.859039,-239.99794,62.173431,263.916779,161.223892,53.057777,228.761414,85.593941,65.311501,367.801331,48.196781,105.384918,359.917511,-0.547946,505.076477
112,0,249.635468,-203.250549,1044.518311,239.599899,56.736626,1021.682739,413.026154,-105.550819,1061.373413,414.162994,-18.611549,1054.473633,331.336273,-250.798172,532.235046,377.060577,-292.850769,100.156784,418.875153,-247.045288,71.162804,328.796112,96.989159,524.245178,391.308929,133.861588,98.968376,440.208466,77.715057,71.055511,344.818268,-150.7883,513.313293,353.084839,-211.26445,102.551636,233.307648,-323.773285,47.618172,211.911194,-239.961945,62.24881,263.942474,161.212875,53.013672,228.726212,85.599953,65.297691,368.108185,48.472343,104.917,359.916321,-0.534679,505.080566
113,0,249.751083,-203.267548,1044.514771,239.550034,56.793427,1021.671997,413.02124,-105.527473,1061.362427,413.700745,-18.750736,1054.462891,331.357422,-250.788361,532.115601,376.815125,-292.568573,100.087372,418.791565,-247.050323,71.171928,328.811188,96.99839,524.341125,391.74942,133.730103,99.038544,440.180847,77.645226,70.916016,344.857452,-150.839554,513.278931,353.107544,-211.275192,102.540787,233.36882,-323.78064,47.582844,211.787811,-239.899963,62.171539,263.903137,161.220398,53.022671,228.730331,85.619637,65.301994,367.94339,48.151066,105.449036,359.920135,-0.521793,505.103363
114,0,249.847534,-203.249542,1044.53064,239.628494,56.783978,1021.680603,413.113525,-105.539833,1061.230591,414.05542,-18.615578,1054.461792,331.393829,-250.7453,532.09668,377.149597,-292.878754,100.168068,418.869751,-247.125305,71.171326,328.820068,97.028351,524.343628,391.437897,133.754089,98.810127,440.169067,77.642746,70.945694,344.780243,-150.67131,513.349976,353.080658,-211.276123,102.538048,233.407837,-323.826996,47.563602,211.812592,-239.918564,62.133053,263.94516,161.213058,53.020382,228.719971,85.600258,65.331932,368.17276,48.468517,104.94442,359.936218,-0.520034,505.13797
115,0,250.051224,-203.027786,1044.280029,239.606293,56.855015,1021.657349,413.058502,-105.488075,1061.355347,413.653351,-18.735161,1054.486084,331.40033,-250.727295,532.057312,376.828674,-292.560608,100.099831,418.730621,-247.081451,71.193817,328.872833,96.99675,524.29834,391.603455,133.84111,98.785332,440.144348,77.664352,70.967224,344.824341,-150.693832,513.257751,353.120331,-211.232178,102.581528,233.365784,-323.787537,47.571636,211.811768,-239.863525,62.170856,263.950012,161.196854,53.008518,228.728897,85.616806,65.292557,368.096802,48.432808,104.928261,359.950806,-0.511493,505.098877
116,0,249.882812,-203.169205,1044.709106,239.626221,56.836369,1021.712646,413.123688,-105.503868,1061.22876,414.062134,-18.592365,1054.495972,331.427948,-250.685959,531.927734,377.109802,-292.860291,100.180527,418.782623,-247.217651,71.069763,328.869904,97.027977,524.22168,391.513947,133.845886,98.750214,440.164062,77.664238,70.959023,344.751373,-150.612305,513.286316,353.150818,-211.238892,102.571251,233.350494,-323.809021,47.626984,211.897171,-239.987503,62.136108,263.899963,161.222626,53.033352,228.698273,85.624809,65.299576,368.126587,48.387619,105.032425,359.974884,-0.463239,505.111145
117,0,249.803268,-203.114853,1044.545776,239.672668,56.881775,1021.704407,413.049225,-105.439064,1061.372681,413.929565,-18.622122,1054.493042,331.40567,-250.69603,532.088623,377.1026,-292.854126,100.183357,418.844421,-247.158371,71.147484,328.92334,97.077492,524.305298,391.307648,133.864807,98.979622,440.129883,77.653725,70.964989,344.779633,-150.570221,513.281433,353.105286,-211.279083,102.536629,233.296692,-323.809143,47.606049,211.900391,-239.95546,62.24548,263.905273,161.222794,53.041981,228.713654,85.610626,65.303215,368.316376,48.323498,104.949791,359.980377,-0.448239,505.114563
118,0,249.956635,-203.180649,1044.599365,239.858841,56.866638,1021.833191,413.070801,-105.444115,1061.363892,414.030396,-18.536484,1054.352539,331.42868,-250.673706,532.113037,376.820984,-292.546844,100.057289,418.899628,-247.217255,71.249252,329.009247,97.082054,524.342102,391.438354,133.799988,98.826485,440.18576,77.635475,70.917809,344.816986,-150.587967,513.22998,353.107056,-211.233643,102.617668,233.337265,-323.781342,47.603786,212.190353,-239.98616,62.159466,263.913239,161.210724,53.010742,228.69545,85.626205,65.308548,368.109467,48.457405,104.946693,359.992432,-0.430962,505.177185
119,0,249.735275,-202.990387,1044.277466,239.867508,56.932743,1021.813843,413.062225,-105.422562,1061.372192,413.678497,-18.669695,1054.503906,331.437317,-250.64769,532.122375,376.842285,-292.552795,100.084534,418.901947,-246.79895,71.219048,328.983093,96.988304,524.550415,391.352417,133.868988,98.962975,440.161469,77.639473,70.983383,344.805115,-150.518356,513.254639,353.122345,-211.227142,102.609093,233.339096,-323.762665,47.598579,211.870575,-239.947891,62.131618,263.921143,161.23407,52.998249,228.689987,85.62616,65.328659,368.122223,48.491901,104.944519,360.025909,-0.444886,505.192749
120,0,249.792984,-203.0867,1044.512207,239.901947,56.943085,1021.803955,413.0513,-105.409767,1061.365845,413.913086,-18.581615,1054.490356,331.465088,-250.604904,532.072449,377.024811,-292.613617,100.272316,418.779022,-247.031433,71.124985,329.01532,97.211876,524.503784,391.275208,133.914505,98.939713,440.170929,77.653709,70.955788,344.835571,-150.556244,513.192749,353.102722,-211.226593,102.511177,233.324295,-323.737,47.611286,211.985245,-240.007523,62.116615,263.937836,161.219727,53.010162,228.715515,85.623749,65.300369,367.783661,48.214481,105.41674,360.01709,-0.41844,505.222809
121,0,249.592865,-202.910858,1044.259766,239.970108,56.959976,1021.797791,413.107941,-105.463737,1061.226562,414.306549,-18.441769,1054.386597,331.470795,-250.603073,532.037598,376.788544,-292.535095,100.122704,418.792847,-247.253006,71.168488,329.149597,97.089981,524.452881,392.040253,133.770172,98.945656,440.144745,77.660797,70.928223,344.79068,-150.451004,513.242126,353.103271,-211.227814,102.514511,233.385056,-323.770386,47.594761,211.928757,-239.973328,62.164497,263.943726,161.215088,52.989666,228.709305,85.630318,65.308502,367.787659,48.242908,105.323288,360.089417,-0.403295,505.209808
122,0,249.65062,-203.016037,1044.487793,239.904724,57.041325,1021.801575,413.025696,-105.421806,1061.387573,413.710632,-18.636717,1054.520874,331.464264,-250.578964,531.977783,377.051178,-292.795532,100.130112,418.914429,-247.070648,71.193901,328.975067,96.996552,524.454468,391.782501,133.843689,99.045708,440.191528,77.623962,70.917191,344.838593,-150.472061,513.202942,353.082794,-211.211517,102.54026,233.364563,-323.801208,47.585629,211.930038,-240.000397,62.144859,263.963745,161.2108,53.000114,228.688324,85.639824,65.32708,367.835724,48.194637,105.409485,360.10434,-0.375549,505.161224
123,0,249.52771,-202.91214,1044.408447,239.799225,57.115421,1021.691895,413.041412,-105.471451,1061.25647,414.095459,-18.519995,1054.497192,331.503723,-250.598465,532.002563,377.084015,-292.818451,100.156471,418.828033,-246.975311,71.181648,329.143799,97.063568,524.343262,391.701508,133.815048,98.749344,440.185425,77.624763,70.933235,344.85437,-150.492935,513.202637,353.092773,-211.198334,102.555023,233.339111,-323.786652,47.610882,211.832062,-239.899216,62.102379,263.955597,161.220428,52.989101,228.711685,85.628532,65.307632,368.084442,48.492901,104.973694,360.106232,-0.370817,505.197937
124,0,249.591248,-202.741379,1044.205078,239.984421,57.086269,1021.78418,413.035248,-105.497833,1061.270508,413.994171,-18.568312,1054.52063,331.426239,-250.517929,532.039551,376.804443,-292.49704,100.084854,418.84436,-246.936798,71.218925,329.169373,97.124466,524.37738,391.59494,133.790558,99.120621,440.217468,77.606735,70.884598,344.890015,-150.460175,513.1875,353.055023,-211.243958,102.505157,233.29129,-323.781586,47.606411,211.715652,-239.850769,62.238785,263.957184,161.231155,53.022934,228.719666,85.648575,65.299194,368.106903,48.433376,104.969032,360.132843,-0.363733,505.207825
125,0,249.650925,-202.566452,1044.149414,240.021423,57.145615,1021.770264,412.938446,-105.489632,1061.432617,414.111206,-18.52742,1054.54248,331.477325,-250.554413,532.004028,376.820557,-292.490051,100.08699,418.875397,-247.184296,71.262474,329.236023,97.094826,524.347717,391.965698,133.800552,98.951263,440.197235,77.653511,70.969345,344.916626,-150.371384,513.198425,353.109772,-211.1828,102.609703,233.359024,-323.772491,47.538345,211.807465,-239.898361,62.105984,263.925842,161.257919,53.034374,228.739746,85.640594,65.325287,367.955505,48.162281,105.394981,360.14624,-0.367044,505.180359
126,0,249.264969,-202.524338,1044.23877,240.097763,57.137089,1021.828979,412.926147,-105.523758,1061.423096,413.858002,-18.611097,1054.54895,331.50708,-250.557602,532.079407,376.800629,-292.51001,100.106354,418.916016,-247.245987,71.083557,329.277039,97.216927,524.394043,391.347168,133.83548,98.928596,440.15155,77.635429,70.927963,344.946869,-150.367676,513.180542,353.091217,-211.19455,102.54702,233.368835,-323.757599,47.612282,211.734619,-239.852005,62.119385,263.954956,161.216141,53.022484,228.731277,85.640221,65.297348,368.131256,48.387939,104.971214,360.159912,-0.345749,505.218994
127,0,249.503632,-202.802856,1044.40979,240.088409,57.201965,1021.81543,412.949066,-105.534912,1061.383545,414.032166,-18.606497,1054.548706,331.531464,-250.579926,532.006836,376.759644,-292.495117,100.105209,418.840546,-247.060226,71.215256,329.337952,97.201828,524.417542,391.365906,133.861298,98.916779,440.18634,77.623901,70.904579,345.033142,-150.480682,513.132568,353.12677,-211.2099,102.607803,233.314835,-323.783691,47.586346,211.938324,-239.935135,62.188072,263.934296,161.252945,53.030182,228.694275,85.633591,65.320717,367.800537,48.222301,105.363907,360.151184,-0.297986,505.192932
128,0,249.237839,-202.549774,1044.223145,240.139679,57.223698,1021.798584,412.934937,-105.550957,1061.429443,413.293823,-18.836226,1054.536133,331.50174,-250.559036,532.103149,377.068146,-292.800751,100.147255,418.7771,-246.966293,71.274513,329.282471,97.23185,524.414856,391.61618,133.810394,99.148735,440.178589,77.625404,70.930748,345.09024,-150.541367,513.1651,353.090729,-211.196838,102.564163,233.34111,-323.75296,47.611015,211.79483,-239.87265,62.21954,263.948486,161.22963,52.969452,228.830475,85.653885,65.210266,368.096527,48.440956,104.96035,360.176941,-0.341077,505.209686
129,0,249.388947,-202.702393,1044.381226,240.172653,57.232941,1021.826599,412.93811,-105.574829,1061.380981,413.587219,-18.776613,1054.570435,331.493927,-250.556198,531.944702,376.76593,-292.516846,100.088959,418.780334,-247.08139,71.18325,329.357483,97.241142,524.409912,391.537415,133.895432,98.846275,439.889984,77.772316,71.225677,345.020782,-150.460907,513.162598,353.041931,-211.234818,102.544762,233.320908,-323.811157,47.617729,211.70108,-239.845016,62.358315,263.941498,161.249298,53.011459,228.718765,85.674309,65.282036,367.806335,48.181629,105.408752,360.199615,-0.344323,505.226776
130,0,249.4263,-202.704391,1044.382935,240.181793,57.259094,1021.825684,412.954193,-105.589371,1061.377563,414.005341,-18.685177,1054.539062,331.463715,-250.597321,532.08783,376.771576,-292.529785,100.087776,418.723907,-247.127228,71.151253,329.298889,97.256165,524.375305,391.480072,133.809219,98.794044,440.142456,77.644051,70.940506,345.02182,-150.53656,513.151245,353.117828,-211.219955,102.545181,233.307938,-323.785919,47.618206,211.852066,-239.943893,62.173267,263.968079,161.234879,52.99567,228.701492,85.669876,65.300812,367.935974,48.09148,105.408203,360.213867,-0.321344,505.153046
131,0,249.318665,-202.726349,1044.372192,240.261536,57.256401,1021.817078,412.888947,-105.612381,1061.372803,413.289307,-18.869131,1054.54895,331.442291,-250.577026,532.095764,377.033844,-292.79718,100.127785,418.677521,-246.818344,71.287453,329.380829,97.236511,524.379272,391.829773,133.881561,99.094742,440.172424,77.613274,70.89106,345.034027,-150.48381,513.184998,353.083679,-211.241364,102.562294,233.344711,-323.768646,47.573757,211.477142,-239.624451,62.323299,263.899963,161.250122,53.006573,228.743652,85.665581,65.297371,367.770752,48.195976,105.418327,360.24649,-0.355852,505.149597
132,0,249.089661,-202.607452,1044.379272,240.251938,57.291004,1021.822083,412.935181,-105.606911,1061.387817,413.84137,-18.729322,1054.532349,331.405884,-250.627457,532.051392,376.776794,-292.526184,100.073792,418.832825,-247.092255,71.183006,329.358429,97.260056,524.459534,391.751373,133.858566,98.792259,440.151703,77.624123,70.932854,344.973267,-150.504059,513.198303,353.111938,-211.233246,102.55806,233.363266,-323.725952,47.558174,211.901703,-239.902832,62.248909,263.926178,161.246017,53.006725,228.737869,85.653694,65.277702,367.799408,48.233719,105.385696,360.232239,-0.34285,505.251465
133,0,249.203064,-202.606964,1044.496216,240.290253,57.259426,1021.861938,413.07608,-105.642563,1061.231445,413.394501,-18.886189,1054.548828,331.358124,-250.584,531.99646,376.781738,-292.542603,100.081512,419.006104,-246.945084,71.152946,329.319336,97.242615,524.424927,391.426239,133.893829,98.832756,440.194366,77.570221,70.944046,344.908264,-150.495316,513.171692,353.128082,-211.230408,102.545769,233.35643,-323.768951,47.557354,211.798752,-239.929596,62.093777,263.887482,161.275543,53.017788,228.714111,85.668335,65.324966,367.811951,48.245266,105.398407,360.185242,-0.330015,505.178741
134,0,249.253494,-202.640839,1044.3927,240.314178,57.226101,1021.863342,413.013733,-105.624298,1061.345581,413.387817,-18.90259,1054.523193,331.332581,-250.593246,532.059204,377.053345,-292.805603,100.182114,418.766602,-247.076553,71.1511,329.355194,97.191017,524.412048,391.909119,133.738235,98.87693,440.18988,77.600945,70.987694,344.842682,-150.532715,513.159119,353.068481,-211.270462,102.568459,233.320053,-323.77066,47.586105,211.629776,-239.855453,62.25882,263.941528,161.245575,53.009098,228.740952,85.668922,65.298645,367.766602,48.17054,105.454803,360.171143,-0.328965,505.185303
135,0,249.429932,-202.750092,1044.420044,240.396011,57.211742,1021.888855,413.018066,-105.638016,1061.355713,413.706451,-18.877357,1054.527344,331.297363,-250.613983,531.956299,377.055969,-292.853577,100.16613,418.816864,-246.880325,71.261482,329.343506,97.194992,524.400574,391.464996,133.797562,98.831863,440.183655,77.577705,70.977737,344.858124,-150.51857,513.148987,353.14679,-211.221375,102.573631,233.341034,-323.792816,47.572979,211.928253,-239.964737,62.141083,263.91391,161.261642,53.01162,228.740448,85.661293,65.324303,367.651001,48.217426,105.370369,360.131104,-0.352704,505.196442
136,0,249.518463,-202.787796,1044.540649,240.377777,57.191948,1021.911621,413.073639,-105.633308,1061.314575,413.595215,-18.910101,1054.503906,331.315765,-250.635086,532.006836,376.767426,-292.544525,100.062798,418.821594,-247.118652,71.09156,329.289154,97.137611,524.395691,391.736786,133.779633,98.770149,440.215057,77.558914,70.927345,344.858459,-150.517838,513.17865,353.114044,-211.23288,102.590302,233.356567,-323.787872,47.549957,211.734741,-239.895538,62.052387,263.958191,161.245956,53.032913,228.681885,85.660515,65.307091,367.608459,48.166512,105.473534,360.151764,-0.376341,505.193115
137,0,249.729416,-202.517609,1044.149048,240.429001,57.215488,1021.922852,413.131165,-105.635345,1061.280151,413.470459,-18.946215,1054.486206,331.247681,-250.622147,532.027039,376.76593,-292.55249,100.080963,418.913177,-247.073502,71.120018,329.269867,97.163071,524.387024,392.002441,133.737778,98.930214,440.129578,77.585716,70.91433,344.812592,-150.550552,513.164551,353.105194,-211.214142,102.546043,233.300507,-323.779388,47.611095,211.882004,-239.978668,62.077553,263.929657,161.255981,53.005356,228.711182,85.634201,65.318748,368.222443,48.318264,104.938934,360.059998,-0.37029,505.165741
138,0,249.723511,-202.815109,1044.453125,240.436874,57.184887,1021.955505,413.220398,-105.667152,1061.14563,413.922424,-18.878788,1054.48584,331.227295,-250.606216,532.021423,376.747681,-292.545471,100.083984,418.884003,-246.803711,71.137253,329.206207,97.157196,524.413147,391.522369,133.810577,98.843811,440.13678,77.620941,70.93573,344.730286,-150.475433,513.227661,353.091553,-211.203827,102.542305,233.347549,-323.762848,47.553158,211.836212,-239.924149,62.165249,263.969025,161.223587,53.000843,228.694977,85.654198,65.30233,367.773529,48.139626,105.380554,360.070587,-0.41713,505.183411
139,0,249.752228,-202.596176,1044.177734,240.633743,57.015343,1021.905884,413.243774,-105.615311,1061.277832,414.11853,-18.805498,1054.44519,331.213867,-250.624054,532.032776,376.771454,-292.565857,100.087601,418.967926,-246.831589,71.193069,329.063538,97.200966,524.41626,391.599152,133.701721,98.822258,440.201416,77.561752,70.936882,344.670837,-150.462326,513.262512,353.062012,-211.208694,102.575165,233.346603,-323.788208,47.571682,211.810471,-239.887268,62.137234,263.949951,161.22525,52.994091,228.712814,85.656441,65.322548,367.708374,48.122395,105.429573,360.012604,-0.406049,505.178802
140,0,249.785614,-202.764053,1044.467285,240.510986,57.12075,1021.987183,413.346466,-105.652382,1061.130615,413.756531,-18.944441,1054.46875,331.18631,-250.614853,532.001465,377.051788,-292.853149,100.160011,418.903259,-247.049652,71.135551,328.975098,96.939209,524.629089,391.612488,133.740509,98.882774,440.202484,77.58168,70.916389,344.724182,-150.545624,513.240601,353.068481,-211.222275,102.504105,233.291687,-323.773773,47.57444,211.854645,-239.946518,62.145142,263.946808,161.222977,53.014385,228.712555,85.668358,65.321465,368.249969,48.409832,104.900505,360.002045,-0.445886,505.200195
141,0,249.929779,-202.602631,1044.217407,240.700409,56.974751,1021.950134,413.358398,-105.622124,1061.260376,414.319946,-18.774895,1054.436768,331.150665,-250.611664,532.006226,377.060577,-292.846344,100.122292,418.835297,-247.304764,71.108025,329.177521,97.003532,524.371399,391.629364,133.769791,98.852554,440.172546,77.582161,70.925774,344.680756,-150.56871,513.240723,353.049591,-211.254684,102.522194,233.351257,-323.785278,47.595478,211.844421,-239.911087,62.154198,263.912842,161.223801,52.98859,228.692825,85.642479,65.31176,368.010406,48.370403,104.966209,359.984436,-0.460997,505.151093
142,0,250.109879,-202.684616,1044.409912,240.719193,56.945076,1021.958252,413.482025,-105.669685,1061.120361,414.256165,-18.794977,1054.440308,331.146576,-250.612045,532.197083,376.783386,-292.559937,100.054909,418.919006,-247.153519,71.113785,329.104828,96.95369,524.347412,391.68454,133.747467,98.86322,440.2164,77.540131,70.894539,344.636932,-150.546432,513.204895,353.082123,-211.248535,102.536247,233.368835,-323.775696,47.596825,211.888199,-239.943771,62.190773,263.933807,161.221741,53.013371,228.666901,85.637802,65.311584,367.786926,48.25705,105.310776,359.974731,-0.45423,505.114136
143,0,249.995529,-202.698074,1044.331299,240.617645,57.071068,1022.000427,413.545197,-105.637474,1061.104248,413.96402,-18.898438,1054.449219,331.160461,-250.631454,532.100403,377.026306,-292.856201,100.166473,418.998718,-246.844269,71.181442,329.032837,97.031967,524.386108,391.558472,133.77832,99.16468,440.157684,77.59922,70.896561,344.623352,-150.462845,513.230652,353.088684,-211.232346,102.512627,233.328018,-323.750336,47.581486,211.855377,-239.918518,62.148857,263.962799,161.215714,53.00111,228.823257,85.66011,65.187279,367.89386,48.151485,105.351517,359.931702,-0.454199,505.148712
144,0,249.858902,-202.868088,1044.690796,240.623215,57.0467,1022.030334,413.574341,-105.571648,1061.239624,414.108765,-18.863802,1054.449951,331.159546,-250.62764,532.046936,376.750702,-292.546844,100.06076,418.931427,-247.033493,71.164482,328.924011,97.076553,524.348267,391.617188,133.817627,98.785828,440.237335,77.576363,70.895966,344.634735,-150.453232,513.276306,353.100494,-211.24324,102.53627,233.342758,-323.732788,47.614979,211.649841,-239.769577,62.238995,263.936218,161.221558,53.03204,228.732712,85.637268,65.299187,367.766022,48.145939,105.426819,359.959229,-0.507259,505.151215
145,0,250.238831,-203.006424,1044.821777,240.778931,56.905308,1022.00415,413.67865,-105.603348,1061.071045,414.790955,-18.752356,1054.441528,331.157379,-250.617447,532.104614,377.01416,-292.847046,100.152214,418.968231,-246.887711,71.162048,328.972015,97.03511,524.387329,391.540009,133.803207,98.814491,440.117767,77.633644,70.952148,344.6474,-150.492004,513.237122,353.129181,-211.206436,102.535583,233.370148,-323.796295,47.591705,211.759369,-239.855804,62.188087,263.972565,161.189697,52.995941,228.728333,85.646233,65.28231,367.814209,48.146297,105.397606,359.914032,-0.490456,505.17392
146,0,250.364182,-202.909958,1044.888306,240.816452,56.881298,1022.021179,413.704102,-105.576393,1061.084717,414.017029,-18.888563,1054.46167,331.170044,-250.604248,532.016968,377.011902,-292.872772,100.165268,418.848022,-246.911758,71.1577,328.844604,97.066681,524.450073,391.930634,133.787704,99.014229,440.178162,77.618759,70.870682,344.585968,-150.486099,513.215637,353.093689,-211.228485,102.518867,233.32164,-323.804718,47.601521,211.725067,-239.864517,62.128922,263.921967,161.209274,52.996807,228.767426,85.651695,65.318275,367.677979,48.748108,104.672539,359.907806,-0.495648,505.159424
147,0,250.498291,-202.844421,1044.542725,240.832764,56.896194,1022.046448,413.784698,-105.551224,1061.075928,414.162994,-18.861652,1054.451172,331.246979,-250.641174,532.0401,377.004272,-292.878845,100.144341,418.830597,-247.169144,71.12674,328.877411,97.027252,524.476257,391.307739,133.859314,98.962868,440.147675,77.61985,70.897484,344.606384,-150.554214,513.25061,353.067749,-211.246292,102.503891,233.340363,-323.77713,47.584652,211.7052,-239.88533,62.302437,263.884613,161.203262,53.027977,228.786423,85.621933,65.300751,367.715668,48.703808,104.706711,359.942352,-0.48501,505.143341
148,0,250.546783,-203.012451,1044.884888,240.889618,56.858471,1022.044312,413.878113,-105.551437,1061.057739,414.371124,-18.827415,1054.409058,331.205231,-250.604156,531.98999,376.726257,-292.587463,100.072235,418.883575,-247.358292,71.034317,328.818634,97.041878,524.464783,391.780273,133.751862,98.979866,440.166534,77.617546,70.878853,344.634827,-150.418732,513.281067,353.099701,-211.241928,102.511688,233.353027,-323.764374,47.620335,211.893311,-239.946915,62.176109,263.96344,161.191498,53.000664,228.726517,85.556633,65.30674,368.063843,48.605072,104.670349,359.923828,-0.499148,505.154083
149,0,250.707031,-203.056427,1044.909912,240.919098,56.862038,1022.036194,413.94162,-105.523354,1061.074951,414.222046,-18.843718,1054.45459,331.226898,-250.599716,532.018188,376.722961,-292.596802,100.061348,418.843292,-247.218979,71.164818,328.91156,97.202377,524.506226,391.471191,133.777954,98.769272,440.14447,77.631409,70.906013,344.66983,-150.512939,513.249756,353.106903,-211.245041,102.52346,233.323532,-323.763763,47.659508,211.83786,-239.868256,62.160801,263.942108,161.217743,53.041878,228.71875,85.601868,65.306557,368.168945,48.49255,104.77787,359.971069,-0.504097,505.138641
150,0,250.724548,-203.116714,1044.648193,240.942337,56.854267,1022.064819,414.014313,-105.500381,1061.06897,414.600342,-18.741266,1054.446899,331.341858,-250.610229,531.907898,376.740936,-292.593292,100.090462,418.788879,-247.100861,71.1726,328.839996,97.263687,524.401306,391.657288,133.822189,98.740959,440.159332,77.630478,70.900978,344.69278,-150.48172,513.271301,353.06189,-211.223602,102.505112,233.358734,-323.772736,47.6413,211.799927,-239.864212,62.16568,263.92926,161.21434,53.025532,228.752594,85.655411,65.307312,367.841949,48.317665,105.186157,359.928833,-0.510659,505.159332
151,0,250.922913,-203.11116,1045.005737,240.958481,56.824749,1022.0448,413.875305,-105.458046,1061.084961,414.432068,-18.800636,1054.456055,331.365021,-250.604156,531.947937,376.747406,-292.623291,100.100029,418.834625,-247.003754,71.133102,328.914642,97.02166,524.277466,391.641266,133.791611,98.722984,440.175934,77.643456,70.889618,344.627716,-150.453812,513.292053,353.064575,-211.2491,102.526825,233.272217,-323.773163,47.614788,211.663986,-239.804611,62.278023,263.950409,161.199692,53.036446,228.754974,85.641052,65.318283,367.716064,48.260471,105.144417,360.017395,-0.528011,505.153473
152,0,250.906952,-203.126755,1044.826538,240.963959,56.833485,1022.07135,413.938141,-105.433533,1061.07373,414.384644,-18.728987,1054.472046,331.425842,-250.648682,532.06366,377.061584,-292.936646,100.138847,418.900726,-247.170532,71.079414,328.834259,97.038445,524.076416,391.419037,133.787735,98.837822,440.158813,77.650047,70.896095,344.690277,-150.451645,513.255249,353.09906,-211.278091,102.524117,233.33934,-323.776642,47.60796,211.737289,-239.874512,62.105465,263.90509,161.207291,53.046543,228.746445,85.683907,65.29821,367.800049,48.230679,105.275497,359.985565,-0.520959,505.193054
153,0,251.006134,-203.103775,1044.769409,241.010483,56.815353,1022.076721,414.012268,-105.404091,1061.081787,414.422241,-18.713558,1054.506836,331.468872,-250.60997,532.064697,376.803558,-292.631531,100.062149,418.870667,-247.147415,71.144043,329.048553,96.84713,524.243835,391.408386,133.910721,98.824013,440.198761,77.661102,70.934601,344.738861,-150.454117,513.239624,353.086395,-211.257599,102.532761,233.339127,-323.778961,47.61462,211.757751,-239.845123,62.320633,263.910645,161.188965,53.043823,228.789642,85.704575,65.277489,367.789673,48.276127,105.277985,359.999786,-0.480956,505.199554
154,0,251.17662,-203.15683,1044.800415,240.930237,56.919056,1022.127869,414.07782,-105.374504,1061.084473,415.220398,-18.57523,1054.489258,331.562195,-250.640366,532.025696,377.092102,-292.901306,100.155273,418.789185,-247.098709,71.115921,328.993683,97.061485,524.064453,391.490814,133.877609,98.817574,440.177185,77.664581,70.998322,344.812805,-150.432175,513.241516,353.119659,-211.225739,102.501671,233.344025,-323.821167,47.573082,211.926498,-239.930191,62.239544,263.958801,161.190063,53.02544,228.692978,85.591736,65.266579,367.952118,48.358677,105.37896,360.050995,-0.50277,505.180847
155,0,251.19928,-202.837555,1044.414673,241.091461,56.784267,1022.06134,414.14801,-105.366646,1061.064087,414.475586,-18.651617,1054.454102,331.587189,-250.60054,532.067871,376.778595,-292.61084,100.103645,418.88382,-247.466736,70.938339,329.026581,97.139038,523.717529,391.536591,133.824692,98.854424,440.200623,77.665886,70.886528,344.863525,-150.414062,513.228088,353.100983,-211.259323,102.557373,233.371643,-323.751007,47.588097,211.877747,-239.950607,62.192009,263.943298,161.181198,53.025421,228.707962,85.595512,65.274864,368.044739,49.046597,104.305161,360.083405,-0.451183,505.191559
156,0,251.261108,-202.833389,1044.256714,241.130875,56.793137,1022.063721,414.206085,-105.324333,1061.094238,414.723114,-18.620115,1054.547974,331.611237,-250.613861,531.962524,377.081635,-292.904938,100.118561,418.89386,-247.333008,71.060585,329.138947,96.935272,523.977417,391.541046,133.815323,98.850571,440.183441,77.673828,70.892792,344.817474,-150.39502,513.204163,353.112732,-211.240372,102.516937,233.347549,-323.769897,47.628445,211.830414,-239.88501,62.169716,263.922363,161.200119,53.030098,228.730316,85.671165,65.290901,367.763184,48.740452,104.613129,360.164734,-0.458193,505.159332
157,0,251.321487,-203.101196,1044.735962,241.149445,56.782345,1022.093506,414.265259,-105.279388,1061.098877,414.847443,-18.578497,1054.494751,331.578186,-250.624054,532.110413,377.057709,-292.888763,100.144043,419.048889,-246.991791,71.033615,329.286224,96.648415,524.049622,391.481384,133.827133,98.795036,440.18689,77.697556,70.955673,344.810669,-150.322723,513.220703,353.123413,-211.235703,102.528252,233.276306,-323.766266,47.598518,211.572968,-239.730377,62.294514,263.961609,161.174225,53.026768,228.564621,85.691261,65.103844,367.695587,48.29847,105.102364,360.163879,-0.443166,505.173859
158,0,251.318848,-203.049805,1044.518799,241.194611,56.76461,1022.064697,414.325165,-105.227913,1061.245361,415.100067,-18.525686,1054.547729,331.640228,-250.610413,532.170166,376.807892,-292.599945,100.088531,418.903015,-247.233383,71.078018,329.21936,97.062271,524.089966,391.483032,133.858429,98.803818,440.136536,77.722649,70.964409,344.890472,-150.348907,513.208862,353.118774,-211.233566,102.51033,233.285706,-323.791107,47.587074,211.771027,-239.843826,62.181519,263.915161,161.188187,53.037861,228.583359,85.698975,65.09774,368.026428,48.791832,104.494011,360.217224,-0.431085,505.203308
159,0,251.473633,-203.115463,1044.511719,241.22435,56.799374,1022.078613,414.381653,-105.192612,1061.255005,414.710419,-18.547926,1054.528931,331.670502,-250.563644,532.080933,377.083649,-292.880707,100.102005,418.934448,-247.094223,71.056198,329.219971,97.101395,524.022156,391.545624,133.833267,99.081017,440.20993,77.685173,70.885956,344.918213,-150.441788,513.137878,353.093536,-211.274551,102.496147,233.347839,-323.761566,47.611656,211.938232,-239.949738,62.233929,263.916809,161.203796,53.045658,228.541946,85.706055,65.088661,367.734589,48.341087,105.183327,360.326294,-0.456366,505.220581
160,0,251.535797,-203.008102,1044.437988,241.258606,56.816002,1022.09259,414.454926,-105.192253,1061.228394,415.078247,-18.471197,1054.562256,331.706482,-250.575012,532.061768,376.768677,-292.596741,100.046326,418.77774,-247.139236,71.08342,329.251282,97.250755,524.417297,391.487396,133.944977,98.871925,440.170715,77.686462,70.845398,344.912964,-150.298492,513.208618,353.119049,-211.232758,102.533691,233.371155,-323.794159,47.602242,211.616837,-239.77771,62.351353,263.948578,161.186325,53.042774,228.565445,85.703636,65.109108,368.119324,48.490997,104.817848,360.322083,-0.437946,505.217957
161,0,251.625839,-203.056458,1044.462402,241.151108,56.915264,1022.134521,414.487366,-105.13871,1061.263306,414.933289,-18.49509,1054.574463,331.755157,-250.571014,532.093079,377.073029,-292.866119,100.141464,418.886505,-246.996872,71.10498,329.250519,97.452057,524.643066,391.334839,133.911469,98.945961,440.16629,77.713013,70.85466,344.975159,-150.276413,513.183044,353.10321,-211.227203,102.488373,233.31398,-323.789978,47.596046,211.45256,-239.572983,62.31078,263.906158,161.205261,53.04557,228.55661,85.711037,65.094864,368.091705,48.602783,104.834,360.421204,-0.427004,505.174866
162,0,251.733337,-203.018631,1044.44104,241.193832,56.949059,1022.13147,414.591064,-105.125717,1061.230103,413.891449,-18.660574,1054.471802,331.790405,-250.557877,532.02655,377.040863,-292.8862,100.151352,418.916687,-246.901093,71.115974,329.303864,97.44619,524.782471,391.553894,133.886078,98.839745,440.110809,77.72123,70.908737,345.029449,-150.269913,513.20459,353.102264,-211.25972,102.508362,233.338425,-323.79129,47.54837,211.938873,-239.941177,62.192844,263.970306,161.173996,53.028656,228.553574,85.683044,65.093788,367.795593,48.248196,105.318123,360.469849,-0.431473,505.196625
163,0,251.783905,-202.991501,1044.345581,241.222549,56.958374,1022.161987,414.649963,-105.109047,1061.23877,414.36676,-18.547859,1054.531616,331.82077,-250.578995,532.011169,376.76001,-292.623596,100.096886,418.908813,-247.191971,70.995338,329.365356,97.365166,524.930786,391.221893,133.904205,98.909431,440.240662,77.682655,70.809448,345.084381,-150.328476,513.205078,353.078583,-211.200943,102.535553,233.346542,-323.760956,47.632481,211.846741,-239.911896,62.186108,263.918091,161.206589,53.054672,228.558762,85.689827,65.103668,368.045685,48.308918,105.413254,360.498901,-0.440392,505.242035
164,0,251.842056,-202.948929,1044.192383,241.28154,56.942551,1022.184631,414.723267,-105.097969,1061.262817,414.404266,-18.552605,1054.552002,331.808075,-250.534027,532.027161,376.779785,-292.593842,100.053497,418.874359,-247.116516,71.164848,329.3797,97.642273,524.873596,391.253662,133.932373,98.939079,440.197144,77.699295,70.885971,345.087524,-150.30571,513.181213,353.105896,-211.226898,102.522514,233.323669,-323.777618,47.608654,211.807816,-239.859924,62.200447,263.922638,161.215118,53.051205,228.561203,85.700172,65.094696,367.955536,48.752258,104.651283,360.520569,-0.388759,505.181427
165,0,251.914673,-203.020416,1044.357422,241.481766,56.815002,1022.137268,414.749237,-105.079048,1061.286987,414.437531,-18.546947,1054.559204,331.889557,-250.565445,532.144592,377.057068,-292.875549,100.136856,418.960083,-247.125031,71.125664,329.523376,97.622589,524.771301,391.280884,133.910278,98.919357,440.236328,77.695435,70.858688,345.111603,-150.256165,513.22345,353.117096,-211.218109,102.515083,233.354813,-323.782318,47.592003,211.91069,-239.939774,62.22337,263.994202,161.193985,53.040329,228.572083,85.686867,65.102989,367.814178,48.834244,104.724747,360.58667,-0.420733,505.235718
166,0,251.965042,-202.976242,1044.375977,241.499451,56.837479,1022.112488,414.821991,-105.059196,1061.307129,414.515076,-18.544697,1054.561401,331.877777,-250.571899,532.141235,377.088379,-292.907013,100.144653,419.047668,-246.932022,71.011635,329.352173,98.422058,524.600952,391.478729,133.929871,98.844086,440.192169,77.699997,70.882889,345.239105,-150.376205,513.170898,353.111786,-211.20903,102.552452,233.326523,-323.779327,47.571266,211.944336,-239.917831,62.278683,263.926178,161.212723,53.009533,228.572128,85.713943,65.098961,367.929932,48.750202,104.696785,360.670898,-0.404155,505.211243
167,0,252.065689,-202.998077,1044.357178,241.33049,57.015987,1022.156494,414.901062,-105.015404,1061.33667,414.37088,-18.536596,1054.555786,331.971375,-250.581146,532.082642,377.093903,-292.894043,100.165909,418.952362,-247.174942,71.114128,329.639801,97.705681,524.698975,391.69989,133.831512,98.686478,440.158386,77.720764,70.839951,345.169922,-150.268677,513.190979,353.132019,-211.245834,102.544121,233.362427,-323.78717,47.536053,211.816223,-239.879166,62.204594,263.964569,161.19014,53.022503,228.571335,85.725266,65.098625,367.795502,48.752213,104.754227,360.680878,-0.385643,505.232025
168,0,252.095398,-203.016144,1044.296387,241.354019,57.174141,1022.357117,414.923553,-105.02639,1061.36792,414.582428,-18.496325,1054.595825,331.939087,-250.569763,532.139099,377.083038,-292.89447,100.133423,418.912292,-247.084595,71.061081,329.592651,97.876549,524.849976,391.540314,133.911346,99.102425,440.125732,77.722252,70.881447,345.2005,-150.297913,513.196777,353.155243,-211.238297,102.542778,233.342361,-323.786072,47.614056,211.855392,-239.944092,62.08939,263.919617,161.217636,53.014954,228.561005,85.723053,65.09082,367.710358,48.794495,104.802162,360.683777,-0.379835,505.197235
169,0,252.158371,-202.939545,1044.263306,241.47052,57.01598,1022.208435,414.945007,-105.007072,1061.369995,414.805389,-18.460424,1054.623047,332.023987,-250.591034,532.069824,377.0495,-292.927185,100.157433,418.870453,-247.003616,71.140938,329.531006,97.965927,524.860352,391.723114,133.822327,98.968987,440.273407,77.672699,70.818443,345.256897,-150.337097,513.192871,353.146515,-211.255814,102.550049,233.363205,-323.823883,47.584255,211.931778,-239.968491,62.190483,263.946198,161.180176,53.009987,228.605087,85.694382,65.096527,367.973602,49.098755,104.209198,360.782135,-0.372438,505.218628
170,0,252.16243,-202.582214,1043.841431,241.497406,57.045456,1022.20343,415.080444,-104.996094,1061.369629,414.595398,-18.472137,1054.574707,332.091888,-250.573669,532.067871,377.084686,-292.887817,100.10817,418.854675,-247.148926,71.067917,329.527191,98.117096,524.929077,392.014618,133.486343,98.941116,440.194489,77.700233,70.810852,345.256195,-150.321198,513.172058,353.127167,-211.274521,102.516891,233.378082,-323.778809,47.599266,211.510056,-239.698593,62.403999,263.923737,161.181549,53.030537,228.608734,85.676147,65.118446,367.876465,48.817635,104.674622,360.807556,-0.353723,505.204254
171,0,252.249115,-202.336624,1043.616455,241.406754,57.243732,1022.359985,415.057312,-104.979004,1061.399292,414.573181,-18.453794,1054.666992,332.083496,-250.571259,532.076355,377.070129,-292.902924,100.124138,418.854187,-247.066345,71.125244,329.645386,97.933052,524.713074,391.614929,133.810562,99.043053,440.23291,77.722458,70.912506,345.296356,-150.275894,513.172913,353.11026,-211.249893,102.497757,233.336166,-323.777008,47.587788,211.885391,-239.917969,62.193287,263.956177,161.195541,53.017281,228.591599,85.700211,65.1138,367.832825,48.809891,104.708832,360.787598,-0.342838,505.204254
172,0,252.319458,-202.481949,1043.776733,241.536469,57.080364,1022.196411,415.140167,-104.960457,1061.428467,414.646576,-18.446377,1054.627808,332.037018,-250.539871,532.067078,377.039948,-292.890381,100.150589,418.800354,-247.204391,71.041054,329.737457,97.349762,524.277954,391.986053,133.750427,98.82711,440.184052,77.706421,70.837967,345.268585,-150.224716,513.183716,353.126526,-211.260712,102.525024,233.35144,-323.768921,47.647678,212.088379,-239.925949,62.207623,263.942169,161.192688,53.030479,228.576447,85.726463,65.092392,367.847076,48.814114,104.695091,360.825073,-0.359904,505.206299
173,0,252.338318,-202.660141,1044.004883,241.480377,57.247982,1022.361877,415.137329,-104.961052,1061.40625,414.868835,-18.370453,1054.693237,332.084503,-250.539124,531.99762,377.082977,-292.875671,100.136742,418.931946,-247.116409,71.066956,329.764374,97.346764,524.224182,391.999451,133.810272,98.993164,440.201752,77.751282,70.90831,345.340698,-150.270538,513.181519,353.093445,-211.233688,102.510155,233.420441,-323.813446,47.582512,211.840836,-239.901306,62.181541,263.939148,161.19136,53.022892,228.592758,85.697296,65.105057,367.839447,48.843975,104.703316,360.864136,-0.351388,505.187347
174,0,252.390717,-202.622772,1043.953735,241.510605,57.106846,1021.973511,415.221039,-104.942207,1061.426025,415.059448,-18.348461,1054.649414,332.167542,-250.489319,531.948547,376.774475,-292.600983,100.032616,418.826202,-247.24556,71.045486,329.558014,98.458405,524.547607,391.487762,133.830643,98.890213,440.208649,77.730141,70.900757,345.402405,-150.207764,513.155579,353.097595,-211.232727,102.498085,233.308044,-323.790192,47.580162,211.94812,-240.055069,62.057571,263.937836,161.192947,53.009277,228.596893,85.689919,65.10334,367.797913,48.807365,104.609604,360.858917,-0.318664,505.174988
175,0,252.348541,-202.633987,1043.922485,241.525085,57.133598,1021.997925,415.198059,-104.938057,1061.437866,415.235809,-18.28681,1054.655396,332.154877,-250.479156,532.08197,377.049805,-292.895508,100.112801,418.803833,-247.236938,71.025581,329.648254,98.083908,524.487122,391.478912,133.840179,98.875435,440.187103,77.733421,70.901321,345.392273,-150.214706,513.145203,353.112579,-211.238022,102.51696,233.293274,-323.776154,47.621792,211.728622,-239.836761,62.3218,263.94574,161.188675,53.020424,228.576401,85.700882,65.108475,367.823792,48.773655,104.748512,360.916016,-0.353344,505.229065
176,0,252.473801,-202.631714,1043.944214,241.600327,57.128067,1022.220581,415.282501,-104.911552,1061.406982,415.457092,-18.261524,1054.684692,332.247223,-250.491379,531.753662,377.079315,-292.875732,100.13343,418.845642,-247.026611,71.1894,329.572906,98.455002,524.647278,391.963745,133.734726,98.947159,440.23468,77.696869,70.838821,345.4086,-150.255539,513.160767,353.069855,-211.241333,102.497452,233.361938,-323.788422,47.603027,211.905975,-240.0056,62.167934,263.92276,161.207047,53.044518,228.570129,85.702393,65.097252,367.68927,48.792873,104.770775,360.919312,-0.328249,505.221497
177,0,252.495285,-202.682053,1044.019897,241.602081,57.163799,1022.217773,415.296783,-104.875893,1061.407104,415.404938,-18.231165,1054.663086,332.243744,-250.484116,531.947754,377.099457,-292.894958,100.163582,418.830383,-247.065079,71.100662,329.614349,98.450043,524.552673,391.411987,133.825974,98.876747,440.121613,77.707619,70.86116,345.427826,-150.207413,513.184204,353.125214,-211.22966,102.523857,233.335312,-323.756744,47.629948,212.125778,-240.000671,62.219646,263.970367,161.199493,53.015697,228.579086,85.686699,65.106117,367.649963,48.759304,104.817192,360.936279,-0.366038,505.21875
178,0,252.469177,-202.718887,1044.018188,241.591293,57.182392,1022.03595,415.37265,-104.89183,1061.346313,415.014923,-18.306355,1054.658203,332.221375,-250.48262,531.980957,377.077515,-292.887268,100.171692,418.813812,-247.31308,70.963699,329.554962,98.529892,524.602722,391.585297,133.845657,98.723541,440.220306,77.701912,70.846725,345.387146,-150.178055,513.197937,353.139435,-211.220352,102.538742,233.311783,-323.775146,47.620617,211.90361,-239.936111,62.165199,263.928772,161.223618,53.000782,228.597412,85.690674,65.093956,367.609406,48.718445,104.889191,360.943481,-0.3102,505.224121
179,0,252.577789,-202.779404,1044.105347,241.622818,57.168686,1022.018921,415.386688,-104.869049,1061.37854,414.414001,-18.442175,1054.625244,332.246033,-250.471359,531.95929,376.764008,-292.553497,100.051407,418.794617,-247.313187,71.061142,329.559845,98.01532,524.803528,391.454712,133.945328,98.929947,440.216553,77.718887,70.859978,345.446289,-150.238083,513.159912,353.063599,-211.234344,102.480133,233.391403,-323.777771,47.603531,211.812195,-239.888489,62.080051,263.95816,161.203033,53.009598,228.58168,85.692276,65.106316,367.70755,48.644138,104.908043,360.950439,-0.325545,505.204254
180,0,252.616165,-202.79213,1044.151123,241.669403,57.170391,1022.037598,415.399536,-104.854477,1061.419922,414.443726,-18.443869,1054.657837,332.263672,-250.473404,531.942322,377.075836,-292.867859,100.135658,418.771973,-247.356445,71.03788,329.570648,98.449661,524.404724,391.537384,133.987305,98.779472,440.251343,77.709427,70.8508,345.37558,-150.16037,513.17334,353.100281,-211.222549,102.523514,233.355087,-323.810913,47.625019,211.876831,-239.910004,62.146191,263.941437,161.186798,52.991302,228.652069,85.641312,65.203522,367.640137,48.749207,104.995735,360.93396,-0.332113,505.221191
181,0,252.563538,-202.297241,1043.598267,241.650818,57.191059,1022.055359,415.483673,-104.849304,1061.393188,414.445526,-18.459923,1054.624146,332.228455,-250.493561,531.999268,377.063171,-292.878326,100.143646,418.759064,-247.43663,70.971901,329.596008,98.560745,524.621643,391.555145,133.942963,98.812508,440.226868,77.82975,71.093254,345.420654,-150.184158,513.179504,353.110291,-211.22081,102.515778,233.324081,-323.787567,47.58622,211.863037,-239.946899,62.142292,263.938019,161.176956,52.994228,228.56221,85.713737,65.112686,367.628113,48.640388,104.959618,360.956879,-0.323121,505.213501
182,0,252.636139,-202.722321,1044.088867,241.677628,57.205223,1022.056213,415.450592,-104.873352,1061.390991,414.78537,-18.369556,1054.672119,332.196716,-250.46048,531.955688,377.080078,-292.887634,100.133301,418.845154,-247.058441,71.206367,329.603333,98.564034,524.551453,391.560364,133.884888,99.055504,439.952728,77.809242,71.146622,345.470093,-150.193817,513.175476,353.122986,-211.250977,102.477875,233.364182,-323.798431,47.597881,211.905014,-239.903702,62.106937,263.920807,161.16098,52.985268,228.763962,85.611404,65.086388,367.488098,48.561974,105.121117,360.966736,-0.30846,505.225067
183,0,252.700562,-202.395813,1043.739136,241.665909,57.229752,1022.057983,415.526367,-104.869965,1061.36377,414.872375,-18.374521,1054.557861,332.215454,-250.478653,532.047852,377.061554,-292.849915,100.14772,418.812805,-247.459305,70.905663,329.664337,98.555305,524.564941,391.845245,133.849106,98.973724,440.227386,77.722519,70.871796,345.385132,-150.133926,513.219421,353.106293,-211.229782,102.471085,233.372086,-323.783173,47.55724,211.63028,-239.832626,62.271339,263.902954,161.178787,53.008713,228.674759,85.65802,65.190536,367.604126,48.71703,104.986732,360.991638,-0.312106,505.205994
184,0,252.668228,-202.32959,1043.678101,241.728653,57.241585,1022.226196,415.489746,-104.853607,1061.413208,414.605164,-18.466543,1054.540894,332.222595,-250.425156,532.024658,376.836761,-292.555725,100.052452,418.779663,-247.100708,71.202812,329.863495,97.519783,523.927002,391.317627,133.944901,98.910744,440.247833,77.69162,70.817863,345.434723,-150.137924,513.197754,353.083496,-211.242874,102.485504,233.313812,-323.73642,47.563705,211.936432,-240.01796,62.206589,263.924316,161.17067,52.993095,228.695526,85.615555,65.212379,367.610718,48.668896,105.051071,361.018768,-0.315681,505.241638
185,0,252.549438,-202.206711,1043.705933,241.807846,57.215061,1022.203186,415.551636,-104.860054,1061.399902,414.852081,-18.364264,1054.651855,332.272522,-250.392319,532.001038,377.092316,-292.828278,100.132339,418.775757,-247.260788,71.077614,329.707214,98.525116,524.614868,391.819946,133.87883,98.984619,440.191315,77.716255,70.872856,345.452545,-150.149811,513.190552,353.084473,-211.235138,102.493111,233.35199,-323.796234,47.527496,211.889359,-239.969345,62.247757,263.907501,161.199188,53.026192,228.674927,85.643784,65.211098,367.474365,48.653736,105.123062,360.976715,-0.329054,505.239075
186,0,252.689896,-202.454559,1043.880249,241.688522,57.435333,1022.432678,415.525238,-104.877441,1061.38855,414.612152,-18.445267,1054.613647,332.219086,-250.390915,532.026978,377.067322,-292.848114,100.118889,418.826599,-247.357056,71.052834,329.744934,98.555305,524.591187,391.591217,133.891602,99.114433,440.229462,77.704376,70.935738,345.502747,-150.132874,513.175842,353.117645,-211.245316,102.483459,233.300797,-323.732788,47.602806,211.957108,-240.001984,62.212166,263.914642,161.238831,53.038933,228.661545,85.62735,65.17968,367.527222,48.541897,105.169952,361.052979,-0.317813,505.216064
187,0,252.735855,-202.264725,1043.663086,241.68483,57.453609,1022.439148,415.521759,-104.891747,1061.372681,414.923981,-18.385214,1054.567871,332.288208,-250.395004,531.992065,377.078583,-292.833252,100.103859,418.79953,-247.046982,71.164711,329.853088,97.960464,524.112061,391.571045,133.828598,99.08876,440.245728,77.689583,70.891045,345.505157,-150.133286,513.237305,353.106171,-211.230911,102.529388,233.346619,-323.770782,47.56337,211.785278,-239.884491,62.145329,263.936066,161.229065,53.018494,228.670242,85.630562,65.185364,367.99704,48.542774,104.731575,361.059998,-0.282352,505.20932
188,0,252.655533,-202.208496,1043.598999,241.708252,57.461792,1022.449463,415.688324,-104.910278,1061.382446,414.993134,-18.378353,1054.597412,332.237396,-250.392441,532.125305,377.099182,-292.847168,100.0877,418.837982,-247.31987,70.978073,329.965576,97.366753,524.081116,391.548096,133.935532,98.825287,440.232452,77.670761,70.916939,345.550903,-150.108459,513.207581,353.118347,-211.230927,102.52095,233.304916,-323.783295,47.597931,211.809479,-239.848007,62.202969,263.979126,161.231689,53.023315,228.573395,85.716331,65.068085,367.860657,48.272827,105.162247,361.072083,-0.288392,505.200562
189,0,252.560822,-202.246872,1043.754639,241.780594,57.440704,1022.408813,415.634888,-104.92038,1061.390015,414.582672,-18.470518,1054.639648,332.305695,-250.365524,531.950806,377.081024,-292.843353,100.154259,418.7435,-247.079239,71.093689,330.032349,97.349365,523.948364,391.449707,133.912369,99.072365,440.214783,77.690208,70.850014,345.491089,-150.125183,513.220398,353.111603,-211.210968,102.535042,233.338348,-323.75531,47.584606,211.791519,-239.915024,62.182106,263.990417,161.203278,52.998024,228.62471,85.59108,65.17012,367.663788,48.346191,105.152626,361.078735,-0.301694,505.226196
190,0,252.658813,-202.253983,1043.643799,241.815628,57.482655,1022.438171,415.583405,-104.918083,1061.377686,414.886017,-18.387072,1054.678589,332.325958,-250.392471,531.925293,377.070648,-292.819885,100.072655,419.020447,-246.737061,71.214813,330.037689,97.449944,523.905884,391.552032,133.934296,98.777687,440.212799,77.688591,70.864311,345.555023,-150.133209,513.214966,353.117798,-211.262497,102.510826,233.331909,-323.77594,47.593994,211.760498,-239.852051,62.213661,263.941711,161.213348,53.023643,228.60965,85.699257,65.095009,367.910614,48.768002,104.691376,361.111511,-0.278058,505.238953
191,0,252.662003,-202.213745,1043.630249,241.810638,57.515804,1022.42157,415.579254,-104.934433,1061.417236,414.7005,-18.480822,1054.597778,332.319366,-250.385818,531.970154,376.843414,-292.529724,100.052704,418.846344,-247.01857,71.133011,329.867096,98.556519,524.626465,391.435913,133.904587,99.042542,440.222443,77.681053,70.831497,345.594971,-150.137161,513.178589,353.113678,-211.207718,102.507561,233.372498,-323.785217,47.579407,211.901169,-239.931183,62.282661,263.892517,161.234207,53.032043,228.605423,85.703873,65.084732,368.025177,48.564915,104.829491,361.127716,-0.267173,505.204315
192,0,252.620636,-202.142838,1043.627075,241.841537,57.528858,1022.473938,415.552551,-104.934395,1061.392578,414.704407,-18.51074,1054.557861,332.35376,-250.377777,531.912231,376.787292,-292.510223,100.036888,419.010651,-246.816208,71.186943,329.980499,98.06459,524.638428,391.568207,133.884109,98.689568,440.224396,77.688797,70.828522,345.595459,-150.109131,513.238037,353.123047,-211.220291,102.495461,233.317383,-323.754333,47.594082,211.955017,-239.965927,62.244179,263.927338,161.247192,53.029964,228.583893,85.725357,65.095009,367.933746,48.531895,105.010422,361.143005,-0.257879,505.225494
193,0,252.641739,-202.146225,1043.723633,241.909088,57.520985,1022.476929,415.595947,-104.915245,1061.400879,414.7117,-18.489971,1054.639404,332.384918,-250.353333,531.942505,376.808258,-292.49469,100.064522,418.747223,-246.994873,71.196648,330.140442,97.496284,524.37262,391.770447,133.832565,98.937462,439.996094,77.791382,70.985001,345.656494,-150.105331,513.208313,353.132721,-211.198318,102.568748,233.37294,-323.77356,47.606438,211.539368,-239.692917,62.34724,263.936646,161.227722,52.999332,228.579086,85.71862,65.08493,367.856201,48.39555,105.265976,361.177399,-0.29143,505.237762
194,0,252.657623,-202.158142,1043.634766,241.89267,57.568272,1022.502441,415.77179,-104.955658,1061.38562,414.71283,-18.497065,1054.609253,332.432617,-250.352264,531.758301,376.806976,-292.527527,100.067429,418.903442,-247.065872,71.058319,330.093231,97.727524,524.311523,391.330017,133.962967,98.887535,440.182678,77.715363,70.906105,345.625275,-150.088547,513.226196,353.141632,-211.198364,102.542717,233.289368,-323.776611,47.567913,211.849823,-239.891937,62.143684,263.907837,161.246384,53.028885,228.547943,85.72821,65.089607,367.756897,48.376492,105.219528,361.149292,-0.305178,505.254578
195,0,252.471207,-202.065735,1043.653442,241.959015,57.548347,1022.477478,415.755524,-104.972961,1061.386108,414.77301,-18.518137,1054.632446,332.420197,-250.326035,531.92572,377.074036,-292.77887,100.150398,418.875031,-246.981567,71.076202,330.049896,98.004852,524.435181,391.279297,133.936172,98.90786,440.214966,77.709808,70.917862,345.654968,-150.063293,513.207397,353.104095,-211.201065,102.531685,233.334351,-323.750122,47.571526,211.887527,-239.902863,62.246521,263.921753,161.229141,53.038189,228.565262,85.733192,65.104385,368.136932,48.629124,104.706184,361.206665,-0.269588,505.211761
196,0,252.718948,-202.148361,1043.620361,242.051132,57.508987,1022.475952,415.761261,-104.955376,1061.389648,414.811646,-18.50593,1054.654907,332.447662,-250.321304,531.973511,377.113342,-292.805084,100.182007,418.74176,-246.977676,71.115242,330.157501,97.674065,524.225281,391.735168,133.822281,98.979057,440.187958,77.696602,70.883347,345.702789,-150.073074,513.223938,353.091553,-211.222122,102.480652,233.353012,-323.751862,47.563679,211.8862,-239.96373,62.249279,263.905609,161.246735,53.012398,228.56601,85.717056,65.102737,367.626862,48.280659,105.182335,361.211151,-0.277111,505.243256
197,0,252.757782,-202.169785,1043.612793,242.03981,57.496796,1022.495239,415.82251,-104.969772,1061.403564,414.845795,-18.539532,1054.662109,332.531952,-250.315155,531.717346,376.821594,-292.48764,100.053879,418.789795,-246.814758,71.182655,330.128845,97.720688,524.338867,391.322723,133.927246,98.914169,440.176849,77.687782,70.877014,345.74118,-150.106171,513.206116,353.090729,-211.201035,102.493942,233.336105,-323.770233,47.567657,211.677811,-239.854248,62.265991,263.940338,161.218246,53.00626,228.547348,85.721207,65.105881,367.870392,48.783646,104.738121,361.267487,-0.257874,505.207306
198,0,252.731293,-202.1763,1043.714844,242.083847,57.494698,1022.487976,415.822998,-104.987144,1061.398438,414.84906,-18.530554,1054.650635,332.502716,-250.314407,531.929749,377.098755,-292.816345,100.170296,418.834839,-246.882156,71.092781,330.169525,97.503746,524.782898,391.399323,134.027054,98.929672,440.185638,77.693008,70.892075,345.802185,-150.083237,513.260925,353.07251,-211.194702,102.523178,233.305023,-323.755249,47.599895,211.863037,-239.952118,62.148521,263.91925,161.228973,53.016048,228.525131,85.734306,65.107483,367.870483,48.788666,104.677658,361.259399,-0.255825,505.237457
199,0,252.772751,-202.213806,1043.761597,242.226242,57.335194,1022.318237,415.842377,-104.987045,1061.387329,414.90152,-18.530497,1054.705322,332.515991,-250.343887,531.923889,377.137909,-292.807739,100.159134,418.858002,-247.056671,71.002884,330.273956,97.594231,524.408386,391.458618,133.98262,98.849953,440.119904,77.862595,71.237564,345.770752,-150.128647,513.229309,353.114014,-211.185303,102.539185,233.387268,-323.777222,47.598072,211.771912,-239.870575,62.150761,263.934448,161.204697,53.029819,228.544266,85.710594,65.094704,367.871033,48.76944,104.671295,361.293732,-0.226776,505.206177
200,0,252.765121,-202.173279,1043.708252,242.294327,57.311932,1022.34375,415.911499,-104.974586,1061.406616,414.915222,-18.512377,1054.687744,332.536621,-250.336731,531.971008,377.102692,-292.775177,100.125763,418.852875,-247.10881,71.14814,330.226196,97.599937,524.456177,391.289398,133.976654,98.943375,440.190002,77.682655,70.878021,345.854279,-150.113525,513.236328,353.114075,-211.192093,102.511955,233.371063,-323.778625,47.625256,211.86972,-239.898315,62.186699,263.920898,161.213837,53.0354,228.56041,85.727089,65.099663,367.908936,48.775131,104.734459,361.326874,-0.261486,505.213501
201,0,252.62204,-202.324982,1043.826538,242.189789,57.483372,1022.512573,415.932953,-104.998695,1061.408081,415.001434,-18.53404,1054.625366,332.632874,-250.31781,531.743225,376.828033,-292.506653,100.066208,418.992249,-246.694351,71.250633,330.28952,97.601997,524.424377,391.427765,133.912018,98.812172,440.188538,77.692535,70.903259,345.89679,-150.118271,513.210693,353.081055,-211.242355,102.489906,233.353134,-323.724548,47.580341,211.852142,-239.905548,62.260269,263.931183,161.226639,53.032616,228.583542,85.711319,65.103958,367.748505,48.494701,105.108482,361.321259,-0.285016,505.206451
202,0,252.870529,-202.190002,1043.664062,242.375977,57.274101,1022.322998,416.044403,-105.029015,1061.367676,415.048737,-18.575802,1054.679932,332.575043,-250.309265,531.867126,376.815247,-292.491394,100.058884,418.817932,-247.017517,71.150948,330.36142,97.451141,524.357117,391.692017,133.887207,99.003616,440.263824,77.683739,70.912445,345.858246,-150.090622,513.231812,353.126312,-211.195251,102.499054,233.355331,-323.751587,47.567337,211.822525,-239.900009,62.166035,263.957642,161.225342,53.031143,228.716446,85.727615,65.253143,367.761078,48.335381,105.337669,361.357788,-0.266466,505.174988
203,0,252.917801,-202.142822,1043.627075,242.497772,57.239555,1022.359741,416.18219,-105.035133,1061.413452,415.142426,-18.605505,1054.666504,332.652161,-250.318115,531.665405,376.81424,-292.513977,100.07692,418.917297,-247.219193,71.09317,330.356415,97.428024,524.442078,391.036743,133.959427,98.833755,440.182281,77.679749,70.893822,345.917053,-150.132339,513.245972,353.106293,-211.207779,102.532028,233.382858,-323.770813,47.551231,211.866089,-239.914673,62.136818,263.937439,161.220398,53.044323,228.704636,85.702354,65.263832,367.60434,48.325211,105.377548,361.379395,-0.312495,505.197479
204,0,253.112045,-202.216446,1043.745239,242.561264,57.171478,1022.363159,416.227753,-105.021194,1061.429932,415.173309,-18.597246,1054.678101,332.634888,-250.358429,531.89563,376.788452,-292.494324,100.07402,418.895752,-247.063049,71.15081,330.353394,97.464554,524.463745,391.220612,133.973663,98.91851,440.182495,77.660835,70.894066,345.924652,-150.110092,513.262268,353.126648,-211.192093,102.560287,233.367508,-323.780121,47.550243,211.900864,-239.963089,62.189545,263.950317,161.19223,53.005924,228.709106,85.684296,65.265221,367.867096,48.258018,105.437614,361.383057,-0.302636,505.219879
205,0,253.20253,-202.296188,1043.807495,242.567856,57.16853,1022.133118,416.349274,-105.077225,1061.36145,415.256683,-18.603994,1054.651123,332.648468,-250.373596,531.710815,377.139404,-292.817596,100.123848,418.817505,-247.07724,71.159302,330.338715,97.468048,524.454712,391.607483,133.88562,99.172737,439.974182,77.825195,71.178581,345.948944,-150.163025,513.283508,353.12616,-211.199371,102.539268,233.360397,-323.782074,47.576439,211.811172,-239.937653,62.224449,263.927979,161.222916,53.017956,228.641907,85.618858,65.239723,367.529755,48.310501,105.435463,361.410645,-0.287308,505.207672
206,0,253.124542,-202.27977,1043.709717,242.644989,57.151417,1022.35498,416.350281,-105.043022,1061.442383,415.286743,-18.625799,1054.696289,332.689087,-250.342575,531.833557,377.101257,-292.827698,100.154984,418.957642,-246.822968,71.140846,330.40567,97.374229,524.426392,391.663269,133.8918,98.7323,440.230011,77.682671,70.933861,345.942841,-150.167633,513.220337,353.099457,-211.231735,102.502968,233.332779,-323.776794,47.5709,211.87735,-239.868423,62.232548,263.925751,161.223679,53.032024,228.688782,85.673584,65.240456,367.763123,48.185898,105.628746,361.448273,-0.303788,505.198059
207,0,253.184052,-202.340714,1043.797363,242.744568,57.123421,1022.326111,416.459564,-105.060287,1061.408691,415.341003,-18.632492,1054.68396,332.675842,-250.437531,531.729492,377.081543,-292.821106,100.105644,418.869049,-247.069,71.15786,330.404541,97.396866,524.531006,391.525635,134.001678,98.846535,440.17691,77.71006,70.87738,345.953369,-150.17868,513.248291,353.107758,-211.251068,102.485664,233.337051,-323.755707,47.590736,211.883774,-239.916504,62.238815,263.941162,161.221451,53.031406,228.653244,85.64949,65.22744,367.537903,48.109917,105.573769,361.401154,-0.352462,505.220886
208,0,253.318665,-202.454071,1043.930908,242.838669,57.045773,1022.379761,416.539673,-105.114868,1061.346802,415.385101,-18.680363,1054.709717,332.632965,-250.399292,531.89917,377.077789,-292.81897,100.140251,418.750031,-247.087326,71.185059,330.398376,97.341606,524.588013,391.261505,133.93782,98.926201,440.151794,77.674271,70.83062,345.939423,-150.176849,513.279541,353.124054,-211.204971,102.518318,233.346222,-323.754272,47.638935,211.806458,-239.871429,62.166668,263.953033,161.204987,53.023678,228.659561,85.626152,65.217499,367.587341,48.0872,105.62149,361.463593,-0.376267,505.204376
209,0,253.228012,-202.22937,1043.689941,242.918137,57.035255,1022.323486,416.608978,-105.10006,1061.337036,415.42392,-18.690361,1054.718872,332.653961,-250.443008,531.723206,377.078217,-292.83078,100.103676,418.973297,-246.696472,71.169266,330.417938,97.341576,524.592224,391.745605,133.919952,98.746536,440.216309,77.674927,70.789001,345.954468,-150.190674,513.238525,353.146759,-211.223785,102.524216,233.31395,-323.783783,47.622227,211.841766,-239.904572,62.214134,263.950104,161.195038,53.020985,228.710495,85.732361,65.292503,367.410858,48.20034,105.548233,361.45993,-0.379832,505.17804
210,0,253.526306,-202.316574,1043.65686,243.217728,56.772301,1022.270569,416.677399,-105.164413,1061.303955,415.538086,-18.728029,1054.707031,332.603271,-250.434433,531.848877,377.051666,-292.852966,100.149399,418.868774,-247.152039,71.100761,330.41272,97.222839,524.508606,391.284607,133.911758,98.914787,440.76239,77.425926,71.168343,345.915253,-150.205704,513.223083,353.133331,-211.227783,102.503754,233.357162,-323.792572,47.631744,211.975677,-239.978256,62.202835,263.93457,161.199432,53.043858,228.770096,85.726128,65.307755,367.716125,48.124256,105.78495,361.431671,-0.378629,505.188995
211,0,253.637009,-202.308716,1043.819946,243.318649,56.632851,1022.306335,416.749359,-105.192299,1061.330078,415.767578,-18.700068,1054.719849,332.65799,-250.461334,531.675659,377.110321,-292.900238,100.096878,418.880493,-247.213272,71.043182,330.419556,97.328812,524.514465,391.596802,133.924911,98.682549,440.264465,77.659599,70.926003,345.793671,-150.118729,513.24646,353.141846,-211.276459,102.502815,233.353653,-323.767181,47.624798,211.869843,-239.902054,62.177753,263.932037,161.19429,53.058735,228.697433,85.619019,65.299767,367.862701,48.070625,105.879364,361.460541,-0.395911,505.149536
212,0,253.867981,-202.426514,1043.84375,243.399872,56.583477,1022.289978,416.819855,-105.243645,1061.301514,415.847504,-18.744978,1054.72522,332.598694,-250.49353,531.699219,377.099487,-292.897186,100.086197,418.917877,-246.873596,71.127625,330.458344,97.311722,524.523499,391.513153,133.913239,99.090416,440.381622,77.636452,70.900032,345.907959,-150.29248,513.275146,353.1651,-211.256073,102.503914,233.28392,-323.793182,47.648464,211.853241,-239.921341,62.141983,263.968872,161.191132,53.035698,228.623917,85.5728,65.244064,367.640381,48.043041,105.824745,361.479584,-0.436101,505.130219
213,0,253.737595,-202.310806,1043.795166,243.404022,56.623039,1022.318359,416.958282,-105.230888,1061.313477,415.904358,-18.769556,1054.708496,332.584961,-250.531143,531.711487,377.084045,-292.94931,100.120331,418.914795,-247.08493,71.062012,330.312164,97.019356,524.627686,391.468567,133.932526,98.818275,440.269257,77.630333,70.886719,345.819763,-150.31543,513.31189,353.149628,-211.282654,102.491165,233.376801,-323.784576,47.606113,211.86058,-239.897934,62.09676,263.930817,161.209641,53.04837,228.753952,85.62854,65.28907,367.63446,48.582211,105.038437,361.431061,-0.429542,505.15509
214,0,253.837341,-202.624878,1044.023315,243.470581,56.611313,1022.32489,416.936096,-105.236595,1061.378296,415.987671,-18.804546,1054.693115,332.535187,-250.54747,531.701355,377.045044,-292.928223,100.103493,418.806427,-247.095657,71.018478,330.418976,97.182312,524.458679,391.287933,133.894989,98.946495,440.346985,77.621414,70.869843,345.771484,-150.335999,513.325378,353.193573,-211.29213,102.462959,233.363876,-323.771118,47.59576,211.881775,-239.941452,62.146946,263.951508,161.179947,53.054581,228.732651,85.697701,65.243423,367.530029,48.164494,105.634933,361.36911,-0.491493,505.189484
215,0,253.839676,-202.553467,1044.006958,243.492706,56.623695,1022.338013,417.02002,-105.297188,1061.294678,416.08728,-18.801411,1054.700195,332.427765,-250.57402,531.829529,377.140625,-292.981201,100.073952,418.914551,-247.135223,71.075653,330.440094,97.105392,524.43103,391.366028,133.90094,98.752228,440.263885,77.662285,70.943596,345.717041,-150.38913,513.334167,353.196594,-211.29454,102.516693,233.365173,-323.792236,47.601101,211.719025,-239.814087,62.323238,263.930328,161.184372,53.025166,228.762314,85.659187,65.280777,367.443268,48.565575,105.121078,361.436462,-0.517628,505.13147
216,0,253.834778,-202.641632,1044.059814,243.52597,56.594704,1022.322998,417.105377,-105.291214,1061.29834,416.256287,-18.818451,1054.696289,332.370789,-250.614441,531.880066,377.124634,-293.032867,100.088692,418.910706,-247.170181,71.043037,330.375488,97.054085,524.190002,391.423859,133.899429,98.754982,440.345459,77.630409,70.879066,345.716888,-150.45256,513.262573,353.177216,-211.318649,102.46254,233.29567,-323.78183,47.608768,211.914871,-239.891907,62.173328,263.949005,161.156876,53.027683,228.772919,85.58075,65.30117,367.707611,48.207455,105.580971,361.39209,-0.54085,505.150665
217,0,253.918045,-202.684082,1044.063721,243.602676,56.550713,1022.290344,417.152191,-105.331116,1061.302368,416.464752,-18.812305,1054.700439,332.349365,-250.631119,531.689331,377.105133,-293.085266,100.130066,418.948883,-247.303696,70.991165,330.335297,97.145264,524.456848,391.494263,133.973343,98.874451,440.282837,77.659431,70.885353,345.586548,-150.446106,513.25354,353.240967,-211.337372,102.508148,233.261566,-323.781006,47.620235,211.891479,-239.873337,62.205215,263.983704,161.147934,53.04285,228.738251,85.586823,65.30722,367.582611,48.233936,105.568024,361.437531,-0.565958,505.120941
218,0,253.994232,-202.655487,1044.116211,243.595016,56.522129,1022.331116,417.246704,-105.321739,1061.291626,416.476562,-18.842308,1054.705688,332.200256,-250.64212,531.9104,377.031372,-293.084259,100.090614,419.075714,-247.298248,70.802704,330.362854,97.071533,524.448486,391.521912,133.915604,99.113121,440.264069,77.671707,70.847176,345.501678,-150.460236,513.156311,353.178009,-211.355148,102.451996,233.302078,-323.786499,47.630692,211.941376,-239.908386,62.231331,263.981598,161.137878,53.032463,228.772873,85.596893,65.332741,367.648773,48.262535,105.605919,361.409515,-0.587075,505.138275
219,0,254.002182,-202.69841,1044.187866,243.601578,56.493523,1022.337585,417.28775,-105.338013,1061.30896,416.528107,-18.823452,1054.716919,332.110382,-250.681229,531.953979,377.077118,-293.148651,100.117432,418.947235,-247.382034,70.798996,330.331879,97.023705,524.499146,391.587311,133.892471,99.104065,440.29187,77.757721,70.999924,345.328033,-150.408783,513.202026,353.276672,-211.293762,102.506004,233.366821,-323.8125,47.587181,211.749329,-239.850281,62.27903,263.952972,161.164581,53.060886,228.813141,85.595688,65.333626,367.584351,48.634201,105.092957,361.399139,-0.617471,505.117188
220,0,254.134949,-202.755722,1044.228516,243.6082,56.484043,1022.352905,417.329224,-105.32547,1061.304565,416.574951,-18.845823,1054.710449,332.07019,-250.687515,531.748535,377.075836,-293.180603,100.093544,418.89328,-247.219131,71.009949,330.187531,96.832764,524.719788,391.531097,133.90799,99.088364,440.325073,77.647354,70.803246,345.246552,-150.391479,513.182861,353.298309,-211.342682,102.513008,233.315369,-323.797363,47.62426,211.875549,-239.891998,62.183857,263.926971,161.191498,53.073254,228.78363,85.58007,65.31601,368.192047,48.603989,104.85833,361.375519,-0.613417,505.092621
221,0,254.180435,-202.872284,1044.337036,243.636246,56.441586,1022.347595,417.392639,-105.33831,1061.310669,416.694031,-18.793375,1054.691284,331.909821,-250.67189,531.945679,377.095154,-293.192139,100.075439,418.992981,-247.644638,70.749977,330.29834,96.972931,524.466919,391.848877,133.839432,98.987366,440.241516,77.695007,70.803299,345.078217,-150.420151,513.188232,353.289978,-211.35321,102.454964,233.310883,-323.784454,47.648201,211.950058,-239.905457,62.125401,263.931091,161.170502,53.057789,228.779312,85.579948,65.321564,367.946503,48.369289,105.253929,361.355469,-0.646663,505.113831
222,0,254.272079,-202.847198,1044.444946,243.570404,56.462399,1022.356995,417.436096,-105.315697,1061.321411,416.633789,-18.798983,1054.724854,331.791443,-250.646561,531.96521,377.077454,-293.19809,100.075317,418.980286,-247.126266,70.888176,330.175995,97.011581,524.485901,391.460419,133.951279,98.828918,440.207428,77.707657,70.803741,344.898834,-150.338394,513.149109,353.26413,-211.417709,102.432159,233.312653,-323.754364,47.649334,211.9991,-239.998764,62.066921,263.959045,161.169647,53.056664,228.810028,85.600555,65.330345,367.923279,48.344803,105.259293,361.32074,-0.692345,505.122314
223,0,254.279587,-202.991562,1044.526245,243.619461,56.38205,1022.373535,417.476807,-105.309769,1061.308228,416.540894,-18.813448,1054.70752,331.61084,-250.609818,531.9552,376.791046,-292.940918,99.993462,418.994843,-247.747711,70.76709,330.069336,96.711143,524.639404,391.353485,133.939651,98.937462,440.27002,77.67672,70.805817,344.657623,-150.248337,513.139465,353.219635,-211.375336,102.409653,233.273209,-323.772522,47.668465,211.971863,-239.913467,62.186638,263.924103,161.176331,53.074833,228.781219,85.601532,65.318207,367.890076,48.38089,105.229256,361.279236,-0.723884,505.106262
224,0,254.282272,-203.078674,1044.573486,243.535355,56.418995,1022.427917,417.507843,-105.308487,1061.283447,416.614319,-18.816038,1054.662842,331.489197,-250.582458,531.942505,377.020386,-293.199097,100.085327,418.969666,-247.53627,70.848473,330.090668,96.876945,524.40509,391.41861,133.971527,98.82769,440.216705,77.683273,70.765953,344.53363,-150.225494,513.158569,353.292999,-211.371094,102.451714,233.343811,-323.757263,47.601933,211.870789,-239.923782,62.139431,263.93515,161.149658,53.061749,228.782333,85.573433,65.332428,367.922424,48.325142,105.272331,361.162048,-0.772889,505.137024
225,0,254.402008,-203.052765,1044.593384,243.562286,56.339767,1022.427307,417.516571,-105.305016,1061.279297,416.828125,-18.770407,1054.658081,331.345398,-250.529083,531.911743,376.759979,-292.950317,100.037064,418.941925,-247.379654,70.922668,330.122498,96.736031,524.403564,391.504272,133.904236,98.899864,440.195587,77.678513,70.81424,344.312866,-150.156189,513.182861,353.227417,-211.373672,102.381035,233.3125,-323.737183,47.689678,211.794113,-239.825241,62.214863,263.920929,161.161072,53.049591,228.759171,85.58474,65.308067,368.231232,48.52927,104.854103,361.107086,-0.786221,505.136536
226,0,254.42186,-203.063553,1044.624268,243.529358,56.368938,1022.202148,417.553162,-105.258095,1061.281738,416.583344,-18.789982,1054.643066,331.238983,-250.511765,531.926514,376.977112,-293.229431,100.095367,418.89386,-247.444702,70.866348,329.966248,96.80117,524.422668,391.65976,133.886734,98.732239,440.220245,77.709068,70.826256,344.160736,-150.11322,513.226135,353.242889,-211.326096,102.383713,233.338074,-323.728882,47.689468,211.91835,-239.832764,62.212311,263.942535,161.141937,53.070816,228.772491,85.565849,65.313828,367.897491,48.291843,105.270287,361.080811,-0.793904,505.102386
227,0,254.463974,-203.180435,1044.894287,243.519211,56.310024,1022.40863,417.535004,-105.273674,1061.234253,417.033051,-18.715096,1054.608765,331.170746,-250.471863,531.897217,376.691101,-292.88916,100.008881,418.938477,-247.448547,70.857674,329.952118,96.68721,524.449097,391.292999,133.88681,98.90918,440.221344,77.699928,70.890465,344.408752,-150.769241,513.366028,353.212372,-211.326111,102.374397,233.260239,-323.722534,47.682205,211.952438,-239.888519,62.08036,263.945831,161.132675,53.062172,228.74791,85.544121,65.325317,367.920044,48.276215,105.285408,361.032776,-0.846965,505.150665
228,0,254.435837,-203.117722,1044.641113,243.497314,56.303814,1022.388794,417.566559,-105.262192,1061.242798,416.689758,-18.731762,1054.574219,331.078735,-250.402863,531.906982,376.875183,-292.948669,100.217705,418.913696,-247.263474,70.704773,329.969604,96.685425,524.435974,391.763031,133.883682,99.053925,440.201904,77.703072,70.898819,343.870544,-150.058365,513.328491,353.199554,-211.285126,102.380119,233.319733,-323.735138,47.613392,211.877686,-239.856949,62.125889,263.895294,161.142502,53.071583,228.761124,85.536591,65.318062,367.891113,48.227921,105.314133,361.023956,-0.897464,505.164978
229,0,254.663651,-203.059326,1044.666626,243.420029,56.299721,1022.406677,417.518799,-105.234421,1061.235962,416.791107,-18.725838,1054.543335,330.963776,-250.355392,531.858765,376.908752,-293.142181,100.134613,418.822815,-247.593033,70.858589,329.951019,96.657654,524.410156,391.512604,133.814972,99.135086,440.195312,77.660744,70.855698,343.417999,-149.682999,513.643677,353.212769,-211.30954,102.366234,233.386276,-323.728271,47.616703,212.022079,-239.90918,62.159729,263.912811,161.136139,53.042484,228.759048,85.547836,65.297974,368.113647,48.103844,105.395432,360.968353,-0.895805,505.149902
230,0,254.540237,-202.994415,1044.661621,243.417603,56.282528,1022.374146,417.52301,-105.197746,1061.196167,416.61145,-18.725452,1054.509155,330.940887,-250.339157,531.892151,376.630127,-292.847168,100.032928,418.911316,-247.605225,70.850899,329.92923,96.669159,524.437561,391.519531,133.89682,98.925133,440.237396,77.636604,70.860779,343.373871,-149.631363,513.565796,353.191528,-211.255157,102.370712,233.266525,-323.700348,47.635319,211.74968,-239.765717,62.148922,263.893555,161.141068,53.079857,228.777313,85.566345,65.333313,368.063354,48.081161,105.421715,360.93576,-0.895016,505.128815
231,0,254.484497,-203.153778,1044.80957,243.422775,56.272331,1022.378235,417.494507,-105.189346,1061.195312,416.68927,-18.661873,1054.508911,330.885315,-250.37912,531.91687,376.880005,-293.110229,100.094345,418.907288,-247.509186,70.901741,329.868225,96.686378,524.418457,391.502716,133.840286,99.147324,440.236389,77.654427,70.918068,343.698639,-149.957123,513.398865,353.199249,-211.244705,102.375511,233.32634,-323.716339,47.683796,211.887756,-239.854416,62.024574,263.905762,161.135681,53.049007,228.751068,85.547562,65.314507,368.00354,48.069016,105.419678,360.933594,-0.889968,505.187286
232,0,254.417267,-203.151093,1044.834961,243.386612,56.28146,1022.384399,417.494476,-105.14991,1061.160034,416.648041,-18.649866,1054.493286,330.984161,-250.335571,531.950745,376.891693,-293.129395,100.112755,418.870056,-247.255707,70.916069,329.586182,96.817047,524.462524,391.495239,133.859253,99.125839,440.187256,77.653969,70.838242,343.691986,-149.955292,513.290527,353.220825,-211.223602,102.372185,233.304626,-323.685638,47.686111,211.857361,-239.827927,62.203568,263.891937,161.130508,53.045456,228.751694,85.537407,65.288963,367.883392,48.025745,105.498932,360.922638,-0.872108,505.142334
233,0,254.55481,-202.991333,1044.678345,243.290558,56.336693,1022.385742,417.417725,-105.101807,1061.185059,416.703949,-18.595091,1054.467407,331.022278,-250.348694,531.906067,376.929535,-293.093231,100.113586,419.029358,-247.263229,70.951637,329.807556,96.628304,524.392334,391.447388,133.916214,98.841187,440.214355,77.626022,70.803574,343.715302,-149.949661,513.346985,353.160645,-211.229919,102.40757,233.307632,-323.697754,47.660366,211.95723,-239.875153,62.004257,263.899078,161.137589,53.042255,228.747833,85.560448,65.302704,368.201355,48.388134,104.968124,360.88269,-0.846268,505.18985
234,0,254.409134,-203.102524,1044.805176,243.304672,56.333389,1022.384888,417.433716,-105.052719,1061.177856,416.491669,-18.604761,1054.471313,331.030182,-250.327621,531.892578,376.894836,-293.096954,100.097794,418.977234,-247.445496,70.894608,329.790863,96.731453,524.377869,391.387451,133.849197,99.019943,440.223053,77.668274,70.849281,343.787231,-149.937042,513.306946,353.182983,-211.232681,102.379097,233.36055,-323.730652,47.652412,211.910645,-239.853195,62.183159,263.917664,161.131149,53.03624,228.738327,85.557404,65.30481,368.212646,48.393139,104.910591,360.854095,-0.81455,505.18631
235,0,254.407196,-203.100815,1044.815308,243.238129,56.369446,1022.373535,417.387756,-105.021347,1061.143066,416.523407,-18.546766,1054.454956,331.11853,-250.315842,531.902649,376.924713,-293.141388,100.135391,419.080383,-247.183441,70.987343,329.816864,96.785042,524.376587,391.448273,133.936523,98.887039,440.188232,77.717415,70.863129,343.800323,-149.807571,513.305847,353.172394,-211.253647,102.383759,233.321808,-323.719635,47.686298,211.712494,-239.74826,62.17709,263.929413,161.140015,53.052212,228.763916,85.555855,65.310944,368.226562,48.39925,104.931419,360.856598,-0.77816,505.205688
236,0,254.371048,-203.065826,1044.900513,243.173782,56.394146,1022.372375,417.365601,-104.978477,1061.161865,416.425385,-18.499397,1054.467773,331.191223,-250.347351,531.920227,376.907013,-293.118744,100.14476,419.043121,-247.071762,70.965408,331.207825,95.523048,524.066895,391.312073,133.875839,98.928688,440.180298,77.794769,71.075691,344.147491,-150.421402,513.503479,353.162384,-211.268967,102.374542,233.320175,-323.748901,47.677734,211.900848,-239.83847,62.135517,263.943604,161.130951,53.0495,228.755951,85.556801,65.310928,367.999084,48.185528,105.438019,360.852417,-0.759239,505.219574
237,0,254.369644,-202.983414,1044.733765,243.141037,56.404408,1022.345093,417.357483,-104.903969,1061.148804,416.319397,-18.451571,1054.430786,331.251251,-250.31546,531.999756,376.892548,-293.110626,100.158714,419.04129,-247.196396,70.93602,329.962494,96.633545,524.400696,391.478027,133.834198,98.808098,440.166321,77.728035,70.894356,343.976379,-149.92366,513.286194,353.223145,-211.259033,102.407616,233.281769,-323.755005,47.700954,211.976562,-239.926178,62.165581,263.906494,161.134506,53.061108,228.737488,85.572136,65.311066,367.903076,48.187611,105.362877,360.827698,-0.71965,505.170471
238,0,254.362976,-203.015762,1044.774048,243.320236,56.208935,1022.292358,417.294739,-104.835297,1061.162109,416.28302,-18.413551,1054.460693,331.258972,-250.335663,532.049255,376.914276,-293.057495,100.116776,418.941528,-247.58049,70.789185,330.02594,96.676872,524.389709,391.410889,133.931259,98.880608,440.248596,77.667648,70.867096,343.935303,-149.855637,513.302185,353.217377,-211.280624,102.394012,233.315521,-323.725342,47.645359,211.739746,-239.754822,62.302265,263.899048,161.159622,53.065689,228.75058,85.554787,65.309212,367.925049,48.178738,105.441559,360.841736,-0.692185,505.171417
239,0,254.365921,-202.977905,1044.759033,243.066559,56.399151,1022.363892,417.296265,-104.774582,1061.168945,416.277557,-18.327585,1054.453735,331.335815,-250.251205,531.928467,376.927124,-293.08905,100.159027,418.942535,-247.383942,70.953819,329.93045,96.725456,524.419006,391.332672,133.885513,98.951576,440.237671,77.705925,70.896355,344.136688,-149.902344,513.238342,353.210022,-211.219955,102.41188,233.293091,-323.710236,47.664913,211.913132,-239.854294,62.14632,263.913055,161.14505,53.039532,228.737778,85.545876,65.295944,367.941559,48.184547,105.422165,360.887115,-0.66816,505.200317
240,0,254.59108,-203.009171,1044.825195,242.939621,56.484524,1022.368408,417.249878,-104.708992,1061.174316,416.074493,-18.267179,1054.499878,331.399597,-250.23436,532.000305,376.967194,-293.057068,100.125137,418.972321,-247.469315,70.854546,330.023285,96.737549,524.370117,391.251434,133.927673,98.921539,440.191101,77.730957,70.911545,344.196991,-149.880798,513.285034,353.152985,-211.267868,102.375496,233.342224,-323.751801,47.642441,211.734161,-239.754959,62.233215,263.88855,161.140289,53.063007,228.743362,85.560204,65.315826,367.876892,48.17292,105.456116,360.919037,-0.602892,505.197815
241,0,254.400604,-202.911591,1044.717407,242.929993,56.432011,1022.358521,417.220215,-104.651611,1061.195557,416.171082,-18.163465,1054.466675,331.511627,-250.235916,531.930359,376.933502,-293.067352,100.133942,418.912445,-247.284546,70.950195,329.996674,96.82798,524.379761,391.453583,133.934769,98.84536,440.204346,77.675201,70.877945,344.24826,-149.884399,513.209839,353.157593,-211.244461,102.372276,233.314102,-323.753265,47.616077,211.7155,-239.778839,62.217892,263.912933,161.148895,53.031952,228.743591,85.572273,65.305595,368.321503,48.332954,105.014526,360.940643,-0.589883,505.217957
242,0,254.401566,-202.922806,1044.743042,242.951859,56.416271,1022.320251,417.193726,-104.583466,1061.22876,416.161438,-18.098328,1054.496826,331.555389,-250.212692,531.959961,376.971252,-293.067352,100.169334,418.857056,-247.432388,70.89798,329.945618,96.743645,524.608093,391.502441,133.848343,99.123077,440.22226,77.696854,70.827713,344.31665,-149.797852,513.247742,353.19458,-211.213867,102.422493,233.259644,-323.736359,47.647118,211.940613,-239.859787,62.205883,263.910339,161.154053,53.039162,228.756927,85.563263,65.320938,367.861237,48.217884,105.401192,361.017242,-0.533589,505.209381
243,0,254.424484,-202.913925,1044.82019,242.732178,56.649776,1022.354492,417.144135,-104.504379,1061.228027,416.490082,-17.961897,1054.490479,331.613953,-250.191772,531.672852,376.961884,-293.047516,100.173683,418.908295,-247.294113,71.023575,330.082275,96.894653,524.361328,391.585175,133.842865,99.119736,440.180023,77.699478,70.818817,344.309326,-149.715775,513.235718,353.187012,-211.242889,102.415138,233.324768,-323.725098,47.61438,211.920197,-239.813339,62.160713,263.897797,161.165359,53.022266,228.740982,85.570969,65.297958,367.93277,48.163773,105.489098,361.088074,-0.497839,505.217072
244,0,254.409195,-202.884659,1044.900391,242.864136,56.45377,1022.305115,417.156006,-104.441544,1061.223389,415.685272,-18.111929,1054.478271,331.616364,-250.115997,531.854736,376.946777,-293.024261,100.174156,418.869293,-247.491608,70.980133,330.008087,97.018005,524.404968,391.516083,133.898407,99.098343,440.158234,77.744682,70.859665,344.72644,-150.323303,513.298035,353.245178,-211.229904,102.405075,233.30426,-323.713806,47.662556,211.930893,-239.928421,62.082523,263.873413,161.170242,53.057495,228.730499,85.553467,65.32637,368.25058,48.441238,104.965317,361.175415,-0.457823,505.238281
245,0,254.269775,-202.915558,1045.043457,242.816208,56.502556,1022.262573,417.134308,-104.382622,1061.224854,415.916718,-17.973293,1054.516724,331.701843,-250.105148,531.822205,376.995544,-293.032257,100.088928,418.999542,-247.100586,70.943672,330.076569,97.095787,524.417847,391.577606,133.875214,99.121941,440.169708,77.735054,70.809753,344.374084,-149.664001,513.258057,353.176758,-211.255661,102.386406,233.292068,-323.704834,47.656593,211.941467,-239.886261,62.179199,263.911346,161.189087,53.075752,228.728394,85.578339,65.315689,368.111176,48.193272,105.434898,361.274414,-0.427005,505.174591
246,0,254.420639,-202.88356,1044.855469,242.623245,56.739552,1022.299438,417.117432,-104.328293,1061.242798,415.896454,-17.897301,1054.520874,331.691528,-250.088867,531.844055,376.976288,-293.014496,100.14904,418.880768,-247.189514,70.927505,330.143951,97.110374,524.376953,391.506897,133.905136,99.094475,440.239166,77.77327,70.900986,344.459351,-149.643295,513.240662,353.196442,-211.231094,102.423676,233.330017,-323.761139,47.628513,211.725708,-239.775711,62.289013,263.894684,161.152542,53.057034,228.758209,85.563858,65.306503,367.898346,48.228378,105.435104,361.332458,-0.387403,505.198944
247,0,254.428268,-202.859268,1044.850464,242.559006,56.771759,1022.282715,417.137543,-104.267273,1061.241943,415.962006,-17.847307,1054.490967,331.733063,-250.017136,531.857971,376.98114,-292.988953,100.13533,418.884491,-247.243332,70.920639,330.091492,97.229553,524.425171,391.411011,133.91745,99.082352,440.146881,77.762405,70.832222,344.805145,-150.212494,513.266235,353.175629,-211.207474,102.410324,233.355667,-323.696564,47.680267,211.953857,-239.879517,62.16927,263.902985,161.182449,53.067764,228.74321,85.568375,65.306587,367.890717,48.264675,105.439087,361.353912,-0.282471,505.18042
248,0,254.254608,-202.701736,1044.730469,242.580811,56.806805,1022.290466,417.156738,-104.252441,1061.211426,415.836914,-17.791004,1054.507935,331.753815,-250.018204,531.858215,376.948395,-292.967438,100.103432,418.92868,-247.215073,70.848778,330.119568,97.302376,524.429626,391.269562,133.943726,98.925949,440.234467,77.733597,70.830635,344.502289,-149.544098,513.229065,353.177795,-211.179779,102.405861,233.341324,-323.727295,47.647873,211.760849,-239.863693,62.15374,263.931274,161.164062,53.043858,228.735931,85.577805,65.311913,368.19754,48.53265,104.99913,361.463165,-0.270536,505.162537
249,0,254.300629,-202.853806,1045.204102,242.596176,56.812061,1022.275452,417.16864,-104.204384,1061.235962,416.061829,-17.768337,1054.492554,331.856323,-249.964096,531.836426,377.000275,-292.977966,100.135742,418.804901,-247.078384,71.049736,330.204041,97.286293,524.405273,391.807648,133.975189,99.011002,440.154327,77.791237,70.870224,344.515564,-149.534515,513.229248,353.202576,-211.154648,102.427841,233.363571,-323.728363,47.624836,211.91954,-239.890076,62.095959,263.937714,161.155319,53.032177,228.859253,85.5942,65.191696,367.870331,48.309483,105.463188,361.552399,-0.237698,505.111877
250,0,254.256821,-202.804855,1045.029053,242.521057,56.927635,1022.290588,417.109436,-104.164925,1061.221802,415.959198,-17.72056,1054.539795,331.780426,-249.946075,531.89801,376.998718,-292.947235,100.127151,418.842072,-247.182465,71.043365,330.218811,97.310814,524.412781,391.426117,133.998367,99.086922,440.166412,77.804634,70.877556,344.509583,-149.511505,513.189758,353.141144,-211.154785,102.457878,233.381927,-323.72818,47.589584,211.885605,-239.879974,62.067066,263.917023,161.167465,53.030228,228.754913,85.588928,65.301208,368.560181,47.911797,105.762245,361.527435,-0.197312,505.143097
251,0,254.448212,-202.772125,1044.910522,242.542847,56.911137,1022.290955,417.107422,-104.12957,1061.21167,416.080322,-17.687346,1054.501709,331.764801,-249.904007,531.88739,376.970062,-292.925201,100.1409,418.870056,-247.204666,71.026443,330.202332,97.386192,524.414551,391.470093,133.960129,99.083076,440.203278,77.777161,70.857414,344.803192,-150.059845,513.290344,353.120392,-211.198318,102.421822,233.36969,-323.714478,47.64579,211.656387,-239.646912,62.246464,263.941376,161.16481,53.040867,228.753738,85.601418,65.287453,368.046875,48.262081,105.566368,361.555725,-0.162026,505.14859
252,0,254.250015,-202.70755,1045.13147,242.564392,56.953316,1022.262207,417.137848,-104.137772,1061.216431,416.125336,-17.624792,1054.517334,331.774963,-249.912018,531.920532,376.735474,-292.657837,100.092751,419.027832,-246.940674,71.087463,330.155884,97.419456,524.464783,391.594818,133.911636,99.090569,440.231262,77.788795,70.877388,344.879822,-149.77475,513.735291,353.182709,-211.157501,102.441948,233.338837,-323.739594,47.632019,211.733459,-239.80957,62.216362,263.946747,161.175293,53.038815,228.760468,85.573792,65.285759,368.09549,48.196728,105.549393,361.603577,-0.143983,505.130066
253,0,254.222214,-202.587158,1044.772583,242.559082,57.022545,1022.314331,417.095459,-104.098076,1061.237305,416.090851,-17.597904,1054.512085,331.817474,-249.881302,531.911316,376.970001,-292.916473,100.141121,418.914246,-247.38652,70.903648,330.261505,97.377182,524.453979,391.257233,133.99408,98.918892,440.225189,77.771233,70.860748,344.600494,-149.570129,513.464661,353.150574,-211.195084,102.377396,233.33815,-323.720551,47.635464,211.695282,-239.746689,62.21048,263.930145,161.174606,53.045532,228.769882,85.593445,65.283295,368.193085,48.112282,105.622147,361.598572,-0.077956,505.146271
254,0,254.216141,-202.634674,1044.916382,242.566544,57.081837,1022.304565,417.1203,-104.091644,1061.224243,415.905334,-17.630251,1054.54187,331.834778,-249.846741,531.853455,376.983795,-292.96756,100.130615,418.980316,-246.951645,70.999336,330.214874,97.495201,524.467346,391.505157,133.965561,98.836006,440.291779,77.72438,70.769791,344.879211,-150.230072,513.525452,353.195953,-211.167252,102.46254,233.38324,-323.739441,47.604767,211.55481,-239.626251,62.206963,263.941101,161.174026,53.03138,228.777588,85.598412,65.282623,367.992188,48.20343,105.653465,361.621155,-0.128208,505.176727
255,0,254.223343,-202.59729,1044.897705,242.566727,57.096527,1022.329712,417.147034,-104.072159,1061.256592,416.139709,-17.536715,1054.524048,331.789734,-249.845505,531.943115,376.966949,-292.936157,100.139755,418.8591,-247.293549,70.890366,330.283112,97.518471,524.459961,391.195709,133.993805,98.827766,440.203491,77.761467,70.806068,344.870789,-150.169235,513.479065,353.150665,-211.166061,102.414459,233.330231,-323.685333,47.60181,211.772476,-239.736877,62.224228,263.942932,161.161438,53.019669,228.765961,85.60215,65.306229,368.000153,48.125175,105.713936,361.619629,-0.070293,505.16803
