FF_TX,FF_TY,FF_TZ,FF_Rquat0,FF_Rquat1,FF_Rquat2,FF_Rquat3,Hip_Z_R,Hip_X_R,Hip_Y_R,Knee_Z_R,Ankle_Z_R,Ankle_X_R,Hip_Z_L,Hip_X_L,Hip_Y_L,Knee_Z_L,Ankle_Z_L,Ankle_X_L
0.3457715991497738,1.032801066048971,0.08875349789878928,-0.07274625638869885,0.9962347857514382,2.5928413223749543e-05,0.047161780946538646,0.3783790243776507,-0.1488461592317592,-0.04529943195179058,-0.37749331053318763,0.005258414619935858,0.10034244944995892,0.33533220028816574,0.13912900836747633,0.15643877255403602,-0.35756371120491204,0.05490731331015541,-0.14439753378488485
0.34585734987385025,1.032762504506685,0.08875001001491556,-0.07318606418754348,0.9962012667494659,0.0006954090291733462,0.04718424039632742,0.3792783277080261,-0.14742207660292656,-0.04554335291758698,-0.37732788009701196,0.00494211015493648,0.1052635548634638,0.3368618733437588,0.1412304446620837,0.15686973339433988,-0.3588015794785715,0.05564455766139287,-0.16169207979489553
0.34598783278957834,1.0327554322651202,0.08869082332249928,-0.07326639084725843,0.9962025817087178,0.0008901362333792243,0.047028287514943826,0.37953638598996864,-0.14703820068683165,-0.0457321566832691,-0.3773547228941241,0.0046356280985294035,0.10903993140813703,0.33741145096217945,0.14205974088021636,0.15681490228959155,-0.3592611479999514,0.05596612583000137,-0.17458971942393314
0.34602009217535434,1.032765443599081,0.08868008108823384,-0.07335506356884727,0.996199053490938,0.0009353170548306219,0.04696387605997406,0.37966334733636603,-0.1469822861037064,-0.04587840111797767,-0.3772274720822829,0.004374579482170037,0.11175899623331678,0.33771633424703923,0.14239264290185988,0.15676465128525158,-0.3594491487476391,0.05604530128220671,-0.18393100127614523
0.34604216972995205,1.0327665323398962,0.08868456665352223,-0.07340001485731198,0.9961974915258012,0.0009494502411126138,0.046926476970761646,0.3797525421324278,-0.14702228546228932,-0.04599729269902644,-0.3772054970369177,0.004254112638573375,0.1137227420597729,0.337902873577751,0.142612633910636,0.1568206634477416,-0.35958421103967303,0.0560321824481404,-0.191037846411969
0.34606000622279987,1.032764221298356,0.08867630486484153,-0.0734348243939146,0.9961961775735582,0.0009672592611408,0.046899539055182085,0.3797460644445906,-0.14700441824789356,-0.04600298153822848,-0.3770557344069169,0.004119062477701302,0.11520441861421783,0.3380692190898581,0.14278208909613346,0.15666338451534556,-0.3597401590188191,0.05617966489610505,-0.19617348624220934
0.3460675272970064,1.032755519725896,0.08869856968964993,-0.07342320564170018,0.9961959986179542,0.0010066211937383787,0.04692069825403269,0.3796714281548662,-0.1469596407163182,-0.04611462593560622,-0.3769136564391426,0.004016375997742773,0.11622996515434762,0.3381896582012339,0.14295188439144468,0.1564122850134366,-0.36005313167871406,0.056275693245312716,-0.19993870815475465
0.3460710500731186,1.0327650526639116,0.08869854250889028,-0.07348682034313611,0.9961962961520636,0.000990983943429109,0.046815005282381215,0.3797290986118253,-0.1470297291467022,-0.0462266224693875,-0.37681398567594593,0.003924913756907984,0.11706180495163569,0.33821926036766914,0.14294263540431515,0.1563910095766553,-0.3597410161424705,0.05625845399354836,-0.20268339247165645
0.34608003827984285,1.0327726300317284,0.08870962979306588,-0.07351553318056993,0.9961990217625643,0.0009660911516795348,0.0467123333646828,0.3797201828458955,-0.1471251960551736,-0.04635666855533373,-0.3767034294882552,0.003868047358620242,0.11756552918136379,0.3382913381360791,0.14288276539642086,0.15624816679385575,-0.35964099535407135,0.05618401689787376,-0.20471307361789304
0.34608684182990124,1.0327665311228393,0.08871177876201124,-0.073513190015081,0.9962007696194003,0.0009082402850857449,0.04667989506313999,0.3796003126435596,-0.1472499464602704,-0.04679961514430401,-0.37651369541463264,0.003973166287634976,0.11787011289137715,0.3382757305266439,0.14279599215672306,0.15618419836101166,-0.35957511396773356,0.05614988754524666,-0.20627232896061537
0.34610006938511656,1.0327761929972472,0.08873066440025767,-0.0735219214685983,0.9962049615274249,0.0009207907220685051,0.046576322698912466,0.3795462030589125,-0.14729039634788837,-0.0469871944600146,-0.3764680351441286,0.003956682604217829,0.11802449459840691,0.33834770291602617,0.1427897773850457,0.1560971594492656,-0.3595747851869312,0.056155457570158065,-0.2074353027893962
0.34610138396847195,1.0327786539879815,0.08875350709024823,-0.07356418619018616,0.9962040378216296,0.0009736952826477736,0.046528243632800004,0.37963005598123345,-0.14725476823183642,-0.04680422848342262,-0.376478623248788,0.003851835645851039,0.11836862532644601,0.3384391362253585,0.14287473105842147,0.15588702915581198,-0.3595342370418948,0.056029126152724464,-0.20846414368525185
0.34610335456997354,1.032771230548678,0.08876272068396773,-0.07356742377586305,0.9962078405267099,0.0009473565117565335,0.046442169929187205,0.37953810444805997,-0.1473362924617681,-0.04719889427163446,-0.3763158032310482,0.003840015929426585,0.11856458522957554,0.3385166631714127,0.14280253618151975,0.15570063519857572,-0.35958183677398087,0.05610585978372726,-0.20909073636097444
0.34609843766268156,1.03278833062113,0.0887862500178639,-0.0735891123929702,0.9962104330055889,0.0010052821213458118,0.046350891209212416,0.37953916968456297,-0.14730423668574869,-0.04704171365637633,-0.37631247004128343,0.003788316818915537,0.11878398436941476,0.3386230038825845,0.14286610221102553,0.15554081458129604,-0.3596275181260672,0.056182360891327054,-0.2095315200519744
0.3461043184830412,1.03277960432327,0.08879936502420697,-0.07360604589446887,0.9962131366178922,0.001010557163679897,0.046265702328412754,0.37952668458387795,-0.14731251927796565,-0.04712519685502441,-0.3762775128899811,0.0037554383479174278,0.11910767362791613,0.3387242068143143,0.14285098408245447,0.15537639705569395,-0.35965827390476857,0.05607965324916944,-0.20996095423494188
0.34612673259512383,1.032781915016722,0.08881021058340027,-0.07363644568936735,0.9962130271058277,0.001018841579545888,0.04621948131162826,0.37956616726622516,-0.1473223431173954,-0.04723256749162916,-0.37624518014075825,0.0037601508376028277,0.11912323951568454,0.3387427005225032,0.14284720758856248,0.15532869436408864,-0.35947955659379816,0.05599900341813244,-0.21017882758013165
0.3461328828103417,1.0327899288586373,0.08880187942779758,-0.07365163699983854,0.996213930452155,0.001035351078634397,0.046175417577502854,0.37962386415775673,-0.14731017380146713,-0.04732866988796431,-0.3762906417712974,0.003699316905717087,0.11915990466975183,0.33874271867923844,0.14286382023508232,0.15525950226607357,-0.3593252748025882,0.0559369187539708,-0.21031714704871388
0.34613782168953056,1.032782181756279,0.08882446915269404,-0.07362396442458939,0.9962177246447392,0.0009996755294286097,0.046138461340850694,0.3795923034471446,-0.14745698187108627,-0.047435449933686716,-0.37628199636193677,0.0036381118281966,0.11921954735539432,0.33868551569528327,0.1427669608637945,0.15521564563773751,-0.359364767910164,0.056055035125190444,-0.21052957259060312
0.34614195840217427,1.0327804011059034,0.08880734197299187,-0.07359878107224103,0.9962215388976353,0.0009478763216393371,0.04609735775059553,0.37954963200625463,-0.14752083070194766,-0.04773033465190352,-0.37637736076782075,0.0038275418671130466,0.11901753329718621,0.338651279774961,0.14263371212669096,0.15510439933532968,-0.3593460835614132,0.055980292606947986,-0.21061090789763198
0.34613449091729104,1.0327822746995767,0.08882692823200511,-0.0735980696279362,0.996222073003745,0.0009705027575009335,0.04608647883663812,0.37959226419765674,-0.1475390834071822,-0.04759487929081915,-0.37646966543528876,0.003649877893841233,0.11912180259348262,0.3385936439321749,0.14267423961826148,0.155020708103598,-0.35926343021281937,0.056045320449597286,-0.21071441371452462
0.3461380231061071,1.032780482782673,0.08880627746405226,-0.07364258688658791,0.9962214529835011,0.0009552189273779879,0.04602905135774884,0.37967636003045113,-0.14755393539554376,-0.047425401802167345,-0.3764725364243116,0.0035463268078748545,0.11918621096389675,0.33862307732409525,0.14265212111443779,0.1551188042340085,-0.35907386642321437,0.05603731729128448,-0.2108038837672857
0.34614143793139535,1.032783239624926,0.08880784644372883,-0.07362813819870717,0.996220742022389,0.0009217064451412128,0.04606821992417006,0.37971630294986086,-0.1476270360262173,-0.047415801834610714,-0.37664521453953614,0.0035210747533864126,0.11927630333901433,0.3385773602521891,0.142598734614685,0.15520826966120443,-0.35909774197251404,0.055917361796262686,-0.21090732443657764
0.3461394897988411,1.0327747406177183,0.08879761869052444,-0.07362874538940133,0.9962200362545723,0.0008829515703966312,0.046083268263496964,0.3796803665541375,-0.14765851882573103,-0.04768837153921052,-0.37654957964323155,0.0038152013573423435,0.11909031156444007,0.3385881995925792,0.14251783876986002,0.1551911575596336,-0.3591055158432264,0.055968038112007956,-0.21094648616550696
0.34612452511463315,1.0327794507703187,0.08880229678716338,-0.07366179448364944,0.9962191172080754,0.0009139022398834139,0.04604970494267433,0.3797378375083804,-0.14763062041332467,-0.04744566966998695,-0.376515900921926,0.0037164856205655285,0.11912832523857105,0.33867414354364417,0.14258128870509282,0.15518785218006698,-0.3591595739197915,0.055918429785409084,-0.21099185789954478
0.34612850167993514,1.0327736601941648,0.0888012783341978,-0.07367018458046667,0.9962175298057857,0.0009175706658585066,0.04607054672577295,0.3797814320368531,-0.1475977786824435,-0.04742088743278057,-0.37654207428436354,0.0037916544508177705,0.11929300322048855,0.3387078550071025,0.1426130226739871,0.15520448463073167,-0.35917998058955286,0.05595165022008403,-0.2110302878853466
0.346114544649376,1.0327867019348056,0.08878879998292483,-0.07370432640027269,0.9962155099959303,0.0009202780100629165,0.04605955928810782,0.3797974236675331,-0.14758184800568636,-0.04746666795781003,-0.37645344429234795,0.003639501368780892,0.11942992090525152,0.3386830994134123,0.14261462069008118,0.15519548888438844,-0.35901456985522345,0.05593901414567393,-0.21102904342467926
0.34610039342320537,1.0327848764390555,0.08876484030076474,-0.07370056406950352,0.9962161655343312,0.0009115520234743709,0.046051573879937024,0.3797370618320982,-0.1475699628678484,-0.04735444116318881,-0.3764461469329126,0.0037124958873281082,0.11945934332978375,0.3387766749861653,0.1426036765421309,0.15512579989603975,-0.3591669746448413,0.055865286624197555,-0.21109895226991093
0.3460969696247096,1.0327815926520931,0.088760047156532,-0.07369091600779677,0.9962164008758576,0.0009519805240582312,0.046061103514419284,0.3796927536995147,-0.14747164125713375,-0.0473819080097826,-0.3763872983214955,0.003673618290491765,0.11943377393985134,0.3387852701608378,0.14270928459185045,0.15509332532991724,-0.3592718305460377,0.05587219763367028,-0.2110657686935648
0.3460899628816722,1.0327825582609282,0.088761573808858,-0.07367209685460542,0.9962190686592219,0.000946166541132834,0.04603361981937046,0.37961131411680926,-0.147510610076326,-0.047346269139124514,-0.3763216710192004,0.003587175443619829,0.1195977361728243,0.33875986512025247,0.1426844920622823,0.1551016469914905,-0.35931498821636165,0.0558693556864551,-0.2110659881126385
0.34607061427119556,1.0327793458348373,0.0887588560004119,-0.07366805058919881,0.9962165414643284,0.0009668528646648888,0.04609431668630393,0.37967280550109317,-0.14747346136117526,-0.047499008321131984,-0.3764752590183804,0.0037775629896950173,0.11953882172569799,0.3386801279760043,0.14272728486971617,0.15506764502157952,-0.3592227076542306,0.055914559932096645,-0.2111286573853542
0.34606856979461253,1.0327790944824504,0.08873633820584283,-0.07360664610139764,0.9962212870305218,0.0009622250701842206,0.046089945105938245,0.3795004445498861,-0.14743961352178786,-0.04773405682286132,-0.3765196142039888,0.003829026604310733,0.11925263360780011,0.33858059627548487,0.1427544475759644,0.15515230086627257,-0.35937008680549687,0.05605161316535646,-0.211143296385574
0.34605921540502776,1.0327765626389553,0.08873570840344842,-0.07358760948384493,0.9962237661076446,0.000950395252067932,0.046066998183285954,0.3795981567328512,-0.1474949311826826,-0.04736892056940541,-0.3767099354911846,0.003941092584494085,0.119239956274009,0.3385561499842251,0.14271039049855094,0.15520696250093188,-0.35934071750545593,0.05599022532572413,-0.21106807637740366
0.34604931966725316,1.0327840630018714,0.08871841176153367,-0.07354164189208143,0.9962277359097397,0.000944532948673351,0.046054673698549896,0.3795882242053617,-0.14746522608004708,-0.047229898752030285,-0.37695499878979166,0.004103721857402863,0.11925377071242084,0.33842569292439256,0.14269844344282165,0.15516082399746883,-0.35929318288291207,0.05591180603826675,-0.2110044430014859
0.3460439379900164,1.0327783434000655,0.08870926853114743,-0.07348936014405652,0.9962324514638952,0.0009395715499680024,0.04603622270731446,0.379574102819706,-0.14750624629114628,-0.04720617017462189,-0.3771482036581492,0.004056640261079768,0.11918081586401273,0.33832775436394363,0.14268343366362465,0.15510528969668932,-0.35932813710289513,0.055949985060372825,-0.21096562674789807
0.3460304348756472,1.0327777435023353,0.08870136195656059,-0.07346363956813508,0.996234263563102,0.0009263870921311868,0.04603832719856942,0.3795886789292066,-0.14750718064756346,-0.047207743781021536,-0.3773996266784575,0.004335392556890793,0.11920001396224002,0.3381854711276702,0.14265080774018457,0.15505929557348191,-0.35920924589483577,0.05596037485184366,-0.21099432195719808
0.346048776893066,1.0327679848913356,0.08869374938648115,-0.07339797283764879,0.9962370161053179,0.0009155907707701265,0.046083695798371,0.379608698694409,-0.14752538869199072,-0.04721195442922082,-0.3776480345472741,0.004303635513998249,0.11913642428128318,0.3381003130345386,0.14267302947761398,0.15518471444893167,-0.359355563667753,0.0560693555306238,-0.21095659348915533
0.34603815537623916,1.0327702018402038,0.08867062827558259,-0.07336883608299986,0.9962370704056817,0.0009118532314539956,0.0461289709945383,0.3796583322822898,-0.14747320762320415,-0.04697609221904103,-0.37789066564840623,0.004500878901470491,0.11907313910571016,0.3379600387641122,0.14268500589941105,0.15526901890507122,-0.35929136649272236,0.056071496452112984,-0.21093660556999702
0.34602693165403986,1.0327555858659996,0.08863877790862676,-0.07330577811396385,0.9962426536779899,0.0008612845525072271,0.04610960937442898,0.37956454368500137,-0.14753878655898056,-0.047270032308168716,-0.378035334308596,0.00459254921579175,0.11889969084906626,0.33783474150603504,0.14259586797428625,0.1552133951094878,-0.3593113038677905,0.05620247889409742,-0.21087436057690115
0.3460287624038077,1.0327612041652878,0.08864435362757923,-0.07323506464136494,0.9962484006400211,0.0008671619190865598,0.046097695814228644,0.37960643502845465,-0.14757321346437188,-0.04689300553685232,-0.37829639578206864,0.004706053526409019,0.11872698338365856,0.33772375577863345,0.14260726642046379,0.15527019171992823,-0.3593474290079684,0.05624177410720557,-0.21090686974759704
0.34602700854388857,1.0327674649030938,0.08860815568954518,-0.07323737146793188,0.9962463845524292,0.0008619538642430587,0.046137682237160825,0.37967547897791204,-0.14749866605407813,-0.046808091920554414,-0.37843616827756954,0.00464950122667555,0.1186701103665384,0.3375973467917226,0.1426396989548189,0.15543494476924374,-0.359127272120313,0.05621960710997216,-0.21084595340881512
0.34602676597839077,1.0327558388241025,0.08857051568830025,-0.07319637606226179,0.9962491301342848,0.000856508307537367,0.04614355460464294,0.3796018414657218,-0.1474500922273879,-0.04706069205849363,-0.3785310105045139,0.004836118121566988,0.11841642006026767,0.3375116286014208,0.1426581012456707,0.15542566997287727,-0.3591794351905553,0.05616649838488799,-0.21082816822665268
0.34601949794600484,1.032768725977499,0.08854292569064096,-0.07316523263268739,0.9962537426496589,0.0009130992752184899,0.046092247071120966,0.379580685274899,-0.14735371590485744,-0.046883154038209175,-0.3786531078785645,0.004748059421901853,0.11839632478711794,0.3374412744164754,0.14279517396069094,0.1553351193301829,-0.35919076259403043,0.05620774105121802,-0.21080562671712524
0.3460128295241494,1.0327671973358385,0.08852838757607664,-0.07316607865491573,0.9962564830780032,0.00093868779092598,0.04603111691608548,0.37953875301202045,-0.1473043378810029,-0.04687207201458273,-0.3786155229121047,0.004837465791363116,0.11846689717252425,0.3374945409529475,0.14284439603172547,0.15513243379775687,-0.3592004502938207,0.056132521812039475,-0.21091467030942657
0.3460047680680299,1.032773785878359,0.08849299228034824,-0.07315613507472361,0.9962584735708586,0.0009370858168728809,0.04600386515678052,0.37944154175670775,-0.14727316002512786,-0.046914577273143715,-0.3785766751481699,0.0047552314786460164,0.11846152284440854,0.3374181767937766,0.14285442927781747,0.1551929808593093,-0.35910628327601574,0.05617107856814866,-0.2108616929722574
0.3459936158792495,1.0327769179791648,0.0884690778357419,-0.07318873211375015,0.9962575665871263,0.0009462743703947575,0.04597145934485256,0.3793763971110747,-0.14725345792444677,-0.04701180634915401,-0.3783573706095267,0.004792339647187981,0.11847662726508541,0.3374995798751338,0.14290165623779086,0.1551602295945532,-0.3590865955734079,0.05609256374612293,-0.21090474414504978
0.3459587394953112,1.032779093565586,0.08844155380007071,-0.07325146894304857,0.9962542568334951,0.0009890844346109036,0.04594235247358495,0.37931784347322417,-0.14714455386483558,-0.04728849385241992,-0.37814983985975065,0.0047331353556230036,0.11853213705017025,0.3375622278939745,0.14298487669685397,0.15504954691139586,-0.3589873172399445,0.05598322545380481,-0.2110317475737549
0.3459409764719189,1.0327871237862882,0.08841409223718256,-0.07328320484202254,0.9962559982306847,0.0009830404830962567,0.04585402391145949,0.3792035210165842,-0.1471680472543832,-0.0474456667899447,-0.3778619867339355,0.004737760760519387,0.11869434567620325,0.33770779384199134,0.1430103609176864,0.15493810355083998,-0.35913982954895163,0.0560765435545159,-0.21102784804810348
0.34592408528488644,1.0327883560644924,0.08839994643015191,-0.07335543716403155,0.9962544094460447,0.001026200102634939,0.04577202651331947,0.3792656116326184,-0.14709768390104608,-0.04769158573069127,-0.3778038097574974,0.004853367836010366,0.1185493393448122,0.3379130427268305,0.1430882427468374,0.15486666415126013,-0.3591608555815395,0.05590250849971619,-0.21121468333092297
0.34591308377529917,1.0327856386172105,0.08837534504779446,-0.07344964450697605,0.9962530332241928,0.0010484436758721085,0.04565023854541001,0.37929440890655725,-0.14707278592342307,-0.04781919054955026,-0.37760643004844,0.004675267749035736,0.11856626873698416,0.33806061419570155,0.14311202206051007,0.15465780629880704,-0.35897630812392095,0.055870979257208145,-0.21117972434019452
0.3458944525850319,1.032787820202138,0.08836376006091969,-0.07351899738683394,0.9962507542391211,0.001121622801654602,0.04558655134475211,0.37932971378719504,-0.1469424832750404,-0.0480547517518888,-0.3775129203960353,0.004781655633041294,0.11854108094981702,0.33810863345033526,0.14324459772182935,0.1544739900739496,-0.3587548241122139,0.05579587984973197,-0.21116622256084822
0.3458683151566426,1.032792157857188,0.08836291262377263,-0.0736020993854211,0.9962479600490838,0.001145053060685838,0.0455128763932347,0.37937539391394,-0.14692502602279064,-0.048217308926217395,-0.3774217589597623,0.004746005192620508,0.11846462875251088,0.3382688578922344,0.1432844011169113,0.15436255502979138,-0.35876219112710606,0.05579357270419539,-0.21125183599659536
0.3458404880477307,1.032791364143108,0.08835010881574869,-0.07366418961321464,0.9962457620640088,0.0011869671057643675,0.04545943078416579,0.37936333486493257,-0.14683404316817847,-0.048366211130125666,-0.3772642364111298,0.004631997649341568,0.11850702834958152,0.33842868127182546,0.14337276800251247,0.15421432723603692,-0.35879584961791544,0.05570684594945329,-0.21131853239773604
0.3458140210012126,1.032791730008884,0.0883299311574421,-0.07373299518582736,0.9962420201314863,0.001254445341571911,0.04542806524767535,0.37945434958556645,-0.14667434749747235,-0.0485351760232704,-0.377209343954216,0.0045608427095873445,0.11842676994944908,0.3384896393447841,0.14352307839701456,0.154119577083481,-0.3586806853672182,0.05573452019482007,-0.21131804346450156
0.34579767699082775,1.0327863242988273,0.0883125626826317,-0.07372878591903353,0.9962409388675256,0.0012698006372739601,0.0454581726161312,0.3794171055958381,-0.14660992284295443,-0.04901863653865577,-0.37722999889520265,0.00463404284832266,0.11807726889338334,0.3384718711895131,0.1435732781933461,0.15408031189806967,-0.35869917054938855,0.0557336900130404,-0.21136019344655602
0.3457788900719761,1.0327945351313097,0.08828525382692348,-0.07381382468889941,0.9962364540731791,0.0013310752852852424,0.045416683047972126,0.3795845057969088,-0.14648494528537048,-0.04880777682078149,-0.3772070842965841,0.004555071601761812,0.11813120045146501,0.3385996492058933,0.14371779916036576,0.15407155768806907,-0.358559808551541,0.05557353353939287,-0.21143150446189882
0.3457629406469334,1.032792401537234,0.08826147043519833,-0.07387630322889355,0.9962292910743985,0.0013736243849417828,0.04547092018733418,0.379727211674321,-0.14635484192392167,-0.04883162329784122,-0.37728090041121537,0.004539446189636518,0.11818957869007096,0.3386017275310881,0.14385048996082006,0.15405157097462369,-0.3584265294884933,0.055651389608824695,-0.21154665186833407
0.3457492740342301,1.0327985626804965,0.08823359355560322,-0.07391252044788472,0.9962257602087121,0.001432564989176034,0.04548760023529767,0.3798121595525663,-0.1461901478419246,-0.04881458403318245,-0.37730303159009176,0.00448174470799216,0.11825462412218084,0.33867747176604324,0.14402693943375222,0.1541276475464811,-0.3584617667089835,0.05567152484130319,-0.21162672735620364
0.3457320211494846,1.0327831115049073,0.08819436176571192,-0.07393909418844452,0.9962230510073816,0.0014376186953732211,0.04550358496451664,0.3798484969332499,-0.14610953388472575,-0.049088547751634654,-0.3773345631552324,0.004582738100267392,0.1180276002490362,0.33869909609845134,0.14410944584998742,0.15411607600415952,-0.35847567535761443,0.055761952213248575,-0.21163842286685602
0.3457328854898233,1.0327826983056605,0.08817184449132476,-0.07394041803752728,0.9962228210488839,0.001502981825005208,0.04550435635708681,0.37994956997657203,-0.1459803531627443,-0.04887809432762799,-0.37753110540921975,0.004557660536518216,0.11819529278919234,0.3387056483682321,0.14425321049223844,0.15403488405750854,-0.35846572727080794,0.055839160285370205,-0.21157754752129065
0.3457339225081788,1.032775187075329,0.08813855023510248,-0.07391140254094987,0.9962230178107115,0.0014529658473611813,0.04554878976212974,0.3800093677060858,-0.14601260693058732,-0.049119086244415695,-0.3777938261530009,0.004698162833913726,0.11795140051112621,0.3386141911995107,0.14417662111108273,0.15405026288580595,-0.35846571690210965,0.05578800347065001,-0.21154307311206993
0.3457273549445449,1.0327816287444453,0.08810251758022654,-0.07389924423080463,0.996225334929291,0.001462794035924038,0.0455175129015893,0.38010471887745734,-0.1460051655342558,-0.04879018978926431,-0.37802762202095386,0.004627172199264096,0.11801465604386839,0.33854130630115287,0.1442351976488617,0.15416582682330401,-0.3583970539711688,0.055698965705394066,-0.21158157607070086
0.3457247104649417,1.0327811246972385,0.08808695556909937,-0.07385775229634386,0.9962268047958525,0.001419122176896931,0.045554054970171516,0.3801746305733649,-0.1460423510728495,-0.04864711039372528,-0.37830569431450595,0.004682328399614161,0.11812814292241172,0.3384983027096786,0.14415741532264606,0.15421990500176128,-0.3584564114183769,0.05563627274850833,-0.21160628823384048
0.34571146467940855,1.032786695309505,0.08805298504851672,-0.07378176901393355,0.9962314976193899,0.0013962837841990923,0.0455752575834316,0.380121828280639,-0.1460554851932579,-0.048625985879259995,-0.3785064415214947,0.0047961167178225735,0.1180672510459836,0.3382815798000324,0.14415394086686206,0.15428289522280994,-0.3584235003994158,0.05566951086526316,-0.2115935310610576
0.34568526831706475,1.0327867644831967,0.08802232930381367,-0.07370299338440464,0.9962374415034572,0.001383824187300118,0.04557317131210802,0.38006225815950206,-0.14602294607332583,-0.048488992229880415,-0.37876415099097765,0.004886211875320349,0.11808959987757031,0.33817529855244266,0.14417820596443642,0.1541802838290958,-0.35862348404339983,0.05577188013681745,-0.21167263231215688
0.3456852570876086,1.032785319690793,0.08799347119277728,-0.07361747132181261,0.9962427153130603,0.001358714291012767,0.04559686389784014,0.38000881452246144,-0.14604836103292668,-0.04844751701066269,-0.37902441582857677,0.005019472185476941,0.11797992569890696,0.3380511281386806,0.1441619971141242,0.15418481098337244,-0.3587693804729138,0.05581065069949108,-0.21168474990104433
0.3456935030498969,1.0327738653393033,0.08798035674293075,-0.07355019936994941,0.9962464172026291,0.0013727141689506815,0.04562411686132725,0.3799966875272288,-0.14599994603548286,-0.04840381200826735,-0.37926528679609384,0.005176124106538246,0.11780713949023228,0.3379122049978578,0.1442014668617535,0.15423599650684355,-0.3588353936923271,0.055924968319344535,-0.21164717194924118
0.3456802870167374,1.0327833831935926,0.08796928983272281,-0.07349727395733861,0.9962504329466421,0.0013827705283093494,0.045621415148304464,0.3799547311273584,-0.14596436329464535,-0.048513235216274916,-0.37946642321986596,0.0052742173238273194,0.11776396997538184,0.3379702332331828,0.1442596881423118,0.15425431753930283,-0.35916893692085206,0.0559822117393665,-0.21168722397128759
0.34565515862188334,1.0327868829706497,0.08794533204314695,-0.073446194958137,0.9962546434680422,0.0014245618243257719,0.045610442205091965,0.37988867975541873,-0.14586175057471698,-0.04838585567058179,-0.3796455457885139,0.005134863088356384,0.11776022862343576,0.3378677293237291,0.14436181428204187,0.15419432071545974,-0.3592450582383199,0.056078982422331294,-0.2116587308995242
0.3456256006706405,1.0327828517932802,0.08794338229698652,-0.07341329200698833,0.9962563478991981,0.001453268137731348,0.04562527631662705,0.37981286016977794,-0.1457999732131865,-0.04853526034408695,-0.3796658534619672,0.005303088775320407,0.11771818189848285,0.33790523757020635,0.14444792700055517,0.1541452233046298,-0.3595087444349546,0.056152619908508804,-0.211651890014291
0.34564036794522507,1.0327732784441594,0.08793343538477255,-0.07335338140653355,0.9962617493282634,0.0014720789582251665,0.045603083724204144,0.3797607585276446,-0.1457695322565213,-0.04859656302604515,-0.3797898271366839,0.005232696133273452,0.11785373992386963,0.33787443178121074,0.14450244855835645,0.15417149687046797,-0.35966469248395133,0.056196785303105144,-0.21157802973112344
0.3456349253109138,1.0327723691560835,0.08793083433021638,-0.07330549685838342,0.9962635280130331,0.0015413591619178315,0.04563892081659987,0.3796484219345884,-0.14563024219146523,-0.048545245186821205,-0.37984305118250017,0.005401077960178392,0.11779595260945416,0.33780720933488473,0.14464496748106284,0.1541517863133929,-0.35982324538590504,0.05630884493332861,-0.2114729663219222
0.34563177710707477,1.032772643199971,0.08793412600017056,-0.07324723866937465,0.9962689355562389,0.0015560784691325998,0.04561390898342628,0.379559245237693,-0.14563764519854006,-0.04860000143075431,-0.3799614369412749,0.005433512568122395,0.11767648069827104,0.3377561028029129,0.14466033767078446,0.15394336777103523,-0.3599665849649184,0.05645834673959035,-0.21145437085018923
0.34564724525965645,1.0327766740652171,0.08792625284564654,-0.07317772394907271,0.9962760234311452,0.0015917753885097642,0.04556942072234503,0.3794008489122379,-0.14557791518680452,-0.04868661181400168,-0.37998841444890646,0.005441601124833597,0.1176200369798779,0.33770494983629373,0.14474861875529174,0.15402801660258222,-0.3600781130453474,0.05637661980103751,-0.21149792028234138
0.3456473052131857,1.0327832149166316,0.08792675444599617,-0.07311866613832203,0.9962833361311189,0.0016207794770877115,0.04550327332717069,0.3792271970710162,-0.14550449677804353,-0.048687806536870847,-0.3799072455238178,0.005317661475291986,0.11775663416291599,0.33762501799504113,0.14478964030117059,0.15404469607313354,-0.36011848118395484,0.0564988502748433,-0.2114143354555664
0.3456507275686463,1.032772291425659,0.08793727951619029,-0.07305065478455972,0.9962862494115368,0.001610308961302386,0.045549072153988165,0.37912953399829563,-0.1455532823200862,-0.048780727842316594,-0.37995760610841944,0.0054416970504224055,0.11773003675922435,0.3375502872670985,0.14475892302901952,0.15393025469883856,-0.36024789442169736,0.056502401111491,-0.21132389356990205
0.3456643601779409,1.0327797946895332,0.08793146500218353,-0.0730149293388763,0.9962892813506605,0.0016315862469322583,0.04553927849386633,0.3790509009956608,-0.14549714274036657,-0.04870827648012304,-0.37994826400990805,0.005433820612362512,0.11768024901452147,0.3374636627384003,0.14479085798220523,0.15392490537506298,-0.36025146385753004,0.05657230469961317,-0.21128907624435006
0.3456535431007176,1.0327747267351806,0.0879026326740091,-0.07299972560757045,0.9962911299856886,0.0016107235747033378,0.045523949110604825,0.379024649221584,-0.1455206939028791,-0.048673334886436784,-0.3799883241965823,0.0054200886640627145,0.11769031960409872,0.33738178394249596,0.14477556051593216,0.15392131839851977,-0.36023320169650924,0.05663559831681001,-0.2112960854491061
0.34566393669228856,1.0327616671546833,0.08789030832940974,-0.0729689327912851,0.9962919940765937,0.0015893386075077948,0.04555514667933679,0.3789511956175259,-0.14551797877139955,-0.049025433602277596,-0.3799833962088814,0.0057169432875943185,0.11741719247659545,0.33734911114930877,0.1447416533804189,0.15393089123614556,-0.36027681217575963,0.05666826487183204,-0.21125509547468552
0.34571641094293964,1.032776071946074,0.08790855868094788,-0.07289049839512761,0.9963008965975438,0.0016440120100434967,0.045484018150896977,0.3788780243320423,-0.14548384011739665,-0.048806093667841395,-0.3801431166083455,0.0055940208268705095,0.11753634123839843,0.3372660557617432,0.14482414525061266,0.15382471108722542,-0.36023192632611284,0.05658232780761691,-0.2112466980559669
0.34575027436835065,1.0327703951737557,0.08790693344548814,-0.07288015334278082,0.9963017789537146,0.0016323358396740362,0.04548168842625363,0.37891813873251207,-0.14552085294456255,-0.048775116633175825,-0.3801282655570546,0.005511672856517248,0.11757496938444327,0.33721183999075344,0.1447904471847063,0.15378701688748847,-0.3600666067243544,0.056503407641846505,-0.2112493203692378
0.34577030453496893,1.032768902083306,0.08790602570851762,-0.0728450371317878,0.9963028530348955,0.0015840932373051056,0.04551610976798433,0.3789077850605863,-0.1456242896472213,-0.04877728754905649,-0.3801641480860289,0.0055144971309880955,0.11756702126630944,0.3372035223794979,0.1447083816084611,0.1538181250988862,-0.3602023324872129,0.056551075613811085,-0.21124012269830875
0.3457941458321758,1.0327700426730209,0.08791683112005477,-0.07282390860561949,0.9963034172355552,0.0015967135170122113,0.045537123823316594,0.37889598142422926,-0.1456144567864654,-0.04881541517081134,-0.38020210884530775,0.005553129276814859,0.11770902293212637,0.33716308089324115,0.14472747859628554,0.1538134051081946,-0.3601999029158947,0.05653490764912546,-0.21123165458441417
0.34583287605184504,1.0327725965359504,0.08790972902510003,-0.07279980377645971,0.9963037868824343,0.0015800683484677711,0.04556814894028657,0.37891963670351425,-0.14562194056695602,-0.048757747090661635,-0.3802180242945536,0.005450610497590723,0.11779585433380578,0.33716859434620056,0.14471505438080054,0.15392884322625536,-0.36024337121679983,0.05646270715070134,-0.2112592615504576
0.34586349242528447,1.0327676160423631,0.08791486035226463,-0.07277886264033348,0.9963032888782084,0.0015823399113806449,0.04561238783104471,0.3789678702784546,-0.14560428471542802,-0.04868891632348912,-0.38031471423852964,0.005411868433266225,0.11789242118277611,0.33710477486729146,0.144724066266108,0.15395073456596262,-0.36021654551634325,0.05652192991407506,-0.21124683427429847
0.34591826938193676,1.0327736984476716,0.08792513521551387,-0.07265224788760466,0.9963090079982792,0.0015222625306124714,0.04569129211513793,0.3788704407985439,-0.14572439739256135,-0.04850700381624497,-0.38040107870544726,0.005546097834308806,0.11792814663734366,0.33689565445748265,0.14462020154230076,0.15413416937082453,-0.3602904748160263,0.05648935814715585,-0.21120954496535116
0.3459530253026618,1.0327700959889163,0.08795836974357808,-0.07265285588385244,0.9963061267840633,0.0015357605981686357,0.045752657888294114,0.37893561947639787,-0.14568771347522771,-0.04833083100027142,-0.38042457985634903,0.005492696831610713,0.11786195101670593,0.3369404325042165,0.14465037771235867,0.15425718056431142,-0.3603397942838094,0.056592512039456,-0.21115172581709205
0.3460379486446191,1.0327653309884752,0.08798277548885516,-0.072590780430583,0.9963061664822628,0.0015544836595586908,0.04584958894525499,0.37894096238939207,-0.14563574385811875,-0.04806393457905639,-0.3804643211141403,0.005468133181246224,0.11787151183926478,0.33698124376783706,0.14468827145185198,0.1542953614489213,-0.3605462304322682,0.056623452185363944,-0.21107430037417807
0.3460513803823516,1.032765233513498,0.08798527726975436,-0.072557063830755,0.996307120187892,0.0015599476582737722,0.04588203694772628,0.3788947256949141,-0.14559067239066248,-0.0478537320153474,-0.3804354395751651,0.005353693425846599,0.11789908572857868,0.33696700050562123,0.14472377959679253,0.15436830769678167,-0.3606909282055591,0.05674875956481614,-0.2109818843168993
0.34612282044732096,1.0327689662260293,0.08800552189355756,-0.07250876381349979,0.9963079548189643,0.00154140306823051,0.045940857755073575,0.37888966921289846,-0.14562890407634174,-0.04786485056784316,-0.38035586055672566,0.005334685566779051,0.11795498894356408,0.3369831683609774,0.14469232957552255,0.1544275227177925,-0.3607807077645733,0.05657557120668167,-0.21095088611536683
0.3461814565110313,1.0327690816422506,0.08802528972783309,-0.07246763646487629,0.9963091905367609,0.0015141082305107363,0.04597984333863076,0.3788843343000539,-0.145683582921836,-0.04781467417905584,-0.3803898009123443,0.005237313029682296,0.11792227182103544,0.3369370736085847,0.14460944588181798,0.15459597771464725,-0.36078499805789904,0.05652533674042822,-0.21085760156608088
0.3462290240478187,1.0327674085987004,0.08804109914523794,-0.07242864325431786,0.9963096762037109,0.0014913399657134135,0.04603147449628509,0.378799080836106,-0.1457215967726407,-0.04767202006381075,-0.3801751155425421,0.005090039932483004,0.1179894767552457,0.33704659960455263,0.14458891623820377,0.1544812699453781,-0.36105432840032453,0.05658485117437649,-0.2107981419185196
0.34626753153103434,1.0327685284418058,0.08805825771744874,-0.07241549667031812,0.9963090420718457,0.0014796906250080456,0.046066246249576365,0.37881534985365534,-0.14575100968329283,-0.04772181797930017,-0.38015405005289565,0.004953657747339822,0.11811246855205117,0.3370093313894219,0.1445465185820524,0.15454836704217748,-0.36102303548581105,0.05653561289382359,-0.21082211464219947
0.34630744644303285,1.0327614488166763,0.08808764109207907,-0.072406218073817,0.9963075129614954,0.0014701696602105738,0.046114182220836825,0.3788177714521093,-0.14578355105813276,-0.04759104566272077,-0.3800465677305699,0.005092240739913146,0.11819275789970704,0.33700277200681467,0.14453014804900916,0.1545116082937768,-0.3609900870821233,0.05664836246789626,-0.21085728669097642
0.3463990852128551,1.0327570613784824,0.08810972903819446,-0.07234058534456636,0.9963112936050513,0.0014810781844184105,0.04613515313127654,0.3787960396342592,-0.1457782935462428,-0.047576002402130876,-0.3800918435062051,0.005089768597186045,0.11818580343893212,0.33705523049169567,0.14454751773535404,0.15467373329523978,-0.3611851432837073,0.056669255307691936,-0.2108023417673543
0.34645163788482886,1.0327630357732973,0.08809643594329118,-0.07223221278407477,0.9963147344971268,0.001364946947845419,0.04623412354598113,0.37858945041110614,-0.14595114065967518,-0.04766497802438213,-0.3799130703863026,0.005144723955265069,0.11795293571827793,0.3368363034321988,0.1443412370385289,0.1548668910483232,-0.36121418983308906,0.056632378638126014,-0.2108649527622531
0.34652611280851264,1.032768170642798,0.08813364508483722,-0.0722203665802374,0.9963147076557435,0.0013815372616474652,0.04625271143037282,0.378699979121724,-0.14598107164811744,-0.047333899208153174,-0.3799944586909642,0.004917146852661571,0.11815924188766608,0.33688541328164895,0.14434139592030948,0.15489636352592495,-0.3611749594318395,0.05647931790436282,-0.2107889146082298
0.3465957017900268,1.0327685181726804,0.08814592842710313,-0.07214863191715305,0.9963151307942907,0.0013494206011063399,0.046356381727654966,0.378731934867128,-0.14600789542248915,-0.04711769570040715,-0.38012006953572997,0.004911094665480055,0.11816186548083818,0.33677704260223,0.1443030457451568,0.15495202403317784,-0.3612062912145855,0.0565041352068,-0.21068925763787097
0.3466837500158931,1.0327495006414267,0.08819008424964876,-0.07217506359159195,0.9963091773108579,0.001313494572435076,0.04644413992872967,0.37896283060277813,-0.1460790553536205,-0.04693369134918447,-0.3801547262217115,0.004845952956852965,0.11821077628523737,0.3369438414666125,0.14422798837255313,0.1550030089130611,-0.3612993439892294,0.05656913737854916,-0.21067357564714492
0.3467667431575971,1.032739891405862,0.08820957508593082,-0.07215956460793366,0.996307626156401,0.0012763446569219337,0.04650249716420675,0.37907895111075435,-0.14613346267858812,-0.046689205369467,-0.3801588574970028,0.004822335788039065,0.118115426805903,0.3369813542941322,0.1441578055675281,0.1552400170909803,-0.36126788407194965,0.05646672850185098,-0.2106765728533705
0.34682159992788664,1.0327399825792267,0.08822199780398655,-0.07216460588635368,0.996305468154655,0.001224925084600387,0.0465422747718441,0.3791775408424522,-0.14624535150057802,-0.046565696420035274,-0.3801428055384755,0.0046531890346551644,0.1182484442440646,0.33703702385303014,0.14405920041090903,0.15535875522930453,-0.3612780330108692,0.05636270568450155,-0.21065289600941775
0.34690676445106383,1.0327246298301673,0.08823663783194752,-0.07211813943030931,0.9963025063578554,0.0012134959308565893,0.04667780219538555,0.3792502922452203,-0.14624451021271048,-0.0464109284383342,-0.380227148550081,0.004676679019502167,0.11840104023345618,0.3369232023321404,0.14405989085942547,0.1555392491136849,-0.36123732564166605,0.0564129018543286,-0.21060859418052497
0.3469761346633025,1.032724016700738,0.08825667103380676,-0.07210051530552214,0.9963005019056981,0.0011570265850458679,0.046749191272295286,0.37940003750252566,-0.14632115400948892,-0.04614171712452505,-0.3803025640669357,0.00456613363109766,0.1184427364812956,0.3369680666596139,0.14394832028883756,0.15559319163838212,-0.3612692890998874,0.056416821660790664,-0.2105824027932379
0.3470598581350487,1.032719605650419,0.08828569162748504,-0.07202125832549325,0.9963031707959105,0.0011579105686215932,0.04681441502723625,0.37944780668513667,-0.14633436944046593,-0.045971719347112,-0.3804717343155456,0.004536914932850829,0.11829190223419653,0.3369043632608816,0.14396387990796447,0.15568729920565913,-0.3613743895523706,0.056446054910148064,-0.21050499904701508
0.3471589585846963,1.0327175522498717,0.08830554745337002,-0.07197472988842778,0.996306508272682,0.0011121756620459543,0.0468160538307184,0.3794710712463991,-0.14640092270669824,-0.04587566032094286,-0.38047703949324285,0.00443301201416982,0.11831964587563809,0.33694888229216163,0.1438577181561879,0.15585969409325565,-0.36139759867077637,0.05640088865391268,-0.21043161939590463
0.34723429284112445,1.0327146365420778,0.08830964771937172,-0.07194942435373959,0.9963057545312007,0.0010778409102223162,0.04687176209779459,0.3795092402171631,-0.14643607196884442,-0.045746568825346084,-0.3804891787982128,0.004440556787768479,0.11838993654715158,0.33692463670079636,0.1437751012171651,0.15584623759500116,-0.36131722675880334,0.056245909564080106,-0.2104089068010077
0.3473270706876544,1.032701201877622,0.08831668571367658,-0.0718571756368093,0.9963109981301491,0.0010019339926253333,0.04690349073023748,0.3794261453939217,-0.14657949784762245,-0.04590053200641021,-0.3804512435355175,0.004660446905765061,0.11808993818723995,0.3369946684503229,0.14364038714198432,0.15582903544961452,-0.3617237770293313,0.056318690548193426,-0.21035547536073262
0.347432590320518,1.0327028150535913,0.08835723432634317,-0.0718370952649033,0.9963105698515032,0.001060709569813689,0.04694203916834689,0.3795039288346889,-0.14649489490628295,-0.04552636121415189,-0.38041104259177067,0.004412452130782281,0.11813607654580106,0.33701177979305075,0.14374373229349466,0.15590429371001208,-0.36162031198691696,0.056318934421941004,-0.21038482754444432
0.3475089457929235,1.032694981123089,0.08836932520873245,-0.07178332102232048,0.996313097588652,0.0010443951431958678,0.04697100845304895,0.379524803527782,-0.1464925524122625,-0.04529820929633251,-0.3804704557527171,0.004279425875997301,0.11815795153788076,0.3370111407082455,0.14373144916658032,0.15598405427204895,-0.36170335568061457,0.05627229121045979,-0.2103613650464366
0.3476236380663341,1.032687485827701,0.08838607011188856,-0.07170678517199616,0.9963173043252675,0.0010406772445348616,0.046998755868662485,0.3795657627489626,-0.14649186119125493,-0.045159932210182614,-0.3805812623336554,0.004110387303086862,0.11831073641152563,0.33700753611822026,0.14374248271287227,0.15613026227129012,-0.36176263841010137,0.05626268800363973,-0.21033291297999587
0.3477223900599988,1.0326906935550229,0.08840524827102507,-0.07167114702544587,0.9963187500197217,0.0010679087195432251,0.047021852517347605,0.3796057917191079,-0.14643507654627538,-0.0450840997053875,-0.38059124927644594,0.0040649562749862115,0.11822853949748201,0.3370934546574278,0.14377133456174382,0.156057861940572,-0.36184843752254964,0.05618047145723609,-0.2101699357822596
0.3478379841493828,1.0326638783108788,0.08841423322630045,-0.07159919241652188,0.9963225338356659,0.001042532420790606,0.04705185801572326,0.3795416173458972,-0.14650061254363053,-0.04546143384289701,-0.3805230829494876,0.00412646006119835,0.11794463794813514,0.33720409089904957,0.14374311697490183,0.15605445297038611,-0.36215361177569466,0.05621578320756375,-0.2100590272204764
0.3479532582938439,1.0326766468080357,0.08841264091715165,-0.07142032430018593,0.9963351312435056,0.0009341482273957103,0.047059227511000376,0.3792647765660207,-0.14672598401501016,-0.04539199324172413,-0.38043718582522995,0.004080229931550186,0.11787845257580232,0.33696845124764274,0.143498901455316,0.15610225482271073,-0.3621865604729242,0.056110145130042054,-0.20996552768480925
0.3480525481486839,1.032686727932358,0.08843458419088142,-0.07130217448760745,0.9963419253687018,0.0009383428090809886,0.04709444955299467,0.3790650393574491,-0.14671360367667055,-0.04529385056001917,-0.3803106990340976,0.004053719134451826,0.1178756040515103,0.3368858454621414,0.1434873190938903,0.1560318689742827,-0.3623746996968585,0.05613240717549598,-0.20986869273942488
0.34815461790844704,1.0326847472966165,0.08845870402629812,-0.0712297598318387,0.9963457408056123,0.0009256667424240476,0.047123552857312664,0.3790555128612333,-0.14674111962359748,-0.045060553998849055,-0.38035247426128305,0.004037255762557366,0.11778541334929861,0.33691604208959647,0.1434520300636776,0.1559814285677977,-0.3625246631919044,0.05605687197194828,-0.2097964263087531
0.34825063151885466,1.0326887772543276,0.08849055761120694,-0.07118578779766427,0.996346887149896,0.0009524476621451638,0.04716520884920326,0.3791070501190354,-0.14670887998023988,-0.04468299862344461,-0.38030581926929036,0.0038964654775672848,0.11808007865198294,0.3369273316584824,0.14350220961315144,0.15603775428289673,-0.3625598089533355,0.05601223773814237,-0.20978050514235416
0.3483750263242314,1.0326838550935296,0.08849988182429593,-0.0711158902700409,0.9963481799961821,0.0009608810358648929,0.04724310613232562,0.3791025382812252,-0.1466795744097105,-0.044530224921699474,-0.3802930363250186,0.003821866478776711,0.11807968736731872,0.33690668568508375,0.14353038746954283,0.1561087792392952,-0.3625663346733026,0.05588508444831308,-0.20963104713305364
0.34846166762297826,1.0327046976945238,0.08848577605259803,-0.07111705919723071,0.9963487852816646,0.0009584948413464049,0.047228627404658156,0.3790870892768628,-0.14662981897522975,-0.044502943628833135,-0.3800717650676267,0.003540785666123907,0.11831167044093126,0.33676289371316337,0.14355407688007382,0.15649938385964235,-0.3620874427181984,0.05575013535919819,-0.20958183987357173
0.3485559149625179,1.0326948690993478,0.08849706888787442,-0.07103188195984614,0.9963525771430537,0.0009616170884177035,0.047276728505819765,0.3788780287500137,-0.14660039660177893,-0.04476681802595595,-0.3798089020410025,0.0034529705838435205,0.11814315125075452,0.33683899264023487,0.14357546454987752,0.1564114599485617,-0.36242845164211135,0.0556808555684289,-0.20947419423899424
0.34866123342486766,1.0326988264349029,0.0885068541784464,-0.07101843062572755,0.996350334632746,0.0010375689022311366,0.04734254576432168,0.37897078096269815,-0.14646368188975098,-0.04458481547814421,-0.37971616697422467,0.0032095498126749515,0.11825528386855666,0.3368229903081472,0.14376372321299632,0.15649133871541113,-0.36232351606686386,0.055632359846990984,-0.2094507890130324
0.3487758995673289,1.0327155792904381,0.08851518015130237,-0.0709908054656273,0.9963503591120114,0.00104305680338825,0.047383324801161454,0.37895518376184384,-0.14639867716329105,-0.04437029165574083,-0.3794767425850819,0.0028683233974481546,0.11841171842045686,0.33677389952970427,0.1437767694524689,0.15668976722497824,-0.3620799015292885,0.05543571732634611,-0.20942964924637578
0.34887151508256053,1.0327100009719214,0.08853019952990555,-0.07100668505979615,0.9963461082871201,0.001158503690962611,0.04744619107080378,0.37899159962385154,-0.14612196095055888,-0.04440575285570998,-0.3792883721092324,0.002875907361267297,0.11845476093160999,0.337021862380728,0.14405740023625796,0.15661727145944518,-0.3623511576993932,0.05545805138837167,-0.209281143161851
0.34898795138353933,1.0327160455072997,0.08851425857251588,-0.07102954801276522,0.9963406119613327,0.001121515232731357,0.047528207090126444,0.37907144200993037,-0.1461011787819871,-0.044617861170413047,-0.37906086025536523,0.0028698149494588944,0.11815402360069911,0.33706871802183497,0.14397559531111168,0.15651159962985026,-0.3621261509786653,0.05527688601924559,-0.20935525263210264
0.34911443829987826,1.0326956501349491,0.08852410589581047,-0.07096436311878489,0.9963420561933906,0.0011682039246561577,0.04759413332609583,0.37900403469826716,-0.14595344683862027,-0.04451337376531709,-0.3788204310531264,0.0027432025127792237,0.11797928536443113,0.3371668286148249,0.14415374857075433,0.15661111795334592,-0.3623751200752043,0.05525335286657835,-0.20946332373517507
0.34924707329370597,1.0327225807885014,0.08852672938984697,-0.0709624418557746,0.9963374486189469,0.0011015319088409845,0.047694936343462,0.3791492156088211,-0.14605550295269104,-0.04436489250886442,-0.37876731150000353,0.0025374140009186107,0.11779654480361505,0.33712361119786344,0.1439908929048773,0.15657347584377795,-0.3620691739843632,0.05501965554727953,-0.20942886149597947
0.34936620452007827,1.032706681518055,0.08855508410655649,-0.0709312091694272,0.9963352763984473,0.0010801672342729291,0.04778717200816913,0.3792173099230661,-0.1460491650148042,-0.0441083521155383,-0.3786752572947397,0.0024964434944350737,0.11765587103255344,0.33715134513448425,0.1440069806167985,0.1570123019829609,-0.3620700147937636,0.05491359238386853,-0.20938356049068407
0.349449503173655,1.0327213735773815,0.08855739717688037,-0.07090130434153483,0.9963329118517443,0.001045397062222187,0.04788153035018251,0.3792112348272796,-0.14605908038240775,-0.043897255556526016,-0.37851663965831733,0.002278985893547727,0.1175335075131318,0.3371337914551808,0.1439660794646151,0.15717220549302152,-0.3620639062530659,0.054845069053106404,-0.2093645649821841
0.3495479451715433,1.032719116228092,0.08856668402321101,-0.07091427139059636,0.9963292483292818,0.000998168555797109,0.047939531665245755,0.37933384417476784,-0.14609809835623455,-0.04372941951587969,-0.3783819810643253,0.0020592382296993,0.11744547757235817,0.3372620101921813,0.1439032586932374,0.15730636486701238,-0.3620417039320873,0.05482073401560325,-0.20937486654898374
0.34963067051798286,1.032720557129737,0.08856544359027489,-0.0709578115596662,0.9963219557459406,0.0009704765497080708,0.04802715536562055,0.37951294995187407,-0.14607840899727903,-0.04344995627213744,-0.3783166307343977,0.0020904566363804875,0.11724449395113383,0.33742204074875976,0.14385196410926535,0.1570980169436092,-0.36206099777192546,0.05474037015891896,-0.20935471580085613
0.3497451071562743,1.0327122015660588,0.08858705646412847,-0.07094539526798893,0.9963201545956483,0.00093227608261681,0.048083586576690956,0.3796534059694457,-0.14614280640644411,-0.04330793088599948,-0.3782675609959527,0.0018785856013320689,0.11730333529931404,0.337512355163135,0.14376248820600013,0.15725600947197238,-0.3620755552167085,0.054563085723946005,-0.20929858883326588
0.3498540218561009,1.0327210228756432,0.08861640307178716,-0.07100062950152321,0.9963106045396265,0.0009238014685922635,0.04819996351780775,0.3799684943922063,-0.146142103679924,-0.042643819459002745,-0.3782131706967913,0.0014673196175325515,0.11745428085671512,0.33767031021884336,0.14376226782391868,0.15743230413459894,-0.36202154289387894,0.054420660703649336,-0.2094059949194087
0.34994615188614997,1.0327177210961458,0.08864310732060386,-0.07106042322020538,0.996300986985901,0.0009220149246475622,0.048310552378993454,0.3801648389883315,-0.14610340339905747,-0.04240531949615999,-0.3780528487847253,0.0012351545779894306,0.11765020015348059,0.3378463504424506,0.14379231617300858,0.15730870970000604,-0.36199692290735835,0.054329000514643774,-0.20936882437167692
0.3500308878849138,1.0327288404089519,0.08866110349067605,-0.07111474048380367,0.9962952726442711,0.0009191450193737344,0.04834851150792613,0.3803580121560431,-0.14608391581695687,-0.04227518223998414,-0.3779248814165311,0.001085616883624822,0.11772662989449942,0.3380528478453027,0.14378831722563215,0.15755226935639252,-0.3619652388071465,0.05407907394063783,-0.2093776646479192
0.350107510887315,1.0327206637411859,0.08867332890762243,-0.07116548758329388,0.9962874443557055,0.0009007919532321242,0.048435422678716526,0.38039635009530204,-0.14607429969788685,-0.04247616345951737,-0.3775769032563938,0.001002331115922059,0.11762336317658671,0.3381907763505079,0.1437910059962197,0.15778547674786844,-0.36187350824707243,0.05400969594798143,-0.20938693919698517
0.3502038390147857,1.0327226349534055,0.08869540204244378,-0.07121118263825284,0.9962802598975949,0.0008970274366684505,0.048516044226831374,0.3804853776721013,-0.14602374333015394,-0.04238949459695641,-0.37726236428456483,0.000772966681600271,0.11754082233904439,0.33835920370571093,0.14379763014868022,0.1578629511094166,-0.36188074420103233,0.05391893858061578,-0.20932308856530712
0.3502868876676216,1.0327204225458329,0.08872981745193775,-0.0712853101607031,0.9962703319773238,0.0008863574400329857,0.048611156616291534,0.3805844471014325,-0.14603027952894024,-0.04245184806278433,-0.3768449654843743,0.0005634214991254978,0.11750685852705244,0.33856760188440366,0.14378259822108136,0.1580804658037572,-0.3618526444864288,0.05381327173016696,-0.2092233646124716
0.35037505210952447,1.0327243713621181,0.08875414387010283,-0.07134684694097715,0.9962640977516324,0.0009571329227323611,0.048647290359020726,0.3807089732261365,-0.14590152941398726,-0.04214890564052834,-0.3766004407229805,0.0002591037508006022,0.11771925775984962,0.33873117544236786,0.14393332866582745,0.15809343858151478,-0.3617524136863279,0.053684097045702255,-0.2091767539378606
0.3504392631450121,1.0327150287829547,0.08875865301581677,-0.07140440530334992,0.9962554772071847,0.000935356641644156,0.048739718361030554,0.3807627832375041,-0.14585332449474778,-0.04223019218783376,-0.37627517850908776,0.0002403009370232185,0.11771947587102573,0.33885558197948756,0.14393165083975898,0.15816929734829377,-0.3616687611827361,0.05362217636881248,-0.20923865189468666
0.35051510755929843,1.0327084388908476,0.08876938882926239,-0.07145080531715996,0.9962532922715005,0.0008940943868597762,0.04871714947482971,0.3808538898343984,-0.14595578329223804,-0.042170441569789455,-0.37605023142077393,5.9373045276521155e-05,0.11791571855173384,0.3389725069694742,0.14383588663430072,0.15827803632034876,-0.3615068642554494,0.05349830277508808,-0.20930144819413837
0.35059298695060886,1.0327069890946579,0.08877285640606661,-0.07148927176587111,0.9962486752570907,0.0009093743311023083,0.04875483677752493,0.3809621371576138,-0.14590910848417052,-0.0421387524520981,-0.37593143428180437,-0.00015528759879831924,0.1179428640902875,0.3391476041611078,0.14389407323505876,0.15832183378712178,-0.36153135155517024,0.053421740436776555,-0.20933328315367208
0.3506627081113864,1.0327067268368544,0.08878166820976277,-0.07158895767902784,0.9962434107735535,0.0009051917544258522,0.048716201171633305,0.38116131920380636,-0.14592245005158894,-0.04223821891257414,-0.3757471891821472,-0.0003208197427836282,0.1179664589045895,0.33933076013607527,0.1438633415929169,0.15830467637923074,-0.36129086366179525,0.05332391552014651,-0.209299622249841
0.35073673464941824,1.0327017804050997,0.08880113229337223,-0.07164823545288097,0.9962361949483506,0.0009719378393304349,0.04877529669983549,0.381371374781947,-0.14578432729919175,-0.04174039393039899,-0.37565411888884204,-0.00045609088624162135,0.11815860888924423,0.33954518921235866,0.14402310720258577,0.15830091560714568,-0.3613306333488222,0.05309728928671989,-0.20939721248597942
0.35080978256431855,1.0327021763886348,0.08880697579083546,-0.07170751122997619,0.9962288385278815,0.0009924767510031387,0.04883798837472595,0.38159517993039976,-0.14570248836762525,-0.0416353352876476,-0.37563960548369174,-0.0007045316135571638,0.1183024693864663,0.3396848727956621,0.14408442404182323,0.15836317359445434,-0.3612496290612115,0.05314926427368541,-0.2094060716568696
0.3508710202862942,1.0326992148623189,0.08878876446042185,-0.0717384899030218,0.9962252641083664,0.0010004836212544786,0.048865235609511816,0.3816933627011134,-0.14559941582823874,-0.04181933543096194,-0.3755528261328677,-0.0006949748462318336,0.1182118433893471,0.33978412343552966,0.14414034949221277,0.15837061857270932,-0.36116289080762193,0.05295373735131466,-0.20945529570309757
0.35094786726644506,1.0326849627762509,0.08880155285172334,-0.07176389511713153,0.9962230623320905,0.0009908137936057795,0.0488730163107989,0.3818323585268516,-0.14563324209462794,-0.04196821991020349,-0.37553748140287546,-0.0007625904533232146,0.11811153125584872,0.3399339152133303,0.14412511939349812,0.1583003749264102,-0.3612000567642498,0.05301361302003564,-0.20944951290690123
0.35101949148934475,1.0326819425584632,0.0888063592604137,-0.07176613986915825,0.996222007486698,0.001015928008800446,0.04889070318306691,0.38198037502271304,-0.14555999231114988,-0.04195630024560471,-0.37563658245122733,-0.0008614680301238357,0.1180194414286295,0.34002785176427763,0.1441963523055487,0.1584206422493992,-0.36120386476672167,0.05286494021838627,-0.20936930127906894
0.35109188907540373,1.03268231206981,0.08880462857648203,-0.07179895649478812,0.9962163946120846,0.0010448637193110127,0.04895623772479722,0.38211167611292013,-0.1454673595100804,-0.04203539975940307,-0.3755382251242513,-0.0009760849084867379,0.11780577711059918,0.3401010773089063,0.14426951361765172,0.15844451796622022,-0.3611202206373769,0.05276917215095906,-0.20931123473047236
0.3511772097514632,1.0326827982228795,0.0888050806101277,-0.07181891589749109,0.9962124464318209,0.0010864528390180453,0.049006372176114144,0.38229657236146314,-0.14531711472485043,-0.04201269273146828,-0.37562095168117626,-0.0011221032147125001,0.11766580416285322,0.34022531608895445,0.1443930052423813,0.15853500830053086,-0.3611056562796037,0.05278354380542407,-0.2093562170876115
0.3512388093594726,1.0326869603311386,0.0887699178720309,-0.07183375510226074,0.9962079713795403,0.0011137697020369359,0.0490749315314863,0.3823517829624344,-0.14513380605064655,-0.04185364035079595,-0.37540312277174104,-0.0013828988294715095,0.11754030687177938,0.3403143073275807,0.1445019946184022,0.15852482956299493,-0.3611340220794924,0.05270064424508517,-0.20930776914897786
0.3512924003880894,1.0326901206840293,0.0887791322718732,-0.07182415676806822,0.9962037088265843,0.001224835343812611,0.04917276485102662,0.38240395671569255,-0.14487899816503272,-0.041417371512379016,-0.37535175437932283,-0.0015542846624234039,0.11761492627673874,0.34042531738423937,0.1448024366214339,0.15852044870871426,-0.3613817232135497,0.052741821531505244,-0.20927538965728631
0.35136419659021667,1.032691482177954,0.08874857770526136,-0.07181995249999583,0.9961996007773042,0.0012494016443070405,0.04926143349080849,0.3823899669676059,-0.14469510997426016,-0.041517691470374124,-0.3751370291053128,-0.0016184069352751995,0.11745125521979619,0.3405219302299945,0.14490089756286567,0.15852178321281593,-0.3614836503254506,0.05264370921058872,-0.20916374096634127
0.35143117879232155,1.0326907730209485,0.08872859379352215,-0.07179327908598278,0.9962021292951356,0.001291434428626842,0.04924809501936698,0.38232121359349663,-0.14456628880393463,-0.0415132201467227,-0.3750137640014839,-0.001673219566527608,0.11727379742156363,0.3406365681839291,0.14502481828656438,0.15846413744543003,-0.3616882496973633,0.05263008026486445,-0.2091650752435931
0.351491316772654,1.032687392530695,0.088712999939929,-0.07177877953482456,0.9961991585109058,0.0013622251887121914,0.049327352789190634,0.38228061783123757,-0.1443590142763994,-0.0414925290280841,-0.3748206574863716,-0.0017161211162737423,0.11724009818831764,0.340659444428274,0.14522800726119364,0.158186270596563,-0.3617045005455791,0.05267680049321188,-0.209134660174348
0.3515586108193984,1.0327000885767823,0.088706856920053,-0.07177920972400678,0.9961966642678908,0.0014435969100580768,0.04937476259067825,0.382247348933146,-0.14415680548954146,-0.041301795653676324,-0.3746128601928897,-0.0019117311065254153,0.11732371090290679,0.3407567591774931,0.145422521220027,0.15814672334506896,-0.36179158023069596,0.05257539294581293,-0.20913896828029846
0.35163106297903185,1.032697030944427,0.08869542785324537,-0.07174142806221395,0.996200033712005,0.0014240728871703513,0.04936225631194553,0.3822064795052415,-0.1441508815124626,-0.041326074774651875,-0.3745296496923549,-0.0020416100957557875,0.11717808297341777,0.3408661460285464,0.14543306926033708,0.15843104400302854,-0.3620012293541112,0.05250436667803725,-0.20920178059892733
0.3516855075593698,1.032696217841022,0.08868713125206429,-0.07173739847090564,0.9961974546105831,0.0014886896292201867,0.04941822428223756,0.38228192066613065,-0.14399635251046206,-0.04079942397091664,-0.37449285053810294,-0.002037082828988604,0.11735740275925344,0.3408971652657731,0.14558649243312696,0.1582589033702257,-0.36196665700949315,0.052470440740698704,-0.20912132159119054
0.35174648923877394,1.0326892293235266,0.08866553142684977,-0.0717406112996852,0.9961942843976836,0.0014752583733454762,0.04947783378914639,0.3823288634331465,-0.1439087241457813,-0.04082839146578878,-0.3745130887375035,-0.0019470216251382155,0.11702337136473663,0.34095416510605747,0.14560086281010523,0.15828322859112112,-0.3620082091293937,0.052504311006854924,-0.20911153524994275
0.3518143904206498,1.0326872403969523,0.08867347478006035,-0.07177559650707512,0.99619112669716,0.0014702427697501146,0.04949081957388073,0.38244645968324076,-0.14387704379667604,-0.04069371154388855,-0.37440322154968964,-0.0020349107447217704,0.11683236423103069,0.3411503163476231,0.1456255717928202,0.15848351039124217,-0.3620547968001444,0.05237237787423995,-0.20910615016436002
0.3518586404298621,1.0326860945362706,0.08866742098179302,-0.07181784205685762,0.9961865741280869,0.0014714248153466795,0.049521126787005695,0.3826090304472584,-0.14382201234943964,-0.04051676655361608,-0.37443476782621554,-0.002165168662863417,0.11671783405135286,0.3412194031775811,0.14564177928606534,0.15838671161294837,-0.3619307219622367,0.052237950168436006,-0.20910891392779496
0.35189969166995555,1.0326796726720553,0.08865944552047014,-0.0719147805307965,0.9961784535089867,0.0013946636820617996,0.04954601920300783,0.38289454821910957,-0.14393194627498557,-0.04025159239527899,-0.37440839105089135,-0.002217396537067038,0.11660473151578885,0.34138487570649717,0.14548025724056637,0.15858247872627376,-0.36175526047963236,0.05205126280701033,-0.20915499627822431
0.3519578756103557,1.0326814900691645,0.08864959681222245,-0.07198640815103803,0.9961691468653187,0.0013234343357658642,0.04963100237446684,0.383131722422037,-0.14398474108738074,-0.040055374014649626,-0.37434531563170814,-0.002388309829265488,0.11644778883267186,0.3414820645079178,0.1453688914824028,0.15855835557158962,-0.36159435383460686,0.05197961600232407,-0.2090620950598809
0.35198907781084776,1.032678048247802,0.08864788555110369,-0.0720794418950384,0.9961596347036841,0.0012825607445299534,0.04968793898985098,0.38338564951682136,-0.14402518526748118,-0.0398014025223682,-0.37424713448791364,-0.0024118499414742677,0.11629958230454378,0.3416070087304538,0.14529076679509298,0.1588305202438723,-0.36141242369462173,0.05180434082696796,-0.20909703198461882
0.35201154136147844,1.032686189298108,0.08863976465504037,-0.07219222483862058,0.9961473247268856,0.0012525067255992161,0.049771692147455984,0.3837031054922305,-0.1439859669969333,-0.03952384258725591,-0.37424968247994583,-0.0026041510684349694,0.11616953074081038,0.34170198892002357,0.1453032313146791,0.1591489511946181,-0.3611373810593875,0.051641862646973985,-0.20922877222176914
0.35203047813108995,1.032687125624672,0.0886517060473592,-0.07234008297087752,0.9961337522970143,0.0012111015429957534,0.049829641414420076,0.38403835599631736,-0.14407520542840255,-0.03964601033002897,-0.3743383524354543,-0.0022639314932234424,0.11557490742080104,0.3418410173733092,0.14522458212090308,0.15937579417010944,-0.360740633496038,0.05140253530086211,-0.2092806684669529
0.35206448933013607,1.032683823869126,0.0886357636412973,-0.07246791328093077,0.9961218885058852,0.0011617384344619044,0.049882212741478714,0.3843879362057831,-0.1440907691432475,-0.03926893836716764,-0.37416376009787133,-0.002592375329733598,0.11559153037115262,0.3420680010851947,0.1451371391009972,0.15938126487856027,-0.3605875606671469,0.05137659812164672,-0.2094168500508895
0.3520754977480421,1.0326748109772932,0.08861876885547312,-0.07262759811497786,0.9961078959021351,0.0011371389402892965,0.04992993719704735,0.384726446443718,-0.14408390528345957,-0.03921437370722209,-0.37411393297968737,-0.002827287351650136,0.11562965200521456,0.34226306642203713,0.14515134320362755,0.15949916979291845,-0.36029381321856696,0.05116304685855404,-0.20954863244981914
0.35209194772817015,1.0326697547439674,0.08860593149456959,-0.07273424839230547,0.9960988292458607,0.001116692804526139,0.04995602549254969,0.3849533008213818,-0.14406279364664604,-0.039056563247305436,-0.37404014078355474,-0.0029761537946033185,0.11573285850987144,0.34234565352212026,0.14511933947480313,0.1594154720913218,-0.360046485248241,0.05113289286518879,-0.2094953321220866
0.35209608470870984,1.0326836436212357,0.08859184816508606,-0.07286786476607966,0.9960887175209355,0.0010816695635627125,0.049963697850393236,0.3851911071078319,-0.1441302088184447,-0.03923779695875214,-0.37400502260549046,-0.0027683068598821194,0.11535225517519926,0.3425169248245373,0.14504968198954882,0.1595522177650961,-0.3597728323360775,0.050936813671601376,-0.20958180752850356
0.3520878140196806,1.032680185141281,0.08857464622448308,-0.07297614394598882,0.996083346189324,0.0010701074657684423,0.04991297155114478,0.38537448249802847,-0.1441209401361585,-0.03925482375616923,-0.3739850821235316,-0.0026222310977406333,0.11491376224716524,0.3427027244683319,0.14503025928507388,0.15961074323944371,-0.35965005127916405,0.050907446185966536,-0.20960565056277455
0.35209764287359124,1.0326722166399982,0.08855104800622936,-0.07307380369816478,0.9960749658353574,0.0010343175770974014,0.049938080022397136,0.38565376282516683,-0.1441033525479752,-0.03898786098890575,-0.3739663351232946,-0.0028862082976367272,0.1148808061159874,0.3428760378495293,0.14498765598332827,0.15949908560058418,-0.35956697273183036,0.050761442572889795,-0.20966157639743885
0.35210656125233086,1.0326828662579939,0.08855584790622631,-0.07319775372365203,0.9960690772475225,0.001056177538052456,0.04987350689583629,0.38596014155396485,-0.14411819563096667,-0.03876178302455513,-0.37405430638122006,-0.0030148336572616294,0.11486503898368389,0.3431157238163607,0.1450388486917099,0.15956603156654162,-0.35942869935981575,0.05057741799830661,-0.2097423530450422
0.3521057151607784,1.0326705518536539,0.08853563466747706,-0.07328379921877776,0.9960640056319655,0.001049817261563737,0.04984856407343209,0.38610406611542153,-0.14409462335751588,-0.03905469090026753,-0.3740650756837624,-0.0030599719824170473,0.11472317527465757,0.3433322354152347,0.14504881246975224,0.15951001191567987,-0.3594947457362888,0.050570720945745364,-0.20989345081184665
0.35210312472879424,1.032674730977384,0.08852221411025933,-0.0733540828519342,0.9960623001888015,0.0010471294917856011,0.049779274717222315,0.38624780671412096,-0.14413058071798598,-0.03928465930429208,-0.37413481575514057,-0.0030204359854006427,0.11441344107453551,0.34347350058117093,0.14504665030617656,0.1593698091637155,-0.3594123204290547,0.05042339583243296,-0.20995983175883323
0.3521036877727583,1.0326672100502168,0.0885188023305701,-0.0734052533832568,0.9960646003166317,0.0010821198808536735,0.049656920850694265,0.3863117066362088,-0.14403428530592877,-0.03920213376221366,-0.3740619675929779,-0.003162884060454603,0.11458832761188541,0.34370191533408767,0.14507463885840385,0.15917330670840116,-0.3594934123681109,0.05043730829070025,-0.2099726171814249
0.35207335954472385,1.0326699009068498,0.08852568944193172,-0.07346246533017492,0.9960631687755505,0.0011428807616310813,0.04959963528078453,0.38639689842069347,-0.1439669706933521,-0.03895558417058555,-0.37404712765924303,-0.0033613778607783007,0.11491771785965357,0.343895982692645,0.1452012645674731,0.158836444085606,-0.3596352197228385,0.050426541608339426,-0.2099725809231955
0.35203672067756214,1.0326675456215935,0.08852646231904124,-0.07355237492622337,0.996057623300993,0.001131918230141378,0.04957799882820604,0.3865365416098109,-0.144005424329531,-0.039556551329713065,-0.37418604601742794,-0.003133983476894898,0.11467028341229547,0.3441181890737823,0.14516985634872928,0.1589525727521362,-0.35970198900113254,0.05035958526947187,-0.210055575099386
0.35199727473357817,1.0326487680856709,0.08852295340764935,-0.07361742333849397,0.9960516060513351,0.0011697446849615724,0.04960145926209056,0.38662144465703674,-0.14394987488092964,-0.03975451786241313,-0.37415671207695267,-0.0029395660263257647,0.1144967287501628,0.3442220014694498,0.14525329236661924,0.15861099022787856,-0.3597501337840748,0.05048726892716526,-0.2100256314169859
0.35198328659006783,1.0326451953405398,0.08850560331333929,-0.07366161948225232,0.996050634407387,0.0012024703833911484,0.04955455152527236,0.3866885830365483,-0.14386128362811404,-0.039800887620653425,-0.3741924633557403,-0.002880515468575118,0.11431983780819821,0.3443871057466906,0.14532561390069704,0.15882459531450044,-0.35989479095737587,0.050450756311274596,-0.2100578824471238
0.3519377739718393,1.03263759647432,0.08850853179384262,-0.07372289744183164,0.9960447130636925,0.0012489922005272346,0.049581286682885826,0.3867396280580037,-0.14374169501968137,-0.039756253539745066,-0.37416394745190085,-0.002814537405675208,0.11417886664861315,0.3445214342143534,0.14544252514368328,0.15858543985284207,-0.3600148503232676,0.05054783011418978,-0.2100232549637228
0.35189489034412524,1.0326213187234652,0.08851155374932725,-0.07379782907932261,0.9960385672811218,0.0012746890946960365,0.04959262121990564,0.38689103146920456,-0.1436594249273871,-0.03955803972537395,-0.37415236989574474,-0.0029591469182107736,0.11438885013362389,0.3446676324801016,0.14549870453777597,0.15875505125285666,-0.3600364548293503,0.05061350427406048,-0.20998920780525143
0.35180635370329844,1.032624742182646,0.08849383835980557,-0.0738981949521134,0.9960281119988612,0.001307607514486599,0.04965226131196414,0.3870439068001538,-0.14354909940030453,-0.03962223390945367,-0.3743277874492066,-0.002733687569294066,0.11405853953228758,0.3446693404362909,0.14559040870077272,0.15882725557577787,-0.3599255335429326,0.05087369117395192,-0.20996705319205233
0.3517406830701208,1.032615786590205,0.08848107012919638,-0.07392721812192356,0.9960237063877633,0.0013566876410901554,0.04969609776411842,0.3871029593188896,-0.14341545536016073,-0.039024307724468105,-0.3742827057370482,-0.003106174860954616,0.11465181737588269,0.344605850992509,0.14573191990572346,0.15887935392185393,-0.3598613793833135,0.05086628923312631,-0.21001640536151464
0.3516879371093783,1.0326127666041687,0.0884633233732786,-0.07396392217443824,0.9960163618828838,0.0013294984419091307,0.04978933130752824,0.3872176993407749,-0.1434185470268389,-0.039217173133348444,-0.3744890609656248,-0.002757080870261164,0.11437179124820773,0.3444910578273253,0.14570765826512297,0.15914368999572845,-0.3596939770723005,0.050875837811314654,-0.20997967767222098
0.3515939234572631,1.0326189161445496,0.08844566640072986,-0.07396721201134203,0.9960153774006993,0.0013207620742614451,0.0498043684444944,0.3873017826291067,-0.14344744564562217,-0.03876806617211142,-0.37481373036566,-0.0026605554607426543,0.11435517272385542,0.34440854320439146,0.14570812671018113,0.15928460046181764,-0.35972992183583574,0.05103748547058253,-0.20986051865676858
0.3515074991015339,1.0326141556251331,0.08840710859531217,-0.07394674086889493,0.9960160383472607,0.0012541009925363148,0.049823268666327074,0.3873019854436226,-0.1434885649933368,-0.03876637225533756,-0.3749976371517408,-0.00270338827366093,0.11455973921431187,0.3441310951690955,0.14557195127019712,0.15926919029465691,-0.35946327189389077,0.051082184318317014,-0.20979425643489602
0.35140777448457655,1.0326139520190334,0.08839358687821587,-0.07389294416830379,0.9960175987002319,0.0012032671195363334,0.04987311931093486,0.3872462761939384,-0.1435697660950533,-0.03865401577523055,-0.3753307697238967,-0.0024236367036989783,0.11459496366860913,0.3439364527676139,0.14547485261105012,0.15934421664261025,-0.35956929573073604,0.05109510013288657,-0.209741567787698
0.35130213371971714,1.032611601489408,0.08839674445429968,-0.0738693533256663,0.9960158874573564,0.001210831795441456,0.04994201095416475,0.38727533086150184,-0.1435635438901807,-0.0386608563270504,-0.37576674760372736,-0.001956875320824686,0.1142039126344901,0.34365562280629675,0.14549718001158155,0.15952299823652846,-0.3594535263615987,0.05122225161417784,-0.20975000323320844
0.3511829654286787,1.0326073605351542,0.08837415824186286,-0.0738665026021664,0.9960168694621492,0.0011951490628808103,0.049927018325369575,0.3872828075459638,-0.14355078304349428,-0.03846192636855993,-0.37595475444441356,-0.002015231794297744,0.11418491590611764,0.34343229834391453,0.14545688214421373,0.15954569341981467,-0.35931789921684604,0.05144306515323571,-0.20965041879410723
0.3510881574052164,1.0326076656641487,0.08835780407926061,-0.07383954974392944,0.9960184442541884,0.0011613355189366618,0.04993626837172036,0.3872111523959386,-0.1435971338122762,-0.038401023017254975,-0.3761384721515416,-0.0018533297233990747,0.11413630380092982,0.34328633491423893,0.14539441130450906,0.1595878343119065,-0.35937362418561547,0.051666163551633865,-0.20960347122139364
0.3509578939602497,1.0326266366984402,0.08835218088429989,-0.07388069175557799,0.9960159314941196,0.0012239328718431628,0.04992403813739155,0.3871334860127217,-0.1434822794576137,-0.0380852070539276,-0.37604675728865444,-0.0018921098359631608,0.11436549331195507,0.3432260896942889,0.14551389932307088,0.159640922327935,-0.35936817602054183,0.05165178715361673,-0.20963343738280174
0.3508331339833049,1.0326278903789006,0.08835288909565996,-0.07389832684654668,0.9960153827766794,0.0011975495068251296,0.04990952250507249,0.3869762114874304,-0.14356331406190972,-0.03855014925227961,-0.3761357093851364,-0.001505208630716541,0.11395168884727287,0.3431576169887241,0.14546218297508107,0.15973047784638783,-0.359404682830574,0.05182337323700388,-0.20955333718276187
0.3506914452038711,1.0326182127372483,0.08835723688110722,-0.07394661580454542,0.9960127806932004,0.0012520753999586448,0.04988858600969121,0.3868932340559274,-0.1434898306567791,-0.03881902704649683,-0.3761282887096106,-0.0012626578051330294,0.11368927168102223,0.34320265592169763,0.14555038728138517,0.15952055284781647,-0.35956661163184933,0.05198166610196695,-0.2095880323998079
0.3505625875181234,1.0326167298009667,0.08834229188370861,-0.073983247036991,0.9960160042273003,0.0012652313518121206,0.049769445150336676,0.38672621338009494,-0.14346960526682012,-0.038801114506865526,-0.3759520373492341,-0.0014239163701928014,0.11391007295508156,0.3431283214293955,0.1455503533303454,0.15939920593213086,-0.35947364475629995,0.0520968146867207,-0.20960819782416937
0.3504164927731856,1.0326273287758057,0.08835486385217714,-0.07405760783975197,0.9960136290513821,0.0012926105440120884,0.04970563974973879,0.3866311968831303,-0.1435090515107666,-0.03909850642728661,-0.3759078542477402,-0.0011721153999212602,0.11372067453176028,0.34316522195755833,0.1455453563076995,0.15916641631944675,-0.3595165516663671,0.0522339955157877,-0.20956903083278072
0.35026719732623685,1.0326359749667526,0.08836373891555953,-0.07416095611050288,0.9960126272438883,0.0013442047539551783,0.049570072353010766,0.3865338792942211,-0.1434522937773673,-0.03886227494370754,-0.37558785377970616,-0.001328072068423011,0.11421881814506381,0.34325047191167635,0.14558762876187753,0.1590449458788269,-0.35942202910959087,0.052322315388157674,-0.20960600225399784
0.3501020061647444,1.032627599768826,0.08834901596344298,-0.07426324667052334,0.9960066133159038,0.001331107320907083,0.049538112380640376,0.38638461939591784,-0.14349413478077253,-0.03935087397224435,-0.37534704994061774,-0.0011011176329394415,0.11419048410943117,0.3432736236741245,0.14554503016669632,0.15908589401468537,-0.35935237393385894,0.05237485567971678,-0.20952062820461267
0.3499143732558121,1.0326342244269489,0.08838487223892456,-0.07442064406242838,0.9959971993177155,0.001388748916748919,0.04948957531689243,0.3864666406668208,-0.1434986303337032,-0.03934974742792673,-0.3753668830506687,-0.001125898011140147,0.11448391116989665,0.3433316530310938,0.14561975602423874,0.1590741812831086,-0.3591999700626712,0.05238076289261493,-0.2094559561309144
0.3497215504232829,1.032629275030305,0.08836571998780761,-0.07458074184528841,0.9959864679454082,0.001378641671829093,0.04946481540021629,0.38650636605783506,-0.14347501723904335,-0.03922045782225766,-0.37513542041365505,-0.0010091144826632587,0.1148612370288877,0.343424801557735,0.14558145035090259,0.1590716419692036,-0.3590969403681992,0.05246485663138658,-0.2093946901173263
0.3495434333894358,1.0326237701674907,0.08837958193345666,-0.07469486508668398,0.9959782989999282,0.0013354572258929345,0.04945828145912048,0.3864818576170411,-0.14357257985314537,-0.039574274770733525,-0.3750313685918797,-0.0007939867690211702,0.11488306960810028,0.34340023376888745,0.1454659463070949,0.15912281917207133,-0.358967782521273,0.05264018432156411,-0.20940265189256382
0.34934250210584666,1.0326387488694708,0.08838138293942924,-0.07491093454321596,0.9959647403385018,0.001295119002809621,0.04940557210569643,0.38661833083652414,-0.14372498151087282,-0.039988887832433845,-0.37494209422765945,-0.0003327019908309506,0.11442466167555114,0.3432870870130117,0.14529691171866826,0.15921709069986525,-0.35821447356381514,0.05260666223175495,-0.20941942324193472
0.3491410129368302,1.0326611096184353,0.08840500722986559,-0.07507525443809404,0.995957151331913,0.0013025020797219767,0.049308846774272025,0.38662942016149804,-0.14379071416150807,-0.039825117264414726,-0.37471586156102027,-0.00043864270080061697,0.1144412567493397,0.34327349155830966,0.14523640393849263,0.15922425205112808,-0.35784508669714654,0.052580828214068995,-0.20948744638545727
0.3489292939917105,1.032660013432703,0.0884062339611472,-0.07527513596442742,0.9959451248909075,0.0012872254106399857,0.04924738736536104,0.38669249958798974,-0.14383271999671254,-0.03975464081288904,-0.3743832097208389,-0.0005746903730175324,0.11463968743112021,0.3433944463726758,0.14518857589494885,0.15925519202519633,-0.3576325249269487,0.052500498864424795,-0.20963281472861575
0.34873409423167556,1.032657046313345,0.08842982245324672,-0.0754371688116637,0.9959301542185532,0.0012506155475001544,0.04930311796065014,0.3867154151573151,-0.1439095651241898,-0.040263668204924476,-0.37422541304037504,-0.0002520464216587261,0.11442039906632931,0.34339272371620283,0.14508782611732443,0.15937040899107838,-0.3574397046369649,0.052767408346510856,-0.20964348371211608
0.3485245310799227,1.0326634092232914,0.0884505603958669,-0.07560642028433193,0.9959184435395048,0.0012534207470624504,0.049280340563656946,0.3866547352727908,-0.1439494634108927,-0.04040318976069094,-0.3738897585557699,-0.000303151025911336,0.11431401964123163,0.34348397263342395,0.14506345990845138,0.15956142021832698,-0.3573128540731692,0.052829601755756135,-0.20966460460211384
0.34831863546884373,1.0326751854445184,0.08847164257524548,-0.07575489474289325,0.9959102261720537,0.001241527010549317,0.049218654381280716,0.38652313861821563,-0.14404793628638535,-0.04059832876007573,-0.37345222804853834,-0.0001241715313308942,0.11423950898758337,0.343542361109434,0.14497890967563026,0.15969887350504308,-0.35722185082699004,0.052935692623615735,-0.20961837576419073
0.3481268683465202,1.0326757479446047,0.08848677855505699,-0.0759236669115465,0.9959001987116733,0.0012612977856193818,0.04916096151063409,0.3864444769206691,-0.1440664480708546,-0.040859002277469685,-0.37309902204457224,-5.543559368948112e-05,0.11427013542622033,0.34361734318333154,0.14497687363550715,0.15960704808533166,-0.3570519893244021,0.05299998927505484,-0.2096812557164022
0.34790287483454185,1.0326776954167272,0.08849460285503695,-0.07612587617043517,0.9958868011406826,0.0012615819073528787,0.0491196366248063,0.3863948685873712,-0.14410839170415232,-0.041108702363159576,-0.372666895279414,7.115188044002678e-05,0.11417969603803096,0.3437536098313894,0.1449536757851229,0.15951714082152682,-0.3568920199661724,0.053143515333149094,-0.20982603177861245
0.34770546726288426,1.0326803490516143,0.08849176195231019,-0.07629144409905786,0.995877218835279,0.00122846547586309,0.04905783764868282,0.38630472897225987,-0.14418439091238108,-0.041162127719497996,-0.3721909007786509,-0.00020516823821671042,0.11478666631605934,0.3437835518549571,0.14484440135598803,0.15961847027147585,-0.35659726508891104,0.05315661089036361,-0.20986813052113054
0.3474756957608615,1.0326909247238385,0.0885170411488539,-0.07651843697666354,0.9958595163454503,0.0012052248237341004,0.04906424298792841,0.386382361962086,-0.14427362397624724,-0.04132023067013095,-0.3719694857710481,0.00010250763072936595,0.11468125294318685,0.34396090813563684,0.14478699944458553,0.15973532155360345,-0.3564572859501067,0.05318171967619308,-0.20993634261877392
0.3472570994443235,1.0326816020750975,0.08850722185936193,-0.07667037148358692,0.9958517542734064,0.001176728958011839,0.04898523202054859,0.38630851198163574,-0.14436236599415156,-0.041480392572265365,-0.3716524919290494,2.3830549183322062e-05,0.11510279770918265,0.3439355578732946,0.1446973687267549,0.1595576507426308,-0.3562134494018966,0.05328317256068076,-0.21004190975533102
0.3470252637004754,1.0326989453406887,0.08850589586851866,-0.07682643679888917,0.9958443716723105,0.0011118715810492107,0.04889222595622504,0.3862525121471004,-0.14459912112693826,-0.041871925014892494,-0.3714940330214279,0.0005087492407781196,0.11486150000164379,0.343979745717648,0.14451816240762552,0.1596489037142025,-0.3560679878943032,0.053265501166493194,-0.21014837811447568
0.3468010846694214,1.0327034254489418,0.08851795604522956,-0.07685220026732911,0.995846602521425,0.0012306431280839803,0.048803371585337874,0.386023919769619,-0.14438488334568972,-0.04148208874625014,-0.371411956268326,0.0005297096144044732,0.11520561213840351,0.3438367024465932,0.1447600589339702,0.1597731819340152,-0.35611282733339555,0.053532479945557744,-0.2103930273166199
0.34653372951102135,1.0326905424768913,0.08852940382514606,-0.0770073782704571,0.9958462825277463,0.0011346341063522762,0.048567045133745844,0.38589833632357023,-0.14468086941884029,-0.04196073475297434,-0.3713108836884553,0.0008042784962258476,0.11517085153121935,0.3438170336040889,0.14442694450231497,0.15948356251054316,-0.3558119759158149,0.05367768572462071,-0.21050333311150382
0.34628142186885036,1.0326986903964062,0.08854348279384087,-0.07706468854310008,0.9958495966586639,0.001108535181412387,0.04840852987111947,0.385688120665523,-0.14488676227489858,-0.0424250852697218,-0.3714401068449297,0.0011901726440395597,0.11481732042049109,0.3437955271270649,0.14426081575086372,0.15905491861846402,-0.35595326547318984,0.053853673390580864,-0.21052608511064538
0.34602904111718336,1.0327048857377639,0.08855685365751234,-0.07715826121368496,0.9958533231112007,0.0010767105901433136,0.04818300809584676,0.38553213039439976,-0.14505442198118546,-0.042754590997885346,-0.3714657054456738,0.0013864712838556272,0.11474492384851735,0.3436579920189633,0.1440436535642506,0.15884403099210817,-0.3556407293166261,0.05405354417855725,-0.21056959346554988
0.34579051026513424,1.0327159842934668,0.08859508716790807,-0.0772056668735229,0.995857284802258,0.0011474682055332512,0.048023292531919184,0.38529529959006786,-0.1450602150209257,-0.043232280034730744,-0.37149999115240323,0.0016498569255842346,0.11461292824416705,0.3435720970370332,0.1440568461283342,0.15840403490257807,-0.3556538402494078,0.05427130569928831,-0.2105328555657758
0.3455319144871054,1.0327209530173662,0.08862477757664636,-0.07730977013401136,0.9958584509268332,0.0011494688652229385,0.04783120195816014,0.38501579012816084,-0.1451687794403132,-0.04357700482017966,-0.37123182458610515,0.0018910838285524586,0.11444348723111085,0.343591906179339,0.14395847941076473,0.15824299629760388,-0.35569477032087476,0.05433469280774033,-0.21062786659457988
0.34528098181813743,1.0327440769269232,0.0886314933111057,-0.07744713082597403,0.9958576689884658,0.001131493485214122,0.047625253449996206,0.38486543848625193,-0.14528866778169464,-0.0439738585340893,-0.3711241293443356,0.002312067529089525,0.11418402041566574,0.34340033990253865,0.14374017439663356,0.1577780477476716,-0.3551218211884838,0.05433381902060549,-0.21066208815287382
0.3450040389566152,1.0327292380682547,0.08866560640690271,-0.0775273820691609,0.995857958279196,0.0011332426613006067,0.04748839566214207,0.3846066436223448,-0.14540922218499774,-0.044266150991461986,-0.3708844900235329,0.0022926009818754,0.11425691685794842,0.34341368016332485,0.14370363567161384,0.1578347940680277,-0.3552830229366638,0.05450118924951282,-0.21066302074607243
0.34476521712044456,1.0327329621681898,0.08865184340285233,-0.07763587270114312,0.9958538990243462,0.0011582805988822862,0.04739558475209787,0.384508284353838,-0.14536180740334412,-0.044450534800118686,-0.37092101751078044,0.0025222836242065005,0.11434110368660683,0.34346281131450496,0.14372750147851068,0.15754344617066868,-0.3553892699426797,0.054912697951994535,-0.21072618011204336
0.34455092405674625,1.0327381298358023,0.08867020996341905,-0.0776385763077911,0.9958583454128406,0.0011401428895806947,0.047298069883347935,0.3843353389696853,-0.1455161344429423,-0.044884271400808,-0.37117786087866583,0.0028571425792993355,0.11408850784188945,0.34327642733172403,0.1436162549363269,0.1575289726504755,-0.3554307850854141,0.055005567408750136,-0.21079780645536728
0.34429129944705167,1.032736104862207,0.08867655519293026,-0.0777344652515629,0.9958559380306047,0.0011326479831462745,0.04719132028015674,0.3842733005193391,-0.14560931423782136,-0.04501363483749927,-0.37137165339406697,0.003174569012683373,0.11396928634286635,0.3432458446320089,0.14351711475979037,0.15739998929246674,-0.35546768770963255,0.05517354220315933,-0.21086448345872302
0.3440732796341241,1.0327261865609956,0.08867388631281012,-0.07772420676197522,0.9958598012616399,0.0010808439138243514,0.04712786533233517,0.3841622853926494,-0.14574043111725413,-0.04488588642665978,-0.37166056053610114,0.003440520744875488,0.11421004875073176,0.3430245007131997,0.14337754664103314,0.15756876365801334,-0.3554994248765372,0.05541974667469574,-0.21099911937995922
0.34382679027237484,1.0327232463215914,0.08864511135292956,-0.07778983119443288,0.995855837622933,0.0010174934668630874,0.047104750738252425,0.3841708355303434,-0.14588550587413626,-0.044818608142991476,-0.37187417573167186,0.003540026596907848,0.11442070513558189,0.3429723392735066,0.14326913773573186,0.15758549706692102,-0.35564143446471236,0.05562943482814585,-0.2110815058315585
0.34357205218344644,1.0327304432760593,0.08866089958762982,-0.07780650231447776,0.9958580352232739,0.0009584211295570277,0.04703193923033527,0.3840666008131813,-0.14611357804122987,-0.044985321130705316,-0.3722977239272919,0.004185616137284028,0.11417265099600057,0.34274209652011695,0.14306480120365328,0.1576470548035642,-0.3556181511670361,0.055828312302614355,-0.21102730524416283
0.3433256930001386,1.0327300019649104,0.08864210248969819,-0.0778878624242239,0.9958577045264718,0.0009144499775295554,0.04690497845101489,0.38418920926663686,-0.14626198553671946,-0.04462021799421571,-0.3727115235322586,0.0041550678061317665,0.1145957545729985,0.34266873288465166,0.14293752162656442,0.15761747125906145,-0.3555668838998719,0.05602948470281687,-0.21101101912066886
0.3431102112180845,1.032720168700662,0.0886317812003117,-0.077920112083201,0.9958566060499703,0.0008308391725374064,0.04687628425808702,0.38409242953552464,-0.14646241141147998,-0.04501896042196193,-0.37290805858757187,0.004750267859111196,0.1144096520867184,0.3425458537588769,0.1427318249956678,0.15765674197998958,-0.3556813740672079,0.05629678189641906,-0.2109497464416332
0.3428957352100232,1.032713861592153,0.08862597474767957,-0.07791396190663041,0.9958607469394536,0.0007839091199969986,0.04679928131603314,0.3839340324024154,-0.14661947075513826,-0.045198266813260106,-0.3732629011494181,0.005318864279414973,0.11406840546144158,0.3424905864194877,0.1426332690622683,0.15764317823631188,-0.35603429125000535,0.056485428263398064,-0.2109166090971317
0.34265553612294836,1.0327080273484686,0.08860729050231148,-0.07790007240593015,0.9958673577011596,0.0007453568986887495,0.046682213181843964,0.38374432538300196,-0.14674505791629008,-0.04536073876008883,-0.3735970067825279,0.0056357887944074965,0.11379823234416264,0.34230065173340246,0.14247200367275145,0.15742504421280126,-0.35609959686185644,0.056792168513612636,-0.21088262948172015
0.3424415165738675,1.0327151054520816,0.08860167183880842,-0.07790325279942456,0.9958740500357284,0.0007137867540305497,0.0465343977845873,0.3834896563814832,-0.14687303979487143,-0.0456385994511266,-0.37368958734031354,0.006058862284464582,0.11351583081453152,0.3421564756206318,0.1423568470427461,0.15743054794158132,-0.35617283634199265,0.05683133719580749,-0.2108612378993612
0.342225011076799,1.032719920818045,0.08857459288314898,-0.07795727829714524,0.9958781555038381,0.0007059303343833743,0.04635583904038106,0.3833155971189853,-0.1468879121199216,-0.04571239161395694,-0.37368765365353973,0.006074163397707579,0.11360880712005939,0.34195545264466404,0.14225800489172144,0.15739719537359825,-0.3558710762189493,0.05697231910636181,-0.2107296479365752
0.34199680131909904,1.0327376326354212,0.08859174656981854,-0.07801570941546196,0.9958772588553636,0.0007299710079639355,0.04627636028748126,0.38319193700510207,-0.1469598083034307,-0.04578260129332648,-0.37381405436792997,0.0063967325217572,0.11353579189788247,0.34190754251603483,0.14221197432669225,0.15740135194592017,-0.3559250894032538,0.05705950458037392,-0.21049970472474366
0.34175297947802885,1.0327306675680143,0.08855152827765753,-0.07815044145449863,0.9958721640031555,0.0007585512615581743,0.04615805524632239,0.38315904599206774,-0.14690368403391219,-0.04593458556176411,-0.37383431968208225,0.006558333029496712,0.11348451800453516,0.3418079129672508,0.14226063271881007,0.15733373913549153,-0.35562838612040915,0.05721161185563007,-0.21032300101506485
0.3415162595487577,1.032738732325317,0.08850593821939853,-0.07823797173745421,0.9958719565921712,0.0007425013018832481,0.04601428629791655,0.38304941689562816,-0.14691867657785676,-0.04592671254932689,-0.3738128053345607,0.006634649530359855,0.11373127436664648,0.341813506256877,0.14217979452167456,0.15698918429649963,-0.35568052865218647,0.0572807826046107,-0.2102462913905879
0.341286120310105,1.0327445272471043,0.08848433318182994,-0.07833675608463524,0.9958713459109748,0.0007639937579732909,0.04585881979660526,0.3830027974612731,-0.14694179634266208,-0.046068776853003986,-0.3739447044861124,0.006767835193628391,0.1139005476732581,0.34182813267632367,0.1421648556709114,0.15679764462190662,-0.3556395157665543,0.0573016648096584,-0.21024334033119096
0.34102519224447725,1.0327366477430093,0.08844931389390297,-0.07847952416445726,0.9958647439125775,0.0007491074901532154,0.04575822283289633,0.3829322232631543,-0.1469678799612853,-0.04663761600998033,-0.37395715727343354,0.007240936719544747,0.11365020278018458,0.3418633980049821,0.14211304776981382,0.1565798806417522,-0.35556660503812054,0.05747414942230837,-0.21020300169221148
0.34081712532076114,1.032718649581528,0.08842775941645589,-0.0785811063516283,0.9958633024005947,0.0007967239972994702,0.0456142289993778,0.38283495594813616,-0.14692588478522856,-0.04710994530568211,-0.37391724681724425,0.0073746762439073615,0.1137194155714086,0.34189652664980075,0.14217453386947973,0.15641448928071147,-0.35557453021600977,0.05769520117457873,-0.21020448437573955
0.34058960565935054,1.0327342553817305,0.08841691612913911,-0.07869319026381387,0.9958600344886228,0.00087284017894948,0.04549078658853892,0.38276391116486314,-0.14689771185185196,-0.04723343592033554,-0.37400263645406423,0.007796601477903802,0.11354961886046996,0.3420209238944643,0.14228622294875848,0.15626942815768533,-0.3557298126197982,0.0577779571940386,-0.2101882748192766
0.340383851439616,1.032731186090508,0.08837698085000341,-0.07880849566835867,0.9958563976843922,0.0009085270493823839,0.045369932556228426,0.3827670297298812,-0.14681769846767564,-0.047336785500617075,-0.3740120290629389,0.007719606932400029,0.11387000941451984,0.34206147684374916,0.1423490367663951,0.15616132720513382,-0.3557155355186836,0.057899241176413804,-0.21007559961135228
0.3401790607974835,1.03273965753833,0.08834802308145609,-0.078915733650382,0.9958514809459162,0.0009522038226577246,0.045290486728754915,0.3826966099005653,-0.1467622026730236,-0.047786591513591506,-0.3740327413437181,0.008082138389704178,0.11370562218575146,0.3420844547309683,0.1424366574499675,0.1560892232093534,-0.35568898839827234,0.05798958953450952,-0.21006843973467787
0.3399692742655586,1.032732540245409,0.08832251265188028,-0.079045829307409,0.9958418908943097,0.0010058547611951055,0.045273319575097136,0.3827355152680104,-0.14667038034277918,-0.04801564422565446,-0.3740960590811731,0.008280364681210356,0.11342249254985798,0.342153787004912,0.1425663828906617,0.15606071260243043,-0.3557389565191796,0.058079000843932124,-0.21011564784549305
0.33975925984990646,1.0327304727613176,0.08826195958310548,-0.0792088735865734,0.995830601213341,0.0010527168037493045,0.04523560345074561,0.38276929938944393,-0.14646631088936196,-0.04792651102403578,-0.3739375113090723,0.008159771620569736,0.11369533673950045,0.34226990958328424,0.14268777718028805,0.15593225033345506,-0.3556851164429839,0.05821199814869227,-0.21014943506239617
0.33956845859335205,1.0327200550585083,0.08820298809572806,-0.07934904361132343,0.9958186208565105,0.0010974692470901233,0.04525261533499761,0.3828481303762507,-0.14632361358355497,-0.04805939918973311,-0.3739081724440438,0.00837050117214098,0.1138215140620803,0.3423442999730847,0.14286604895965177,0.15591344949453118,-0.3557025370008812,0.05846390833674979,-0.21020466869959728
0.33936949613987205,1.0327188135257963,0.08813454478308656,-0.07945772976100522,0.9958109725098523,0.0012023825119675995,0.04522754123876363,0.38287336302265235,-0.14605922336560356,-0.04817286971010985,-0.37401452340547453,0.008524869336868628,0.113921306636076,0.34237916254542994,0.14314138734932863,0.1559156038006119,-0.3557376811735647,0.05861517964602868,-0.21030088435958233
0.33918654341648086,1.0327261673755843,0.08806047646066545,-0.0795588005943505,0.9958044021046252,0.0012285190734555688,0.045193813049183525,0.382852243436165,-0.14597182168591866,-0.048299297781711895,-0.37403697982537243,0.008553212168990519,0.11413390644107013,0.34248399243642597,0.14326542358305663,0.15639674623514402,-0.35584224079650845,0.05850051946899231,-0.21046022514632357
0.33900577063553444,1.0327191433857272,0.08801240374506597,-0.07965795374891682,0.9957982351804705,0.0012526859558282624,0.04515435741865696,0.3828247777918385,-0.1459118323061927,-0.04842678481278431,-0.3739847688201474,0.008799853432222648,0.11434023504071156,0.3425827310025606,0.14336738137999286,0.1568726810829785,-0.3558186279518338,0.05853749494424395,-0.21082057546749655
0.3388410071927021,1.0327022228776683,0.08794349019042852,-0.07970520040115807,0.9957902442501161,0.001278335393813041,0.04524639592195566,0.38282480316275425,-0.14575222472600374,-0.048407147272302754,-0.3741001366987885,0.009101311107643837,0.11446538645273084,0.34226344538363307,0.14350211373669405,0.15643017653103375,-0.3556334303325805,0.058877851429527,-0.2108489544385198
0.33866735650309526,1.0327204575311564,0.08788539746264275,-0.0797229657219078,0.995791143810513,0.0013002385047390587,0.045194645975873984,0.38261817789274266,-0.14566228262576178,-0.048889304318739286,-0.3740855275427174,0.009304305259960434,0.11419689311127443,0.34223537722857544,0.14357382327618476,0.1569356720140499,-0.35565752349677116,0.05884221136634546,-0.21103419283323643
0.33850023969193593,1.0327315701250304,0.08782931840615207,-0.07979979487481474,0.9957854457029144,0.0013585375921662528,0.045182886581053794,0.3826749462848412,-0.14552744769499298,-0.048771573062937064,-0.3742466161929532,0.009343756729090352,0.11433533423073754,0.3421401731377025,0.1437492960638392,0.15664974541619123,-0.3556499993565587,0.05889126453139699,-0.2110449801143242
0.3383386584509571,1.0327112924265591,0.08776554395128285,-0.07980183891512016,0.995783900674787,0.0014352445561841547,0.045210947078501255,0.3825034199817894,-0.14532835031087135,-0.04937224405898006,-0.3744808298369389,0.00996339871798571,0.11385453044344196,0.34197214981432655,0.14396884962200263,0.15620324241137037,-0.3557598076324835,0.05926332509265524,-0.21098134875029378
0.3381832522458005,1.0327182556311372,0.08769496189429761,-0.07983771554844162,0.9957872048992115,0.001485347430005447,0.04507300165325027,0.3823302999847837,-0.1451935660681099,-0.04951294140181875,-0.37436705972871953,0.010044007900254236,0.11375731955556498,0.34198285625463154,0.14407609375251088,0.1562329499086188,-0.3557906189951852,0.059212504359402264,-0.21111985980272827
0.3380270169748428,1.0327257793182198,0.08764746046519552,-0.07992374422937415,0.9957809439301266,0.001554869176704935,0.04505651113686924,0.38231586706399695,-0.14503310653593218,-0.04970913847550454,-0.3743940793951345,0.010168385700413353,0.11365684931968703,0.34207548847472485,0.14424480841842405,0.15653376946023553,-0.35582461963023404,0.059238225085149095,-0.21124957326647514
0.33786761498277973,1.032727484541809,0.08758701435935265,-0.07998312237170191,0.9957745642319379,0.0016666439444572236,0.04508813216723136,0.3823218406834655,-0.14476188197164033,-0.04944894890868015,-0.3745324737137892,0.010204295038311325,0.11365041962004442,0.34186100935606833,0.14454024419628686,0.15591590218712112,-0.35566836549606035,0.05950546870702728,-0.21108169194779602
0.33771170210965845,1.0327395734647071,0.08752169512667211,-0.08004215369310592,0.9957725339328961,0.0017163144213360702,0.04502630966263531,0.382283645317147,-0.14460275883921986,-0.049504097923597085,-0.37459227746011736,0.010242952954987,0.11380644375366569,0.3418897119681478,0.14467980738591338,0.15608276653696343,-0.35576617534656974,0.059514057092280685,-0.21105432651316886
0.337573466081733,1.032722372586429,0.08746373687957973,-0.08007746376163476,0.9957706192238205,0.0018050489736739447,0.04500239422870598,0.3822614499545133,-0.14437508721480213,-0.049706164536534266,-0.3747861516790729,0.010405855339440153,0.11399599905637325,0.3417588651321555,0.1449049871382636,0.1558286134764069,-0.35569483619101616,0.05977609114910748,-0.21092368765562178
0.33746675296778705,1.0327237972412122,0.08741686511904449,-0.08011936466613986,0.9957680236096031,0.0018292472075913406,0.044984268547709545,0.38230524795789883,-0.1443263909023506,-0.049807115782176455,-0.3749520431435241,0.010419328963187114,0.11401935201951548,0.3418185210730169,0.1449938851006728,0.15626165448520063,-0.35569096728698973,0.05965539367180143,-0.2111250154096224
0.33737615792676073,1.0327140348896886,0.08735785265422501,-0.08013987173192509,0.9957660737590184,0.0018569104118143064,0.04498976764845726,0.3822840420856508,-0.14418420951693872,-0.050091226506614024,-0.37510402075264776,0.010843048164160487,0.11376238719250534,0.3418057852567176,0.1451142974799776,0.1565273548727415,-0.35580786440144085,0.059663964799303665,-0.21121039264868677
0.33723902449991516,1.0326960317218095,0.08730859054104913,-0.08014426082146071,0.9957637890415486,0.0018851433578223138,0.045031323825980796,0.3822584908734424,-0.1441040868013644,-0.05012142659965695,-0.3751203714502065,0.011023402144638723,0.11406413081270726,0.3417051755097906,0.14524245538979055,0.1562179141834637,-0.3560144874144119,0.060097793385438976,-0.2110041880058835
0.33707571517553486,1.0327081471540882,0.08725146893739283,-0.08020035341773876,0.9957607614435429,0.0019533789418784836,0.04499548412624297,0.38225177598455895,-0.14391271719085275,-0.049859138411827035,-0.37544741875579923,0.011059942656906534,0.11424949254256193,0.34162688477838754,0.14537954692286065,0.15577236897651883,-0.3560246115481056,0.06021000768432397,-0.21073077865117795
0.33694058792303894,1.032705009409961,0.0871990110505926,-0.08024598747080554,0.9957597074444932,0.002034889464142264,0.04493379295988027,0.3821573909391009,-0.14374200754514033,-0.050020685971336465,-0.37549958431539987,0.011269435937312307,0.1142895447783598,0.3417761367623551,0.14559110669906286,0.15578247352569422,-0.35623287467584375,0.06031907284346443,-0.21067866514774158
0.3368180199582065,1.0327095808245528,0.0871499967000823,-0.08027357832612893,0.9957599097314732,0.002091341647045482,0.044877400597657345,0.3820105024818366,-0.14360784490310158,-0.05024369422495055,-0.3754237437738928,0.011349749329545725,0.11447608597392639,0.341763047452655,0.14574726210873945,0.15573741211790693,-0.35636805555370726,0.06037570950992918,-0.21066476148645627
0.3367098069142909,1.0327255950780374,0.08708124071219334,-0.08029675981595999,0.9957607946198207,0.0021615654745013586,0.04481292108154392,0.3818880312792585,-0.14341439094842975,-0.050470354751729854,-0.3754283174258101,0.011300970677398287,0.11446272431936828,0.34186365637548,0.14595774568254644,0.1559803083989312,-0.3565689727663525,0.06025851683376168,-0.2107917728615187
0.33659658176910306,1.0327106632616052,0.08702949696607443,-0.08032438969981649,0.9957578014992118,0.002269982580706975,0.044824550771775905,0.38180714284729267,-0.14315404384594815,-0.0505214568214057,-0.3754500313550638,0.011716004009315557,0.11441200261154703,0.3418105428212536,0.14624532384594924,0.15565349007068516,-0.3567128606693435,0.060551550653760874,-0.21081695368104908
0.3364700899018172,1.0327419009560532,0.08694292662859973,-0.08037597546446855,0.9957580576174152,0.002310581535852899,0.04472420453281997,0.3816652816490552,-0.14301083057966174,-0.050714094356223385,-0.3753745199798287,0.011642357313162644,0.11439518783776388,0.34163593143120435,0.14630943138587726,0.155079592864195,-0.356314535630396,0.06053924569177335,-0.21077721329365687
0.3363546792353334,1.0327407667198152,0.08688602471392051,-0.08039291179653169,0.9957607671216631,0.002324649001649779,0.04463261588985221,0.38151637747740375,-0.14296047503129058,-0.05088917035051573,-0.37538726123195526,0.011676356073139322,0.11446959680059142,0.341605180948105,0.1463376044465244,0.15484362943565452,-0.356349869799668,0.06053449586154651,-0.2106770615888479
0.3362475596128789,1.0327424852858684,0.0868398938801146,-0.0803981706875911,0.9957611197665255,0.0023546790040981937,0.044613697427940906,0.38142687828794325,-0.14288194216363476,-0.05096871002527979,-0.37550427925248514,0.011962352088185826,0.11453757217285986,0.34158128683215455,0.14643869748926952,0.15477764165178287,-0.3564829511128382,0.06058436337979921,-0.21059403862799608
0.33614690435865485,1.0327299756462447,0.08678534206635943,-0.08036638467900623,0.9957634110480117,0.0023472591465278953,0.04462021745972909,0.38126390522841486,-0.14288160505145878,-0.05134821998018403,-0.3753597403679299,0.012370790200654737,0.11448744885406,0.341421223273369,0.1464442159335589,0.15476621832007217,-0.3565441835157877,0.06067988354073626,-0.21055427825485648
0.3360624612377638,1.0327175404041402,0.08674541231768124,-0.08031661771424821,0.9957662374630988,0.002391633949878877,0.044644387492458526,0.3811436058432459,-0.14273862275671265,-0.051540533034382136,-0.37571732603825225,0.012540158534307372,0.11422978175560335,0.34142651679072306,0.14667142514962447,0.15508760636028115,-0.35705335255184845,0.060776598891385245,-0.2105495647046205
0.3359469882367511,1.0327026644799686,0.08671396803365859,-0.08032514856387726,0.9957650781715152,0.0024719685787128157,0.0446505204181672,0.3811009168028699,-0.14258907918884134,-0.051628526671898906,-0.37574877013737906,0.012858767610456583,0.11420588469618011,0.34126454501646813,0.14687141954106475,0.15500321369161144,-0.3569596129916738,0.06110328404136267,-0.2106625669227782
0.33588393293434643,1.0327194408926503,0.08667993074959236,-0.0803200665479654,0.9957672592850462,0.002532247428170964,0.04460762231547865,0.38107351607044165,-0.14242361937444584,-0.05136473940582248,-0.3760481677482047,0.01271412219499823,0.11421459222901906,0.34127790744499137,0.1470340832867089,0.15541627683889908,-0.35704115998143676,0.06103130802313411,-0.21082813913094486
0.3357813727465519,1.032703890753998,0.0866457954689859,-0.08031735883719553,0.99576231601853,0.002617976790464205,0.0447177600552034,0.3810728889460953,-0.14218461067145716,-0.051231454903312344,-0.3762653260910838,0.01284553714010628,0.1143212877427519,0.3411019956254533,0.14727129648982532,0.1550743460581286,-0.3571176518015845,0.061428457775081234,-0.21079290205825985
0.33571435760815066,1.032688591218021,0.08659654439246989,-0.08027568198171905,0.9957625824783165,0.002638897619101566,0.04478538196598949,0.3809061698695553,-0.14203468663533764,-0.05174467869733304,-0.37611606279454257,0.013134367614827766,0.11418465177326376,0.3409324977367629,0.14738896239276897,0.15526960123917927,-0.3571729112589464,0.06159258087361272,-0.21069662623809177
0.3356389372134086,1.032704065008918,0.08654972912759194,-0.0802642648874144,0.9957639818500978,0.0026551082344440677,0.044773771701569154,0.38078639278596615,-0.14199339847093065,-0.05201668041274613,-0.37611102964873416,0.013321344907521711,0.11399545577756953,0.34086153720386086,0.14745672586990716,0.15571648613439049,-0.3571975801270725,0.06145636261493301,-0.21077846878699796
0.33555301425096923,1.032714959982012,0.0865359734051215,-0.08027232470389371,0.9957590622796751,0.002796143180051582,0.04486006417573617,0.3807898644428897,-0.1416645276346449,-0.05136113030027353,-0.376359565195807,0.013304255716133886,0.11390337042774684,0.3407365146025624,0.14778772552973676,0.1552800467892291,-0.3572294685719164,0.06164564570428028,-0.21065483925579775
0.3354831312766894,1.0327068239108743,0.0864976457233059,-0.08026424271700153,0.9957570964895777,0.002844095632345978,0.04491511161899023,0.3807363686541781,-0.1414915588438053,-0.05145216751296348,-0.3762507927191606,0.013328829364290572,0.11405141506922412,0.34060243588281564,0.14793702823075727,0.15530108544564752,-0.35722194758114595,0.06193502896261314,-0.2104954149737138
0.33542203551165606,1.0326985085646878,0.08645388797298087,-0.08026671171215255,0.9957538762963454,0.0028525556607417223,0.04498150462048894,0.3806393817999159,-0.1413928346512065,-0.051888515705352266,-0.37617863085950676,0.013596571972711224,0.11382372063538373,0.34055247698095437,0.14804681052339794,0.15544353511208797,-0.35730290176800167,0.061965183739095826,-0.2104862795844752
0.3353579075014418,1.0326997838335168,0.08645630972686905,-0.08025972547309491,0.9957520794921886,0.0029578047466954863,0.045026925778316546,0.3805846920739864,-0.14121409913389457,-0.05171209210705483,-0.3762717179830438,0.013527655613182222,0.1140673561862676,0.3404732286567489,0.14826057076179294,0.15542590410296317,-0.35740763864974373,0.06224146099682296,-0.21040186854771248
0.33530892095036535,1.0327055844379136,0.08641714997934573,-0.08024159962155382,0.9957522226032334,0.002921868752959119,0.045058401590440667,0.38045244177488463,-0.14123724956609401,-0.051891194449167705,-0.3762087829833535,0.013627629735277392,0.11406795264971724,0.3404635873422367,0.14826021776600706,0.15588977908108773,-0.3575267727772605,0.06208964664198543,-0.21059788300026522
0.33525285435845453,1.0327047281705424,0.08639680354497054,-0.08020789562865083,0.9957520899363163,0.0029953187071295744,0.04511648182343582,0.38040545340543414,-0.14106725312199384,-0.05167275134129054,-0.3763194444934503,0.013614749748918246,0.11430797585571771,0.3402286863100657,0.1484327780874408,0.15557068091607298,-0.3574491957830344,0.062327474070755076,-0.2105194251702159
0.3352812711281878,1.0326817570379454,0.08635265108725945,-0.08020735483949704,0.995740612118695,0.002917720868522162,0.04537510894830964,0.3807225993040592,-0.14109126865254307,-0.051107001593976055,-0.3766230853225778,0.013741425413033793,0.1144266341132138,0.3402290900918358,0.14842161964145828,0.1559597496058636,-0.3576554914751685,0.0624512368900922,-0.21047138258340092
0.3352324658706948,1.0326710577786173,0.08632651735269688,-0.08023466034173636,0.9957317219876939,0.002844042589614834,0.04552634983189734,0.3808035876809226,-0.14113862996353319,-0.05112389974737537,-0.3767325273342643,0.01384775965009537,0.11439510005465442,0.34031090091663874,0.1483734379781363,0.15622249613029074,-0.3578980314810511,0.06253676788560712,-0.210387655728761
0.33514826446384804,1.032680999377928,0.08632652252658005,-0.08018607039019363,0.9957406065051687,0.0029800306649306143,0.045408788679436686,0.3806119698559609,-0.14095488373796208,-0.05113689143611105,-0.37686201867874897,0.013891708366569715,0.11441303886009463,0.3400639341519118,0.14860343240100563,0.15616023828600717,-0.35776377125218795,0.06259451836885663,-0.2102621268259232
0.3351223978286097,1.032685815280188,0.08631227864437782,-0.08016962245341594,0.995740022407429,0.003078147225284859,0.04544408015780476,0.38053847857918766,-0.14070120658430002,-0.050812393519068674,-0.3770029925742941,0.013674532910253692,0.11454144319488627,0.3399818891819073,0.1488327967103526,0.15608800397312092,-0.35776904715197366,0.06269589692374503,-0.21021758017467057
0.33509077616685373,1.0326697346966132,0.0862959680011329,-0.0801276461312594,0.9957398614159174,0.003080075056594016,0.04552144385362666,0.3804928877848772,-0.1406409335666024,-0.05093800540143996,-0.37694829159246596,0.013987072131433824,0.1145399091771609,0.33984187968973256,0.14886538744094693,0.15604892471138376,-0.35780565230940725,0.0628159099230697,-0.2101890617450493
0.3350783735265973,1.0326707319962314,0.08628432395792067,-0.08005263467241573,0.9957412709548273,0.0030814875293268726,0.04562237865210942,0.380379095902092,-0.140621078864164,-0.050843947085986246,-0.3769677035069541,0.013935283259365558,0.1148772795594445,0.3397577350891091,0.14891905430620986,0.156054912289552,-0.35810222326603713,0.06300597160528867,-0.21010368576983018
0.3350553294885126,1.0326794459161683,0.0862847956778742,-0.0800539874577996,0.9957393158064795,0.0030658502544074367,0.045663712196537795,0.3804310313881349,-0.14065871944696842,-0.05095422485847651,-0.3771099923490933,0.013954915786744512,0.11493800756771139,0.3398592598894384,0.14891156048795764,0.15651328670839765,-0.35830307032675285,0.06290290304455752,-0.21020737405889175
0.33504276358748997,1.0326546519619213,0.08627252124606677,-0.08004304015346692,0.9957342466407791,0.003054510447059555,0.045794014408427196,0.38043065330020254,-0.14060568501202544,-0.051043650850708534,-0.37712968923417745,0.01408823982783576,0.11485537628914319,0.33974057948463665,0.14895437678668216,0.15643121862181053,-0.358317202094193,0.06319024430237734,-0.210118049974562
0.33502943759937437,1.032657401873239,0.08627567215393232,-0.08002141646462904,0.9957330068024868,0.003057940031251814,0.04585848965937001,0.3803956413195594,-0.14057954286494323,-0.051020297337386326,-0.37711869451765007,0.01420095525857703,0.11481911307100871,0.3396825062394855,0.14895402314080816,0.1564484437443792,-0.3583835140488311,0.06324759983947109,-0.21000954213757825
0.3350018895390271,1.0326640217173562,0.0862832302381143,-0.0799919291429299,0.9957331359929759,0.0030914340471280737,0.0459048602341673,0.3803870318521108,-0.14054291439145322,-0.050712405850738405,-0.37721308937318804,0.014117976860491821,0.11494054095726211,0.3396198197319979,0.14902782705834985,0.15635443690313236,-0.358545028418688,0.06327919500337678,-0.2099122988502589
0.33498986304098183,1.0326651588147444,0.08627671117049715,-0.07993929757000723,0.9957335088998499,0.0030788522360459813,0.045989222943151435,0.3802413055972607,-0.1405265613724854,-0.05099081428433964,-0.37716089496061866,0.014228685464592805,0.1148930119220569,0.33950623604747726,0.14903980724829408,0.15696058616245495,-0.35854409632828915,0.06322598751410854,-0.21001089733115336
0.3349712052879055,1.0326570586029271,0.0863045457025724,-0.07989764309989997,0.9957320297051218,0.003080365384320872,0.04609341596690989,0.3801611022860488,-0.14053983120275645,-0.050903997730960986,-0.3771334897978234,0.014352919599395423,0.11485230411582686,0.3392445856572852,0.14905396736698123,0.15664155934137844,-0.3585518486564166,0.06345901588102587,-0.20993829541342007
0.33496629292974217,1.0326853312275523,0.08631799164445307,-0.07990207915399361,0.9957290537942223,0.0031463132734929574,0.04614552946620644,0.38023325577319944,-0.14037995816998397,-0.050185906513278804,-0.3773241948718711,0.01419318157089176,0.11500232035078035,0.3392203056763964,0.14919409522600705,0.15681498036851044,-0.35841229772824595,0.06347465166696482,-0.20996321298829435
0.3349719684061049,1.032689710006533,0.0863524690597895,-0.07984535200363922,0.9957305948705236,0.0031132474621227537,0.04621265943924628,0.38016949294715935,-0.14046050224151058,-0.04997038341057817,-0.3773450696398548,0.014066073502618778,0.11499570902534641,0.339318696785649,0.14914786749008704,0.15730142578793965,-0.3588231312213315,0.06334641485029452,-0.210196735748907
0.3349803303199542,1.0326733517496027,0.08637044490130569,-0.07982274260542117,0.9957294355656336,0.00301054578313548,0.04628344763715111,0.38011526949503394,-0.14065991142760056,-0.050446128897463936,-0.37712433719473054,0.01422387024923132,0.11493592959254452,0.3390201009492957,0.14890979790372597,0.15732283729816754,-0.35842115813845804,0.06343748037917439,-0.21014583108561677
0.33496325742399774,1.032689273300613,0.08639046252304258,-0.07981463549949187,0.9957323494733671,0.002934821028777296,0.04623958258743804,0.38002812898648575,-0.14085855981906728,-0.050524011506916655,-0.37700728395545446,0.014280093342257315,0.11483998282704169,0.3390007877582581,0.1487131319896099,0.1576264395154548,-0.358348155315628,0.06329874094093903,-0.21022728158665882
0.3349748936154053,1.0326793340223313,0.08642486549417178,-0.07977797468853987,0.9957325137560175,0.00287712914900655,0.046302893339152454,0.38000747425421266,-0.14099767487015466,-0.050390710125110566,-0.3770330060469304,0.014385087421220223,0.11485152668675093,0.3388005599790456,0.14856721941174203,0.15740719258865382,-0.3582320381997372,0.06349567161418411,-0.21010998298356068
0.3349846900924588,1.0326885469988962,0.08646645595065543,-0.07979789969394316,0.9957302064054359,0.002846783179472797,0.04632005053702627,0.38009258793920614,-0.14111306747678742,-0.050167288076751915,-0.3769729933389326,0.01425457064718065,0.11509323138847807,0.33881677014692013,0.14844596204102462,0.15733822749187917,-0.35817081229363334,0.06346634237952613,-0.21009024894536918
0.3349846124383572,1.0327011072012406,0.08650401668553363,-0.07985823769014855,0.9957267444269546,0.002816468206914591,0.046292329956068294,0.3802232680130281,-0.14120844563402038,-0.0498112750398406,-0.3771583590248026,0.014055023353523575,0.11503804518961934,0.3389381996984923,0.14836522979736605,0.1578153309841226,-0.3580783746314139,0.06330990033974403,-0.21019101823055866
0.33501051028934453,1.0326776378245075,0.086550987143728,-0.07989122560077212,0.9957209065239677,0.002730103794593618,0.046366096626363484,0.3803999631162595,-0.14138978098667554,-0.04976990127140646,-0.37704637132987706,0.014103151428994588,0.11513854204357168,0.3388643407438264,0.14814117019936954,0.1573489611701639,-0.35794268507209887,0.06345910295190249,-0.21005723920273497
0.33502712214370395,1.0326664078200511,0.08659180750750992,-0.07990270528548651,0.9957224324712108,0.0027324995205383236,0.04631337396525978,0.38040056206382866,-0.14146387111400416,-0.04988015649522789,-0.37701290920428654,0.014113355862626308,0.1152978288901019,0.33866226017187445,0.14804592770855626,0.15753229087683815,-0.35732594935858547,0.06349415091681082,-0.210045063790935
0.33505326186258283,1.03267339009621,0.08663653751923771,-0.07989362750360716,0.9957282712986273,0.002614616041065821,0.046210191559005645,0.3803552544828956,-0.1417762389660259,-0.05032225253732249,-0.37695888313388914,0.014224583816228717,0.114925405211292,0.33873090512008164,0.14770417080445383,0.15795291775756637,-0.3572772369638584,0.06323368358268375,-0.21012447352171024
0.33508671058309286,1.032677898000586,0.08668747696813126,-0.07989859553857594,0.9957288128109111,0.0025885632090572545,0.04619139648949003,0.3804231978310703,-0.141890850982495,-0.05007863713115685,-0.3770904575458403,0.014030481673474569,0.11485580367050172,0.33870988087713494,0.1476056938546373,0.15815986652831787,-0.35710263185839863,0.06311199840029628,-0.21012333618347043
0.33510814681195716,1.0326865686792273,0.08675824104739285,-0.07985960560923791,0.9957324154216199,0.002543342943864521,0.04618367327566222,0.3804048494995211,-0.14206350214454877,-0.049822092753525164,-0.37699045008174964,0.013916776396568322,0.11509624020665157,0.3387042252972443,0.14744651244807075,0.1578175193076585,-0.3573244306214746,0.0631422023771049,-0.21008072667194955
0.33512912316208326,1.0326952321393041,0.0868182603303087,-0.07986065555374461,0.9957341790160896,0.0025528150430170647,0.04614329386851764,0.3804531981843546,-0.14212357146130095,-0.049496838529259,-0.3771867774562477,0.013751716498603357,0.11512739537312246,0.3387384967027843,0.14737971422788376,0.15794732942162915,-0.357170086173045,0.06314797155574572,-0.21010626177256836
0.335164498299512,1.0326737808167217,0.08686945212862399,-0.079840110879298,0.9957366615751544,0.0024406968178512342,0.04613133955340115,0.3804155153960989,-0.1424035237518133,-0.05002849195264225,-0.3769814699880328,0.014008150241048524,0.11506857683307418,0.3385842677956169,0.14708262425111363,0.1577767533195815,-0.3570340843821592,0.0632645269415109,-0.20991667825868848
0.3351794709203185,1.0326838321403082,0.08693517739297078,-0.07983772594348554,0.995740127279698,0.002424133458665024,0.04606148085068916,0.38043237847785494,-0.14256308043634133,-0.04989079645056504,-0.3770073293857822,0.013836549982713603,0.11529527205710396,0.3385802823577081,0.1469333006910012,0.15788449767716228,-0.3568274946282062,0.06318301604255808,-0.21008747081594278
0.335220168208475,1.032667246137622,0.08698093618662987,-0.07980815762910214,0.9957411759407789,0.002372319491185671,0.046092739256360385,0.380392661681202,-0.14267314528730263,-0.05012869018718561,-0.37690126394325457,0.01383646490990829,0.11525612760401274,0.33847702042785244,0.14678719631885295,0.15772641071853158,-0.35678138959465405,0.06325991523593984,-0.2100346165896692
0.33523959229968936,1.03267691368537,0.08703830418457871,-0.07981885790008729,0.9957439415804366,0.0022989589264342486,0.046018121617861556,0.3804092588733305,-0.14292176725212602,-0.05031325759192905,-0.3768897648818764,0.01390006947891565,0.11508181603933744,0.3385552684082275,0.14651983917428152,0.1579392213752112,-0.3566524187782857,0.06313135094839636,-0.2100553602491523
0.3352635272493583,1.032679348428079,0.08710196535862265,-0.079836093969547,0.995742200076164,0.0022791989237913564,0.04602688713602301,0.38050188322839934,-0.1430021039125482,-0.04989960822108798,-0.3768597925675391,0.01367750205115296,0.11523602813783283,0.338560560544492,0.14642807300130123,0.15802761826023995,-0.356522650700863,0.06305812016537973,-0.20999272543717437
0.33531212894153495,1.032681200646786,0.08717453864999705,-0.0798263372134262,0.9957449253706914,0.002214291622416908,0.04598800276393276,0.3805943751442431,-0.14321050191818377,-0.049443806022010685,-0.37705662792953143,0.013529859962907127,0.11524320916335697,0.33862755243744047,0.14620122504379554,0.15807140406233272,-0.35654365688078354,0.06294786576049717,-0.20995321226035335
0.3353578355777401,1.0326620917495772,0.08723292234375495,-0.07979892834378825,0.9957463310549732,0.0021138634129827085,0.04600985554436801,0.38058969067399945,-0.1434641306644095,-0.04970626737836137,-0.3770630582062719,0.013505782222796005,0.11516044200362846,0.3386281194025705,0.14594293575731296,0.15813092807051066,-0.35662743744193826,0.06307220785919275,-0.21000820604634368
0.3354043682106899,1.0326580480203646,0.08728272775330426,-0.07974317290803451,0.9957499111977198,0.002036654808074894,0.04603251852207239,0.3805430562599131,-0.14369889218333817,-0.04955371450865553,-0.3768804040730858,0.013479897252652879,0.11528914095534339,0.3385137533835231,0.14572809943165677,0.1578591971338872,-0.356674268620762,0.06315419061288649,-0.20983628465604712
0.335449099258673,1.0326469921351598,0.0873341552116686,-0.07969064083590746,0.9957548023261878,0.0019187131591345418,0.04602275466885926,0.38051072305697614,-0.14399111178904492,-0.04970347602439758,-0.37693780288442974,0.013776108913843005,0.11519042338892878,0.33851752372916527,0.14541746540578857,0.15806819365823496,-0.3566965858160961,0.06320699338839252,-0.20989556481469146
0.33548151330594544,1.0326527738692586,0.08740185954473521,-0.07966221141412269,0.9957575063948767,0.0018879218396815848,0.046014739834058266,0.38051879327268273,-0.1441217511867931,-0.04941954444917092,-0.37713188102013345,0.013716488556654983,0.11506481216832659,0.33848893363871957,0.14529007632074908,0.1581139911960224,-0.35665475077884395,0.06314861162219908,-0.21001613838654237
0.3355271227703122,1.0326452343662822,0.0874617559645328,-0.07961765177843187,0.9957607276581368,0.001828217591975895,0.046024563001321045,0.3805186893475287,-0.14432120174869453,-0.04926060302195405,-0.37699327042912373,0.01361642329692042,0.11529614006097916,0.33845791745164405,0.1451002993078708,0.15814120891444486,-0.35670018591827446,0.06318381200928931,-0.2099761017547866
0.3355761892210615,1.0326410416384642,0.08751934754417245,-0.0795923564084503,0.9957599967236889,0.0017367903383264896,0.0460876261648388,0.38058414519139705,-0.14454560348867887,-0.049094024919248615,-0.3770023886682914,0.013681573677723196,0.11526214867550796,0.3384528008497826,0.14487622672105105,0.1580488625474999,-0.3568194926515652,0.06324625005748527,-0.20987850593555976
0.3356292103815073,1.0326480180320814,0.08758644965704467,-0.07954670088006724,0.9957646248785854,0.0017198019908186717,0.046067086956083574,0.38061470423966554,-0.14465681502894306,-0.048759852650032624,-0.37725657955914593,0.01338691050951479,0.11531990259743559,0.33847810551895635,0.1447588853869781,0.15822389921175048,-0.356822907250435,0.06317731106344233,-0.2098805056134706
0.33567060127168563,1.0326338693707633,0.08763093881764697,-0.07950115157203279,0.9957646907026679,0.0016500762297286457,0.04614677558591642,0.3805942286837783,-0.14478846189805003,-0.04892313394747248,-0.37726358957539896,0.013556115206787253,0.11503352343737798,0.3384255120618334,0.14460985710716553,0.15809325759646795,-0.3570664330374617,0.06335592578252454,-0.2097586654605763
0.33571313249288526,1.0326309540084844,0.08769096155854132,-0.07944830979643526,0.9957701456505802,0.001575511051084898,0.046122671935176135,0.38056787587905727,-0.14503332284801598,-0.04880978600769369,-0.37715074023945067,0.013491104622769822,0.11525798312859027,0.33838780770143856,0.14435168539501642,0.15787026566125523,-0.3570988031669797,0.06335934300031175,-0.20971091313665435
0.33575007393738504,1.0326223419845528,0.08774619370947638,-0.07940304611748909,0.9957726893873179,0.001510773690266492,0.046147859110350346,0.3805546967517933,-0.14520401854592005,-0.04877789297711693,-0.3773431005533154,0.013412899501088996,0.11520681868905001,0.3383575666504883,0.14416967110823434,0.15783923355233614,-0.3571349256913342,0.06335442038176195,-0.20966453880119768
0.3358019243011835,1.0326310894692374,0.08781085981241991,-0.07938001858835646,0.9957740436645867,0.0014529075647463263,0.04616010910297149,0.38056959459185113,-0.14540521843501358,-0.04874531536811615,-0.3771175707800749,0.013447652559440297,0.11536034801896114,0.3383269530779474,0.14397939095075174,0.15800623510336664,-0.357073134523578,0.0633914679179882,-0.20950980698604504
0.3358453271470452,1.0326153672704061,0.08784422912410247,-0.07933186652112219,0.9957754283919057,0.0013696723408464684,0.04621552945569631,0.3805082766887867,-0.14558998682616145,-0.04897653344230775,-0.37706630569917393,0.013463297994717028,0.11540552468304469,0.3383338559517846,0.14378927693083618,0.15805966524603102,-0.3572733214638763,0.06344133574718093,-0.2093384750519721
0.3358825284337811,1.0326200544162543,0.08788546655824772,-0.07931415183805841,0.9957796319063177,0.0013116843042249094,0.04615700903453184,0.38052702043774006,-0.14579663206873622,-0.04898662287195119,-0.3771379619174438,0.013484611073761869,0.11537313029900399,0.33829578577209185,0.1435584304609395,0.15800404690631806,-0.3570769693361129,0.06329728148304409,-0.2091950565688395
0.3359154493323536,1.0326337846198739,0.08792146546451765,-0.07928355894874393,0.9957806979150735,0.0012959804567303332,0.04618700439350656,0.3805018222158888,-0.14581263412399084,-0.048605406264855766,-0.37723070989939694,0.013306895276985031,0.11535152276972983,0.33819989408079204,0.1435099281582314,0.15813333720490544,-0.3569769491904772,0.06323914283695156,-0.20916358222040343
0.3359257601251141,1.0326484102268425,0.08797715282573536,-0.0792860942707769,0.9957779893811759,0.0012926370238936472,0.04624110951083171,0.38057875422690357,-0.1458897934829336,-0.04830505534737931,-0.3770626250754344,0.013089636977994791,0.1154035710725606,0.33809938260258515,0.1434340675009019,0.15814136258634345,-0.3567542950665671,0.06317631253274482,-0.209113039533065
0.3359742588657524,1.0326440225795022,0.08800156995447657,-0.07925402415376878,0.9957781099264347,0.001258658283421822,0.04629439735104979,0.3805271302900317,-0.14592603125745363,-0.048345524797996677,-0.37709843075217375,0.01317487462532304,0.11515110399181759,0.3380394188242728,0.14338034191326146,0.1585277910300783,-0.35666586038764647,0.0631865803543002,-0.2092299644488922
0.33600956044120533,1.0326577491366906,0.08804322756186685,-0.07920576144562465,0.9957797125979032,0.0012582463068136107,0.046342509087094,0.3805216544539948,-0.1459766067398457,-0.04805312383408698,-0.37714122127572836,0.012971520300396054,0.11538998623170514,0.33793030356532106,0.1433554165052852,0.15884935238701756,-0.35663500866475,0.0631217272215721,-0.20927133722578523
0.33605168616771086,1.0326672644411843,0.08804816179895113,-0.07914085896967626,0.9957831873760962,0.0012443790414262074,0.046379086897495245,0.3804115003109957,-0.14599486973259548,-0.04786451689078854,-0.3770643914651328,0.012895624795736842,0.11545487172140304,0.3377271867783645,0.14332867962850157,0.1587011923505152,-0.35654280770626906,0.0630862932862794,-0.20914253144669728
0.3361046904944691,1.0326547241940762,0.0880709330651044,-0.07912234288187081,0.9957820821481908,0.0011748105534960648,0.04643618793205283,0.38045508713070425,-0.14611697999233586,-0.048002235702377896,-0.3770585586317213,0.01284661848021056,0.11531809642814075,0.33771444290606883,0.14317193689668326,0.15901430280776713,-0.3563850881648405,0.0630990349620033,-0.20922827612015749
0.336134611599291,1.0326654807549869,0.08810051213852357,-0.07910742838995775,0.9957810861708859,0.0011472047129151518,0.04648362205341877,0.38046998402185955,-0.14618175795154037,-0.048032408546475135,-0.37701449484174354,0.012907210032748782,0.11519088170290634,0.3376846818623581,0.1431087086643549,0.15897564425436692,-0.35643234580574434,0.06306453258965271,-0.2092222906830958
0.33619142133241897,1.0326730781703208,0.0881293896285851,-0.07907514643067695,0.9957847684278586,0.001158714573222642,0.04645937542176938,0.3804955493607982,-0.14623637677507553,-0.047743164564544915,-0.37704761980415247,0.012741773120530427,0.11539192802285246,0.3376494452492005,0.14307922888982344,0.15890867287334443,-0.35639178421964235,0.06298697695014525,-0.20904913064295536
0.33621861060889213,1.0326630263106669,0.0881454098000661,-0.07903524475229314,0.9957880896182484,0.0011317991628252155,0.046456750769286695,0.3803977542556109,-0.14628614915890945,-0.04794158947557476,-0.3770302846261021,0.012765050386540827,0.11535437842060088,0.33755149694710695,0.1430102296848922,0.15883103358476805,-0.35631991934462565,0.06301827693278017,-0.2090176751540871
0.3362744553555746,1.0326870507657147,0.08816437728108029,-0.07900609689319624,0.9957921515401331,0.0011609758319788574,0.04641852776524697,0.3803428158332162,-0.1462784857134268,-0.04823787325746861,-0.3770679914254596,0.012901516083378695,0.11480739073506849,0.33751472642242475,0.1430265677725599,0.15886289055002892,-0.35620205939502436,0.06298155505824202,-0.20888015379322403
0.3363446265390378,1.0326617260223885,0.08817456530181102,-0.07891643976615474,0.9958007429313419,0.0011209912634986168,0.04638770624432223,0.3802282252950391,-0.1463717070152603,-0.04859344342702939,-0.37680385418825707,0.012909923488905206,0.11479964684507472,0.33745681097923386,0.14292998605694573,0.1588317221242855,-0.35628809850369575,0.0629873462574614,-0.20885701419227035
0.33639124656580416,1.0326645243966082,0.08817280272941579,-0.07884790870957074,0.9958082887739378,0.0011321272435264676,0.046341963587587014,0.3801221667993988,-0.1463812869751252,-0.04886850595227171,-0.37686328731118457,0.012933749542038249,0.11474525292223402,0.33734540285237863,0.14292306453260817,0.15854760273616897,-0.3562439020867458,0.06294435325956599,-0.20892568961415503
0.3364596919684824,1.0326870507720018,0.08818678050725604,-0.07883405964425681,0.9958107224589294,0.0011587532615671683,0.04631256165134229,0.3802181221736159,-0.14636018186513364,-0.048300009985934804,-0.3770459128859288,0.012631291484427008,0.11485159951271605,0.33739827892809665,0.14296072210211802,0.15857496894704093,-0.35621501499462865,0.06285254334863186,-0.20895308531168993
0.33653151545270654,1.032677824098422,0.08817821015254634,-0.07882886729558161,0.9958099020697011,0.0011256131432290466,0.04633984911369059,0.3803060427587551,-0.14638223946180756,-0.04851817607435352,-0.37710655670303206,0.012673205137038016,0.11481720270036049,0.33745179528385,0.1429002822010035,0.1585285460203684,-0.35621704198329046,0.06281478991970194,-0.2089159685953427
0.3365952149382749,1.0326700171276222,0.0881765518325951,-0.0788119478641333,0.9958114435817611,0.0011377508814048895,0.04633520506485403,0.3803753045598352,-0.14635905057885473,-0.0485673804437516,-0.3771628879478391,0.012565565375253409,0.11479500012112635,0.33756311888733415,0.14295198860226782,0.1584912221036421,-0.3563405861095812,0.06273836086608618,-0.20893660858572338
0.3366631241976217,1.03268464071332,0.08817163733031487,-0.07882751908169187,0.995812529054491,0.001188691071988219,0.04628408178909256,0.3804942085158864,-0.14628737195218625,-0.04837767573509333,-0.37722293093992776,0.012365581437426248,0.11504138414241873,0.3376576123684763,0.14306552775690265,0.1588281002662606,-0.35612715170563497,0.06260503884789063,-0.20914753465234526
0.3367194061232789,1.0326656173679458,0.08816268196533632,-0.07879166839735968,0.9958134810007346,0.0011976897851058025,0.046324395166462695,0.38049008249223226,-0.14620849813598788,-0.04849787411579752,-0.37723280888407407,0.012269722073975486,0.11498174654805417,0.33760204740477784,0.14312146259904723,0.15864365311935982,-0.35620665522442985,0.06273318786518388,-0.20908218889569463
0.3367844852244818,1.032696182040862,0.08814981638765915,-0.07879786255186885,0.9958128165015531,0.0012846153511372248,0.04632581474621393,0.38058071639219665,-0.14601478075948993,-0.048241238592183926,-0.37719758400213044,0.012083598385861724,0.11505632122687282,0.33764259569537014,0.14330922465504967,0.15843632273557856,-0.3561474440977885,0.06273675670250961,-0.20905465185311206
0.3368420622391777,1.0326749012382443,0.08814238423394348,-0.07877113283833308,0.9958136043764347,0.0013194776969621155,0.04635334884111823,0.3805081488161173,-0.1458970470594673,-0.048458587890635015,-0.3770929059862575,0.012077343249586427,0.11502400531353696,0.3376585161590408,0.1434096336952784,0.15842828133785625,-0.3562137072782602,0.06268890276794137,-0.20909198613874155
0.3369044358772236,1.0326873248988226,0.08813022464663979,-0.07874295989607824,0.9958170543207742,0.0013614026022876352,0.046325880171405286,0.38046354738252747,-0.14580525998206872,-0.0486129616157033,-0.37703298239830696,0.012015456463136044,0.11498559576065247,0.3376947485984866,0.1434840186439932,0.15833329566637014,-0.3562440799179225,0.06258221242099267,-0.20906229698397943
0.33696524799113586,1.0326858678277917,0.08810726573643927,-0.07869549529621364,0.9958216624620225,0.0013952417520941636,0.04630646706357902,0.3804102566478419,-0.14572360584715116,-0.04861818518247217,-0.377058622126435,0.011796979519768084,0.11513039066793189,0.337696509648527,0.14359830202214213,0.1583008554527281,-0.35631017667537945,0.06252525811232623,-0.20906540338181387
0.3370183586591902,1.0326928245852744,0.08810523202209324,-0.07866807407730454,0.995823264741679,0.0014529765741602687,0.04631682609232267,0.38033117187102217,-0.14561606454213616,-0.0486375580284719,-0.3769484408450573,0.011746883680735402,0.11510648012804238,0.33769376760154424,0.14371320041893515,0.1582117925589906,-0.35628488515627255,0.06243172553628959,-0.20895153094289046
0.3370922977650879,1.0327012018202015,0.08811493751207769,-0.07865203618203125,0.9958247101063099,0.0015251230309584064,0.04631066773265957,0.3804151952210984,-0.145483463488769,-0.04836063613929937,-0.377007998290599,0.011624481598054702,0.11527692586118504,0.33775254088322615,0.14387564357982183,0.1581418213267439,-0.35629169032005914,0.06243285798784798,-0.20900328889717382
0.33714848735620634,1.0326920372535933,0.08809088650625846,-0.07862995193113836,0.9958242309389427,0.0015442500697384744,0.046357815154429216,0.3804094308799139,-0.14535019337455102,-0.04850051531667582,-0.3769886039959473,0.011447165143423104,0.11525606475761462,0.33777089577801656,0.14396785546155558,0.15842093631760043,-0.3562458223702337,0.06240224976060302,-0.20916499263729654
0.33721235023231766,1.0326719175524914,0.08805969681354274,-0.07859555038112873,0.9958226260404359,0.0014879423263391596,0.04645237296254026,0.38039352270003135,-0.14542464976996747,-0.04895393042022395,-0.37662790622686954,0.011780436355651906,0.11521743732644765,0.3377550727449525,0.1439361778192862,0.15830395731225955,-0.3563959727344039,0.062417992485295636,-0.20916732300196428
0.3372885364049284,1.0326978797264945,0.0880436991552305,-0.07863914237284983,0.9958197724248309,0.001483275224995167,0.046439918488595536,0.3805418545859523,-0.14540276837470664,-0.04870281745801518,-0.37671953227908667,0.011654533042035153,0.11501549597606905,0.3377956249590808,0.14387864735165398,0.15812057838949767,-0.3561069900907149,0.062135487946848804,-0.20913165391387498
0.3373368254954357,1.0326860885409443,0.08803531763132137,-0.07861153341319344,0.9958184349641271,0.001524276810959156,0.04651395468272262,0.3805738308017621,-0.14526530109739558,-0.0485493064412449,-0.3767623509490493,0.011576624340435826,0.11489792514608564,0.33790365568918573,0.1440451403149046,0.1582316099696419,-0.35637515771601486,0.06210442143807193,-0.20913290789255862
0.33741427217201775,1.0326996280805238,0.08800947046486524,-0.07865538273141917,0.9958126197338463,0.0014989554959505102,0.04656511868995014,0.3807842229142319,-0.1452582095451909,-0.04854092912328233,-0.37673308150616674,0.011464831288673052,0.11493555244323367,0.3379442730854473,0.14398900186811248,0.15813875603255872,-0.35611148498144934,0.061907107483355754,-0.20907091909864153
0.33746902449392596,1.0326838571666535,0.08800728650847768,-0.07861231632743941,0.995812456651012,0.0015061282352936138,0.04664103856101323,0.38074733201342337,-0.14523875120583318,-0.04844868892636548,-0.3766599384589015,0.011396400486473472,0.11496581104894107,0.33800125642490203,0.1441098747737889,0.15848243707429438,-0.35639620422586743,0.06200324575713862,-0.20905336535362304
0.3375232303167492,1.0326945410605992,0.08798533690957301,-0.07863036101271581,0.995807316047745,0.0015428820909868205,0.04671910902029121,0.38084009046193296,-0.14509648433044858,-0.04826757096951766,-0.3764304311953849,0.0113276062512029,0.11535441999927223,0.3380381357066773,0.14424503750343942,0.15864806951841706,-0.35632910965005204,0.06200410094005055,-0.20896370248366014
0.3375933621110585,1.0327042847386418,0.08798327340547116,-0.07860798188901083,0.9958064191111234,0.0015858305563615463,0.04677441589015158,0.3808227653384867,-0.1449950537573474,-0.04798762960086932,-0.37642982388855106,0.011107062822390514,0.11560004677115727,0.338081220206795,0.1443750847789838,0.1587882069863092,-0.35637142056152915,0.061955080405006115,-0.2089842819464022
0.3376405344764899,1.032702274318404,0.08795861662366512,-0.07857817705533957,0.9958059695668535,0.0015741680191673352,0.04683442175073556,0.38083896225251906,-0.14496604962710458,-0.04784404436276212,-0.3764082842435918,0.010867712733575485,0.1157562706241746,0.3380708707038294,0.14440700145777638,0.15878845439695063,-0.35647008825069043,0.06180551525758952,-0.20908541231944383
0.33770840196271495,1.0326838085755026,0.08793191050413102,-0.07853408173385619,0.9958050738974591,0.001600786555945411,0.046926434860304324,0.38080073330575054,-0.14484097099438784,-0.0481368327579128,-0.3763778568611253,0.01104317173684368,0.11559598722696236,0.33795579978455037,0.14453143167223437,0.1586139019876781,-0.35640951767110196,0.06208726404115151,-0.2089913766032412
0.337755328430059,1.032695932995299,0.0879132822806587,-0.07848844771882858,0.9958066190379622,0.0015790291258104341,0.046970711319834206,0.38072081921053214,-0.14482698909964142,-0.04830799430652929,-0.3761028500420125,0.011064698692383258,0.11563172265691438,0.3379031055270076,0.1445091964390144,0.15894083696231753,-0.3563821328522145,0.06187161846039204,-0.20914655083934483
0.33780348781739106,1.0326974676177945,0.08791217673154392,-0.07843464586115588,0.9958080092771627,0.0016585042608924503,0.047028335625510606,0.3806902568044121,-0.14466272566534952,-0.04801669893485073,-0.3761234203552964,0.010966084114807501,0.1159728049018496,0.3377646987070222,0.14468753273665796,0.1587528430491733,-0.35634402216478656,0.06199808793999545,-0.20896837081345182
0.3378819999617069,1.0327077001519576,0.08790230299688058,-0.07839680679305688,0.9958077310960677,0.0017057519899863658,0.047095581364945675,0.3807570534107598,-0.1445218993935539,-0.04762138931930302,-0.3763015885268899,0.010814190162911285,0.1160604369734026,0.3377842114281309,0.14481910551921323,0.15863517523104279,-0.35643338670552416,0.062065732977069216,-0.20877545469097408
0.3379357334297821,1.0327080517807448,0.08788432049058396,-0.07838892061607328,0.9958069706857243,0.0016663310684284494,0.04712618803954213,0.3807591496996466,-0.14457523296705815,-0.04780787809077625,-0.37609340867669216,0.010694440243823293,0.11617847333753246,0.3379064669779993,0.14476877245237155,0.15905310315384577,-0.356516334139926,0.061805156846620114,-0.20871135458726556
0.33798805087591627,1.0326979183435083,0.08787298502391676,-0.07836027014836178,0.9958040619953404,0.0017344640626382217,0.04723271970013066,0.38085814263417345,-0.1443776959349375,-0.04744305113952031,-0.37632866659034314,0.01068796496934128,0.11614240171126196,0.3378330984163284,0.14499131719818864,0.15883772556323605,-0.35657291029486654,0.06194171154513476,-0.20869095697455664
0.3380454669172089,1.0327111202446004,0.08784596658814899,-0.07833571967574517,0.9958048914172739,0.0017535558007409579,0.047255246210003564,0.38088970789636645,-0.14429562058972584,-0.047330025784343026,-0.37638272006120865,0.01056295371728747,0.11618632970918746,0.33791507214100974,0.1450720163525632,0.15903467786826908,-0.3567241988808582,0.06191790587320085,-0.20877655113873425
0.33812175244265436,1.0326858094637996,0.08782850597996843,-0.07828436318838942,0.9958063109582969,0.0017328327711462594,0.04731117020750233,0.38089296482130386,-0.14427559102811507,-0.04738104932888344,-0.37625494691801936,0.010593419199673671,0.11640005128915479,0.3378963118889796,0.1451009089832061,0.15888946634900575,-0.3568114876265871,0.062002632678900306,-0.20877791797573636
0.33817503935771615,1.032679423503898,0.08782289926476898,-0.07820264364550288,0.9958136197852336,0.0017865933593270403,0.04729047749021767,0.3808091083110833,-0.1441927317901473,-0.04752447609878951,-0.3763754732996315,0.010581809981888452,0.11639502545309088,0.33780272752672835,0.14522704007224116,0.1588776183088539,-0.3568866469728927,0.06210174353428185,-0.20880157236073674
0.3382545712967805,1.0326802521052723,0.08780834940913886,-0.07814089551013072,0.9958172672246292,0.001793597201837005,0.04731547056961235,0.38082356501891024,-0.14415613407451913,-0.04750798060906043,-0.37649016752188214,0.01055288074956181,0.11651765323695193,0.3378659783811594,0.1452732338842914,0.15884904841990527,-0.3570923978175143,0.062107449955631104,-0.20871256436281
0.3383354470388247,1.0326906787319436,0.08777757829874733,-0.07810013680103668,0.9958218877234191,0.0018437751156789852,0.04728358125130052,0.3808722405632011,-0.14403377994606867,-0.0473021575445462,-0.37675886425584704,0.010540923888795736,0.11648120207365822,0.3378957288065429,0.1454135944297297,0.15883553897861785,-0.3571029692416083,0.06192106685797668,-0.20870687792071876
0.3384133773842017,1.0326863184884776,0.08774676517213606,-0.07804265346982454,0.9958272269842082,0.001821611383326416,0.047266901403615315,0.38084874865272267,-0.14403753538500103,-0.04747093504203606,-0.37663663237793726,0.010538275672382776,0.11650384677721684,0.3378997250272289,0.14538531649539344,0.15877072622731433,-0.3571963953682836,0.061962806465150545,-0.20873317851317463
0.33850050595567815,1.032689921252975,0.08774920928046617,-0.07797290650427828,0.9958339045608555,0.0018463225183860477,0.04724035850323338,0.3808197602082686,-0.14399059100044334,-0.047254733867356194,-0.37684773503835733,0.010494911651224388,0.11634544462289775,0.337923925330309,0.145450406016995,0.15866954486610793,-0.3573248416112655,0.06187448911353406,-0.20880131666540605
0.33855068778943154,1.032716319222074,0.08771784229232117,-0.0779502549748816,0.9958406084085115,0.0018427928396529587,0.04713644564948216,0.3807551667099159,-0.14397095296638163,-0.04734397109563161,-0.37675083678659,0.010211657826171347,0.11630237673038417,0.3380090878240229,0.14542909461945747,0.1587711750085296,-0.357309094653114,0.06149906482104985,-0.20883566158057873
0.3386237076706242,1.0327075461158743,0.08770428579208031,-0.07792578255869526,0.995841417782999,0.0018101544424647725,0.04716106849357608,0.3808098577947382,-0.14403452914317497,-0.047619696036770534,-0.3766725697390397,0.0103633241685923,0.11631839261133457,0.3380152670316673,0.14537961714573822,0.1587766798273309,-0.357266070010279,0.061346108363397704,-0.20889084310169073
0.33867440078450006,1.0327164774435453,0.08770068322241574,-0.07793339240193327,0.9958434917141773,0.0018405851877183344,0.047103488250958225,0.38079164238004987,-0.1439787282678637,-0.04752709511438001,-0.37664937155759487,0.010157833183038497,0.11622693045028452,0.338084229777815,0.14544191431835252,0.15868948568220184,-0.35721648413045964,0.06117101296525318,-0.20905933841124738
0.3387378595970142,1.032707053763969,0.08768543129885088,-0.07790900739067703,0.9958452753808436,0.0018451395888348407,0.047105939423271785,0.3807532353185431,-0.1439319695788259,-0.047837202349384864,-0.3766267974294765,0.010265158557231365,0.11596741270410048,0.33816596469931515,0.14546013157856977,0.15855180595874785,-0.35735337782467896,0.061252990007691965,-0.20914807680079067
0.33879335537264565,1.0327186956553962,0.08766782502752674,-0.07792710829665275,0.995845567174732,0.001846645463762263,0.04706975707914031,0.3807935362907099,-0.14393762660412948,-0.047893086548951,-0.3763754854989542,0.01016477290123798,0.11610531433871188,0.3381725548823394,0.14547754097247867,0.15867488771071492,-0.35711889784279904,0.06102997618306911,-0.20916139285792698
0.33885403274133413,1.03272844398814,0.08765728669615341,-0.07793160494219815,0.9958488644865905,0.0018737733975132097,0.04699141437705751,0.3807872072414039,-0.14389396367797255,-0.047674912949039104,-0.3764204706629063,0.010013929680787488,0.11608171574834343,0.3382269408139864,0.1455267268015518,0.15860416411086647,-0.3569721301338322,0.06086624603363615,-0.20915668690999617
0.3389088531196662,1.0327237530415947,0.08765474351253369,-0.07794361166778667,0.9958479722748518,0.0018989200685039884,0.046989399004677135,0.38085923831094337,-0.1438134291754268,-0.047599074910127416,-0.37636954738898,0.009958730883399197,0.11598015485428885,0.33821764975166635,0.14558279442497418,0.15861334440989927,-0.35681851586150065,0.06087565684882629,-0.2092181840674383
0.33896910207611014,1.032704749916149,0.08765585649724664,-0.07795634458806121,0.9958467428146975,0.001936542225393736,0.04699279698033069,0.380948029347029,-0.14371876757214652,-0.04754495106278129,-0.3763702897985386,0.009937556617578867,0.11603055905493766,0.33830268515950074,0.14569850149273866,0.1584156216575929,-0.3568527163629915,0.06102417468292114,-0.2091875336768423
0.33903880821106364,1.0326889740385798,0.08762389378170779,-0.07794150208700652,0.9958483970560236,0.001897078422705467,0.046983969892164856,0.3809204987516224,-0.14376220633500936,-0.04818137269598464,-0.37618400474491753,0.009976549412877785,0.11604199606997712,0.3383482942838579,0.14564849981371275,0.1585413159638596,-0.35682850188788445,0.060913982357087525,-0.20926866394234275
0.3390994343582252,1.032700755885681,0.0875925440964155,-0.07793312417461709,0.9958519286384185,0.0019466931688834983,0.046920941691659224,0.3809397837975942,-0.14366891073261995,-0.048148627735110645,-0.3763415080736506,0.009992446516192483,0.1156426992126538,0.3383179873955373,0.14577309284341494,0.158250745442348,-0.35667354885416697,0.06094102654671599,-0.2092589472728093
0.3391839003242072,1.0327119896766515,0.08759903144990998,-0.07787665602662568,0.9958594489346516,0.001939382834093302,0.04685534342959652,0.3809901306406865,-0.14371232755464264,-0.04772885761098477,-0.37649416338495767,0.009802305044125112,0.11560246423034481,0.3384150868566619,0.14573705228956566,0.1584495919248346,-0.35677877895365334,0.060630008830465806,-0.2093588764425976
