,,Lowerbody:LIAS,,,Lowerbody:RIAS,,,Lowerbody:LIPS,,,Lowerbody:RIPS,,,Lowerbody:LFLE,,,Lowerbody:LFAL,,,Lowerbody:LFCC,,,Lowerbody:RFLE,,,Lowerbody:RFAL,,,Lowerbody:RFCC,,,Lowerbody:LFME,,,Lowerbody:LTAM,,,Lowerbody:LFM5,,,Lowerbody:LFM1,,,Lowerbody:RFM5,,,Lowerbody:RFM1,,,Lowerbody:RTAM,,,Lowerbody:RFME,,
1,0,246.44313,-191.889145,1105.263062,257.024506,57.275955,1106.819824,429.424194,-116.829323,1129.228149,431.596802,-33.538029,1129.480957,306.958191,-276.666382,566.275574,370.826324,-303.78186,99.305153,429.756195,-254.22612,77.618401,306.508759,121.871811,589.94397,389.114441,154.290909,103.379517,435.310791,101.543243,81.100525,307.539215,-172.676666,555.894775,351.373871,-217.74942,113.03157,247.355011,-318.989258,54.728111,214.517456,-234.529663,62.977234,256.343689,178.071564,57.097332,217.418152,94.989464,63.666992,357.194977,69.532166,108.100357,327.022919,17.815371,559.821594
2,0,246.542145,-191.918396,1105.315552,257.026398,57.237026,1106.850586,429.503571,-116.776657,1129.150879,431.662598,-33.528877,1129.361084,306.917114,-276.658051,566.22821,370.708862,-304.009613,99.394264,429.605164,-254.140198,77.607048,306.424011,121.864388,589.936707,389.098785,154.304886,103.369553,435.301788,101.545647,81.069878,307.424164,-172.659805,555.922668,351.318817,-217.771072,113.003815,247.369919,-319.004578,54.71196,214.53096,-234.539536,62.968418,256.371277,178.051071,57.09449,217.449554,94.988243,63.68232,357.181122,69.52301,108.114807,326.812866,17.710279,559.727539
3,0,246.631699,-192.005539,1105.345947,257.04718,57.188847,1106.875244,429.602325,-116.730736,1129.078125,431.602905,-33.532364,1129.171997,306.858307,-276.671631,566.266479,370.689972,-303.988373,99.364853,429.706757,-254.205078,77.68676,306.360809,121.846992,589.937195,389.100952,154.314346,103.370804,435.308716,101.542969,81.054543,307.282227,-172.674683,555.909485,351.365631,-217.776794,113.07563,247.360352,-318.992432,54.721321,214.503159,-234.549591,62.981144,256.367737,178.02803,57.068649,217.542374,94.94194,63.600281,357.188873,69.527908,108.093079,326.696014,17.716051,559.719788
4,0,246.711273,-192.059662,1105.377197,257.031281,57.143864,1106.896118,429.658112,-116.728561,1128.939453,431.661621,-33.507507,1129.107544,306.753357,-276.66095,566.258728,370.824127,-303.762207,99.349609,429.676056,-254.190445,77.672279,306.239899,121.826012,589.907288,389.086884,154.288239,103.371193,435.288605,101.550896,81.076042,307.148315,-172.675278,555.903809,351.326538,-217.753296,112.977844,247.360886,-319.012939,54.710617,214.502563,-234.56633,62.983006,256.262817,178.058304,57.185898,217.430618,94.993706,63.690262,357.21225,69.523323,108.067818,326.741821,17.750343,559.820679
5,0,246.850311,-192.140137,1105.382446,257.010315,57.094551,1106.917358,429.664734,-116.704582,1128.882812,431.832092,-33.383518,1129.063354,306.678192,-276.637756,566.261047,370.806763,-303.74704,99.347542,429.734894,-254.161713,77.649483,306.119568,121.776939,589.90033,389.087769,154.299728,103.382706,435.294373,101.538811,81.06337,306.975616,-172.673294,555.912903,351.302948,-217.725449,112.995621,247.350449,-319.018951,54.72607,214.502594,-234.571899,62.970734,256.401794,178.039185,57.075787,217.461945,94.984016,63.655174,357.19931,69.52282,108.084007,326.482422,17.677692,559.681458
6,0,246.941498,-192.205795,1105.412964,256.994354,57.033756,1106.920898,429.785065,-116.637871,1128.853638,431.803528,-33.389622,1129.009521,306.606781,-276.641632,566.236145,370.64267,-303.981171,99.406471,429.767975,-254.076218,77.676598,306.00174,121.769745,589.882874,389.163452,154.161362,103.353569,435.299103,101.51696,81.080444,306.858582,-172.652481,555.927856,351.330872,-217.694366,113.008041,247.37326,-319.023468,54.708199,214.494583,-234.590714,62.963799,256.28833,178.044968,57.157944,217.472549,94.985519,63.668034,357.225189,69.536476,108.06118,326.544159,17.731325,559.735046
7,0,247.058151,-192.264786,1105.418457,256.953735,56.967213,1106.951538,429.929138,-116.560341,1128.832764,431.754822,-33.401035,1128.96521,306.533752,-276.620911,566.214355,370.692505,-303.936401,99.403137,429.722748,-254.116959,77.695503,305.850342,121.735176,589.874878,389.117401,154.167511,103.345238,435.296692,101.544067,81.079216,306.695709,-172.635269,555.88031,351.28714,-217.745941,113.099434,247.351715,-319.038849,54.694912,214.49649,-234.583542,62.968941,256.376862,178.037552,57.049698,217.430435,94.988129,63.671768,357.020416,69.700134,108.1399,326.431,17.686485,559.753723
8,0,247.159958,-192.329391,1105.432739,256.899994,56.917091,1106.976318,429.987274,-116.495262,1128.766602,431.941498,-33.25016,1128.928833,306.453064,-276.6315,566.227783,370.834625,-303.712677,99.353035,429.729858,-254.034363,77.612038,305.757477,121.703873,589.896179,389.053345,154.267365,103.401657,435.310455,101.567734,81.102669,306.578979,-172.629333,555.881287,351.201569,-217.721863,112.923492,247.376648,-319.068298,54.708118,214.479538,-234.603516,62.981865,256.321777,178.06044,57.143997,217.416,94.958534,63.602222,357.194763,69.559357,108.088333,326.151459,17.609478,559.701721
9,0,247.261856,-192.396423,1105.42627,256.890228,56.859524,1107.003784,429.915222,-116.539886,1128.791138,431.858612,-33.235031,1128.946655,306.411804,-276.63504,566.220642,370.71524,-303.928802,99.400841,429.76239,-254.080093,77.656052,305.631775,121.687233,589.920837,389.037628,154.246155,103.40831,435.296082,101.558716,81.138962,306.390625,-172.608002,555.867554,351.252869,-217.759979,113.110497,247.36412,-319.064575,54.713799,214.490295,-234.619751,62.978878,256.323456,178.082428,57.177616,217.438019,94.968895,63.634045,357.149139,69.570778,108.083099,326.164398,17.633886,559.75354
10,0,247.384064,-192.430664,1105.418701,256.842499,56.81406,1107.02002,429.973877,-116.467659,1128.744263,431.918274,-33.147152,1128.926147,306.339203,-276.630432,566.241333,370.775055,-303.88855,99.420364,429.727814,-254.094177,77.629044,305.514709,121.657166,589.933533,389.092377,154.144058,103.381874,435.307709,101.571075,81.141487,306.265808,-172.607864,555.867126,351.201385,-217.737305,112.961555,247.371643,-319.079895,54.698788,214.453049,-234.659515,62.970623,256.446655,178.04364,57.058186,217.440063,94.955215,63.636303,357.152832,69.562317,108.069107,325.901978,17.496782,559.748291
11,0,247.461304,-192.4785,1105.435181,256.835419,56.773277,1107.047241,430.161896,-116.343094,1128.739868,431.906921,-33.086803,1128.913818,306.326355,-276.61792,566.244507,370.832855,-303.75119,99.355728,429.651764,-254.136948,77.648903,305.399994,121.640846,589.934143,389.007294,154.220566,103.426208,435.305695,101.550316,81.140236,306.171722,-172.580887,555.86322,351.216553,-217.748825,113.022057,247.385696,-319.11438,54.682251,214.468628,-234.664932,62.973587,256.3862,177.991394,57.01656,217.417175,94.939354,63.619061,357.261871,69.627625,108.053917,325.802887,17.499563,559.735413
12,0,247.541916,-192.521927,1105.457397,256.853485,56.56403,1107.048828,430.196381,-116.2883,1128.712036,431.913757,-33.014046,1128.906006,306.267303,-276.61554,566.21759,370.857178,-303.720123,99.383789,429.619965,-254.076035,77.66758,305.312836,121.608925,589.913208,389.001953,154.217178,103.439529,435.31424,101.550201,81.154099,306.078827,-172.58844,555.836304,351.197052,-217.712967,112.991318,247.377686,-319.146454,54.695946,214.442398,-234.688126,62.986427,256.427399,178.017715,57.035042,217.422699,94.913216,63.604893,357.122803,69.565392,108.081543,325.935059,17.5758,559.753418
13,0,247.614426,-192.588181,1105.447632,256.799774,56.513397,1107.065674,430.122833,-116.284622,1128.727539,431.937378,-32.967049,1128.920288,306.214325,-276.605194,566.244629,370.76886,-303.842712,99.411255,429.668335,-254.039078,77.672615,305.225983,121.573074,589.869446,389.024689,154.19252,103.440155,435.333405,101.554626,81.184578,306.004181,-172.554184,555.817322,351.042572,-217.532227,113.106369,247.380051,-319.142914,54.680481,214.434525,-234.678299,62.980465,256.333466,178.001678,57.0966,217.423477,94.918518,63.61203,357.122833,69.553085,108.095222,325.739166,17.437342,559.703857
14,0,247.692291,-192.592972,1105.438721,256.761444,56.490829,1107.073486,430.17337,-116.246033,1128.695068,431.934723,-32.920101,1128.901245,306.234253,-276.588104,566.179688,370.86853,-303.676544,99.412971,429.660431,-254.049545,77.664398,305.170441,121.546631,589.864807,389.021454,154.190628,103.454628,435.336914,101.543449,81.209,305.882904,-172.432724,555.812073,351.16214,-217.715897,112.952728,247.371857,-319.127991,54.678043,214.440582,-234.682587,62.975235,256.429993,177.986786,57.058372,217.385666,94.925232,63.609577,357.077942,69.528206,108.11409,325.661621,17.375338,559.696106
15,0,247.784637,-192.646606,1105.435669,256.718628,56.441315,1107.083618,430.304504,-116.1194,1128.719116,431.857178,-32.86409,1128.905762,306.224518,-276.62027,566.224976,370.828522,-303.681824,99.392006,429.604797,-254.026108,77.696533,305.114227,121.533195,589.858826,389.000549,154.196747,103.473747,435.306519,101.522575,81.176163,305.919525,-172.52887,555.815308,351.153687,-217.683731,113.073647,247.394653,-319.167694,54.665089,214.425079,-234.707809,62.963039,256.397644,177.994492,57.055119,217.419937,94.925919,63.589497,357.086792,69.512894,108.090103,325.660858,17.345982,559.694641
16,0,247.808304,-192.699417,1105.413452,256.641418,56.415546,1107.099121,430.261444,-116.133324,1128.693726,431.950531,-32.782608,1128.924438,306.259949,-276.610901,566.234253,370.837982,-303.691406,99.386536,429.647522,-254.022598,77.683212,305.085297,121.503754,589.856201,388.994934,154.168274,103.488396,435.301636,101.497482,81.185143,305.907318,-172.505219,555.828186,351.048187,-217.495605,113.088249,247.403992,-319.182922,54.658222,214.405411,-234.700531,62.983074,256.346588,178.016296,57.110516,217.414536,94.903564,63.590355,357.0914,69.504593,108.097778,325.805511,17.403999,559.76062
17,0,247.9039,-192.726044,1105.397461,256.590027,56.399208,1107.118408,430.373993,-116.021461,1128.698486,431.98938,-32.702484,1128.93457,306.282227,-276.608124,566.227966,370.839478,-303.677338,99.378685,429.613068,-253.995148,77.670113,305.120178,121.495399,589.855896,388.988983,154.170471,103.472481,435.300781,101.492973,81.189339,305.943115,-172.503357,555.84668,351.007812,-217.533554,113.138702,247.375046,-319.18338,54.661514,214.389435,-234.759048,62.965958,256.531372,177.966293,56.952862,217.433731,94.917816,63.614658,357.200195,69.542267,108.05558,325.680023,17.348776,559.694519
18,0,247.933624,-192.790207,1105.371338,256.539246,56.379936,1107.125244,430.300232,-116.045486,1128.713379,431.787689,-32.794109,1128.918945,306.339935,-276.622131,566.243408,370.83905,-303.682922,99.437294,429.660095,-253.957962,77.691345,305.135406,121.543839,589.874756,388.982788,154.159515,103.472038,435.286987,101.497047,81.214066,305.971924,-172.51506,555.84082,351.158783,-217.689011,113.03186,247.378876,-319.199524,54.672279,214.395996,-234.754654,62.971077,256.456635,177.999527,57.037952,217.366974,94.917198,63.595882,357.103241,69.499687,108.109352,325.811768,17.399904,559.750427
19,0,247.976059,-192.828461,1105.359863,256.481567,56.343163,1107.145264,430.391785,-115.962013,1128.695312,431.839386,-32.711792,1128.929565,306.446655,-276.615417,566.192383,370.900116,-303.675873,99.403198,429.65094,-253.947586,77.665169,305.186432,121.54557,589.884766,388.991455,154.159363,103.492897,435.271301,101.488983,81.197731,306.01889,-172.511185,555.839844,350.956726,-217.513214,113.070892,247.416031,-319.146118,54.631039,214.411179,-234.770554,62.997089,256.324402,177.99884,57.089916,217.383987,94.922333,63.629517,357.092682,69.476532,108.115105,325.779053,17.412821,559.722534
20,0,248.085129,-192.847305,1105.350464,256.452606,56.335758,1107.15686,430.361725,-115.980507,1128.715088,431.840729,-32.714806,1128.941528,306.52002,-276.637604,566.218262,370.891418,-303.652527,99.38385,429.618134,-254.014099,77.67791,305.218292,121.561569,589.86499,388.985962,154.148605,103.478264,435.290588,101.478523,81.214668,306.063934,-172.521118,555.833496,351.030701,-217.507736,113.126747,247.447693,-319.102875,54.623581,214.404816,-234.782852,62.98341,256.458771,177.967514,57.036285,217.400711,94.947105,63.634357,356.955597,69.616318,108.169434,325.748871,17.264503,559.753052
21,0,248.103714,-192.871918,1105.334229,256.433258,56.315208,1107.160645,430.396362,-115.932274,1128.705322,431.852783,-32.633217,1128.932983,306.584167,-276.657349,566.208862,370.954529,-303.638153,99.402939,429.646423,-253.955185,77.722488,305.214233,121.555611,589.84906,388.990417,154.15712,103.483368,435.322266,101.485649,81.207336,306.127563,-172.533524,555.858582,350.983948,-217.54451,113.151505,247.462006,-319.16748,54.67897,214.369461,-234.786697,62.997101,256.40921,177.996643,57.06271,217.396439,94.908234,63.607834,357.087585,69.504379,108.128151,325.878723,17.401419,559.712952
22,0,248.160721,-192.899811,1105.305664,256.420135,56.305325,1107.157104,430.415588,-115.923477,1128.671143,431.896332,-32.525005,1129.006348,306.643097,-276.668518,566.210754,370.971161,-303.636383,99.432182,429.614349,-253.940552,77.700287,305.215118,121.553375,589.828369,388.992645,154.142349,103.46508,435.316162,101.484863,81.215103,306.16217,-172.560059,555.834839,351.013,-217.563293,113.141518,247.337967,-319.255493,54.581291,214.339417,-234.806396,62.985413,256.43924,177.96402,57.041622,217.388519,94.929131,63.62056,357.073608,69.509926,108.122322,325.821472,17.260988,559.741821
23,0,248.204208,-192.947891,1105.313232,256.387878,56.278168,1107.162598,430.542877,-115.826431,1128.703247,431.836121,-32.585457,1128.954102,306.73584,-276.703613,566.243896,370.964874,-303.67868,99.448624,429.668091,-253.929672,77.732361,305.223816,121.547958,589.813171,388.981506,154.158279,103.486298,435.319153,101.479332,81.201202,306.235596,-172.591156,555.862732,350.978363,-217.595734,113.090782,247.437424,-319.250122,54.669727,214.369843,-234.818283,62.995842,256.462189,177.991623,57.067432,217.421188,94.857811,63.528,357.082367,69.484772,108.133621,325.856079,17.229914,559.707703
24,0,248.263138,-192.96994,1105.308716,256.406555,56.264568,1107.160767,430.490479,-115.860085,1128.706543,431.854919,-32.578503,1128.978516,306.831696,-276.734558,566.261658,370.986481,-303.654633,99.438484,429.563629,-253.969727,77.724968,305.201904,121.529594,589.771545,388.97995,154.155991,103.490685,435.34375,101.488571,81.23661,306.30072,-172.597412,555.889099,351.131104,-217.751129,113.01783,247.474731,-319.287109,54.727356,214.360184,-234.817047,63.015007,256.342804,178.013962,57.136562,217.414032,94.907761,63.616119,357.114441,69.506126,108.127365,326.009186,17.362267,559.710815
25,0,248.348648,-192.989151,1105.256104,256.433563,56.232533,1107.164917,430.612366,-115.762863,1128.699951,431.974701,-32.465984,1128.991089,306.896942,-276.757935,566.261292,370.942505,-303.683838,99.409401,429.548553,-253.931702,77.632088,305.172516,121.502563,589.751648,388.988159,154.159073,103.474396,435.339417,101.501526,81.23497,306.373993,-172.620941,555.867737,351.022156,-217.541428,113.168991,247.501526,-319.247009,54.730869,214.383316,-234.822739,63.001358,256.414642,177.993378,57.072021,217.388107,94.902718,63.575626,357.105469,69.505554,108.129341,326.045746,17.325695,559.706055
26,0,248.415848,-193.035233,1105.258301,256.427795,56.244549,1107.165771,430.643066,-115.715683,1128.721558,432.029449,-32.429962,1129.040283,306.973755,-276.766022,566.252441,370.983337,-303.684448,99.443283,429.601746,-253.972198,77.715347,305.154663,121.517662,589.722473,388.966461,154.169861,103.503227,435.307129,101.496628,81.235527,306.452942,-172.631241,555.872681,351.149506,-217.757278,112.99118,247.40564,-319.287872,54.527031,214.351517,-234.845337,63.002995,256.381561,178.039017,57.128826,217.419174,94.906181,63.590221,357.115143,69.508705,108.122482,326.023682,17.337063,559.691223
27,0,248.474945,-193.065552,1105.244507,256.438568,56.245983,1107.172729,430.696198,-115.702393,1128.758911,431.98233,-32.464443,1129.049561,307.083984,-276.776398,566.244141,371.011566,-303.659943,99.456032,429.597839,-253.926987,77.687386,305.131714,121.538971,589.693298,388.980408,154.172485,103.486885,435.31131,101.520203,81.254654,306.577606,-172.646057,555.897156,350.976471,-217.585297,113.106606,247.453049,-319.299133,54.624775,214.333817,-234.860275,63.003941,256.465576,178.001572,57.010712,217.405792,94.905045,63.610474,357.085388,69.507797,108.151825,325.869446,17.262037,559.627991
28,0,248.566513,-193.070389,1105.20105,256.443909,56.240078,1107.165283,430.668854,-115.728539,1128.78479,432.01001,-32.399506,1129.092773,307.183167,-276.796478,566.310608,370.913452,-303.800873,99.428345,429.653137,-253.921692,77.695625,305.127838,121.584229,589.652405,388.989685,154.191116,103.494881,435.309265,101.505203,81.228218,306.663849,-172.65451,555.883179,351.12442,-217.78894,113.041313,247.457169,-319.279297,54.645721,214.354248,-234.854034,63.027977,256.419189,178.000565,57.055035,217.412704,94.941566,63.594936,357.09787,69.500969,108.128151,325.979523,17.374676,559.635498
29,0,248.591324,-193.100311,1105.180786,256.465515,56.231316,1107.15918,430.8013,-115.633064,1128.859009,432.025513,-32.385128,1129.134521,307.260376,-276.814423,566.269897,370.983948,-303.688599,99.401947,429.617035,-253.92157,77.719139,305.140594,121.59462,589.588074,388.985321,154.194412,103.48558,435.327728,101.492302,81.227432,306.73584,-172.684082,555.890686,351.034271,-217.597198,113.188911,247.477051,-319.296234,54.604313,214.353241,-234.848831,63.042812,256.456451,177.974472,57.044849,217.41452,94.928543,63.620506,357.120209,69.510307,108.117462,325.97113,17.376791,559.5979
30,0,248.715836,-193.065659,1105.150879,256.476166,56.241669,1107.156494,430.858032,-115.592537,1128.888306,431.992828,-32.425045,1129.282593,307.351318,-276.811249,566.304199,370.977142,-303.688324,99.413559,429.623596,-253.879898,77.640305,305.131531,121.603569,589.53125,388.985901,154.180725,103.489746,435.30484,101.48819,81.23484,306.843689,-172.670364,555.88916,350.987305,-217.617416,113.091835,247.476501,-319.308319,54.611568,214.368591,-234.834686,63.027077,256.34259,178.001755,57.130859,217.41864,94.924484,63.599354,356.988708,69.647911,108.162872,325.985504,17.404726,559.549988
31,0,248.781448,-193.075302,1105.099976,256.511353,56.238087,1107.150879,430.807465,-115.60479,1128.915771,432.03244,-32.334652,1129.260132,307.410034,-276.847382,566.308716,370.973877,-303.7276,99.442619,429.633392,-253.954681,77.703781,305.157013,121.590179,589.489502,388.997711,154.161713,103.485756,435.297607,101.493126,81.216415,306.917938,-172.658249,555.895386,351.190704,-217.777679,113.080109,247.484253,-319.282715,54.605225,214.371582,-234.81636,62.983402,256.485962,177.973557,56.967125,217.434723,94.921844,63.604958,357.227295,69.55735,108.103798,325.928894,17.393925,559.512573
32,0,248.820953,-193.106812,1105.079956,256.52536,56.215611,1107.137695,430.950317,-115.540108,1128.992554,432.017914,-32.351212,1129.40332,307.503998,-276.835663,566.293884,370.972992,-303.792328,99.458237,429.638306,-253.952805,77.705437,305.122772,121.583412,589.418762,388.982941,154.180038,103.474632,435.329468,101.509674,81.227585,307.018097,-172.679337,555.897583,351.176819,-217.783524,113.027473,247.498001,-319.301086,54.596695,214.378571,-234.807053,63.011021,256.448151,177.971649,57.049458,217.394928,94.915337,63.610249,356.983398,69.604256,108.157379,325.983704,17.405052,559.447205
33,0,248.934723,-193.09198,1105.053345,256.5354,56.184532,1107.120728,430.98938,-115.520599,1129.057617,432.081573,-32.272484,1129.38269,307.585785,-276.847443,566.333862,370.946014,-303.803406,99.463226,429.611145,-253.947891,77.707634,305.115082,121.559074,589.384277,388.991669,154.183502,103.502281,435.329773,101.498123,81.218224,307.128784,-172.673309,555.904663,351.147064,-217.752701,112.985634,247.467743,-319.289429,54.627018,214.384308,-234.813934,63.024544,256.348236,177.993607,57.088856,217.391769,94.881851,63.583954,357.107574,69.513275,108.136841,325.953461,17.365009,559.426819
34,0,248.981491,-193.138794,1105.010132,256.511475,56.181507,1107.099365,431.035706,-115.4589,1129.093628,431.998535,-32.211472,1129.52356,307.656281,-276.826263,566.318176,370.920624,-303.834229,99.457016,429.581787,-253.962189,77.668961,305.104187,121.575348,589.314087,388.975128,154.16272,103.474281,435.331421,101.510841,81.230766,307.212402,-172.644867,555.894653,351.104889,-217.774979,113.065552,247.476135,-319.265625,54.641834,214.3741,-234.808441,63.010632,256.346222,178.004562,57.104435,217.400543,94.902802,63.605339,357.109894,69.522835,108.120415,326.023712,17.411169,559.403503
35,0,249.135712,-193.034851,1104.922119,256.519318,56.148796,1107.078369,431.02948,-115.45208,1129.156982,432.089813,-32.179737,1129.531982,307.751984,-276.780396,566.296631,370.938232,-303.787811,99.47052,429.662567,-253.92923,77.695145,305.135925,121.590576,589.281128,388.989746,154.181061,103.46814,435.336731,101.503464,81.211769,307.311401,-172.612732,555.918823,351.13208,-217.764725,113.048553,247.477753,-319.247406,54.645573,214.363739,-234.812576,63.029842,256.466858,177.976196,57.03014,217.478882,94.889046,63.573189,357.099426,69.539894,108.131248,326.070404,17.426603,559.381226
36,0,249.214691,-193.083664,1104.896484,256.504303,56.129261,1107.065918,431.107849,-115.417099,1129.218262,432.102905,-32.145962,1129.602661,307.824829,-276.797302,566.300293,370.913025,-303.823883,99.447792,429.666016,-253.935699,77.693718,305.169128,121.615013,589.239746,388.994476,154.169052,103.466003,435.343323,101.517822,81.223045,307.367645,-172.652328,555.910095,351.205414,-217.729248,113.00602,247.488983,-319.263489,54.648552,214.360077,-234.832214,62.993744,256.436401,178.003952,57.07716,217.423279,94.941124,63.611107,357.060913,69.544395,108.144028,326.167938,17.494484,559.334717
37,0,249.328598,-193.136322,1104.84436,256.486816,56.113396,1107.040649,431.126831,-115.384727,1129.281006,432.00174,-32.206875,1129.715088,307.886017,-276.813019,566.318054,370.914307,-303.835968,99.463913,429.593323,-253.970566,77.662598,305.205414,121.654297,589.196472,389.028503,154.192688,103.477951,435.323853,101.52935,81.199783,307.465515,-172.624573,555.924255,351.152832,-217.752243,113.050407,247.507431,-319.265411,54.629112,214.365814,-234.829285,63.002987,256.33728,178.017776,57.133305,217.428619,94.921074,63.624741,357.081146,69.514,108.135887,326.246033,17.529816,559.314636
38,0,249.402756,-193.211288,1104.80127,256.432861,56.063095,1107.024292,431.149475,-115.350197,1129.367798,432.048279,-32.073338,1129.720581,307.980225,-276.782532,566.27655,370.930481,-303.813538,99.478058,429.559906,-253.964218,77.683182,305.272888,121.677162,589.170105,389.021484,154.234177,103.458061,435.346954,101.536858,81.191963,307.539215,-172.608719,555.94043,351.186737,-217.733368,113.049469,247.492599,-319.256348,54.628674,214.34816,-234.820648,62.998848,256.341064,178.028748,57.137543,217.476028,94.9207,63.579231,357.102997,69.553482,108.137314,326.317169,17.602936,559.236145
39,0,249.460022,-193.25145,1104.762573,256.355927,56.011745,1107.008057,431.204987,-115.279228,1129.471802,432.002625,-31.942837,1129.789185,307.986267,-276.803162,566.313965,370.931519,-303.79126,99.433723,429.585907,-253.976578,77.713753,305.345245,121.732895,589.133606,389.023926,154.237854,103.452682,435.345856,101.550789,81.189507,307.582794,-172.642075,555.917175,351.201813,-217.695892,113.076263,247.500946,-319.261688,54.636517,214.355164,-234.828293,63.003719,256.396606,178.045624,57.122383,217.415176,94.93515,63.632057,357.120728,69.566589,108.140144,326.382172,17.617107,559.236755
40,0,249.561386,-193.338654,1104.719604,256.290283,55.95573,1106.984619,431.211304,-115.250641,1129.492676,432.065277,-31.985146,1129.901733,308.151001,-276.784668,566.258057,370.890747,-303.888702,99.497398,429.679565,-253.939774,77.716438,305.416351,121.766449,589.100403,389.106506,154.136948,103.40802,435.321686,101.547066,81.158714,307.654785,-172.645203,555.943237,351.189423,-217.746063,113.094376,247.500122,-319.23291,54.629364,214.368195,-234.801544,63.015064,256.502167,178.033112,56.976147,217.412872,94.939194,63.595219,357.130127,69.599304,108.147781,326.47113,17.674835,559.228149
41,0,249.645538,-193.39064,1104.698486,256.205353,55.873344,1106.97583,431.22641,-115.205437,1129.594116,431.911682,-31.973246,1129.984375,308.23996,-276.796875,566.284729,370.891724,-303.877869,99.457916,429.648315,-253.954285,77.710075,305.480865,121.800476,589.054626,389.068146,154.24884,103.422432,435.32782,101.534592,81.171242,307.709412,-172.659424,555.935913,351.179596,-217.729691,113.000511,247.454636,-319.252441,54.518597,214.380814,-234.820541,63.01363,256.397186,178.038956,57.086742,217.4142,94.968323,63.645073,357.14563,69.609772,108.164703,326.542542,17.726236,559.200256
42,0,249.732925,-193.478119,1104.675415,256.103455,55.815273,1106.941284,431.262482,-115.161308,1129.669678,431.881134,-31.935457,1130.039673,308.297791,-276.833252,566.293701,370.970886,-303.824005,99.431915,429.581268,-253.975189,77.711258,305.555695,121.818092,589.017761,389.096649,154.264099,103.4188,435.344055,101.574257,81.181862,307.754242,-172.692581,555.944092,351.153503,-217.7798,113.103554,247.529251,-319.201782,54.575378,214.373703,-234.827805,63.005432,256.429047,178.06665,57.069027,217.438843,94.956169,63.634724,357.166718,69.625343,108.15699,326.630463,17.731922,559.207214
43,0,249.802078,-193.553452,1104.644409,255.970062,55.737019,1106.925659,431.25174,-115.114105,1129.75769,431.845306,-31.898369,1130.103882,308.361298,-276.865479,566.327881,370.849487,-303.982117,99.444992,429.580536,-253.995575,77.717293,305.580048,121.830696,588.967529,389.093445,154.262863,103.412842,435.320648,101.553391,81.170876,307.816498,-172.732468,555.968018,351.154572,-217.77597,113.108299,247.580933,-319.161407,54.629051,214.37088,-234.841064,63.004932,256.370728,178.083664,57.103264,217.444458,94.974312,63.649723,357.166626,69.624115,108.150116,326.717743,17.717113,559.175171
44,0,249.862457,-193.64888,1104.634033,255.802505,55.785168,1106.904053,431.257629,-115.048904,1129.789307,431.760529,-31.8535,1130.186646,308.444427,-276.900543,566.326111,370.933746,-303.951202,99.466362,429.648804,-253.962067,77.718193,305.628876,121.813263,588.947021,389.082916,154.240891,103.417183,435.342346,101.554306,81.153336,307.895172,-172.74144,555.983887,351.132385,-217.829819,113.068382,247.544876,-319.2966,54.606812,214.374573,-234.861496,62.993347,256.37146,178.086655,57.117672,217.406601,94.894722,63.55872,357.203033,69.637032,108.143929,326.793976,17.700781,559.124023
45,0,249.942917,-193.759262,1104.625,255.679489,55.700779,1106.870483,431.262573,-114.977692,1129.883911,431.753265,-31.74229,1130.213135,308.553772,-276.942963,566.308533,370.879761,-304.024963,99.475899,429.66037,-254.03392,77.678009,305.631775,121.806023,588.914917,389.132141,154.159775,103.395569,435.372375,101.568062,81.153839,307.929199,-172.795883,556.003662,351.224579,-217.798431,113.112663,247.521103,-319.298859,54.619411,214.390823,-234.872299,63.019291,256.361481,178.038574,57.121246,217.469162,94.96096,63.63781,357.342621,69.667854,108.123894,326.900635,17.712128,559.111267
46,0,249.982162,-193.836609,1104.615112,255.630112,55.584972,1106.821045,431.256744,-114.9468,1129.946167,431.632965,-31.715744,1130.243774,308.597382,-276.987,566.272034,370.993835,-304.007111,99.486656,429.636658,-254.052673,77.664406,305.632599,121.790405,588.879272,389.110199,154.273544,103.414139,435.375732,101.593941,81.169266,307.976288,-172.848343,555.998474,351.245239,-217.926712,113.190025,247.550598,-319.31012,54.594948,214.398178,-234.88298,63.009418,256.376282,178.003815,57.100697,217.519058,94.943962,63.613056,357.215302,69.630058,108.143669,326.97937,17.725384,559.079773
47,0,250.031647,-193.913589,1104.585083,255.415344,55.55452,1106.804321,431.228882,-114.899261,1130.049194,431.589294,-31.657473,1130.354004,308.697174,-277.017395,566.327393,371.064819,-303.885193,99.462219,429.595673,-254.092865,77.729256,305.670837,121.784508,588.844177,389.146729,154.179443,103.405098,435.398804,101.610947,81.194695,307.993195,-172.900208,556.002625,351.115662,-217.940369,113.126335,247.533691,-319.354187,54.597618,214.404526,-234.90683,63.007988,256.36731,178.011169,57.11161,217.453079,94.923912,63.606537,357.199402,69.61132,108.168472,327.051453,17.679293,559.053711
48,0,250.046722,-193.97673,1104.594604,255.279541,55.496365,1106.768433,431.209961,-114.852043,1130.106201,431.511719,-31.633865,1130.403442,308.730133,-277.136047,566.374756,371.081451,-303.991425,99.460121,429.64978,-254.07135,77.737389,305.687225,121.755081,588.819519,389.117126,154.271255,103.420967,435.357819,101.586685,81.163857,308.00293,-172.981308,556.025757,351.143158,-218.05191,113.159538,247.564209,-319.404633,54.588036,214.394409,-234.945267,63.019806,256.444733,178.032013,57.028702,217.460892,94.975685,63.637436,357.19574,69.806641,108.175751,327.149963,17.693272,559.065125
49,0,250.028793,-194.04071,1104.623535,255.143433,55.430397,1106.728149,431.149811,-114.806541,1130.133057,431.411072,-31.589478,1130.46521,308.841156,-277.19873,566.405151,371.183899,-303.978027,99.458786,429.559448,-254.143478,77.737549,305.701813,121.749557,588.783997,389.151398,154.170029,103.389771,435.326294,101.550812,81.128365,308.022156,-173.049133,556.053406,351.10434,-218.144409,113.106186,247.53302,-319.413696,54.54847,214.402771,-234.981339,63.019886,256.327393,178.115143,57.224194,217.464432,94.968719,63.637413,357.172791,69.636101,108.169685,327.20166,17.730412,559.051514
50,0,249.986694,-194.103104,1104.609863,255.001572,55.380493,1106.718994,431.107452,-114.774559,1130.246094,431.31601,-31.532146,1130.492432,308.957245,-277.26239,566.418274,371.067871,-304.14975,99.493065,429.599579,-254.099899,77.752663,305.716949,121.743233,588.764648,389.153992,154.153122,103.389984,435.39093,101.570412,81.172417,308.034637,-173.111313,556.029053,350.990601,-217.96611,113.293602,247.546448,-319.482483,54.542984,214.375259,-235.020767,63.004269,256.332306,178.098602,57.169853,217.472122,94.921585,63.607426,357.160828,69.664726,108.183563,327.194794,17.663414,559.038025
51,0,249.973206,-194.159225,1104.600098,254.874176,55.336472,1106.678589,431.020172,-114.732414,1130.293457,431.180725,-31.508884,1130.543457,309.103302,-277.35022,566.445557,371.089264,-304.162598,99.483139,429.592773,-254.177216,77.754814,305.709442,121.727615,588.740356,389.161621,154.158142,103.399315,435.414001,101.586777,81.188034,308.058167,-173.215042,556.055603,351.140594,-218.209717,113.286949,247.581955,-319.489624,54.52264,214.383545,-235.068939,63.030289,256.303162,178.05246,57.136791,217.435623,94.935829,63.585796,357.174011,69.627098,108.170143,327.330383,17.734522,559.017761
52,0,249.901672,-194.186264,1104.616455,254.743576,55.300011,1106.648682,430.95047,-114.723679,1130.333252,431.08075,-31.458101,1130.5979,309.28067,-277.379852,566.416626,371.236298,-304.048523,99.410851,429.606628,-254.151978,77.768837,305.684326,121.708649,588.716064,389.122009,154.224365,103.433311,435.399658,101.587563,81.190681,308.114929,-173.262772,556.115417,350.919556,-218.144333,113.428658,247.562973,-319.555939,54.511913,214.398453,-235.099213,63.032558,256.342987,178.069901,57.144661,217.509567,94.948471,63.605495,357.170074,69.634903,108.165321,327.255127,17.608902,559.010071
53,0,249.73291,-194.301208,1104.648804,254.659592,55.310707,1106.618164,430.84082,-114.69474,1130.397461,430.976135,-31.444088,1130.702148,309.408752,-277.464996,566.516602,371.289154,-304.06665,99.468719,429.580414,-254.206665,77.784698,305.66275,121.703079,588.68158,389.124268,154.213867,103.429779,435.397766,101.567528,81.183487,308.200836,-173.293488,556.121643,350.92868,-218.208145,113.447395,247.539215,-319.587433,54.495975,214.412994,-235.147598,63.074066,256.41507,178.036041,57.082325,217.461609,94.944771,63.614456,357.179291,69.60688,108.20414,327.261993,17.574352,558.989563
54,0,249.632202,-194.282166,1104.650146,254.526642,55.314507,1106.581787,430.729767,-114.686661,1130.450562,430.869415,-31.438488,1130.631958,309.552216,-277.513489,566.518555,371.233734,-304.171448,99.441368,429.602142,-254.212524,77.770172,305.605225,121.692696,588.657104,389.10907,154.199097,103.438232,435.37146,101.578323,81.178574,308.284149,-173.362671,556.103149,350.946075,-218.198959,113.490761,247.545044,-319.636993,54.484684,214.380585,-235.19075,63.086605,256.3255,178.032822,57.159645,217.426971,94.936501,63.606739,357.207794,69.61338,108.166328,327.201233,17.534372,558.987183
55,0,249.534836,-194.239914,1104.659912,254.444061,55.330536,1106.540771,430.608734,-114.710503,1130.479248,430.718201,-31.470186,1130.67334,309.702423,-277.571228,566.51709,371.314545,-304.161743,99.463173,429.581909,-254.261169,77.781342,305.511169,121.660378,588.632874,389.100037,154.198563,103.443047,435.378876,101.559387,81.196297,308.454193,-173.394394,556.118774,350.986481,-218.215317,113.437386,247.549362,-319.67215,54.489056,214.38504,-235.193909,63.113289,256.401001,178.045288,57.096195,217.462616,94.951057,63.623489,357.318237,69.650681,108.134361,327.152496,17.492956,558.955261
56,0,249.37085,-194.205887,1104.677612,254.537888,55.254063,1106.522949,430.488922,-114.695412,1130.516479,430.579712,-31.516693,1130.755371,309.813507,-277.603271,566.540039,371.297852,-304.177185,99.459862,429.59375,-254.213638,77.807442,305.445587,121.643753,588.606079,389.10202,154.215271,103.448204,435.356049,101.532799,81.178429,308.581573,-173.43924,556.133789,350.906006,-218.239197,113.540398,247.54657,-319.709229,54.471504,214.416138,-235.221405,63.112026,256.330658,178.027161,57.139023,217.459763,94.934944,63.626976,357.161804,69.580315,108.175888,327.119263,17.481039,558.974548
57,0,249.202484,-194.177185,1104.68396,254.514221,55.110432,1106.502563,430.323273,-114.748665,1130.548462,430.536652,-31.504768,1130.67041,310.023102,-277.604034,566.527466,371.404114,-304.159241,99.475258,429.570221,-254.269119,77.804268,305.363342,121.63829,588.590637,389.102264,154.182877,103.440254,435.375092,101.553032,81.225792,308.681427,-173.482681,556.117493,350.980713,-218.271576,113.531967,247.57019,-319.691132,54.461613,214.410049,-235.22522,63.108875,256.372223,178.104065,57.195896,217.451157,94.936432,63.599674,357.203033,69.574776,108.161957,327.079041,17.499146,558.915161
58,0,248.973434,-194.146225,1104.650513,254.421677,55.127735,1106.489746,430.180084,-114.772461,1130.571655,430.409698,-31.5193,1130.685669,310.049957,-277.654266,566.512146,371.434906,-304.139709,99.448784,429.647278,-254.262894,77.817841,305.410065,121.536362,588.565613,389.093506,154.200546,103.461937,435.360931,101.564529,81.231178,308.805847,-173.492462,556.115234,350.880463,-218.398392,113.552193,247.56456,-319.700562,54.472477,214.397629,-235.214569,63.085384,256.410797,178.020798,57.043243,217.416443,94.896492,63.576794,357.196075,69.571899,108.15686,327.021057,17.493359,558.965088
59,0,248.785919,-194.133347,1104.637451,254.332962,55.166931,1106.486084,430.000671,-114.803886,1130.602661,430.270264,-31.541061,1130.705078,310.279175,-277.605011,566.484375,371.389862,-304.157776,99.487877,429.547943,-254.217773,77.790337,305.355438,121.535431,588.553955,389.084198,154.216614,103.471748,435.351868,101.540489,81.224945,308.901398,-173.492996,556.126526,350.924255,-218.351334,113.573395,247.552643,-319.713226,54.468655,214.406265,-235.221878,63.08625,256.394073,178.032104,57.104668,217.404709,94.910995,63.589184,357.321411,69.602592,108.116112,326.927002,17.506836,558.908508
60,0,248.57077,-194.110352,1104.635132,254.204239,55.192375,1106.488525,429.836975,-114.844627,1130.632324,430.139008,-31.577099,1130.705566,310.242798,-277.631531,566.540222,371.401184,-304.123627,99.475067,429.520599,-254.22966,77.7286,305.306366,121.570152,588.540955,389.078613,154.17569,103.462433,435.382751,101.55558,81.243721,308.976898,-173.489243,556.129456,350.905365,-218.348129,113.565422,247.561279,-319.696716,54.464695,214.423309,-235.199875,63.088963,256.538971,178.044189,56.968319,217.444214,94.872566,63.518078,357.162231,69.557098,108.150681,326.9534,17.552084,558.924866
61,0,248.408218,-194.061234,1104.601562,254.089447,55.298145,1106.475952,429.659149,-114.8908,1130.618652,430.040649,-31.576775,1130.710083,310.303711,-277.5961,566.516846,371.376984,-304.133728,99.45433,429.564026,-254.187195,77.715218,305.261139,121.582481,588.542419,389.094391,154.189896,103.48262,435.355072,101.57061,81.246651,309.019958,-173.466629,556.14801,350.879089,-218.335464,113.643776,247.567215,-319.715881,54.473961,214.421188,-235.16777,63.077396,256.399689,178.098541,57.146519,217.412552,94.926216,63.588463,357.177704,69.527489,108.156921,326.867798,17.534143,559.000732
62,0,248.210754,-194.024261,1104.603516,253.981354,55.314667,1106.48645,429.51532,-114.908379,1130.628296,429.815826,-31.658545,1130.714844,310.309814,-277.579559,566.476562,371.357666,-304.139709,99.469955,429.585938,-254.19632,77.73774,305.109528,121.684792,588.545288,389.08374,154.203964,103.499535,435.358765,101.535408,81.266975,309.06778,-173.468002,556.130249,350.900787,-218.319794,113.594131,247.593338,-319.691681,54.466228,214.431412,-235.132492,63.06348,256.382385,178.091232,57.152973,217.402557,94.934067,63.608974,357.130676,69.560867,108.167267,326.787231,17.510645,558.933533
63,0,248.029022,-194.007996,1104.616455,253.847565,55.34441,1106.474487,429.26651,-114.970886,1130.592651,429.734344,-31.683315,1130.752808,310.255157,-277.582123,566.520691,371.382507,-304.12616,99.496864,429.525452,-254.21608,77.709084,305.062317,121.698456,588.544006,389.061584,154.203949,103.502266,435.349579,101.528854,81.269135,309.047394,-173.495071,556.11853,350.929901,-218.258911,113.599716,247.597153,-319.691284,54.46656,214.424896,-235.104752,63.04747,256.405182,178.051987,57.045906,217.429474,94.93718,63.574688,357.143646,69.545898,108.153595,326.757019,17.581291,558.917175
64,0,247.829605,-193.934357,1104.647095,253.770554,55.402637,1106.481689,429.14035,-114.956802,1130.670898,429.599243,-31.67532,1130.664795,310.213593,-277.586243,566.454041,371.372864,-304.13028,99.447914,429.537598,-254.191605,77.742439,305.013824,121.703835,588.54303,389.047943,154.187836,103.47683,435.353088,101.5187,81.253448,309.074982,-173.483154,556.112122,350.947266,-218.306061,113.589333,247.60318,-319.678223,54.459507,214.436523,-235.121048,63.044907,256.321655,178.039978,57.109921,217.38884,94.95224,63.596375,357.232208,69.589485,108.113503,326.742188,17.650215,558.911316
65,0,247.651581,-193.890274,1104.626709,253.643661,55.440731,1106.473511,428.985321,-114.974892,1130.612915,429.473633,-31.70722,1130.714966,310.156464,-277.558777,566.501282,371.335907,-304.153748,99.476303,429.617615,-254.160965,77.738235,304.969543,121.7192,588.524292,389.047607,154.181931,103.48909,435.332733,101.52684,81.288429,309.025726,-173.444824,556.125549,350.952637,-218.228561,113.613739,247.553223,-319.682709,54.474586,214.429642,-235.122192,63.042633,256.4039,178.058136,57.050224,217.382156,94.90062,63.536419,356.993774,69.681801,108.19474,326.659454,17.683363,558.944519
66,0,247.459061,-193.831436,1104.642578,253.540009,55.50816,1106.475098,428.821899,-114.975533,1130.6427,429.359497,-31.701233,1130.735107,310.013184,-277.578247,566.465332,371.383118,-304.136566,99.48365,429.517334,-254.141205,77.675217,304.918457,121.759727,588.515747,389.045288,154.195236,103.484543,435.34491,101.543694,81.298637,308.993835,-173.463882,556.087769,350.89328,-218.284134,113.681808,247.576782,-319.684265,54.468075,214.445053,-235.140915,63.068756,256.347748,178.050598,57.124752,217.469803,94.938965,63.586601,357.095886,69.556244,108.15757,326.592987,17.625719,558.898315
67,0,247.264297,-193.795197,1104.638428,253.421539,55.573696,1106.461426,428.710999,-114.967873,1130.633911,429.213867,-31.690523,1130.72522,309.88681,-277.595123,566.456177,371.416901,-304.11438,99.437698,429.56308,-254.134323,77.693657,304.881989,121.774498,588.515076,389.039795,154.185608,103.500824,435.293274,101.524696,81.266586,308.892792,-173.453934,556.078552,350.95401,-218.228394,113.632744,247.589798,-319.686249,54.451275,214.410782,-235.163498,63.086128,256.341614,178.090775,57.147823,217.402374,94.950531,63.611618,357.093414,69.555672,108.171761,326.592224,17.655548,558.895386
68,0,247.142776,-193.712585,1104.613403,253.31897,55.630886,1106.476685,428.538605,-114.979225,1130.638794,429.078979,-31.672262,1130.671631,309.739594,-277.575623,566.490234,371.36261,-304.140961,99.477386,429.567383,-254.170532,77.743256,304.811646,121.784615,588.506531,389.013428,154.216736,103.505058,435.339996,101.531631,81.307373,308.816223,-173.422943,556.057617,350.909088,-218.30864,113.616096,247.573105,-319.663452,54.455738,214.376266,-235.232758,63.085445,256.324982,178.065857,57.129192,217.374481,94.944984,63.600025,357.090668,69.552879,108.193542,326.572205,17.748323,558.913696
69,0,246.943253,-193.664154,1104.64563,253.22467,55.688438,1106.467773,428.314331,-115.055748,1130.62793,428.971252,-31.660185,1130.635254,309.564087,-277.570404,566.492188,371.358856,-304.123138,99.507202,429.62851,-254.185669,77.765251,304.743591,121.815063,588.504517,389.033966,154.181946,103.502899,435.32312,101.54776,81.292664,308.707062,-173.384888,556.049927,350.906281,-218.250061,113.640656,247.594101,-319.659668,54.460247,214.357895,-235.20546,63.062637,256.530518,178.032822,56.959225,217.363083,94.908356,63.549892,357.094086,69.565132,108.182159,326.490601,17.67012,558.91449
70,0,246.80809,-193.605179,1104.63269,253.12323,55.732849,1106.468018,428.205475,-115.00724,1130.672241,428.875824,-31.666782,1130.701782,309.480347,-277.493011,566.457764,371.314056,-304.108582,99.483711,429.583191,-254.165741,77.776825,304.686096,121.838974,588.485596,389.004211,154.194077,103.501472,435.345428,101.545639,81.304298,308.601349,-173.362167,556.063904,350.905518,-218.240555,113.597343,247.585419,-319.638977,54.476509,214.351608,-235.187531,63.050419,256.41568,178.021957,57.029068,217.380066,94.928131,63.596138,357.099915,69.579498,108.168579,326.435608,17.662155,558.917786
71,0,246.802094,-193.550613,1104.621704,253.007263,55.774445,1106.468872,428.061249,-115.008102,1130.628296,428.739685,-31.646923,1130.706177,309.289948,-277.478607,566.431763,371.260468,-304.080017,99.49939,429.53067,-254.193192,77.775299,304.627197,121.842377,588.48822,389.012115,154.180511,103.503624,435.305756,101.533463,81.29007,308.444061,-173.336685,556.034607,350.888702,-218.235962,113.594627,247.578613,-319.627625,54.476761,214.351135,-235.199539,63.085743,256.416016,178.040268,57.029301,217.358337,94.899391,63.563629,357.084137,69.589279,108.165138,326.407043,17.726259,558.922974
72,0,246.547165,-193.5242,1104.619873,252.899414,55.805099,1106.458008,427.965332,-114.991669,1130.607788,428.656647,-31.621237,1130.734619,309.122009,-277.466217,566.4422,371.265625,-304.084564,99.495415,429.638397,-254.086227,77.841133,304.546661,121.868568,588.455444,389.023193,154.18927,103.514969,435.327789,101.546722,81.282944,308.338531,-173.268311,556.006592,350.837524,-218.290527,113.583107,247.574799,-319.611908,54.467384,214.330826,-235.161453,63.036942,256.388245,178.067657,57.112686,217.399582,94.918495,63.597866,357.109924,69.516037,108.161156,326.314575,17.701651,558.88324
73,0,246.46463,-193.503952,1104.595093,252.777344,55.823017,1106.466675,427.809143,-115.012383,1130.596436,428.506714,-31.599072,1130.696289,308.945557,-277.415588,566.450745,371.226562,-304.055725,99.508621,429.516846,-254.141754,77.806015,304.475433,121.882652,588.458984,389.023529,154.185089,103.49147,435.305084,101.554756,81.31337,308.205872,-173.224487,555.991699,350.853607,-218.269852,113.579666,247.586044,-319.610687,54.482628,214.331696,-235.154755,63.056946,256.458771,178.016022,57.015686,217.379456,94.93306,63.598946,357.083679,69.574905,108.164467,326.280396,17.700865,558.881104
74,0,246.307449,-193.476379,1104.608276,252.6465,55.845497,1106.464233,427.644501,-115.007675,1130.61731,428.363373,-31.543705,1130.714844,308.816132,-277.397095,566.422058,371.233459,-304.04361,99.529518,429.469879,-254.15033,77.796356,304.367645,121.925247,588.461792,389.000153,154.208633,103.505844,435.322357,101.541763,81.311676,308.077271,-173.203064,556.002319,350.766052,-218.275543,113.516785,247.58876,-319.618042,54.46542,214.314957,-235.140808,63.017681,256.453369,178.030548,57.03587,217.378922,94.923668,63.573563,357.080566,69.549179,108.164825,326.283966,17.82247,558.872192
75,0,246.306137,-193.407028,1104.618164,252.53418,55.87492,1106.481201,427.427521,-115.047676,1130.516724,428.307617,-31.491858,1130.70166,308.780334,-277.325714,566.431641,371.194275,-304.038361,99.528755,429.623932,-254.055679,77.827065,304.30658,121.924706,588.461853,388.999268,154.180038,103.516365,435.32135,101.560303,81.338852,307.971008,-173.171982,555.993896,350.799896,-218.268326,113.561729,247.593674,-319.614777,54.47551,214.372803,-235.086548,63.038193,256.434387,178.035492,57.037876,217.396484,94.934441,63.568123,357.082245,69.557419,108.170189,326.215118,17.795403,558.918518
76,0,246.071457,-193.39386,1104.623169,252.437973,55.899944,1106.494019,427.353149,-114.998291,1130.54541,428.210754,-31.470615,1130.739868,308.586914,-277.343384,566.385803,371.21109,-304.022827,99.52961,429.563782,-254.10965,77.831604,304.223297,121.955437,588.465637,389.00061,154.184174,103.493332,435.295715,101.544464,81.360222,307.878632,-173.143723,555.98938,350.792297,-218.220093,113.506332,247.59935,-319.573883,54.474236,214.374054,-235.050232,63.026333,256.41864,178.06929,57.111176,217.334152,94.893188,63.547081,357.097931,69.539444,108.146965,326.178864,17.808048,558.905273
77,0,245.953354,-193.350525,1104.607788,252.345062,55.952164,1106.503906,427.286469,-114.946472,1130.539062,428.121857,-31.436167,1130.756836,308.579163,-277.283722,566.394714,371.173828,-304.024414,99.501297,429.555969,-254.096985,77.802498,304.178558,121.986412,588.455811,389.001343,154.198608,103.502205,435.298126,101.543907,81.315491,307.774323,-173.146164,555.953369,350.959595,-218.407654,113.432327,247.580734,-319.59848,54.486084,214.373993,-235.037949,63.035503,256.457092,178.024231,57.029854,217.38681,94.942894,63.602634,356.956024,69.666054,108.221138,326.227844,18.095991,558.856995
78,0,245.920883,-193.287125,1104.606689,252.251602,55.973473,1106.498901,427.135956,-114.910049,1130.540405,427.911407,-31.450737,1130.600952,308.472046,-277.285004,566.378906,371.232971,-304.003387,99.520737,429.514557,-254.130966,77.812737,304.12616,122.010391,588.441101,388.976837,154.224945,103.523476,435.272675,101.539307,81.337761,307.720123,-173.109528,555.939941,350.998993,-218.363007,113.373657,247.574966,-319.601624,54.488041,214.346298,-235.056534,63.029541,256.344971,178.011017,57.07523,217.395493,94.937637,63.601761,356.945374,69.685684,108.223061,326.226898,18.14048,558.909424
79,0,245.85318,-193.236328,1104.578369,252.125687,56.011742,1106.516968,426.925659,-114.964661,1130.431885,427.853333,-31.374165,1130.668457,308.388824,-277.261139,566.373962,371.23291,-304.004456,99.514809,429.641052,-254.064911,77.829735,304.07132,122.035233,588.453857,388.990967,154.22229,103.499466,435.29776,101.568062,81.361671,307.667267,-173.084259,555.916138,351.003723,-218.323456,113.399246,247.576248,-319.607269,54.465565,214.36618,-235.059937,63.018837,256.372406,178.023666,57.058151,217.364975,94.94265,63.580036,357.061157,69.580582,108.188217,326.184448,18.130072,558.927551
80,0,245.751404,-193.203461,1104.557495,252.040741,56.044861,1106.514648,426.776764,-114.905914,1130.447998,427.783356,-31.305122,1130.692627,308.343811,-277.228302,566.343445,371.258118,-303.949524,99.531143,429.476074,-254.138229,77.857132,304.003326,122.069748,588.469421,388.988953,154.232956,103.519119,435.321136,101.575615,81.333824,307.583221,-173.086319,555.877075,350.842133,-218.183594,113.465195,247.568283,-319.61618,54.478222,214.350662,-235.059677,63.042282,256.350372,178.024307,57.09948,217.380585,94.93425,63.612892,357.072327,69.601479,108.203583,326.161102,18.160242,558.891785
81,0,245.642563,-193.152435,1104.557007,251.947556,55.93676,1106.542114,426.725769,-114.819069,1130.419922,427.595032,-31.274729,1130.612061,308.269958,-277.191376,566.354675,371.241119,-303.935394,99.534782,429.579834,-254.07576,77.862122,303.94043,122.082634,588.44281,389.000793,154.21344,103.510246,435.284943,101.577202,81.35981,307.536102,-173.022308,555.918457,351.037476,-218.295029,113.383362,247.591415,-319.587067,54.509281,214.353973,-235.063202,63.049778,256.380188,178.028458,57.095238,217.440628,94.896698,63.56068,356.947571,69.702522,108.207047,326.14624,18.191771,558.899048
82,0,245.578461,-193.125534,1104.542603,251.819229,55.972477,1106.538696,426.637146,-114.79364,1130.462036,427.546326,-31.19644,1130.688843,308.214447,-277.169373,566.318298,371.196045,-303.965485,99.548492,429.529755,-254.101929,77.85569,303.877563,122.109123,588.446716,388.970917,154.243027,103.520462,435.290436,101.558243,81.368423,307.470245,-172.986176,555.892944,351.020477,-218.249985,113.396591,247.589951,-319.596558,54.500164,214.344009,-235.09082,63.055134,256.458984,178.026962,57.025196,217.38591,94.92823,63.595318,356.922821,69.700615,108.234489,326.098175,18.220957,558.896179
83,0,245.513992,-193.110535,1104.531616,251.7043,55.987438,1106.551758,426.636658,-114.664383,1130.467529,427.479156,-31.120825,1130.673828,308.135681,-277.146667,566.315369,371.163788,-303.966919,99.540009,429.485016,-254.089706,77.862038,303.825653,122.145058,588.436951,388.982788,154.232346,103.503052,435.305176,101.591301,81.360825,307.430664,-172.932953,555.894653,350.942627,-218.375717,113.391548,247.58812,-319.597778,54.491043,214.34082,-235.109222,63.073956,256.371979,178.023941,57.09827,217.380615,94.912361,63.600525,357.069702,69.606522,108.196564,326.030853,18.250572,558.901306
84,0,245.439331,-193.060257,1104.536743,251.594727,56.011246,1106.549316,426.486389,-114.670135,1130.444824,427.358856,-31.087322,1130.657715,308.093231,-277.1203,566.324768,371.184296,-303.927917,99.542786,429.532745,-254.041016,77.848915,303.747375,122.146011,588.42981,388.972931,154.238251,103.517059,435.309692,101.571045,81.363335,307.386169,-172.902481,555.882385,350.829437,-218.397858,113.46537,247.575928,-319.590668,54.495338,214.346741,-235.11467,63.091568,256.410797,178.005646,57.009094,217.364197,94.917252,63.600742,357.058655,69.589836,108.181198,325.995239,18.289568,558.877075
85,0,245.275818,-193.078232,1104.504272,251.477188,56.036446,1106.553711,426.407684,-114.589264,1130.462646,427.22995,-31.017618,1130.648804,308.087524,-277.080414,566.28894,371.190216,-303.937866,99.534195,429.580231,-254.020004,77.869431,303.671295,122.187813,588.428772,388.955475,154.240997,103.501526,435.321167,101.592293,81.384941,307.330139,-172.884735,555.845276,350.921814,-218.317688,113.355003,247.585175,-319.599518,54.49968,214.377625,-235.07547,63.080868,256.371185,178.037796,57.100384,217.344604,94.93325,63.607857,356.94046,69.707825,108.215111,325.927216,18.30579,558.929077
86,0,245.185776,-193.071045,1104.512573,251.373917,56.065163,1106.546875,426.312103,-114.543839,1130.45874,427.157288,-30.957624,1130.69104,307.989319,-277.083984,566.28772,371.222748,-303.909485,99.564911,429.475861,-254.070038,77.855362,303.577667,122.208481,588.419067,388.961914,154.232101,103.520424,435.319885,101.585281,81.426506,307.276764,-172.833694,555.86676,350.939667,-218.284592,113.322411,247.583664,-319.592346,54.479038,214.403656,-235.029785,63.09124,256.391266,178.07045,57.116947,217.362823,94.918633,63.608093,356.931274,69.686264,108.229164,325.836304,18.301989,558.933533
87,0,245.092865,-193.040588,1104.478149,251.272614,56.069122,1106.550415,426.250458,-114.514732,1130.459839,427.097229,-30.909452,1130.681885,308.000641,-277.045807,566.333374,371.158539,-303.918549,99.550774,429.525238,-254.012939,77.838638,303.533569,122.238853,588.427368,388.979401,154.233353,103.512054,435.298553,101.573174,81.390656,307.2341,-172.821365,555.846558,350.891205,-218.277191,113.348557,247.590302,-319.583618,54.490604,214.37326,-235.030548,63.061489,256.402344,178.086349,57.122059,217.345383,94.869705,63.547203,356.927673,69.707779,108.229057,325.807953,18.360998,558.913635
88,0,245.169968,-192.978424,1104.470337,251.151443,56.188957,1106.557495,426.156006,-114.469757,1130.421997,426.98111,-30.908548,1130.677612,307.998627,-276.986389,566.312561,371.198456,-303.894989,99.567612,429.552063,-253.978546,77.858177,303.454956,122.26091,588.417664,388.95697,154.244415,103.532921,435.255981,101.569565,81.400375,307.156097,-172.792923,555.839417,351.015137,-218.149292,113.439049,247.584732,-319.585968,54.500092,214.352493,-235.069702,63.05389,256.417114,178.039917,57.046597,217.361298,94.8937,63.585735,356.905823,69.726357,108.22229,325.740662,18.420935,558.94873
89,0,245.058548,-192.96402,1104.450806,251.070801,56.196609,1106.564087,426.097931,-114.440773,1130.454834,426.936249,-30.833008,1130.714844,307.855804,-277.02066,566.295044,371.159454,-303.875214,99.575768,429.480499,-253.983582,77.853775,303.396973,122.273415,588.407227,388.944641,154.263214,103.548134,435.295319,101.593185,81.428337,307.113983,-172.771606,555.831604,351.011444,-218.173248,113.42733,247.592224,-319.579437,54.490627,214.327698,-235.090256,63.047947,256.400116,178.04628,57.04604,217.363266,94.927391,63.586979,356.940735,69.726425,108.220207,325.698242,18.437416,558.945435
90,0,244.888306,-192.966522,1104.460693,250.988541,56.208054,1106.553955,426.064697,-114.395454,1130.476807,426.879456,-30.802,1130.688721,307.758545,-277.006012,566.330811,371.21701,-303.865784,99.572456,429.511322,-253.993637,77.82431,303.344208,122.273232,588.401123,388.929108,154.293518,103.554634,435.288483,101.611816,81.409821,307.035706,-172.763489,555.803528,351.045288,-218.102295,113.437195,247.609467,-319.571503,54.504162,214.330185,-235.1064,63.046799,256.328583,178.014374,57.093452,217.38797,94.908356,63.596882,356.913025,69.700737,108.240089,325.654694,18.468828,558.898804
91,0,244.829956,-192.954803,1104.444824,250.905869,56.229481,1106.555908,425.995605,-114.366272,1130.461304,426.720123,-30.824934,1130.62793,307.734406,-276.964966,566.287476,371.170746,-303.88797,99.552429,429.556488,-253.955368,77.839806,303.281464,122.289322,588.402527,388.923462,154.29567,103.541,435.280396,101.60891,81.423225,306.978241,-172.747559,555.780273,350.946808,-218.194443,113.341347,247.593536,-319.565308,54.504303,214.332779,-235.113098,63.06123,256.404144,178.037903,57.063274,217.383621,94.899681,63.565277,356.91095,69.712234,108.246605,325.611725,18.454893,558.922852
92,0,244.775131,-192.924271,1104.426514,250.850204,56.253716,1106.551514,425.918549,-114.348755,1130.466675,426.743103,-30.744831,1130.70752,307.678436,-276.93985,566.301331,371.267181,-303.854858,99.536705,429.491943,-254.009369,77.85643,303.230042,122.308182,588.382996,388.915039,154.288818,103.53936,435.263062,101.594322,81.389175,306.93927,-172.712585,555.798279,351.057098,-218.073853,113.263779,247.606628,-319.559845,54.495564,214.323364,-235.115128,63.072659,256.319336,178.034958,57.082714,217.369431,94.89534,63.556328,356.900604,69.697258,108.24231,325.575806,18.452211,558.938049
93,0,244.697479,-192.904861,1104.409424,250.757935,56.290569,1106.551636,425.840332,-114.316673,1130.453979,426.672974,-30.72226,1130.708374,307.642151,-276.9086,566.270203,371.115356,-303.914185,99.572388,429.558441,-254.009872,77.826874,303.183868,122.293541,588.393738,388.904297,154.263107,103.544266,435.243469,101.604767,81.441132,306.88501,-172.700104,555.757996,350.981659,-218.08783,113.240677,247.611862,-319.567261,54.495701,214.314575,-235.105011,63.068344,256.394287,178.066589,57.108852,217.352081,94.887192,63.537605,356.917999,69.695312,108.233597,325.570007,18.450106,558.905212
94,0,244.637802,-192.852783,1104.405029,250.688873,56.290253,1106.540283,425.781616,-114.290016,1130.44458,426.538361,-30.792664,1130.68042,307.499878,-276.917542,566.291016,371.134003,-303.899567,99.589279,429.559021,-254.009567,77.870262,303.150085,122.309792,588.37207,388.888153,154.260818,103.542557,435.264984,101.575447,81.421028,306.767303,-172.679306,555.737244,351.004974,-218.0728,113.338387,247.607788,-319.575409,54.49966,214.323105,-235.108444,63.05056,256.351257,178.017426,57.129608,217.392227,94.877922,63.588993,356.929382,69.696251,108.243378,325.576538,18.457785,558.914246
95,0,244.52478,-192.847748,1104.387207,250.639145,56.336014,1106.540649,425.716156,-114.273605,1130.420288,426.461731,-30.791601,1130.650391,307.41333,-276.906036,566.275818,371.144348,-303.846802,99.564964,429.566376,-253.964005,77.89286,303.121918,122.310249,588.372864,388.901367,154.253845,103.555107,435.249451,101.574478,81.416359,306.674896,-172.613983,555.749695,350.992798,-218.044846,113.228783,247.606262,-319.550568,54.507523,214.313721,-235.09935,63.067616,256.339569,178.044083,57.147141,217.35199,94.888412,63.555286,356.882843,69.648903,108.260208,325.575195,18.467495,558.902405
96,0,244.46022,-192.813522,1104.359375,250.575333,56.341682,1106.524048,425.640991,-114.252998,1130.44812,426.366364,-30.768291,1130.651978,307.33313,-276.875519,566.283569,371.173737,-303.810516,99.581261,429.565002,-253.947525,77.852386,303.107544,122.324303,588.375916,388.891266,154.265579,103.539352,435.275604,101.58268,81.455582,306.592255,-172.607452,555.707825,351.029968,-218.109589,113.140648,247.611267,-319.537415,54.518341,214.291962,-235.089035,63.067085,256.409607,178.021774,57.093975,217.355148,94.880577,63.571514,356.916443,69.675774,108.250389,325.504639,18.485964,558.951355
97,0,244.335983,-192.799026,1104.345459,250.515015,56.370964,1106.516113,425.583771,-114.233124,1130.464111,426.450958,-30.723953,1130.740112,307.208984,-276.832764,566.260498,371.116669,-303.848755,99.566803,429.472107,-253.976639,77.85836,303.07605,122.346954,588.380676,388.905823,154.226151,103.531891,435.267975,101.568642,81.455772,306.5065,-172.585861,555.735901,350.960083,-218.057663,113.224091,247.608917,-319.551788,54.511177,214.306229,-235.078323,63.053318,256.523285,178.010071,56.973202,217.398575,94.864571,63.525459,356.906433,69.666946,108.241516,325.511627,18.492924,558.912292
98,0,244.263992,-192.7798,1104.312378,250.456665,56.398937,1106.513794,425.498932,-114.236366,1130.443237,426.263092,-30.754507,1130.657959,307.129486,-276.801758,566.256042,371.142151,-303.822723,99.541679,429.489563,-253.983795,77.846046,303.083679,122.343513,588.377869,388.899414,154.220764,103.541054,435.295044,101.569832,81.456635,306.408875,-172.552322,555.715881,351.035095,-218.004974,113.244995,247.610123,-319.525574,54.520245,214.33403,-235.079056,63.059933,256.35614,178.038696,57.120564,217.367844,94.912689,63.575588,357.0112,69.558296,108.197708,325.516113,18.514174,558.877563
99,0,244.157074,-192.76915,1104.305298,250.398666,56.439617,1106.497559,425.409882,-114.23278,1130.454102,426.215088,-30.771168,1130.642456,307.02771,-276.764038,566.288757,371.156586,-303.787506,99.585114,429.529388,-253.979477,77.876518,303.072235,122.362236,588.352234,388.901764,154.222122,103.545013,435.265717,101.577293,81.425156,306.347931,-172.542419,555.698364,351.026367,-217.985046,113.224373,247.612518,-319.530914,54.514442,214.301575,-235.073212,63.074223,256.389343,177.999176,57.059078,217.348831,94.902908,63.567623,357.000824,69.555756,108.203461,325.495361,18.463638,558.925171
100,0,244.034073,-192.722488,1104.291992,250.326035,56.457176,1106.486938,425.338593,-114.21759,1130.45874,426.131561,-30.790579,1130.67627,306.95575,-276.743073,566.230774,371.165161,-303.794769,99.604309,429.487122,-254.004837,77.879265,303.03952,122.360985,588.370728,388.90863,154.196777,103.533852,435.275604,101.565605,81.46727,306.267273,-172.522018,555.701355,350.99411,-218.011261,113.254669,247.60759,-319.514343,54.513969,214.305115,-235.068497,63.07663,256.445892,178.013809,57.033958,217.414169,94.879623,63.552231,356.932983,69.677269,108.216026,325.438446,18.39592,558.905945
101,0,243.930496,-192.697571,1104.296387,250.259079,56.496765,1106.463745,425.270844,-114.213142,1130.444702,426.018707,-30.814903,1130.670776,306.864044,-276.714996,566.231384,371.04422,-303.834015,99.580704,429.476105,-253.966278,77.873657,303.031281,122.378441,588.356873,388.969513,154.097366,103.506447,435.248016,101.544296,81.461731,306.226807,-172.486908,555.692871,350.981873,-218.010254,113.271797,247.607361,-319.522614,54.523781,214.314331,-235.055862,63.059925,256.354218,178.015244,57.087559,217.347992,94.909515,63.593925,356.887573,69.658981,108.232384,325.47345,18.48859,558.916077
102,0,243.807373,-192.663528,1104.260376,250.202499,56.537025,1106.457153,425.180023,-114.239319,1130.476562,425.935089,-30.796801,1130.690674,306.798676,-276.688354,566.189148,371.07135,-303.862183,99.584557,429.498322,-253.955307,77.855759,303.05014,122.374443,588.344788,388.912811,154.1866,103.525085,435.286591,101.554489,81.487534,306.071808,-172.370422,555.662964,350.94516,-217.972794,113.137138,247.591934,-319.502533,54.530727,214.289032,-235.053085,63.076199,256.449707,178.012695,57.049458,217.364532,94.900543,63.564434,356.891296,69.673187,108.221069,325.490234,18.521149,558.907471
103,0,243.655396,-192.642975,1104.245972,250.126785,56.566257,1106.457397,425.069275,-114.23317,1130.518799,425.807068,-30.883949,1130.703247,306.743317,-276.671692,566.238159,371.082428,-303.829102,99.565865,429.525696,-253.948532,77.874496,303.02771,122.403702,588.340454,388.928101,154.181351,103.55648,435.309204,101.557556,81.450401,306.101044,-172.448715,555.658752,350.86438,-218.019211,113.162109,247.616852,-319.505249,54.52906,214.28746,-235.059128,63.024574,256.438599,178.017044,57.049057,217.381805,94.895302,63.559929,356.922546,69.630905,108.226089,325.434509,18.414433,558.93335
104,0,243.54483,-192.63028,1104.207153,250.056976,56.593407,1106.436523,424.955658,-114.262627,1130.509399,425.765808,-30.859819,1130.71106,306.668823,-276.666779,566.217712,371.027008,-303.848572,99.588158,429.499878,-253.866013,77.803284,303.037567,122.403633,588.341064,388.929932,154.181046,103.517403,435.28186,101.553833,81.456062,306.028198,-172.456253,555.648193,350.936218,-217.996857,113.146614,247.610794,-319.488983,54.519253,214.298111,-235.040405,63.027233,256.348816,177.996643,57.078827,217.362015,94.900337,63.574188,356.907532,69.632225,108.238052,325.401123,18.391943,558.932251
105,0,243.41777,-192.575378,1104.196899,250.05632,56.440613,1106.423462,424.842346,-114.285271,1130.53479,425.63623,-30.910572,1130.703735,306.626404,-276.667786,566.214966,371.038116,-303.885895,99.588905,429.478943,-253.9702,77.876427,303.036102,122.422699,588.336731,388.920258,154.165741,103.538582,435.289032,101.544418,81.471191,305.950806,-172.340729,555.630127,350.91156,-217.817581,113.406975,247.62616,-319.49881,54.535233,214.312622,-235.024277,63.011936,256.452667,178.006805,57.029507,217.363205,94.905602,63.577576,356.89682,69.664673,108.248238,325.358337,18.419235,558.949219
106,0,243.259277,-192.541245,1104.154907,249.97168,56.470947,1106.398315,424.747131,-114.292465,1130.54248,425.558807,-30.94297,1130.723267,306.581238,-276.667786,566.201233,371.043091,-303.842224,99.566833,429.531342,-253.923096,77.854462,303.037781,122.450348,588.352539,388.931519,154.180038,103.538109,435.278748,101.541656,81.457779,305.980225,-172.435837,555.625305,350.929108,-217.997528,113.1409,247.609497,-319.476685,54.53413,214.292877,-235.017776,63.036053,256.491364,178.032944,57.040928,217.366058,94.903946,63.572079,356.900574,69.661827,108.225578,325.394043,18.544016,558.913147
107,0,243.135635,-192.509018,1104.147217,249.904465,56.503246,1106.370117,424.612549,-114.31604,1130.580933,425.45517,-30.965763,1130.746704,306.49942,-276.655823,566.171204,371.039185,-303.847229,99.57045,429.480164,-253.938354,77.844994,303.001617,122.457047,588.358154,388.925323,154.204224,103.535904,435.286011,101.534042,81.487183,305.89447,-172.319992,555.609436,350.8685,-217.738647,113.309814,247.617981,-319.488678,54.537674,214.303268,-235.033676,63.049042,256.492279,177.99295,57.006374,217.307434,94.8909,63.583576,356.893066,69.639221,108.234299,325.358093,18.53487,558.922668
108,0,243.039856,-192.353699,1104.089844,249.837494,56.548195,1106.361206,424.487579,-114.32444,1130.596069,425.332367,-30.976709,1130.784424,306.466675,-276.659882,566.197266,370.950958,-303.955811,99.606964,429.49234,-253.954803,77.84938,303.006561,122.457451,588.338684,388.917084,154.171539,103.530083,435.274475,101.517517,81.479111,305.849121,-172.31546,555.606262,350.794098,-217.759583,113.276428,247.625122,-319.477478,54.531017,214.31839,-234.996719,63.058338,256.423706,177.995804,57.035385,217.353577,94.919945,63.592045,356.88678,69.658142,108.231216,325.300354,18.481104,558.915405
109,0,242.941513,-192.296387,1104.062378,249.708527,56.679867,1106.363525,424.34491,-114.35302,1130.616699,425.261444,-31.034245,1130.775269,306.412537,-276.660187,566.235596,371.044983,-303.85321,99.56562,429.512207,-253.959656,77.873863,302.987823,122.482018,588.347534,388.906494,154.196503,103.557198,435.249115,101.538818,81.469353,305.79541,-172.336136,555.575867,350.955261,-217.961761,113.218292,247.604355,-319.502625,54.530197,214.327911,-234.994766,63.050987,256.468567,178.028824,56.999763,217.441879,94.872314,63.521149,356.89209,69.648209,108.245087,325.298248,18.481766,558.903625
110,0,242.782883,-192.281265,1104.024292,249.644333,56.711063,1106.347778,424.256042,-114.364052,1130.654907,425.148254,-31.048735,1130.752808,306.348877,-276.638092,566.165527,370.99057,-303.915436,99.580765,429.500977,-253.986038,77.88472,302.930573,122.492531,588.342285,388.893616,154.171844,103.533264,435.274689,101.509171,81.472023,305.722931,-172.311462,555.564758,350.925201,-217.99968,113.149101,247.617462,-319.487091,54.541023,214.310577,-235.017059,63.051155,256.348297,178.002838,57.0891,217.373032,94.929321,63.568218,356.882263,69.643028,108.250885,325.263336,18.516771,558.915466
111,0,242.621506,-192.345703,1104.055664,249.569092,56.75098,1106.341797,424.165802,-114.389862,1130.64209,425.085083,-31.047604,1130.779785,306.27121,-276.625977,566.160095,371.016815,-303.883514,99.616142,429.375061,-254.023071,77.862221,302.899139,122.487419,588.338501,388.894104,154.17392,103.560677,435.259674,101.51532,81.49514,305.725403,-172.400558,555.558533,350.848083,-217.96907,113.12719,247.625183,-319.490417,54.536358,214.303528,-235.035065,63.044815,256.426666,177.987152,56.988564,217.302032,94.877426,63.523121,357.009338,69.537468,108.201271,325.152924,18.480316,558.925293
112,0,242.547012,-192.326828,1104.035645,249.485382,56.784607,1106.327271,424.121216,-114.359612,1130.62854,424.993835,-31.05547,1130.745605,306.193634,-276.64505,566.173523,370.92804,-303.969391,99.614761,429.516724,-253.967041,77.891121,302.885132,122.50985,588.34198,388.896149,154.174149,103.565926,435.236572,101.499863,81.485344,305.609924,-172.417816,555.553955,350.76593,-217.888092,113.356918,247.627228,-319.490967,54.532448,214.311539,-235.029938,63.046127,256.355865,178.111053,57.189064,217.32933,94.914597,63.577057,356.888794,69.635506,108.241882,325.140106,18.47364,558.906677
113,0,242.428329,-192.333191,1104.040527,249.418228,56.808903,1106.329102,424.03833,-114.367088,1130.59021,424.930542,-31.023211,1130.733521,306.106995,-276.602753,566.146362,370.930328,-303.981262,99.620743,429.532623,-253.943085,77.869698,302.847504,122.508987,588.324158,388.87616,154.174942,103.558289,435.270844,101.52317,81.486404,305.563843,-172.37941,555.530579,350.774658,-217.787003,113.346489,247.60936,-319.491364,54.535961,214.29805,-235.026199,63.031368,256.520905,178.020599,56.963646,217.360413,94.89209,63.557602,356.996857,69.540543,108.18721,325.108704,18.506218,558.896118
114,0,242.469162,-192.270569,1104.041382,249.335617,56.839321,1106.316406,423.959686,-114.358192,1130.608521,424.850464,-31.045874,1130.696777,306.052673,-276.59314,566.132874,370.888397,-304.045685,99.625771,429.406281,-254.003845,77.880707,302.775543,122.524712,588.329773,388.894135,154.176712,103.547813,435.234406,101.507042,81.510536,305.454987,-172.357178,555.49762,350.776398,-217.762451,113.29969,247.598114,-319.4953,54.528786,214.294174,-235.016647,63.034058,256.481781,178.007233,57.049568,217.329865,94.827065,63.483974,356.855713,69.65007,108.236305,325.052216,18.518614,558.905273
115,0,242.412506,-192.27977,1104.03064,249.274033,56.874989,1106.314209,423.9151,-114.305862,1130.546509,424.745697,-31.045395,1130.670044,305.950684,-276.574219,566.11969,371.053162,-303.781738,99.596863,429.537445,-253.95253,77.895508,302.735107,122.533066,588.299683,388.877563,154.182632,103.549507,435.24292,101.480377,81.5047,305.349487,-172.33989,555.483154,350.77066,-217.755127,113.25708,247.609039,-319.494324,54.527512,214.30925,-234.999008,63.042164,256.544983,177.994217,56.93964,217.307541,94.911751,63.575981,356.863342,69.648224,108.244873,324.948059,18.455391,558.907043
116,0,242.347321,-192.314743,1104.025269,249.210342,56.89444,1106.305664,423.868805,-114.291809,1130.510864,424.682556,-31.016993,1130.665405,305.844849,-276.541626,566.087524,371.002411,-303.804504,99.594948,429.525055,-253.94133,77.90419,302.667358,122.520187,588.300049,388.885742,154.178818,103.549622,435.220978,101.488792,81.493141,305.217621,-172.334488,555.462341,350.756531,-217.735291,113.332146,247.621826,-319.461884,54.536541,214.303162,-235.011795,63.026218,256.509186,178.002167,56.965347,217.393585,94.888489,63.52198,356.838135,69.621735,108.24485,324.914764,18.514442,558.873169
117,0,242.318253,-192.316986,1104.024536,249.134308,56.924973,1106.298462,423.851196,-114.240784,1130.52832,424.669586,-30.999151,1130.632446,305.783966,-276.521301,566.107788,371.005737,-303.775635,99.600647,429.513855,-253.948868,77.909653,302.593353,122.53109,588.307373,388.875122,154.197784,103.565979,435.230865,101.527687,81.526558,305.121094,-172.289917,555.462891,350.75824,-217.705994,113.254227,247.681442,-319.335663,54.523922,214.284729,-234.997131,63.03265,256.519653,177.999115,56.977749,217.316284,94.899536,63.560604,356.830841,69.62709,108.246834,324.852783,18.524536,558.916565
118,0,242.171082,-192.357178,1104.031982,249.06163,56.927444,1106.306519,423.830139,-114.218613,1130.490723,424.604065,-30.970432,1130.622314,305.683319,-276.466919,566.082153,370.901855,-303.911987,99.629646,429.491119,-253.942642,77.913948,302.542206,122.534401,588.30072,388.860687,154.20018,103.555443,435.238892,101.502953,81.524315,305.006409,-172.274002,555.450806,350.687653,-217.729889,113.223801,247.681564,-319.384979,54.585159,214.290604,-234.989395,63.036018,256.513214,178.063538,57.038219,217.328949,94.879784,63.557617,356.89621,69.626877,108.225571,324.80603,18.50865,558.939697
119,0,242.177628,-192.239029,1104.006592,249.011124,56.948956,1106.297241,423.777649,-114.200294,1130.449097,424.576782,-30.945568,1130.619263,305.572723,-276.444916,566.043579,370.933716,-303.904358,99.617332,429.41748,-253.966187,77.894165,302.47818,122.539558,588.327026,388.866211,154.223053,103.568436,435.231232,101.493835,81.533127,304.924225,-172.242844,555.43573,350.772583,-217.674103,113.355896,247.67482,-319.406586,54.579819,214.27002,-235.006424,63.042423,256.405609,178.007889,57.035011,217.316238,94.895218,63.557804,356.879791,69.633369,108.218887,324.704254,18.465706,558.952026
120,0,242.166336,-192.243912,1103.998901,248.914932,56.959263,1106.278687,423.740112,-114.14875,1130.488525,424.502594,-30.949259,1130.628418,305.495636,-276.391479,566.046082,371.01651,-303.725616,99.614998,429.442596,-253.915283,77.928391,302.399536,122.560585,588.318115,388.925537,154.08902,103.510162,435.242859,101.525749,81.52858,304.845703,-172.21907,555.42749,350.735779,-217.670731,113.326195,247.666245,-319.399353,54.564991,214.25975,-234.99585,63.0373,256.503235,177.987717,56.944332,217.362671,94.881783,63.556438,356.839355,69.633072,108.223618,324.656769,18.496349,558.926208
121,0,242.137695,-192.229492,1104.00354,248.842316,56.957047,1106.270508,423.674255,-114.103256,1130.464844,424.383545,-30.935453,1130.576294,305.458069,-276.369202,566.052185,370.952728,-303.733887,99.633377,429.404755,-253.964783,77.919838,302.326172,122.560608,588.319458,388.861053,154.184555,103.535889,435.198944,101.525909,81.533203,304.774811,-172.195923,555.44281,350.661346,-217.693909,113.31144,247.663254,-319.392548,54.583908,214.24411,-234.986679,63.02964,256.408478,177.990356,57.029556,217.33374,94.892868,63.559456,356.826508,69.625893,108.235245,324.616638,18.459383,558.920837
122,0,242.053421,-192.220657,1103.976318,248.775421,56.967113,1106.249146,423.625702,-114.065567,1130.476074,424.38916,-30.83741,1130.656616,305.418121,-276.375519,566.041382,370.962494,-303.706573,99.619957,429.497406,-253.891647,77.926453,302.295776,122.541122,588.305481,388.845062,154.191193,103.561012,435.222656,101.515839,81.527542,304.71225,-172.193558,555.402405,350.637909,-217.664886,113.27668,247.659439,-319.388489,54.6073,214.258713,-234.984711,63.030243,256.447723,177.990585,57.039822,217.348511,94.870071,63.541687,356.841156,69.629509,108.246246,324.534729,18.401564,558.938354
123,0,242.035583,-192.216522,1103.959351,248.709671,56.986664,1106.240356,423.557831,-114.059555,1130.501343,424.427368,-30.776793,1130.761597,305.388855,-276.358124,566.059998,370.968628,-303.70459,99.624474,429.486145,-253.862595,77.932175,302.252716,122.536217,588.287048,388.86908,154.191864,103.570564,435.229126,101.527985,81.539398,304.666504,-172.191208,555.405334,350.677765,-217.616211,113.277473,247.679672,-319.378204,54.60033,214.262711,-234.984299,63.033642,256.514587,177.976929,56.963634,217.349625,94.881119,63.545681,356.846222,69.617012,108.246521,324.5849,18.518911,558.874756
124,0,241.941315,-192.214386,1103.959717,248.611862,56.994884,1106.220581,423.516968,-113.982346,1130.526367,424.241577,-30.847744,1130.708618,305.376282,-276.351868,566.038635,370.932617,-303.742798,99.641518,429.398926,-253.893524,77.923454,302.219574,122.521278,588.287537,388.883514,154.102524,103.5187,435.255066,101.569542,81.568825,304.648499,-172.192856,555.403198,350.63739,-217.611481,113.249527,247.703003,-319.375061,54.600094,214.277725,-234.979568,63.033321,256.352966,178.010696,57.110039,217.297897,94.871361,63.53838,356.845459,69.604614,108.241875,324.500031,18.440256,558.907227
125,0,241.908417,-192.198593,1103.949219,248.533234,57.030556,1106.179199,423.439331,-113.969376,1130.568481,424.215851,-30.824074,1130.812134,305.359467,-276.337524,566.01709,370.880737,-303.850311,99.654747,429.46283,-253.934708,77.939407,302.205872,122.517235,588.269043,388.84671,154.170151,103.566422,435.243805,101.54641,81.564781,304.615082,-172.209244,555.384155,350.695465,-217.617844,113.299423,247.696335,-319.36319,54.601124,214.272354,-234.977295,63.026688,256.424774,177.967224,57.029705,217.303101,94.841759,63.527092,356.866028,69.594093,108.22821,324.586182,18.469603,558.895508
126,0,241.829056,-192.170715,1103.947021,248.495132,57.062397,1106.173462,423.378998,-113.970963,1130.596313,424.177734,-30.767687,1130.859009,305.415924,-276.370697,566.016174,370.976196,-303.711853,99.635971,429.487305,-253.882553,77.919052,302.203613,122.545883,588.2677,388.858398,154.183334,103.575203,435.241791,101.542976,81.559563,304.646637,-172.181198,555.377686,350.696594,-217.560699,113.25769,247.69519,-319.365692,54.607552,214.253433,-234.969604,63.021557,256.332123,177.969467,57.108486,217.296082,94.846581,63.509464,356.847809,69.585121,108.233765,324.654022,18.577526,558.870544
127,0,241.720016,-192.159653,1103.931885,248.418488,57.079433,1106.147949,423.299713,-113.956276,1130.628784,424.060974,-30.762009,1130.774292,305.416351,-276.342896,566.029724,370.896606,-303.855621,99.655045,429.445374,-253.931549,77.909111,302.198486,122.558441,588.269714,388.858765,154.197327,103.550476,435.22699,101.521187,81.53228,304.702881,-172.154556,555.396179,350.661316,-217.639984,113.276344,247.67717,-319.393646,54.600357,214.293259,-234.976471,63.021408,256.486115,177.938858,56.935261,217.323776,94.863312,63.534214,356.857422,69.597832,108.223679,324.610046,18.519323,558.888062
128,0,241.647705,-192.121857,1103.933472,248.341232,57.096725,1106.119507,423.238068,-113.964241,1130.627197,423.957184,-30.7833,1130.800049,305.469025,-276.345367,566.010071,370.889069,-303.87088,99.662025,429.450745,-253.923035,77.901375,302.197327,122.586388,588.280212,388.863098,154.18779,103.57254,435.257965,101.559929,81.577225,304.757324,-172.172928,555.386719,350.660492,-217.607681,113.24263,247.682129,-319.438538,54.586445,214.286102,-235.00206,63.023628,256.547302,177.930054,56.915131,217.342072,94.877541,63.560822,356.844727,69.608032,108.241753,324.615692,18.564243,558.912048
129,0,241.577133,-192.118362,1103.917236,248.2733,57.09964,1106.111084,423.109528,-113.960861,1130.63147,423.908051,-30.749569,1130.820312,305.499084,-276.364014,566.03479,370.945496,-303.854004,99.66597,429.476105,-253.884399,77.917488,302.217682,122.616386,588.277832,388.862274,154.208328,103.559662,435.22171,101.53656,81.546532,304.798645,-172.136383,555.394714,350.684418,-217.617188,113.350517,247.667908,-319.457458,54.595409,214.291138,-234.982376,63.030838,256.401459,177.963486,57.076683,217.324509,94.870949,63.556538,356.857422,69.622925,108.224106,324.612671,18.562149,558.891418
130,0,241.419617,-192.210999,1103.947388,248.218414,57.136086,1106.101196,423.091095,-113.950394,1130.659302,423.868256,-30.737831,1130.814209,305.530914,-276.357025,566.014282,370.941559,-303.858582,99.640556,429.520294,-253.877701,77.906555,302.240112,122.629448,588.282166,388.859283,154.189514,103.567276,435.247803,101.53791,81.580322,304.785248,-172.164688,555.374817,350.709991,-217.603378,113.34185,247.658417,-319.461914,54.570492,214.28862,-235.018967,63.026054,256.393402,178.007462,57.095058,217.33165,94.867729,63.53146,356.857086,69.623199,108.24453,324.678009,18.636566,558.870361
131,0,241.339661,-192.219315,1103.932373,248.156433,57.150089,1106.103882,422.996063,-113.950829,1130.687012,423.801788,-30.733858,1130.837646,305.526154,-276.369873,566.041382,370.95932,-303.849518,99.668655,429.45575,-253.902496,77.92025,302.250641,122.641167,588.276611,388.874023,154.21463,103.551201,435.261292,101.5616,81.590477,304.810608,-172.173355,555.383118,350.702942,-217.623566,113.329239,247.642502,-319.460602,54.581013,214.286118,-235.003708,63.03598,256.409332,177.993698,57.061405,217.297501,94.876389,63.555843,356.861572,69.619415,108.222153,324.648315,18.608995,558.880066
132,0,241.299896,-192.185074,1103.927368,248.105789,57.183086,1106.085083,422.949768,-113.947899,1130.694824,423.746063,-30.722729,1130.912476,305.542877,-276.361298,566.022278,370.956512,-303.862457,99.670258,429.505066,-253.863571,77.93573,302.242798,122.671799,588.273132,388.859253,154.215012,103.541885,435.239136,101.540565,81.545334,304.808868,-172.164658,555.382263,350.760925,-217.598969,113.335793,247.666748,-319.464417,54.573414,214.272797,-235.022324,63.05582,256.377808,178.021942,57.120537,217.324966,94.86821,63.561127,356.847534,69.598335,108.239693,324.631744,18.629362,558.863647
133,0,241.24498,-192.166855,1103.917358,248.060181,57.218502,1106.069702,422.875092,-113.934013,1130.700317,423.71283,-30.679827,1130.822144,305.556824,-276.355988,566.017029,370.939575,-303.858643,99.672073,429.551025,-253.866379,77.937332,302.254303,122.696602,588.268005,388.861542,154.21524,103.549118,435.243469,101.520607,81.558571,304.800446,-172.162247,555.364197,350.663177,-217.651855,113.251434,247.644608,-319.457001,54.561489,214.297104,-235.053497,63.047199,256.385162,177.985825,57.06102,217.346207,94.871292,63.549465,356.874451,69.627434,108.245712,324.598969,18.623438,558.849365
134,0,241.245499,-192.126587,1103.906616,247.968689,57.226494,1106.057129,422.845215,-113.916817,1130.720337,423.668182,-30.682924,1130.965942,305.534271,-276.375946,566.039124,371.07962,-303.709137,99.625961,429.424255,-253.913223,77.920395,302.239044,122.692314,588.252747,388.840729,154.221725,103.562271,435.241852,101.543297,81.543587,304.788452,-172.164139,555.351196,350.746857,-217.597504,113.30323,247.636917,-319.463867,54.575928,214.26918,-235.047607,63.049397,256.406128,177.98143,57.058739,217.334549,94.886787,63.527138,356.853607,69.620361,108.237816,324.68689,18.719622,558.854065
135,0,241.153381,-192.157669,1103.908081,247.918762,57.251804,1106.027466,422.806763,-113.923088,1130.698242,423.576752,-30.678812,1130.862549,305.501465,-276.359009,566.05603,370.999664,-303.731506,99.592781,429.45108,-253.856781,77.898651,302.229431,122.711395,588.256653,388.85141,154.241623,103.562096,435.25238,101.546356,81.557564,304.794098,-172.167618,555.359497,350.719177,-217.596222,113.282532,247.639694,-319.489288,54.559639,214.276199,-235.039658,63.05278,256.454102,177.966385,57.027351,217.307495,94.900345,63.567787,356.85614,69.616295,108.269478,324.693329,18.741749,558.849365
136,0,241.134659,-192.161362,1103.908813,247.840179,57.238117,1106.029907,422.756989,-113.882812,1130.730957,423.552307,-30.637678,1130.88147,305.487366,-276.339172,566.018188,370.896118,-303.874817,99.704437,429.546112,-253.847305,77.917381,302.231903,122.712013,588.251709,388.851807,154.230545,103.571007,435.246918,101.540306,81.578468,304.76297,-172.14975,555.356262,350.667755,-217.618546,113.245285,247.613831,-319.48056,54.566963,214.294418,-235.030914,63.054241,256.552185,177.963745,56.945332,217.335098,94.858398,63.550396,356.869446,69.639091,108.26342,324.622009,18.694719,558.873169
137,0,241.08519,-192.158875,1103.89624,247.772858,57.269337,1106.007202,422.70224,-113.846504,1130.708618,423.496002,-30.635378,1130.900269,305.46933,-276.334625,566.019897,370.922729,-303.839722,99.704224,429.426392,-253.831116,77.845047,302.210449,122.715424,588.248596,388.82132,154.244934,103.569786,435.254059,101.548218,81.573563,304.707642,-172.114609,555.327087,350.684692,-217.608139,113.316727,247.614212,-319.504364,54.55938,214.271774,-235.039551,63.060535,256.428253,177.957687,56.996658,217.338318,94.891556,63.582375,356.860596,69.625862,108.249733,324.618469,18.700895,558.887268
138,0,241.081894,-192.160767,1103.88855,247.687943,57.271187,1106.007202,422.679871,-113.817772,1130.755737,423.420807,-30.573597,1130.897827,305.439728,-276.34317,565.997009,370.962463,-303.827606,99.640236,429.460754,-253.847153,77.933388,302.187744,122.713173,588.252502,388.830872,154.227646,103.557892,435.217468,101.516869,81.561234,304.665558,-172.13884,555.358459,350.646515,-217.632187,113.280464,247.638229,-319.487946,54.547115,214.260941,-235.027756,63.052586,256.405212,177.993439,57.087879,217.360153,94.79245,63.447052,356.872009,69.660866,108.228088,324.523254,18.616173,558.92627
139,0,241.035873,-192.15715,1103.895996,247.603424,57.263309,1105.984497,422.636444,-113.761917,1130.77063,423.331512,-30.528393,1130.899658,305.411499,-276.31604,565.98468,371.016693,-303.673401,99.622444,429.431091,-253.823929,77.911102,302.154388,122.734772,588.270264,388.824005,154.230652,103.555519,435.255798,101.569351,81.573761,304.652405,-172.128662,555.342896,350.603058,-217.605499,113.25502,247.639435,-319.485321,54.565224,214.272659,-235.037781,63.035599,256.44281,177.966675,57.002815,217.319809,94.86235,63.534355,356.865173,69.616486,108.243416,324.571381,18.746399,558.886658
140,0,241.023056,-192.185089,1103.89502,247.512161,57.275917,1105.973999,422.597992,-113.721336,1130.740356,423.352081,-30.511763,1130.928833,305.397278,-276.31665,566.00415,370.914825,-303.869507,99.66993,429.502502,-253.83493,77.938255,302.108856,122.736404,588.254761,388.837402,154.224258,103.566162,435.269684,101.563606,81.586357,304.560913,-172.127945,555.343323,350.675598,-217.550903,113.336311,247.633453,-319.497681,54.571465,214.277618,-235.045959,63.05685,256.425079,178.013123,57.122494,217.336288,94.853264,63.528687,356.860229,69.614166,108.261833,324.571564,18.758831,558.871582
141,0,240.977631,-192.18277,1103.901367,247.412888,57.262447,1105.969482,422.554749,-113.678391,1130.759155,423.267487,-30.412016,1130.939941,305.38623,-276.302673,565.973755,371.010101,-303.711639,99.622253,429.478333,-253.838837,77.942932,302.050903,122.757378,588.256592,388.822235,154.245483,103.56282,435.252869,101.540703,81.559158,304.54187,-172.121902,555.321289,350.669342,-217.548691,113.262848,247.637756,-319.499084,54.551334,214.257202,-235.050247,63.057823,256.44223,177.945007,57.013981,217.331039,94.846367,63.536106,356.846161,69.610687,108.257248,324.580902,18.7871,558.852966
142,0,240.977722,-192.179535,1103.89563,247.362228,57.259857,1105.965942,422.50769,-113.650513,1130.753296,423.206024,-30.373526,1130.953491,305.343567,-276.296631,565.988159,370.953217,-303.830872,99.696617,429.468384,-253.820801,77.920158,302.003326,122.762215,588.242981,388.81662,154.223938,103.562538,435.258728,101.568718,81.59967,304.511383,-172.09407,555.34198,350.630981,-217.599564,113.252754,247.628616,-319.499084,54.521011,214.264069,-235.057053,63.051529,256.453827,177.948273,57.011436,217.348404,94.875412,63.543552,356.856842,69.644821,108.265358,324.413788,18.654778,558.901855
143,0,240.960724,-192.202332,1103.88623,247.26767,57.272625,1105.942261,422.491058,-113.589096,1130.807739,423.164886,-30.333246,1130.96167,305.335693,-276.269928,565.991211,370.957977,-303.803497,99.67411,429.445282,-253.842896,77.929588,301.980316,122.760612,588.256653,388.818176,154.244247,103.570816,435.233551,101.55368,81.590767,304.456604,-172.088837,555.302185,350.689514,-217.557587,113.275467,247.616623,-319.492493,54.490337,214.264175,-235.04953,63.067341,256.440247,177.989304,57.045822,217.317383,94.845116,63.507957,356.851837,69.652359,108.245186,324.526855,18.822853,558.851196
144,0,240.949875,-192.199387,1103.885132,247.16774,57.284809,1105.950684,422.441467,-113.545868,1130.766968,423.062012,-30.303469,1130.9375,305.330231,-276.253265,565.99353,370.913055,-303.824432,99.700806,429.411316,-253.855881,77.894547,301.922485,122.769035,588.241516,388.884399,154.135773,103.508858,435.233368,101.561089,81.590179,304.431122,-172.09317,555.31897,350.669495,-217.58078,113.290482,247.629242,-319.487457,54.493805,214.273071,-235.039612,63.064724,256.371429,177.982773,57.108643,217.338104,94.831963,63.487427,356.82074,69.636635,108.246483,324.273956,18.579165,558.885071
145,0,240.925934,-192.187134,1103.891357,247.089096,57.274986,1105.930908,422.444641,-113.472725,1130.802734,423.048523,-30.250156,1130.952515,305.308167,-276.257141,565.988708,370.880524,-303.804321,99.710876,429.435486,-253.853561,77.965393,301.880341,122.75103,588.235413,388.823303,154.222137,103.552406,435.239624,101.565041,81.577377,304.401215,-172.072311,555.311829,350.619324,-217.580429,113.350975,247.617111,-319.488281,54.496601,214.2845,-235.064575,63.071266,256.365356,177.95752,57.090881,217.330612,94.852043,63.559673,356.864594,69.631966,108.231689,324.345551,18.679981,558.842896
146,0,240.909576,-192.178848,1103.895874,247.010315,57.288502,1105.928223,422.394684,-113.426231,1130.762451,422.951019,-30.205734,1130.970581,305.269745,-276.23645,566.004883,370.884827,-303.869354,99.717606,429.435822,-253.801346,77.939583,301.815765,122.752182,588.232117,388.808014,154.209015,103.567047,435.213379,101.559364,81.590645,304.352509,-172.077133,555.291138,350.624054,-217.556778,113.261269,247.629852,-319.482819,54.513157,214.286011,-235.053146,63.055664,256.406616,177.993805,57.055794,217.304855,94.849655,63.518658,356.830719,69.62764,108.250053,324.255096,18.634249,558.872192
147,0,240.867889,-192.187836,1103.896729,246.933624,57.309235,1105.909912,422.340759,-113.398216,1130.77771,422.923004,-30.139074,1130.960083,305.297333,-276.216064,565.998413,370.886322,-303.811462,99.69519,429.412048,-253.796631,77.937622,301.728241,122.74054,588.225525,388.813934,154.220062,103.550804,435.246429,101.577286,81.604889,304.35022,-172.05806,555.304749,350.629425,-217.567093,113.310165,247.624359,-319.492645,54.527981,214.288986,-235.080215,63.066906,256.495087,177.933243,56.94202,217.329758,94.827499,63.529694,356.975098,69.671196,108.233002,324.351013,18.785471,558.875671
148,0,240.831161,-192.159439,1103.897583,246.866135,57.315437,1105.915894,422.299835,-113.357445,1130.763794,422.858826,-30.119614,1130.977295,305.26004,-276.210785,566.025208,370.865173,-303.861633,99.706772,429.444641,-253.77771,77.900162,301.684692,122.749741,588.224976,388.798004,154.212601,103.563255,435.228333,101.547539,81.608902,304.328369,-172.045288,555.290344,350.548615,-217.6035,113.193504,247.636734,-319.50174,54.527782,214.256607,-235.058426,63.05542,256.406921,177.962051,57.035801,217.336212,94.83609,63.51038,356.844696,69.610397,108.225006,324.299927,18.763275,558.842407
149,0,240.796143,-192.152084,1103.891968,246.82872,57.229443,1105.89209,422.250092,-113.300629,1130.747192,422.769073,-30.059443,1130.951172,305.277954,-276.200378,566.023865,370.969116,-303.777435,99.705856,429.44223,-253.770523,77.927353,301.644653,122.763817,588.212219,388.785492,154.233261,103.547928,435.252777,101.558311,81.604416,304.318146,-172.021439,555.280029,350.613129,-217.569138,113.269081,247.644699,-319.484833,54.54747,214.28299,-235.046417,63.068615,256.347839,177.944046,57.095787,217.325119,94.826149,63.526825,356.832214,69.6008,108.24044,324.256165,18.738071,558.879639
150,0,240.773911,-192.109161,1103.903076,246.768158,57.246422,1105.893921,422.215118,-113.267761,1130.757324,422.739746,-30.021233,1130.973877,305.260803,-276.181763,565.997986,370.922699,-303.779877,99.709534,429.474213,-253.762817,77.908669,301.569275,122.757378,588.21814,388.854736,154.141769,103.508041,435.252808,101.572037,81.6064,304.326019,-172.034088,555.291382,350.566528,-217.597885,113.262184,247.634933,-319.503082,54.557144,214.282959,-235.048508,63.070038,256.493866,177.930176,57.006664,217.318832,94.839027,63.546822,356.960541,69.669861,108.152878,324.23996,18.776405,558.893005
151,0,240.70903,-192.077316,1103.911011,246.713593,57.291649,1105.890259,422.190948,-113.225693,1130.785034,422.706543,-29.978281,1130.962769,305.257629,-276.17453,565.997864,370.890472,-303.82605,99.722847,429.478882,-253.747437,77.947884,301.494934,122.761925,588.209229,388.776611,154.185669,103.548454,435.255188,101.562027,81.619492,304.293213,-171.987442,555.302429,350.689056,-217.586914,113.299469,247.657211,-319.491302,54.547779,214.263062,-235.057816,63.069038,256.461426,177.949097,57.030792,217.320541,94.82843,63.516342,356.830475,69.607407,108.248497,324.163696,18.76165,558.898926
152,0,240.670181,-192.041229,1103.913574,246.680283,57.31271,1105.888428,422.132477,-113.179817,1130.784424,422.64325,-29.983057,1130.95105,305.217987,-276.15271,565.981506,370.920227,-303.811798,99.727348,429.40152,-253.760635,77.968971,301.473511,122.775352,588.220459,388.767487,154.170914,103.537041,435.26123,101.578735,81.585587,304.28009,-172.000473,555.292297,350.627319,-217.557373,113.240807,247.657516,-319.505707,54.559387,214.264252,-235.052521,63.068649,256.500458,177.922272,56.966026,217.309769,94.773071,63.469334,356.988373,69.631927,108.145378,324.144928,18.839943,558.894897
153,0,240.635284,-192.006302,1103.906128,246.638229,57.350452,1105.895264,422.071198,-113.176704,1130.788086,422.562469,-29.936087,1130.96875,305.19693,-276.140533,566.047913,370.954773,-303.786041,99.701576,429.40274,-253.751846,77.967636,301.422546,122.778549,588.210327,388.831207,154.114243,103.532593,435.230225,101.554764,81.596901,304.244446,-171.955002,555.28125,350.628296,-217.542633,113.314255,247.666748,-319.492676,54.547291,214.293121,-235.063599,63.052937,256.44693,177.915375,57.011501,217.323853,94.814011,63.50404,356.972961,69.625504,108.190323,324.0896,18.86062,558.871033
154,0,240.567413,-191.954849,1103.913452,246.595673,57.393703,1105.897583,422.033783,-113.139381,1130.798584,422.544556,-29.910885,1130.968872,305.186279,-276.104218,566.014709,370.955231,-303.786407,99.701935,429.489471,-253.773575,77.925331,301.384308,122.807106,588.204285,388.78775,154.198669,103.564613,435.246857,101.574081,81.616982,304.248596,-171.922424,555.276367,350.633453,-217.541565,113.24192,247.657288,-319.499268,54.552414,214.273132,-235.068573,63.062511,256.471252,177.935013,57.04187,217.307907,94.825737,63.509136,356.839691,69.586327,108.218178,324.019623,18.809557,558.871826
155,0,240.508484,-191.912811,1103.926147,246.565826,57.456867,1105.890381,421.993652,-113.138885,1130.814941,422.513153,-29.877764,1130.959839,305.138611,-276.092529,566.012146,370.99646,-303.750031,99.645851,429.451385,-253.744247,77.916718,301.371735,122.832268,588.205627,388.774323,154.189972,103.538376,435.249969,101.549774,81.618813,304.19754,-171.937103,555.269958,350.659851,-217.564865,113.263824,247.653412,-319.495026,54.550709,214.299057,-235.067871,63.075939,256.501709,177.912079,56.938004,217.336258,94.818497,63.507744,356.819824,69.581383,108.222153,323.946381,18.799839,558.894775
156,0,240.439346,-191.85289,1103.927246,246.55777,57.499344,1105.886597,421.937225,-113.106827,1130.815674,422.458771,-29.878119,1130.970825,305.116577,-276.065643,565.988708,371.012695,-303.601837,99.698906,429.414642,-253.782928,77.992439,301.330811,122.850517,588.215881,388.786621,154.195511,103.535431,435.251953,101.561363,81.632195,304.215515,-171.905014,555.254089,350.593384,-217.576477,113.20919,247.657898,-319.490997,54.576256,214.271683,-235.028839,63.059494,256.375031,177.957199,57.127491,217.310059,94.812675,63.46962,356.829193,69.620438,108.213104,323.906403,18.807686,558.858582
157,0,240.390656,-191.80011,1103.915405,246.520218,57.64291,1105.908081,421.90097,-113.103279,1130.7771,422.438202,-29.867092,1130.95105,305.090149,-276.042175,565.964355,370.857086,-303.799225,99.700821,429.404358,-253.774048,77.970993,301.32608,122.869232,588.213074,388.774231,154.198532,103.548569,435.246857,101.546051,81.592758,304.155548,-171.893524,555.257996,350.619202,-217.592941,113.295845,247.63063,-319.512299,54.576252,214.241241,-235.042984,63.064106,256.456116,177.934128,57.045002,217.312195,94.828331,63.502937,356.821594,69.585297,108.241219,323.854095,18.788733,558.889709
158,0,240.318192,-191.746246,1103.909424,246.486282,57.689896,1105.91272,421.813446,-113.086761,1130.755127,422.44873,-29.832275,1130.929199,304.999207,-276.014008,565.976868,370.907379,-303.779297,99.707169,429.475403,-253.754562,77.955803,301.304077,122.894623,588.218445,388.824738,154.088882,103.502754,435.241577,101.53286,81.58799,304.111755,-171.866653,555.236511,350.602661,-217.580109,113.297264,247.642899,-319.513489,54.575397,214.250031,-235.048218,63.049725,256.439362,177.921982,57.032993,217.338699,94.817162,63.525185,356.789246,69.595581,108.216202,323.866486,18.87138,558.897705
159,0,240.254303,-191.700424,1103.90918,246.506653,57.748749,1105.913574,421.81955,-113.077232,1130.762451,422.399231,-29.84203,1130.92688,304.970642,-275.997986,565.991943,370.904358,-303.77359,99.703789,429.350006,-253.753571,77.854294,301.261414,122.915298,588.211121,388.770538,154.183334,103.520218,435.239716,101.535233,81.593086,304.087097,-171.843491,555.249939,350.610474,-217.511932,113.196091,247.639526,-319.486664,54.56263,214.267639,-235.016754,63.061832,256.465912,177.922882,57.020473,217.31665,94.814529,63.528458,356.863312,69.592659,108.190308,323.83902,18.863087,558.880371
160,0,240.169235,-191.616333,1103.914795,246.516556,57.801281,1105.918701,421.801208,-113.073227,1130.77417,422.360443,-29.884842,1130.917358,304.911743,-275.950684,566.008789,371.029846,-303.594513,99.690948,429.503815,-253.729614,77.923187,301.262543,122.940506,588.187012,388.780792,154.183563,103.518768,435.246399,101.538727,81.589973,304.040863,-171.811234,555.221802,350.686371,-217.51857,113.253235,247.63414,-319.477692,54.577312,214.241364,-235.048233,63.046909,256.460327,177.932053,57.024086,217.302032,94.791107,63.479916,356.862549,69.579407,108.199799,323.870453,18.980146,558.850098
161,0,240.108719,-191.558929,1103.913696,246.518906,57.867546,1105.943359,421.727966,-113.068321,1130.735107,422.3573,-29.839495,1130.885986,304.858429,-275.899963,565.965942,370.86554,-303.752045,99.690964,429.454987,-253.762238,77.904114,301.214233,122.978119,588.205139,388.770599,154.194183,103.514366,435.225891,101.523483,81.585968,303.990692,-171.770981,555.212646,350.644012,-217.486984,113.291344,247.636032,-319.481842,54.585247,214.242172,-235.031006,63.050365,256.516785,177.911972,56.999424,217.320038,94.828156,63.506721,356.855225,69.603607,108.195862,323.774658,18.932316,558.917664
162,0,240.03804,-191.505112,1103.894775,246.534714,57.953041,1105.936646,421.70401,-113.048737,1130.729004,422.330231,-29.86248,1130.882202,304.772064,-275.842865,565.966187,370.861786,-303.76889,99.750191,429.4086,-253.754044,77.917816,301.210907,123.003113,588.19397,388.7724,154.179489,103.513779,435.242584,101.531448,81.584793,303.955872,-171.722672,555.217712,350.620453,-217.50296,113.196884,247.650345,-319.470642,54.582344,214.259232,-235.013657,63.048302,256.468109,177.984573,57.061092,217.323685,94.847488,63.525208,356.851654,69.587639,108.194153,323.757812,18.957512,558.866943
163,0,239.990891,-191.40123,1103.885376,246.546127,58.022205,1105.924927,421.631561,-113.079903,1130.741577,422.327606,-29.842899,1130.869995,304.723663,-275.811035,565.963074,370.793121,-303.788025,99.680344,429.393127,-253.771927,77.937065,301.171265,123.027603,588.170654,388.766174,154.190521,103.497864,435.243774,101.568268,81.546768,303.937439,-171.696091,555.174988,350.662292,-217.543823,113.218597,247.636917,-319.454773,54.597496,214.251846,-234.996979,63.056812,256.511108,177.950485,57.031906,217.331223,94.813751,63.52763,356.828094,69.577408,108.21624,323.790009,19.038185,558.862244
164,0,239.915665,-191.345596,1103.87793,246.567902,58.108059,1105.931763,421.626099,-113.04081,1130.735474,422.298584,-29.846239,1130.886475,304.640778,-275.763336,565.943237,370.964142,-303.54361,99.660362,429.42038,-253.76561,77.913322,301.145447,123.0466,588.170837,388.786713,154.187836,103.505936,435.251038,101.538383,81.512688,303.856232,-171.668579,555.171143,350.603516,-217.49823,113.235634,247.652023,-319.441833,54.592869,214.243896,-234.985931,63.056713,256.420471,178.023834,57.13483,217.311783,94.802292,63.489586,356.837158,69.596916,108.195587,323.761688,19.03763,558.837708
165,0,239.847565,-191.273132,1103.869263,246.584351,58.167347,1105.94812,421.596649,-113.056046,1130.724121,422.265472,-29.836031,1130.898438,304.555573,-275.722168,565.927429,370.812073,-303.745453,99.70166,429.462738,-253.755753,77.926605,301.115875,123.081619,588.138855,388.785614,154.215286,103.498169,435.227417,101.550911,81.518639,303.784576,-171.609848,555.197205,350.625916,-217.50676,113.217918,247.640244,-319.430786,54.583332,214.258377,-234.985687,63.048286,256.481903,177.974701,57.075184,217.366776,94.802979,63.514301,356.882477,69.599945,108.174751,323.720856,19.079082,558.830627
166,0,239.797638,-191.206955,1103.874512,246.577896,58.249126,1105.926025,421.551331,-113.021622,1130.709473,422.249207,-29.803556,1130.895752,304.497162,-275.691101,565.911011,370.77121,-303.750061,99.703697,429.397552,-253.776642,77.924316,301.062073,123.114189,588.138245,388.792938,154.208298,103.47506,435.288879,101.562469,81.526703,303.712891,-171.596695,555.164124,350.600037,-217.46434,113.245239,247.639328,-319.39682,54.613911,214.248138,-234.970276,63.039093,256.474274,177.945465,57.053581,217.349716,94.830383,63.51178,356.889252,69.584587,108.177162,323.664093,19.068195,558.839661
167,0,239.743698,-191.144775,1103.867798,246.604584,58.315628,1105.918823,421.508087,-113.009468,1130.704468,422.212769,-29.818836,1130.890869,304.379486,-275.65271,565.902527,370.805206,-303.720428,99.700806,429.425659,-253.747665,77.96608,301.010803,123.142296,588.130005,388.786957,154.250397,103.479652,435.235962,101.546272,81.510727,303.67868,-171.515152,555.14624,350.629211,-217.42627,113.256721,247.647934,-319.384491,54.609974,214.252518,-234.94429,63.050507,256.350983,178.03595,57.250813,217.376999,94.846825,63.513615,356.886841,69.604744,108.174683,323.652191,19.115074,558.789551
168,0,239.687088,-191.061295,1103.854004,246.58139,58.374714,1105.930542,421.466583,-113.008995,1130.708984,422.193542,-29.808094,1130.896851,304.349854,-275.610474,565.874817,370.800262,-303.719452,99.682961,429.400299,-253.75766,77.981117,300.934357,123.170708,588.118225,388.751129,154.245224,103.47998,435.25705,101.560211,81.483261,303.615875,-171.509796,555.124207,350.630432,-217.426895,113.262375,247.633041,-319.395508,54.594074,214.257248,-234.943298,63.027828,256.417419,177.955734,57.061615,217.367401,94.836273,63.530258,356.880615,69.607254,108.17997,323.584961,19.136806,558.807312
169,0,239.660812,-190.901917,1103.826782,246.458694,58.493542,1105.945923,421.442963,-112.985703,1130.718994,422.188568,-29.771667,1130.902954,304.272339,-275.569275,565.87915,370.809448,-303.722321,99.703094,429.453552,-253.733368,77.949745,300.875793,123.193634,588.108215,388.742249,154.249069,103.47168,435.265991,101.567749,81.476776,303.563995,-171.444519,555.141541,350.661285,-217.416306,113.236565,247.627045,-319.394958,54.608459,214.245422,-234.930481,63.011951,256.433014,177.951294,57.066525,217.376175,94.846275,63.530506,357.031067,69.650558,108.138535,323.463928,19.111656,558.858765
170,0,239.567108,-190.927002,1103.842773,246.547501,58.473782,1105.939209,421.386078,-112.983177,1130.748657,422.147736,-29.746246,1130.912964,304.212646,-275.533844,565.860291,370.783722,-303.719757,99.712318,429.400055,-253.777237,77.943726,300.804901,123.193825,588.115051,388.729706,154.248947,103.468643,435.282501,101.576767,81.49144,303.548309,-171.413315,555.100769,350.633301,-217.409988,113.214294,247.633423,-319.377075,54.624367,214.259949,-234.913208,63.029819,256.42514,177.949402,57.082432,217.380692,94.82196,63.485958,356.898621,69.605118,108.173294,323.413696,19.155344,558.834778
171,0,239.524704,-190.891251,1103.835938,246.447861,58.613918,1105.963379,421.315491,-112.95343,1130.718872,422.12085,-29.715961,1130.919312,304.163086,-275.492706,565.834167,370.783356,-303.680695,99.736427,429.49295,-253.700821,77.979401,300.742218,123.243591,588.115601,388.735657,154.250031,103.469162,435.270111,101.580559,81.49131,303.494141,-171.363586,555.097839,350.629425,-217.347122,113.170265,247.630569,-319.358643,54.633095,214.245102,-234.918427,63.025467,256.359589,177.986877,57.171188,217.409439,94.848022,63.472538,356.872375,69.600883,108.155151,323.370026,19.245163,558.821411
172,0,239.459976,-190.837479,1103.826904,246.486679,58.498074,1105.9646,421.256042,-112.923424,1130.70105,422.057404,-29.698914,1130.907471,304.14505,-275.436005,565.850281,370.75592,-303.68161,99.727997,429.427246,-253.736374,77.971245,300.661469,123.240784,588.106018,388.730652,154.301117,103.471703,435.257599,101.589378,81.49556,303.4599,-171.319336,555.10376,350.612,-217.39415,113.234306,247.62619,-319.327515,54.615894,214.254135,-234.888062,63.011311,256.46817,177.942398,57.06691,217.357285,94.869789,63.528263,356.84494,69.600533,108.176544,323.295746,19.207563,558.832092
173,0,239.413467,-190.80101,1103.826904,246.476669,58.570827,1105.960449,421.212158,-112.910583,1130.702393,422.039703,-29.671133,1130.931763,304.092529,-275.390442,565.838562,370.801239,-303.635345,99.732849,429.458527,-253.729248,77.934181,300.591248,123.270676,588.102356,388.718628,154.300125,103.481056,435.269348,101.583496,81.520775,303.431366,-171.304764,555.088623,350.552673,-217.307373,113.266037,247.639603,-319.325378,54.613625,214.258347,-234.884811,63.001259,256.490662,177.969299,57.055355,217.374237,94.857986,63.508362,356.877533,69.618607,108.176483,323.188049,19.208618,558.865784
174,0,239.427277,-190.628845,1103.80127,246.448166,58.582611,1105.961304,421.179443,-112.866508,1130.72876,421.987549,-29.652706,1130.930664,304.048004,-275.342834,565.846558,370.849426,-303.489899,99.704659,429.40506,-253.723465,77.992714,300.48822,123.270241,588.107727,388.727814,154.303513,103.470329,435.256561,101.598595,81.47197,303.399139,-171.253067,555.085266,350.556061,-217.26384,113.214157,247.639359,-319.311432,54.63987,214.246155,-234.874863,63.007214,256.488861,177.989944,57.064922,217.391037,94.845497,63.534,356.88797,69.629593,108.148064,323.274048,19.337471,558.858582
175,0,239.391678,-190.58606,1103.794922,246.385727,58.643566,1105.977539,421.120178,-112.853165,1130.754883,421.983185,-29.618614,1130.928589,303.989502,-275.346924,565.800659,370.683533,-303.687408,99.755753,429.496368,-253.711227,77.95887,300.43866,123.296791,588.083008,388.7164,154.295441,103.460403,435.255554,101.621147,81.512466,303.379761,-171.209595,555.07843,350.589203,-217.249817,113.253349,247.628281,-319.324707,54.62365,214.255966,-234.867783,62.997505,256.458099,177.954727,57.080559,217.380173,94.858284,63.521683,356.877472,69.628555,108.153656,323.144348,19.289297,558.868652
176,0,239.350342,-190.553635,1103.813232,246.344177,58.653168,1105.985107,421.130096,-112.811653,1130.708374,421.945312,-29.573048,1130.897949,303.97583,-275.309601,565.815552,370.853088,-303.477234,99.708916,429.441528,-253.654724,77.972672,300.365845,123.308067,588.088257,388.723663,154.302917,103.469109,435.271667,101.639908,81.512856,303.342865,-171.222427,555.067566,350.562744,-217.234634,113.19735,247.623734,-319.321503,54.636501,214.235611,-234.861435,62.982777,256.483032,177.967072,57.074795,217.381302,94.834488,63.517414,356.890594,69.642242,108.14769,323.092102,19.3104,558.87616
177,0,239.327744,-190.55574,1103.806152,246.298172,58.695221,1105.987305,421.122833,-112.739258,1130.729492,421.917419,-29.522013,1130.926514,303.922607,-275.295074,565.832886,370.701233,-303.640656,99.829239,429.404694,-253.69873,77.978661,300.298462,123.324982,588.088745,388.716614,154.318481,103.470619,435.254333,101.642967,81.51046,303.33075,-171.19548,555.052429,350.562592,-217.228531,113.210846,247.632385,-319.29834,54.636147,214.235336,-234.860886,62.982685,256.391266,178.001724,57.142414,217.378433,94.817345,63.528748,357.050079,69.818436,108.102547,323.065247,19.346304,558.888062
178,0,239.310654,-190.521805,1103.812866,246.228516,58.735592,1106.003784,420.869354,-112.815079,1130.575928,421.829346,-29.504169,1130.906128,303.929413,-275.258881,565.826294,370.766541,-303.613007,99.739227,429.439087,-253.667023,78.001717,300.216125,123.327652,588.072083,388.698975,154.320877,103.472893,435.259674,101.607193,81.491631,303.27536,-171.158157,555.0578,350.511292,-217.252472,113.156113,247.648651,-319.290222,54.620216,214.257462,-234.860153,62.995686,256.522369,177.978073,57.061245,217.40184,94.825829,63.517548,356.911987,69.68399,108.140465,322.973755,19.326401,558.891602
179,0,239.30101,-190.52594,1103.802002,246.166519,58.756004,1106.009766,420.938293,-112.737267,1130.638428,421.822174,-29.444019,1130.899048,303.900543,-275.249908,565.804749,370.748566,-303.617737,99.815216,429.388733,-253.679245,77.999908,300.154572,123.351799,588.087769,388.680817,154.325409,103.475487,435.294952,101.651901,81.540405,303.249969,-171.114075,555.052002,350.520111,-217.218628,113.170815,247.629639,-319.287231,54.652554,214.260727,-234.856293,63.002453,256.372437,177.921478,57.110672,217.403824,94.833954,63.538559,356.942474,69.715492,108.132515,322.923798,19.340557,558.881226
180,0,239.30397,-190.502411,1103.805786,246.11293,58.762524,1105.999023,420.930847,-112.637589,1130.64502,421.781342,-29.393457,1130.883057,303.893005,-275.248627,565.818542,370.67807,-303.671936,99.759514,429.381531,-253.713882,78.019127,300.086487,123.365753,588.088623,388.683624,154.345078,103.474648,435.254883,101.658058,81.51548,303.219788,-171.12648,555.029968,350.521149,-217.212631,113.186806,247.63652,-319.315094,54.64854,214.247925,-234.872208,62.975391,256.422058,177.949066,57.065277,217.405823,94.850906,63.548923,356.875732,69.675079,108.165756,322.931793,19.350897,558.867432
181,0,239.292679,-190.460876,1103.817017,246.063187,58.776524,1105.997192,420.871246,-112.611732,1130.597778,421.696259,-29.363413,1130.89917,303.885315,-275.218994,565.807495,370.693512,-303.626068,99.784149,429.402618,-253.683594,77.986961,300.019775,123.342041,588.07489,388.661072,154.350052,103.453751,435.279968,101.68679,81.515701,303.183258,-171.104019,555.059631,350.511841,-217.224655,113.203667,247.62587,-319.294403,54.649036,214.265549,-234.860748,62.983624,256.432587,177.868042,56.998665,217.384109,94.842628,63.549274,356.880432,69.676514,108.148964,322.85675,19.388546,558.855347
182,0,239.229218,-190.469193,1103.827271,246.02327,58.775421,1106.007935,420.866913,-112.578438,1130.614868,421.690308,-29.295609,1130.883301,303.843842,-275.213806,565.819702,370.723297,-303.626373,99.763283,429.440643,-253.688782,77.945976,299.954071,123.361557,588.068481,388.659149,154.345261,103.456276,435.265808,101.688148,81.545525,303.13736,-171.097824,555.049622,350.535919,-217.220627,113.213341,247.620056,-319.289093,54.658852,214.264252,-234.856781,62.984535,256.401978,177.928925,57.041714,217.376129,94.823463,63.53537,356.931824,69.694809,108.122147,322.804077,19.391321,558.862
183,0,239.25708,-190.460434,1103.836548,245.987717,58.808712,1106.005859,420.928528,-112.49736,1130.614624,421.674255,-29.245136,1130.885498,303.824219,-275.172028,565.828796,370.820587,-303.44873,99.743584,429.428864,-253.674622,77.986809,299.876648,123.373749,588.064392,388.658966,154.365219,103.480743,435.269653,101.677185,81.531593,303.137604,-171.081741,555.049988,350.560516,-217.186615,113.158386,247.634476,-319.296722,54.648243,214.250214,-234.855392,62.987312,256.440704,177.977493,57.078735,217.404617,94.836578,63.52684,356.923676,69.691528,108.141792,322.667755,19.365049,558.872498
184,0,239.244263,-190.44281,1103.837769,245.873016,58.878254,1106.025146,420.856171,-112.435532,1130.581421,421.648895,-29.231754,1130.868652,303.84494,-275.16214,565.804504,370.82785,-303.427521,99.708015,429.351379,-253.647171,77.979881,299.821014,123.370811,588.055542,388.657074,154.362579,103.477058,435.271027,101.67482,81.548264,303.112579,-171.028839,555.039124,350.505524,-217.20813,113.228661,247.627777,-319.277618,54.641499,214.239731,-234.850983,62.981838,256.472382,177.915634,56.987053,217.425125,94.817596,63.520863,356.912445,69.696991,108.151398,322.666443,19.382372,558.877563
185,0,239.236053,-190.432877,1103.840698,245.827835,58.955215,1106.025879,420.885071,-112.375061,1130.574463,421.633636,-29.180988,1130.866943,303.810944,-275.114166,565.811646,370.792999,-303.431854,99.747971,429.406677,-253.658295,77.985123,299.745361,123.375465,588.049194,388.65863,154.361359,103.478004,435.276917,101.687294,81.53952,303.073181,-171.01001,555.047668,350.520844,-217.193283,113.216049,247.630844,-319.288971,54.653233,214.245895,-234.84996,62.993111,256.461853,177.925964,57.023357,217.395721,94.800949,63.506847,356.898438,69.681236,108.146744,322.592163,19.320324,558.85553
186,0,239.257172,-190.423126,1103.815674,245.768616,58.967468,1106.027466,420.915558,-112.298492,1130.56604,421.609589,-29.159798,1130.871582,303.782654,-275.127808,565.791626,370.753326,-303.546387,99.77066,429.385986,-253.645325,78.005089,299.672241,123.371742,588.041626,388.628021,154.36908,103.468407,435.280121,101.681297,81.532501,303.039215,-170.990738,555.040161,350.519836,-217.174072,113.227707,247.6353,-319.273468,54.650707,214.246933,-234.837784,63.007057,256.474823,177.925034,57.044483,217.392746,94.825531,63.543743,356.885254,69.691696,108.141388,322.514404,19.32885,558.868652
187,0,239.277145,-190.421234,1103.823853,245.771591,58.889503,1106.025146,420.851624,-112.291542,1130.571167,421.545654,-29.103537,1130.841431,303.770233,-275.101227,565.833435,370.733307,-303.584106,99.844482,429.403931,-253.635712,77.999939,299.62384,123.377151,588.027527,388.62204,154.34848,103.470192,435.247742,101.700035,81.520866,303.000427,-171.001892,555.041992,350.501923,-217.196686,113.237732,247.63356,-319.268799,54.652554,214.255768,-234.82341,62.979145,256.480377,177.933121,57.039856,217.374649,94.776985,63.523396,356.891785,69.670845,108.142998,322.524719,19.391752,558.838623
188,0,239.264618,-190.438385,1103.822754,245.742294,58.983185,1106.025757,420.737183,-112.334633,1130.487427,421.578796,-29.079947,1130.870239,303.787781,-275.096191,565.799927,370.698883,-303.581512,99.782837,429.460083,-253.603165,77.975327,299.578827,123.364082,588.03009,388.606323,154.381271,103.465202,435.259583,101.708099,81.555458,302.955963,-170.971481,555.03363,350.487732,-217.168808,113.189079,247.625443,-319.287231,54.640877,214.250015,-234.825851,62.998184,256.449341,177.915085,57.031246,217.364365,94.795509,63.536697,356.852264,69.664375,108.13858,322.450867,19.363247,558.838257
189,0,239.276413,-190.42189,1103.809082,245.701752,58.985031,1106.025391,420.809723,-112.247116,1130.538818,421.506073,-29.105553,1130.927612,303.75116,-275.07135,565.801697,370.677429,-303.599274,99.788048,429.412445,-253.609512,77.989929,299.56189,123.366257,588.03595,388.621246,154.362427,103.476402,435.240112,101.689598,81.555908,302.9935,-170.953125,555.027771,350.528839,-217.166702,113.275589,247.626953,-319.270935,54.641075,214.263901,-234.832352,62.993465,256.514587,177.901566,56.965244,217.382736,94.796112,63.509769,356.978394,69.679817,108.084824,322.501923,19.42411,558.860413
190,0,239.279358,-190.428406,1103.799316,245.653229,58.991142,1106.045776,420.824066,-112.220558,1130.549927,421.489899,-29.06069,1130.900635,303.746552,-275.061737,565.79718,370.800507,-303.411987,99.818733,429.401428,-253.647324,78.005524,299.525146,123.367584,588.0224,388.603912,154.374893,103.490509,435.26889,101.685921,81.604172,302.953064,-170.943283,555.028015,350.547241,-217.165207,113.262177,247.625671,-319.288239,54.644695,214.25325,-234.851273,62.984406,256.45285,177.898117,57.040951,217.369995,94.770119,63.505657,356.872772,69.648567,108.153122,322.445923,19.392603,558.863281
191,0,239.271393,-190.426865,1103.78772,245.658905,58.983471,1106.050659,420.739166,-112.236214,1130.555298,421.466644,-29.034555,1130.827148,303.740509,-275.061462,565.791931,370.735809,-303.566071,99.790024,429.424744,-253.634277,77.954391,299.514282,123.368263,588.039978,388.628845,154.38063,103.501434,435.246826,101.69175,81.532837,302.937683,-170.934753,555.018555,350.412903,-217.207581,113.184677,247.634735,-319.264191,54.663307,214.242935,-234.842499,62.98922,256.509857,177.90715,56.972633,217.380692,94.777267,63.520386,356.866638,69.658073,108.157677,322.446777,19.378796,558.868164
192,0,239.228241,-190.441666,1103.785767,245.57402,58.985271,1106.054565,420.767395,-112.208504,1130.551147,421.426941,-28.993206,1130.943115,303.726257,-275.062744,565.763306,370.699646,-303.57486,99.788681,429.438629,-253.613052,77.992897,299.522736,123.377914,588.036377,388.616577,154.379776,103.49189,435.260101,101.707466,81.585159,302.928589,-170.941498,555.025085,350.459564,-217.163162,113.155602,247.626572,-319.277527,54.658577,214.258499,-234.835968,62.97514,256.456268,177.914139,57.053585,217.350967,94.80603,63.54747,356.851746,69.676849,108.152916,322.46994,19.395277,558.865234
193,0,239.210251,-190.457153,1103.772949,245.53035,58.99942,1106.056152,420.73584,-112.195229,1130.586304,421.367889,-29.036938,1130.938354,303.730164,-275.047272,565.767578,370.689545,-303.583923,99.789841,429.466187,-253.601395,77.981155,299.535645,123.392097,588.040833,388.628021,154.350861,103.489853,435.222992,101.685234,81.558304,302.939087,-170.962067,555.020874,350.465759,-217.196564,113.226845,247.633499,-319.273712,54.640251,214.246857,-234.842331,63.00322,256.51416,177.876984,56.964108,217.372513,94.759598,63.490383,356.86026,69.648499,108.151329,322.417908,19.350328,558.879517
194,0,239.193924,-190.461792,1103.754028,245.499741,58.994553,1106.0448,420.690216,-112.183685,1130.61084,421.393372,-28.987309,1130.977661,303.738129,-275.074402,565.786743,370.77652,-303.427765,99.769058,429.406036,-253.604385,77.990028,299.553375,123.402092,588.041687,388.630859,154.358917,103.483749,435.26889,101.694267,81.562035,302.922729,-170.944443,555.03064,350.457489,-217.203262,113.173264,247.636475,-319.2771,54.640083,214.261551,-234.830185,62.992989,256.445892,177.895554,57.027634,217.358337,94.78363,63.481911,356.981506,69.689766,108.11615,322.447571,19.361223,558.881165
195,0,239.108063,-190.562775,1103.759155,245.490417,58.971935,1106.034912,420.654175,-112.193901,1130.622437,421.31543,-28.98554,1130.956909,303.748627,-275.08493,565.783936,370.784302,-303.421967,99.750832,429.419647,-253.583527,77.945587,299.589569,123.394768,588.028259,388.641174,154.358887,103.480408,435.282135,101.694412,81.58387,302.932343,-170.954025,555.003845,350.484283,-217.183136,113.197472,247.627487,-319.28183,54.628288,214.279617,-234.833771,62.98595,256.447479,177.906372,57.020863,217.373169,94.806503,63.493916,356.870575,69.661064,108.153839,322.494141,19.384325,558.896484
196,0,239.111679,-190.471619,1103.730225,245.415527,59.008831,1106.030762,420.583038,-112.212341,1130.636597,421.280396,-28.977339,1130.990967,303.743042,-275.071838,565.802612,370.734406,-303.565613,99.871742,429.400848,-253.611542,78.008324,299.595215,123.41198,588.023071,388.627869,154.352982,103.48291,435.239807,101.678299,81.560516,302.940155,-170.946625,555.002075,350.514618,-217.180618,113.318123,247.618515,-319.291382,54.637424,214.254303,-234.847412,62.993027,256.438324,177.874252,57.006073,217.406845,94.794212,63.527279,356.828644,69.66803,108.161346,322.499451,19.385262,558.883301
197,0,239.077209,-190.482147,1103.718628,245.423386,58.975201,1106.002441,420.532867,-112.251953,1130.675171,421.278259,-29.012218,1130.940552,303.735626,-275.106049,565.800415,370.795685,-303.44455,99.746941,429.431122,-253.598419,77.977295,299.608643,123.425751,588.01709,388.637573,154.357468,103.479416,435.232513,101.666969,81.544945,302.978333,-170.977676,555.030457,350.509338,-217.182938,113.220184,247.617966,-319.281464,54.64621,214.260101,-234.849335,62.99527,256.439941,177.910767,57.032261,217.365433,94.749634,63.449764,356.881592,69.668976,108.146133,322.533478,19.378092,558.852722
198,0,238.993881,-190.590683,1103.731934,245.391663,58.966084,1106.003052,420.502441,-112.234856,1130.678833,421.200531,-29.004768,1130.971069,303.740356,-275.109772,565.771301,370.773438,-303.452545,99.795822,429.423615,-253.583908,77.966484,299.639557,123.41507,588.008911,388.650177,154.376038,103.487175,435.247864,101.678017,81.529282,302.960114,-171.010788,555.004578,350.443726,-217.19812,113.219421,247.629745,-319.309906,54.650848,214.257767,-234.840805,62.997669,256.362061,177.919083,57.125092,217.376694,94.787216,63.489391,356.855865,69.653519,108.151596,322.549225,19.414337,558.882385
199,0,238.940338,-190.590347,1103.742676,245.355423,58.968811,1105.991577,420.488617,-112.272827,1130.716675,421.195953,-29.04014,1130.98999,303.738922,-275.144623,565.773438,370.736755,-303.59256,99.852318,429.379395,-253.646408,77.980515,299.670044,123.433846,588.025269,388.646912,154.366653,103.475784,435.236359,101.670578,81.555855,302.954559,-170.996384,555.025269,350.530487,-217.222534,113.248482,247.624161,-319.310822,54.644264,214.250626,-234.857315,63.006268,256.50708,177.910141,56.965809,217.371765,94.796448,63.494659,356.845154,69.670387,108.157433,322.586639,19.400217,558.85614
200,0,238.879395,-190.612427,1103.739502,245.315445,58.990704,1105.990234,420.419067,-112.294861,1130.723267,421.212799,-29.031284,1130.990479,303.761017,-275.147247,565.779907,370.706177,-303.603851,99.799644,429.366211,-253.646942,78.026917,299.697235,123.454651,588.023804,388.66507,154.369522,103.486824,435.248505,101.668434,81.542183,302.93515,-171.019424,554.996094,350.533417,-217.208252,113.28241,247.620102,-319.312897,54.638565,214.251862,-234.838654,62.999279,256.554962,177.937073,56.970161,217.382965,94.81102,63.501156,356.846222,69.673065,108.146286,322.572021,19.425173,558.853394
201,0,238.859848,-190.617554,1103.73999,245.319595,58.981377,1105.994751,420.432404,-112.302628,1130.707642,421.134705,-29.037449,1131.004395,303.753418,-275.158051,565.774231,370.754913,-303.589417,99.776947,429.413849,-253.634628,77.977814,299.726501,123.457329,588.002991,388.66391,154.374695,103.491943,435.274506,101.708778,81.585312,302.981689,-171.020996,555.013672,350.477234,-217.187637,113.251625,247.603775,-319.313934,54.639458,214.293915,-234.859619,63.001423,256.384277,178.010406,57.140335,217.397247,94.819595,63.50798,356.840027,69.699432,108.170952,322.584534,19.409998,558.869751
202,0,238.789413,-190.634384,1103.734131,245.292038,58.971485,1105.994019,420.369171,-112.342567,1130.720947,421.117554,-29.105091,1130.992554,303.763245,-275.167633,565.810852,370.778839,-303.473969,99.748428,429.377502,-253.659576,77.977669,299.758789,123.474167,588.024963,388.677002,154.357635,103.497597,435.263336,101.680344,81.572388,302.957581,-171.061539,555.001831,350.499878,-217.197723,113.220291,247.633301,-319.332977,54.637928,214.270935,-234.869217,63.001492,256.530975,177.947372,56.980011,217.373367,94.805595,63.521782,357.00882,69.761078,108.149117,322.602081,19.397457,558.870361
203,0,238.752258,-190.640366,1103.725708,245.281113,58.953129,1105.989746,420.372253,-112.359146,1130.769043,421.121429,-29.099857,1131.022583,303.756317,-275.180969,565.799316,370.87677,-303.42395,99.815109,429.389984,-253.632538,77.999405,299.794495,123.46817,588.032654,388.682892,154.373962,103.480515,435.251801,101.670624,81.573883,302.959503,-171.062744,555.009949,350.517426,-217.230942,113.246025,247.612625,-319.321442,54.622932,214.266998,-234.845535,63.001446,256.539703,177.918991,56.931751,217.395081,94.81778,63.530125,356.82663,69.686569,108.171783,322.605011,19.408829,558.838562
204,0,238.74144,-190.662537,1103.715942,245.342026,58.909283,1105.981934,420.285217,-112.400925,1130.748169,421.109833,-29.108271,1131.018066,303.701599,-275.199493,565.763184,370.737793,-303.597504,99.859566,429.445923,-253.642227,78.004128,299.80777,123.459534,588.014221,388.665039,154.36702,103.499565,435.235474,101.652573,81.605278,302.937256,-171.087585,554.981262,350.466522,-217.243027,113.191879,247.624985,-319.322693,54.632545,214.244781,-234.860092,63.009575,256.513458,177.940079,56.942627,217.327438,94.773071,63.479156,356.962891,69.731308,108.140457,322.621155,19.370592,558.843201
205,0,238.682785,-190.688217,1103.716553,245.32637,58.908695,1105.987061,420.293732,-112.405067,1130.737549,421.084991,-29.171772,1130.998779,303.7099,-275.18576,565.780884,370.694519,-303.605042,99.77784,429.444366,-253.6465,77.984489,299.822571,123.431335,588.021729,388.68808,154.346664,103.509995,435.276642,101.661652,81.578934,302.885406,-171.082199,554.987061,350.533997,-217.191559,113.171928,247.614548,-319.31665,54.639816,214.261002,-234.858551,62.998138,256.427704,177.945724,57.028893,217.378586,94.820465,63.516373,356.848541,69.706276,108.178917,322.67926,19.417807,558.855225
206,0,238.65152,-190.708252,1103.700806,245.270798,58.92889,1105.984985,420.230347,-112.459541,1130.785522,421.022461,-29.19088,1131.000366,303.656433,-275.17215,565.780945,370.693726,-303.605713,99.778625,429.387054,-253.661804,77.984467,299.842102,123.441589,588.017029,388.66803,154.348892,103.48848,435.269073,101.644928,81.592339,302.88736,-171.040207,555.001587,350.520721,-217.222,113.238319,247.602554,-319.31311,54.642426,214.264023,-234.832718,62.996162,256.463196,177.950302,57.023304,217.346786,94.784767,63.498898,356.832794,69.680756,108.178375,322.65921,19.364792,558.857239
207,0,238.61734,-190.719284,1103.713135,245.280975,58.917221,1105.984497,420.161377,-112.503403,1130.792236,421.003601,-29.24547,1130.956177,303.631989,-275.166992,565.770264,370.68927,-303.609985,99.772522,429.38501,-253.644165,78.016769,299.832611,123.437271,588.024719,388.673645,154.349121,103.511948,435.241821,101.6493,81.58709,302.853577,-171.052094,555.004944,350.468536,-217.189392,113.181458,247.627029,-319.315948,54.632462,214.259552,-234.823792,62.988712,256.511871,177.96907,56.997246,217.345627,94.809013,63.514927,356.828552,69.671097,108.185562,322.61792,19.342331,558.860779
208,0,238.56424,-190.757324,1103.698486,245.299591,58.889221,1105.985718,420.196381,-112.504799,1130.713257,420.970245,-29.262592,1130.995728,303.625946,-275.176819,565.755737,370.717712,-303.581573,99.812675,429.463318,-253.582626,78.020317,299.828217,123.408302,588.012878,388.648499,154.33165,103.507599,435.221985,101.649055,81.600098,302.848389,-171.061783,554.993958,350.540161,-217.186203,113.274315,247.617249,-319.317535,54.629154,214.261688,-234.814713,63.01461,256.425964,177.935211,57.020893,217.36795,94.806213,63.521244,356.782654,69.667755,108.181885,322.623291,19.341829,558.861938
209,0,238.566574,-190.76004,1103.690308,245.273193,58.862896,1105.975708,420.155212,-112.52813,1130.695435,420.96402,-29.285049,1131.01062,303.591583,-275.195526,565.769165,370.704834,-303.608734,99.85305,429.408203,-253.634781,78.014503,299.824738,123.390419,588.034363,388.638062,154.335281,103.509911,435.237854,101.648911,81.602562,302.820709,-171.069641,555.003906,350.483765,-217.196701,113.193222,247.607574,-319.311981,54.634605,214.257034,-234.840317,63.003479,256.457825,177.913315,57.022675,217.344528,94.772423,63.481518,356.791138,69.655685,108.188469,322.500153,19.286909,558.795654
210,0,238.525253,-190.786987,1103.699951,245.282135,58.848186,1105.967407,420.039246,-112.597229,1130.689087,420.954712,-29.29586,1130.942871,303.597137,-275.188263,565.769531,370.54541,-303.709442,99.710388,429.368866,-253.639099,78.014679,299.770538,123.356239,588.032898,388.657379,154.332153,103.520096,435.235657,101.625435,81.60408,302.802277,-171.061508,555.009277,350.523071,-217.193787,113.174347,247.61972,-319.303131,54.633987,214.2444,-234.843536,62.994003,256.448517,177.949432,57.045605,217.357635,94.784813,63.50053,356.808105,69.627563,108.175674,322.50589,19.246067,558.809082
211,0,238.533356,-190.819672,1103.681641,245.293839,58.819214,1105.982666,420.158875,-112.553818,1130.741089,420.906372,-29.321739,1130.944214,303.58667,-275.186035,565.758789,370.772583,-303.43811,99.739334,429.436035,-253.59845,78.029007,299.753967,123.360275,588.031128,388.669617,154.324997,103.525467,435.254425,101.648376,81.587891,302.812866,-171.06456,554.998718,350.478241,-217.166946,113.18,247.599915,-319.298828,54.630104,214.247177,-234.835144,62.98811,256.524292,177.899963,56.920135,217.366562,94.797653,63.516335,356.814941,69.662544,108.175301,322.521759,19.293839,558.847839
212,0,238.509811,-190.821732,1103.664429,245.329422,58.800453,1105.96521,420.085449,-112.578377,1130.720703,420.915009,-29.303249,1130.951416,303.580811,-275.194,565.791748,370.631348,-303.611359,99.781357,429.370636,-253.664642,78.014023,299.767975,123.348999,588.052429,388.650543,154.342773,103.526062,435.242493,101.638344,81.619659,302.786591,-171.079758,554.997009,350.495514,-217.214401,113.200668,247.615265,-319.299103,54.643414,214.255966,-234.819656,63.004105,256.438629,177.918777,57.036636,217.352966,94.784065,63.518017,356.822998,69.641937,108.168137,322.460632,19.23167,558.84375
213,0,238.493347,-190.853973,1103.651611,245.348938,58.755093,1105.949829,420.13324,-112.561729,1130.655396,420.904938,-29.338179,1130.933716,303.557831,-275.200592,565.760742,370.697968,-303.591339,99.766563,429.409088,-253.600983,78.024704,299.738251,123.329155,588.071045,388.639679,154.323578,103.523666,435.257965,101.641289,81.650536,302.77359,-171.10553,554.993652,350.495178,-217.185028,113.225418,247.577362,-319.30365,54.641094,214.240326,-234.814697,62.99279,256.517212,177.917114,56.950481,217.338226,94.795662,63.518375,356.798584,69.633537,108.18512,322.475769,19.239641,558.8703
214,0,238.471497,-190.891632,1103.647095,245.324783,58.720139,1105.961304,420.030579,-112.638351,1130.67981,420.859283,-29.372351,1130.922485,303.552673,-275.22171,565.741089,370.638947,-303.621429,99.784515,429.3815,-253.616928,78.045067,299.701111,123.332726,588.07782,388.645508,154.318359,103.53228,435.216064,101.612648,81.617104,302.772339,-171.129456,555.003784,350.506927,-217.170776,113.242958,247.598709,-319.306488,54.642494,214.244263,-234.833893,62.998692,256.449646,177.912079,57.04483,217.353546,94.807365,63.484676,356.801025,69.643028,108.196823,322.448822,19.237598,558.84906
215,0,238.429184,-190.931931,1103.63562,245.304245,58.689228,1105.947998,420.02182,-112.630486,1130.661255,420.856781,-29.396133,1130.911499,303.568085,-275.233429,565.747803,370.631073,-303.620178,99.774147,429.376862,-253.629272,77.999191,299.712036,123.298981,588.072632,388.612,154.327728,103.515518,435.256378,101.626808,81.590782,302.774078,-171.127411,555.027832,350.464966,-217.2005,113.18898,247.614059,-319.309875,54.630589,214.238678,-234.824661,63.002228,256.487152,177.96846,57.081249,217.36264,94.805183,63.508175,356.795868,69.623756,108.175278,322.417084,19.198259,558.831482
216,0,238.438843,-190.963623,1103.639893,245.275772,58.665649,1105.925415,419.998749,-112.6576,1130.658569,420.881836,-29.385855,1130.916504,303.598846,-275.249481,565.752747,370.642792,-303.607361,99.788094,429.422394,-253.627808,78.018951,299.702667,123.289459,588.081177,388.638336,154.304642,103.517189,435.227081,101.629478,81.594688,302.801697,-171.175598,555.017456,350.446106,-217.161499,113.146637,247.618744,-319.319794,54.660091,214.255402,-234.845566,62.992714,256.568878,177.879852,56.937397,217.326874,94.768417,63.475006,356.82428,69.614403,108.136322,322.374084,19.163107,558.810608
217,0,238.402863,-190.970779,1103.61084,245.234131,58.634895,1105.916382,419.974518,-112.679131,1130.671387,420.776031,-29.424438,1130.899292,303.626648,-275.286224,565.740173,370.661041,-303.633362,99.776756,429.402679,-253.626053,77.983772,299.702362,123.269814,588.075439,388.61261,154.30423,103.51342,435.213806,101.62133,81.614288,302.825317,-171.185898,555.01355,350.499542,-217.187561,113.225517,247.599487,-319.331665,54.643356,214.258331,-234.843658,63.002937,256.447479,177.920486,57.051064,217.390549,94.800819,63.516327,356.808716,69.609879,108.142944,322.383667,19.182625,558.822632
218,0,238.366898,-191.0056,1103.603882,245.222534,58.628162,1105.895508,419.895752,-112.696838,1130.641479,420.743408,-29.437149,1130.896362,303.66272,-275.298828,565.750122,370.782654,-303.438171,99.723846,429.371124,-253.646347,78.017487,299.672272,123.264282,588.077209,388.651276,154.304581,103.520653,435.257599,101.62352,81.569504,302.882904,-171.198669,555.005676,350.525299,-217.191452,113.21801,247.625671,-319.339905,54.651817,214.24588,-234.827744,62.992371,256.505066,177.902328,56.991028,217.364929,94.787857,63.528984,356.862091,69.616295,108.146507,322.380829,19.163387,558.812561
219,0,238.327133,-191.020554,1103.59314,245.177917,58.596344,1105.877319,419.87085,-112.69854,1130.654785,420.711273,-29.437492,1130.896118,303.699066,-275.336975,565.769043,370.714447,-303.584015,99.789024,429.460266,-253.620865,77.986694,299.655609,123.247475,588.058167,388.621796,154.294479,103.51458,435.235352,101.652359,81.564606,302.899109,-171.20018,555.027222,350.506256,-217.21022,113.190109,247.616608,-319.328125,54.657539,214.246063,-234.840546,63.026981,256.455688,177.92543,57.070557,217.374207,94.80777,63.491718,356.824341,69.582054,108.149422,322.307922,19.119446,558.789124
220,0,238.296997,-191.032944,1103.573608,245.15509,58.578255,1105.861084,419.812195,-112.710777,1130.687256,420.726135,-29.41534,1130.946655,303.736938,-275.355499,565.776855,370.740479,-303.56662,99.769173,429.345856,-253.663055,78.019707,299.611633,123.219337,588.062378,388.637573,154.293121,103.510239,435.259674,101.629898,81.596695,302.937378,-171.232925,555.030029,350.504181,-217.225235,113.209724,247.625336,-319.336395,54.684586,214.262512,-234.857788,63.01096,256.440216,177.883499,57.050674,217.397552,94.777939,63.490734,356.834045,69.588058,108.162262,322.301178,19.102184,558.802124
221,0,238.273911,-191.040878,1103.545898,245.114197,58.571804,1105.835815,419.798401,-112.717621,1130.694214,420.641052,-29.452509,1131.004761,303.778503,-275.373718,565.78656,370.828735,-303.451996,99.743568,429.412079,-253.647171,78.005348,299.59021,123.210312,588.065552,388.702148,154.17572,103.479179,435.262115,101.619492,81.564857,302.929169,-171.275055,555.027832,350.543213,-217.227234,113.27195,247.627548,-319.348938,54.655167,214.250519,-234.866684,63.011742,256.449402,177.896027,57.058456,217.378433,94.747803,63.455933,356.851929,69.589539,108.133415,322.24585,19.053846,558.780334
222,0,238.177353,-191.076279,1103.550049,245.086624,58.549507,1105.819214,419.73288,-112.766037,1130.665527,420.618439,-29.456059,1130.980225,303.77713,-275.403229,565.808594,370.838898,-303.464142,99.752579,429.38501,-253.681656,77.997383,299.564209,123.185593,588.059326,388.629364,154.257706,103.487526,435.247192,101.617851,81.558907,302.983337,-171.272934,555.039429,350.499573,-217.228256,113.197655,247.631668,-319.32843,54.648335,214.268982,-234.851913,63.017704,256.440063,177.895767,57.055897,217.376495,94.772926,63.465885,356.82431,69.56694,108.151527,322.284668,19.115591,558.764832
223,0,238.161026,-191.05925,1103.543579,245.069061,58.552425,1105.815308,419.592407,-112.846107,1130.688965,420.547211,-29.467966,1130.980469,303.798615,-275.416962,565.750183,370.763855,-303.611542,99.751236,429.362823,-253.685532,78.003067,299.534332,123.16996,588.074951,388.662292,154.243042,103.51458,435.229767,101.604156,81.58831,303.02652,-171.295303,555.023315,350.541992,-217.256165,113.28138,247.630096,-319.337524,54.670067,214.253464,-234.849258,63.031151,256.438721,177.859299,57.048229,217.341385,94.775551,63.477016,356.847015,69.57605,108.132034,322.210358,19.086384,558.764832
224,0,238.121826,-191.056854,1103.511353,245.050079,58.533237,1105.828125,419.648102,-112.806229,1130.69812,420.540405,-29.486004,1130.98584,303.811035,-275.427856,565.785095,370.730743,-303.62735,99.782509,429.387543,-253.679626,77.974258,299.545776,123.163483,588.073792,388.647034,154.252869,103.516159,435.249969,101.602661,81.601616,303.007019,-171.270203,555.02356,350.509125,-217.26236,113.211029,247.662643,-319.343109,54.661255,214.268448,-234.857895,62.997192,256.470795,177.901398,57.055019,217.342392,94.780815,63.507809,356.977661,69.610756,108.076683,322.189728,19.055611,558.755737
225,0,238.089188,-191.059723,1103.514526,245.017746,58.509811,1105.819702,419.522675,-112.864334,1130.707642,420.516052,-29.513611,1130.979004,303.787292,-275.436859,565.75708,370.792877,-303.454834,99.742584,429.424622,-253.654831,77.989822,299.561523,123.157646,588.074585,388.658844,154.252396,103.526825,435.207306,101.588013,81.606308,302.982391,-171.28508,555.03302,350.502686,-217.252502,113.297256,247.650482,-319.360626,54.660313,214.241058,-234.864014,63.000912,256.516815,177.910065,56.993958,217.345642,94.77375,63.478069,356.804535,69.565277,108.166328,322.20813,19.054064,558.779358
226,0,238.045151,-191.085266,1103.493652,245.004639,58.489269,1105.824097,419.463654,-112.890747,1130.728271,420.480591,-29.546345,1131.019165,303.785675,-275.42804,565.795776,370.757568,-303.578308,99.75457,429.411438,-253.651764,77.98719,299.558136,123.159386,588.089539,388.630463,154.242447,103.506454,435.211151,101.582001,81.640442,302.982941,-171.29866,555.050293,350.540161,-217.232834,113.215187,247.622925,-319.346924,54.67038,214.252838,-234.866211,63.00573,256.555603,177.897476,57.012337,217.356049,94.787094,63.507183,356.805267,69.570183,108.159187,322.201416,19.062473,558.787354
227,0,237.979797,-191.092026,1103.498169,244.996933,58.46244,1105.839844,419.480469,-112.917679,1130.769287,420.407959,-29.561214,1131.011841,303.75351,-275.448792,565.75061,370.8172,-303.443848,99.759186,429.379883,-253.637878,78.007187,299.580719,123.178017,588.097351,388.664703,154.257889,103.526459,435.241364,101.604385,81.623528,302.980225,-171.319443,555.040527,350.516693,-217.230774,113.277412,247.638779,-319.336151,54.66893,214.235138,-234.855621,62.996902,256.551392,177.903198,56.964169,217.357529,94.78611,63.499676,356.804413,69.582062,108.143967,322.234802,19.081926,558.775146
228,0,237.924286,-191.096313,1103.472534,245.001724,58.483616,1105.843872,419.39621,-112.956985,1130.745728,420.424927,-29.590796,1131.028809,303.732147,-275.436371,565.755676,370.875061,-303.438812,99.730759,429.362274,-253.643387,78.03051,299.603485,123.14872,588.073486,388.651215,154.247284,103.530998,435.197174,101.557983,81.613495,302.96228,-171.318588,555.015137,350.516785,-217.261078,113.29921,247.639023,-319.334808,54.659725,214.254868,-234.866104,62.992706,256.440887,177.932922,57.071274,217.315475,94.763275,63.461296,356.787994,69.588997,108.171654,322.264771,19.086933,558.776001
229,0,237.892273,-191.09079,1103.468262,244.995422,58.469524,1105.843872,419.430267,-112.970596,1130.812378,420.381104,-29.669447,1131.007935,303.698029,-275.439575,565.746521,370.737244,-303.618408,99.776527,429.405365,-253.664948,78.003487,299.645081,123.15638,588.076416,388.645905,154.24382,103.512505,435.2146,101.564133,81.636627,302.95752,-171.317856,555.013977,350.54361,-217.204056,113.223557,247.626175,-319.344116,54.677982,214.263016,-234.861557,63.014759,256.457855,177.931152,57.050175,217.359589,94.802002,63.505836,356.792267,69.597717,108.150894,322.321198,19.083485,558.811096
230,0,237.848999,-191.084091,1103.461182,245.002075,58.468975,1105.833618,419.333588,-113.041603,1130.7146,420.399506,-29.695772,1131.019165,303.679291,-275.453491,565.710022,370.742371,-303.633728,99.758553,429.366028,-253.646667,78.032913,299.68692,123.183968,588.096436,388.662231,154.261734,103.512543,435.20639,101.572449,81.591301,302.925995,-171.328278,555.02301,350.535065,-217.232956,113.216637,247.648712,-319.335876,54.665047,214.279312,-234.864136,62.994823,256.455505,177.92276,57.041821,217.329666,94.809769,63.506485,356.794983,69.597168,108.135666,322.317596,19.049379,558.803711
231,0,237.797211,-191.088013,1103.442017,245.005203,58.472221,1105.841797,419.313232,-113.077904,1130.69165,420.351196,-29.72838,1131.024292,303.66452,-275.431213,565.770447,370.702209,-303.653168,99.839203,429.354004,-253.593979,77.966187,299.720978,123.172134,588.078552,388.659973,154.26268,103.524284,435.242615,101.563385,81.61795,302.903748,-171.323868,555.023682,350.521362,-217.254578,113.222435,247.627243,-319.335571,54.676037,214.240784,-234.866623,62.995316,256.513519,177.918396,56.977058,217.371094,94.768417,63.400528,356.831451,69.574265,108.141113,322.358734,19.079428,558.809509
232,0,237.759384,-191.09877,1103.39502,245.002151,58.475216,1105.842529,419.295929,-113.121262,1130.727173,420.345795,-29.763159,1130.999756,303.622406,-275.44458,565.754028,370.774384,-303.607208,99.788658,429.373474,-253.668427,77.999931,299.734558,123.165649,588.077148,388.674255,154.265945,103.519791,435.21283,101.5439,81.61335,302.898071,-171.349579,554.989014,350.566925,-217.233459,113.282494,247.647491,-319.335785,54.663498,214.259811,-234.850983,62.993027,256.454376,177.929413,57.027439,217.330765,94.751968,63.469627,356.799225,69.580719,108.14167,322.379333,19.06786,558.774048
233,0,237.73027,-191.101959,1103.411499,245.021759,58.473942,1105.84314,419.304352,-113.117867,1130.720093,420.38504,-29.782778,1131.010864,303.581879,-275.443787,565.740234,370.85025,-303.45462,99.741516,429.334045,-253.583344,77.965439,299.75119,123.183655,588.084412,388.654144,154.259338,103.539124,435.226776,101.560425,81.604202,302.819855,-171.338028,554.994202,350.527405,-217.214996,113.223198,247.636795,-319.318878,54.657574,214.243256,-234.846512,62.99165,256.532654,177.918686,56.998253,217.343323,94.802299,63.486053,356.777924,69.581123,108.15506,322.383179,19.076424,558.796753
234,0,237.71051,-191.059723,1103.405029,245.041916,58.497307,1105.845703,419.266541,-113.12677,1130.732178,420.349731,-29.788149,1130.998169,303.54837,-275.416443,565.736145,370.785217,-303.467621,99.76165,429.409882,-253.62355,78.014252,299.782257,123.170944,588.113586,388.670837,154.2724,103.543747,435.234039,101.548988,81.625572,302.832428,-171.33255,555.008484,350.464142,-217.243484,113.200897,247.643707,-319.327911,54.663284,214.22876,-234.845596,62.999062,256.419739,177.920609,57.031021,217.327286,94.808144,63.49226,356.792694,69.57708,108.146629,322.375244,19.070278,558.80426
235,0,237.676987,-191.12236,1103.360229,245.066406,58.482689,1105.853149,419.216095,-113.178001,1130.735596,420.342072,-29.821789,1130.990112,303.509949,-275.397797,565.745239,370.821198,-303.452423,99.745651,429.355347,-253.653259,78.030449,299.801514,123.198318,588.133057,388.653534,154.271774,103.535538,435.205658,101.55442,81.59729,302.774963,-171.325867,555.014343,350.539581,-217.225937,113.277,247.62262,-319.326782,54.680588,214.243607,-234.821655,63.003899,256.49234,177.971634,57.050999,217.359375,94.819023,63.493511,356.81424,69.580498,108.120316,322.350006,19.079208,558.840027
236,0,237.640701,-191.0793,1103.391235,245.070389,58.499649,1105.856934,419.237976,-113.22068,1130.700317,420.347717,-29.858196,1130.973633,303.438416,-275.427216,565.718079,370.806,-303.444366,99.7463,429.368958,-253.679214,78.025833,299.856812,123.194847,588.136047,388.66687,154.266449,103.537575,435.235443,101.570671,81.594009,302.739105,-171.324814,555.026367,350.463867,-217.204727,113.218948,247.633224,-319.329224,54.658054,214.244568,-234.845642,63.009636,256.451294,177.927521,57.042828,217.383057,94.808014,63.47818,356.7836,69.582375,108.160118,322.358734,19.055767,558.825989
237,0,237.629059,-191.090332,1103.39209,245.085953,58.501472,1105.854492,419.234222,-113.205338,1130.702515,420.347473,-29.885624,1131.042358,303.497437,-275.390411,565.742798,370.702271,-303.617859,99.780853,429.379211,-253.638184,78.032753,299.867096,123.192848,588.130249,388.669403,154.258347,103.550362,435.2211,101.544075,81.633728,302.742249,-171.358109,555.005493,350.514313,-217.240906,113.293854,247.602692,-319.319244,54.661457,214.233978,-234.827255,62.994331,256.543274,177.933426,56.985481,217.34346,94.824661,63.505367,356.792542,69.580116,108.151337,322.40451,19.089247,558.850037
238,0,237.614578,-191.083176,1103.390137,245.072067,58.496212,1105.859619,419.194397,-113.223793,1130.724121,420.339447,-29.865583,1131.031738,303.524109,-275.405273,565.752441,370.834991,-303.450897,99.729218,429.343842,-253.653168,78.022888,299.887054,123.205528,588.137268,388.691681,154.265396,103.545822,435.214264,101.531036,81.584297,302.783203,-171.332138,555.01001,350.481903,-217.245773,113.220383,247.628342,-319.320892,54.663174,214.24054,-234.831375,63.004417,256.450867,177.936371,57.041763,217.357025,94.827309,63.513248,357.098602,69.809547,108.049355,322.350861,19.049234,558.799866
239,0,237.577652,-191.072556,1103.375732,245.083359,58.487686,1105.868042,419.23056,-113.223145,1130.74707,420.282318,-29.914463,1131.019531,303.516357,-275.418793,565.74054,370.82254,-303.473663,99.726799,429.360077,-253.671616,78.006561,299.902039,123.19841,588.133484,388.672546,154.266159,103.528786,435.210632,101.544907,81.601791,302.794617,-171.330246,554.984863,350.542023,-217.218597,113.261093,247.628281,-319.338165,54.668251,214.251938,-234.832382,62.990345,256.528473,177.932983,56.977154,217.317978,94.797577,63.463963,356.848877,69.632286,108.137215,322.44104,19.076868,558.826111
240,0,237.60202,-191.093155,1103.365723,245.089294,58.474194,1105.861694,419.192413,-113.262169,1130.728638,420.302979,-29.903648,1131.074219,303.558197,-275.440277,565.733398,370.829559,-303.440918,99.740379,429.357483,-253.653168,78.023384,299.892487,123.210327,588.141907,388.685272,154.27037,103.538948,435.206329,101.563057,81.593292,302.84726,-171.325729,554.990356,350.479218,-217.209564,113.215271,247.644791,-319.32373,54.646591,214.230972,-234.826523,63.0135,256.545349,177.942108,56.989273,217.333496,94.82618,63.518993,356.823425,69.6315,108.153687,322.415314,19.068197,558.817261
241,0,237.586548,-191.07634,1103.351929,245.084671,58.466816,1105.858154,419.185516,-113.26416,1130.775146,420.32782,-29.89558,1131.078613,303.593781,-275.458649,565.741272,370.81015,-303.45871,99.740334,429.423981,-253.621735,78.015175,299.903351,123.227608,588.143677,388.75827,154.14241,103.48082,435.214447,101.552956,81.618217,302.879883,-171.340149,555.002197,350.5513,-217.193741,113.199219,247.644531,-319.315857,54.649754,214.251709,-234.827667,63.013145,256.484131,177.983856,57.074436,217.351288,94.832954,63.502563,356.832214,69.697258,108.077492,322.430298,19.059221,558.783325
242,0,237.583954,-191.101227,1103.339722,245.074753,58.457016,1105.854004,419.181488,-113.253944,1130.769409,420.288483,-29.919607,1131.085693,303.62027,-275.472931,565.743713,370.721802,-303.633636,99.778008,429.393707,-253.650101,77.980194,299.900421,123.180595,588.125,388.700409,154.228653,103.531334,435.226044,101.554153,81.618332,302.887054,-171.388428,555.006836,350.478149,-217.203629,113.245644,247.636841,-319.331299,54.666409,214.269745,-234.833359,63.008293,256.540131,177.931625,56.990837,217.420364,94.795692,63.489368,356.850586,69.610764,108.126045,322.428009,19.068798,558.810425
243,0,237.550064,-191.139664,1103.338257,245.054489,58.446083,1105.853027,419.152069,-113.267044,1130.770142,420.279877,-29.902246,1131.105713,303.691803,-275.473541,565.74585,370.871185,-303.456696,99.76651,429.430481,-253.618805,78.012245,299.886353,123.16571,588.135437,388.702637,154.210709,103.509453,435.230408,101.551552,81.607025,302.891632,-171.390137,555.010071,350.488251,-217.165634,113.206352,247.635483,-319.337799,54.672832,214.275757,-234.852707,63.002541,256.547852,177.932632,56.993355,217.343124,94.81485,63.520447,357.002686,69.671608,108.055016,322.360748,19.013483,558.792358
244,0,237.579025,-191.123596,1103.341064,245.048477,58.42802,1105.84314,419.158112,-113.28038,1130.823242,420.314301,-29.890327,1131.122559,303.697906,-275.486053,565.754333,370.721863,-303.646484,99.784958,429.396149,-253.656265,78.03231,299.866699,123.181931,588.129578,388.67691,154.219376,103.513527,435.214783,101.561943,81.607727,302.951813,-171.381485,555.023193,350.49234,-217.227982,113.240883,247.64325,-319.336884,54.663689,214.26207,-234.85228,63.01812,256.482849,177.929794,57.05064,217.389328,94.804604,63.485756,356.965637,69.752525,108.10994,322.397278,19.019646,558.795898
245,0,237.630615,-191.133255,1103.342041,245.03241,58.410206,1105.851807,419.171997,-113.267181,1130.871338,420.285217,-29.876177,1131.161987,303.749908,-275.482056,565.777039,370.761017,-303.625366,99.760422,429.357605,-253.672958,78.038612,299.858521,123.16288,588.137329,388.739166,154.128128,103.491272,435.228607,101.564003,81.629837,302.966431,-171.385864,555.032288,350.538544,-217.222031,113.207924,247.653976,-319.346069,54.66087,214.267273,-234.848709,63.019058,256.461548,177.921234,57.073132,217.34111,94.800591,63.490814,356.821198,69.598152,108.134109,322.439484,19.045969,558.79126
246,0,237.618393,-191.15155,1103.340088,245.005707,58.38797,1105.841187,419.160217,-113.217979,1130.85083,420.234253,-29.888802,1131.127441,303.755951,-275.499359,565.758179,370.738159,-303.629883,99.794037,429.374878,-253.654129,78.025673,299.842041,123.151543,588.127075,388.666779,154.225159,103.524681,435.248657,101.568031,81.612175,302.994507,-171.383224,555.034546,350.533325,-217.23674,113.272423,247.650497,-319.350342,54.663689,214.261017,-234.865173,63.019417,256.468384,177.935471,57.067116,217.348236,94.789978,63.50211,356.811951,69.610992,108.168442,322.377869,19.00922,558.81665
247,0,237.674149,-191.162262,1103.33667,244.971924,58.359104,1105.839844,419.157043,-113.210274,1130.890015,420.24942,-29.872938,1131.161255,303.814941,-275.501831,565.798401,370.776031,-303.610138,99.7976,429.377075,-253.646133,78.032974,299.817688,123.134552,588.117554,388.728821,154.157715,103.524429,435.243866,101.572639,81.628998,303.016571,-171.395844,555.045593,350.554413,-217.244583,113.233841,247.640244,-319.35083,54.659042,214.257416,-234.876968,63.035568,256.419373,177.920929,57.080116,217.348465,94.805313,63.485035,356.986877,69.64312,108.099258,322.391968,18.985641,558.815857
248,0,237.679321,-191.183151,1103.345215,244.942383,58.34901,1105.838135,419.203369,-113.17952,1130.886353,420.20285,-29.827078,1131.182129,303.812469,-275.548492,565.800537,370.85788,-303.462524,99.752335,429.388123,-253.648376,78.006088,299.783997,123.118874,588.109924,388.69693,154.144348,103.510315,435.210907,101.568207,81.622665,303.053558,-171.368011,555.028992,350.531403,-217.211273,113.195732,247.650253,-319.351746,54.658455,214.246399,-234.882431,63.028938,256.485718,177.913086,57.062653,217.465683,94.764183,63.418648,356.86026,69.610458,108.135017,322.400116,19.016083,558.750122
249,0,237.693268,-191.173981,1103.329712,244.919403,58.323193,1105.834717,419.123291,-113.189423,1130.873413,420.194641,-29.837301,1131.158325,303.856232,-275.542999,565.816467,370.927246,-303.442444,99.751045,429.393921,-253.625595,78.00795,299.751923,123.102242,588.111755,388.656921,154.210037,103.518471,435.197388,101.576958,81.625633,303.049988,-171.402832,555.032471,350.512878,-217.254272,113.270447,247.654388,-319.368866,54.633171,214.26973,-234.898972,63.016148,256.444855,177.895493,57.06665,217.354172,94.784897,63.476345,356.991058,69.644913,108.077888,322.404114,18.983963,558.776672
250,0,237.710175,-191.198074,1103.335083,244.90683,58.322807,1105.817139,419.152527,-113.154701,1130.930542,420.214386,-29.812719,1131.167236,303.852905,-275.560608,565.785522,370.803131,-303.625305,99.770782,429.441193,-253.648041,77.988747,299.739685,123.10585,588.118774,388.652649,154.208893,103.516907,435.238831,101.589996,81.59494,303.094574,-171.416183,555.023682,350.522583,-217.261154,113.23835,247.635651,-319.374268,54.678837,214.278473,-234.883728,63.02277,256.54834,177.886566,57.012486,217.35347,94.788544,63.49086,356.882843,69.591019,108.129257,322.416351,19.004847,558.778076
251,0,237.690033,-191.193512,1103.329834,244.847534,58.326801,1105.798706,419.124268,-113.117432,1130.882324,420.149597,-29.78689,1131.161987,303.896515,-275.535278,565.79071,370.83429,-303.601715,99.76329,429.337006,-253.662491,77.989784,299.703857,123.077904,588.118835,388.695068,154.116638,103.46579,435.216003,101.609688,81.602516,303.072632,-171.408264,555.025146,350.526794,-217.300217,113.20414,247.634216,-319.376404,54.663368,214.284378,-234.898621,63.00433,256.560913,177.871384,57.00095,217.358963,94.77005,63.483662,357.013092,69.60363,108.084732,322.372131,19.002977,558.787781
252,0,237.815826,-191.1492,1103.325073,244.798508,58.306091,1105.785278,419.188019,-113.055412,1130.920288,420.18161,-29.720654,1131.149902,303.882141,-275.543152,565.818542,370.880524,-303.464844,99.735741,429.350586,-253.572113,77.920143,299.697052,123.069138,588.153381,388.642822,154.224274,103.51828,435.23175,101.578339,81.573921,303.043884,-171.425446,555.03479,350.502228,-217.253006,113.163559,247.645447,-319.379517,54.64616,214.279953,-234.909088,63.037403,256.530609,177.892929,57.059734,217.382736,94.751534,63.46772,356.846313,69.565331,108.124771,322.352905,18.99357,558.837097
253,0,237.85733,-191.128723,1103.32666,244.792953,58.29599,1105.779907,419.15448,-113.0644,1130.934814,420.154694,-29.685076,1131.194458,303.869049,-275.546448,565.803406,370.942535,-303.443726,99.737846,429.367432,-253.665451,77.977203,299.65741,123.072189,588.19165,388.629395,154.20845,103.496941,435.243195,101.597549,81.587776,303.046875,-171.398941,555.01593,350.513977,-217.249527,113.210648,247.646851,-319.379211,54.640839,214.266068,-234.911285,63.015102,256.466187,177.87085,57.045082,217.39299,94.764984,63.479111,357.116974,69.769051,108.022697,322.342621,18.99873,558.83075
254,0,237.87973,-191.111832,1103.319946,244.745361,58.305794,1105.781128,419.170563,-113.004845,1130.897461,420.115784,-29.673149,1131.156982,303.877411,-275.525421,565.787292,370.912781,-303.455231,99.798637,429.415741,-253.609085,77.972794,299.613739,123.073586,588.19574,388.653412,154.190674,103.525124,435.22049,101.589676,81.569733,302.988586,-171.394257,555.015869,350.505127,-217.257462,113.252129,247.653748,-319.385864,54.648827,214.257782,-234.916489,63.029186,256.452393,177.808533,57.015858,217.379822,94.759819,63.469536,357.167114,69.739883,107.994583,322.2229,18.927475,558.878174
255,0,237.84903,-191.134171,1103.315674,244.69957,58.304131,1105.768921,419.128967,-112.962181,1130.880127,420.081451,-29.633747,1131.137451,303.819092,-275.50415,565.763184,370.924652,-303.437317,99.735512,429.360352,-253.580627,77.998619,299.57193,123.066856,588.210449,388.616669,154.198914,103.511086,435.238342,101.600197,81.593727,302.966553,-171.387558,555.005005,350.506989,-217.240143,113.18956,247.631439,-319.374542,54.660526,214.276688,-234.890045,63.035175,256.447754,177.831955,57.047783,217.390701,94.756889,63.477478,356.998901,69.687843,108.077942,322.293335,19.01,558.856934
256,0,237.85556,-191.119965,1103.301147,244.668091,58.299706,1105.776245,419.104889,-112.941391,1130.870728,420.077423,-29.559647,1131.157837,303.796265,-275.478516,565.787964,370.815216,-303.590515,99.761681,429.408844,-253.582977,77.980598,299.509399,123.062828,588.204712,388.617798,154.190491,103.508476,435.253784,101.615372,81.593681,302.92807,-171.336807,555.023987,350.510986,-217.271622,113.24118,247.667465,-319.357178,54.644131,214.286636,-234.896774,63.052444,256.357605,177.830582,57.127731,217.357895,94.741943,63.467278,357.022644,69.705406,108.051849,322.256989,18.967533,558.856384
257,0,237.850449,-191.094482,1103.297607,244.639572,58.311741,1105.771606,419.090546,-112.890213,1130.84729,420.032776,-29.565187,1131.143555,303.780212,-275.464417,565.792114,370.855896,-303.433929,99.769958,429.432312,-253.537476,77.975975,299.475739,123.063805,588.21582,388.597198,154.208755,103.514442,435.214355,101.598442,81.571991,302.88623,-171.346527,555.004211,350.458649,-217.233047,113.254761,247.642853,-319.360046,54.652515,214.263351,-234.892212,63.031277,256.43985,177.851624,57.078918,217.333298,94.750717,63.500507,356.858826,69.562874,108.128487,322.196503,18.93898,558.85321
258,0,237.833145,-191.078629,1103.288818,244.608902,58.324848,1105.761719,419.059631,-112.855705,1130.855469,419.988007,-29.524351,1131.17395,303.748657,-275.442993,565.781128,370.853058,-303.420227,99.763527,429.421906,-253.5392,77.979317,299.470184,123.073517,588.215637,388.579865,154.218292,103.518372,435.239899,101.593987,81.594063,302.855133,-171.296188,554.995605,350.478119,-217.198486,113.181877,247.637405,-319.371094,54.650875,214.2547,-234.907379,63.032753,256.548004,177.816162,56.976856,217.341156,94.761131,63.469799,357.033325,69.597992,108.021973,322.234131,18.970062,558.875488
259,0,237.687897,-191.132217,1103.275513,244.545807,58.332424,1105.770142,419.044586,-112.85804,1130.888184,419.954224,-29.510429,1131.167114,303.687836,-275.422729,565.721558,370.91391,-303.386047,99.748337,429.372559,-253.586884,78.011589,299.447693,123.081017,588.231628,388.599762,154.212463,103.528419,435.223206,101.604202,81.587166,302.77533,-171.319046,554.976013,350.503296,-217.204315,113.21817,247.631424,-319.394867,54.644413,214.253555,-234.900406,63.022873,256.483154,177.825928,57.067841,217.325119,94.739754,63.516514,356.992157,69.703102,108.066551,322.174652,18.979055,558.876404
260,0,237.723404,-191.084717,1103.263672,244.493149,58.330849,1105.761475,419.04306,-112.792145,1130.924683,419.923126,-29.482769,1131.164307,303.64679,-275.409485,565.72998,370.897125,-303.423126,99.758865,429.44278,-253.535004,78.002113,299.418884,123.091537,588.222778,388.590179,154.231964,103.506485,435.228241,101.632248,81.616432,302.736816,-171.269394,555.001831,350.458282,-217.253311,113.266846,247.650375,-319.368652,54.653572,214.266296,-234.930603,63.017227,256.516937,177.802704,56.97683,217.367874,94.746124,63.461578,356.890991,69.588936,108.111824,322.164856,19.012444,558.862488
261,0,237.755692,-191.045013,1103.241577,244.451492,58.328964,1105.757568,419.028961,-112.763443,1130.866455,419.907867,-29.445173,1131.193481,303.626648,-275.404449,565.714783,370.835632,-303.434204,99.777039,429.401001,-253.598572,78.028168,299.396515,123.099663,588.229919,388.583008,154.232971,103.51963,435.210419,101.619186,81.616211,302.670227,-171.292679,554.987122,350.454071,-217.232742,113.174393,247.626511,-319.38208,54.663841,214.25058,-234.912674,63.018284,256.548676,177.818222,56.978714,217.317688,94.774323,63.507088,356.967712,69.716759,108.112175,322.202362,19.048439,558.878906
262,0,237.701477,-191.031235,1103.242065,244.429718,58.334461,1105.755249,418.956116,-112.747452,1130.838623,419.825623,-29.427614,1131.205811,303.557983,-275.393005,565.731262,370.909607,-303.354553,99.746994,429.428955,-253.590912,77.997932,299.353485,123.103249,588.229553,388.653046,154.123795,103.472496,435.227173,101.629539,81.627647,302.632507,-171.255386,554.96344,350.444458,-217.205917,113.182457,247.644608,-319.357788,54.664215,214.258652,-234.921707,63.021667,256.447418,177.840744,57.059406,217.314026,94.715401,63.428783,356.988159,69.72226,108.065659,322.119598,19.017904,558.879883
263,0,237.667068,-190.989151,1103.228027,244.367462,58.338898,1105.765747,418.911865,-112.754578,1130.889648,419.848572,-29.374245,1131.207275,303.541962,-275.356506,565.738708,370.892456,-303.372375,99.78981,429.421326,-253.561295,78.001099,299.358734,123.123299,588.234924,388.65036,154.134888,103.506798,435.228271,101.619698,81.634865,302.622314,-171.216507,554.991028,350.45401,-217.23259,113.183624,247.625534,-319.369568,54.657265,214.260284,-234.897934,63.00959,256.434326,177.837463,57.043869,217.332199,94.753937,63.451344,356.861603,69.575287,108.148262,322.154694,19.041233,558.897461
264,0,237.617798,-190.957291,1103.222534,244.342026,58.372425,1105.767944,418.876404,-112.725067,1130.881836,419.731781,-29.384653,1131.197266,303.561707,-275.323944,565.764648,370.877625,-303.383728,99.78392,429.418701,-253.574188,78.010796,299.349274,123.138741,588.236694,388.567047,154.220245,103.5186,435.226807,101.639641,81.623795,302.592621,-171.220108,554.970154,350.431335,-217.198837,113.199081,247.639023,-319.376434,54.652039,214.238754,-234.915985,63.01651,256.524506,177.836807,56.977524,217.371826,94.696877,63.380352,356.840363,69.582207,108.148453,322.125549,19.046284,558.904053
265,0,237.512161,-190.929031,1103.213501,244.299591,58.396225,1105.785156,418.869324,-112.701447,1130.902222,419.694733,-29.379797,1131.196655,303.529022,-275.317841,565.756348,370.945557,-303.364441,99.747841,429.453186,-253.538544,78.027908,299.359283,123.163246,588.276062,388.609985,154.235062,103.517868,435.232635,101.629234,81.67627,302.584808,-171.189285,554.959839,350.479858,-217.19014,113.22258,247.654037,-319.368591,54.663235,214.255112,-234.905914,63.013794,256.45813,177.838959,57.062641,217.356705,94.736671,63.465736,356.824615,69.588943,108.142342,322.116058,19.063564,558.923584
266,0,237.466675,-190.887314,1103.193726,244.286758,58.441311,1105.776855,418.787354,-112.718796,1130.89856,419.645386,-29.361288,1131.224487,303.528107,-275.292877,565.722229,370.874664,-303.418335,99.803177,429.370148,-253.534073,78.037254,299.356903,123.17527,588.2771,388.584106,154.237503,103.517296,435.223053,101.618073,81.654556,302.575256,-171.177505,554.957397,350.448639,-217.192703,113.187065,247.640457,-319.377136,54.662079,214.245041,-234.897812,63.020473,256.472382,177.829315,57.020721,217.328247,94.700356,63.433529,356.862946,69.580078,108.125076,322.099548,19.053505,558.937622
267,0,237.368958,-190.902695,1103.168335,244.245056,58.473099,1105.803467,418.721558,-112.727959,1130.928589,419.60141,-29.376167,1131.213501,303.480469,-275.294098,565.697937,370.912964,-303.38562,99.79808,429.368622,-253.560043,78.032059,299.370331,123.193878,588.280579,388.600769,154.225494,103.542061,435.235413,101.613525,81.638229,302.543335,-171.168655,554.93457,350.426514,-217.196335,113.229431,247.632812,-319.36676,54.666283,214.253098,-234.90152,63.011303,256.424286,177.844681,57.056984,217.350677,94.712997,63.44241,356.831848,69.569771,108.159538,322.131622,19.138445,558.934204
268,0,237.299088,-190.834167,1103.189209,244.221695,58.50444,1105.802734,418.656158,-112.714188,1130.889771,419.553772,-29.365967,1131.236572,303.482361,-275.279907,565.749939,370.768707,-303.557678,99.841255,429.371674,-253.609085,78.038094,299.383667,123.21978,588.261719,388.593933,154.238129,103.52272,435.223816,101.641205,81.673073,302.571808,-171.164841,554.943665,350.449432,-217.211349,113.183723,247.643173,-319.370636,54.654858,214.24115,-234.912064,63.020958,256.517944,177.862885,57.000717,217.36087,94.732208,63.435345,356.846008,69.57515,108.154869,322.06958,19.082727,558.94043
269,0,237.217926,-190.811661,1103.147461,244.21347,58.538223,1105.78479,418.623627,-112.698814,1130.932129,419.516113,-29.369841,1131.252197,303.455414,-275.280792,565.748291,370.864014,-303.396576,99.807083,429.396698,-253.580338,77.99472,299.377289,123.237129,588.253113,388.662415,154.141678,103.502594,435.230713,101.628654,81.656349,302.553528,-171.168289,554.938171,350.481934,-217.199753,113.283623,247.642532,-319.378418,54.660061,214.243256,-234.906189,63.025074,256.508392,177.848465,57.025829,217.387741,94.732986,63.445755,356.848877,69.579666,108.140785,322.032013,19.037706,558.974365
270,0,237.170868,-190.77507,1103.161133,244.191177,58.583076,1105.788818,418.554321,-112.723221,1130.951904,419.529053,-29.362431,1131.262329,303.453918,-275.268158,565.726868,370.778412,-303.579895,99.844086,429.364685,-253.584686,78.038727,299.405151,123.262535,588.242615,388.609009,154.245377,103.534767,435.244995,101.621277,81.68985,302.551636,-171.116104,554.940186,350.459778,-217.184418,113.256653,247.654907,-319.386322,54.646973,214.234421,-234.91449,63.007668,256.57843,177.858917,56.970406,217.32605,94.707565,63.436626,356.821472,69.591721,108.172539,322.084351,19.096977,558.930725
271,0,237.078461,-190.745117,1103.13623,244.198593,58.607845,1105.771973,418.498535,-112.74527,1130.914185,419.451233,-29.379152,1131.258667,303.444946,-275.253357,565.717468,370.755768,-303.582092,99.84272,429.405609,-253.594193,78.042793,299.384491,123.287239,588.256104,388.649902,154.171631,103.490273,435.200378,101.647369,81.672234,302.515686,-171.117523,554.940552,350.442444,-217.187042,113.219101,247.637756,-319.37619,54.665287,214.252014,-234.886124,63.023708,256.552856,177.880554,56.985619,217.355484,94.724617,63.437767,356.820923,69.593758,108.163643,322.111237,19.116823,558.920715
272,0,237.042969,-190.700348,1103.167114,244.148651,58.631989,1105.778809,418.457245,-112.726692,1130.959473,419.439087,-29.351484,1131.274414,303.388885,-275.261749,565.68866,370.780701,-303.533844,99.840858,429.35376,-253.608551,78.03231,299.385132,123.288925,588.276978,388.656647,154.153809,103.475227,435.201569,101.613022,81.681091,302.518372,-171.125244,554.912354,350.487305,-217.208099,113.220261,247.631271,-319.368347,54.667297,214.244141,-234.917404,63.030735,256.501862,177.849945,56.968842,217.344757,94.761024,63.478508,356.856567,69.588837,108.136559,322.059753,19.138018,558.886292
273,0,236.960846,-190.703232,1103.140015,244.14119,58.658497,1105.779175,418.401733,-112.744774,1130.928345,419.368591,-29.386635,1131.27417,303.416138,-275.249207,565.699219,370.764954,-303.556671,99.837303,429.373383,-253.561768,78.050613,299.423676,123.294838,588.301636,388.66275,154.145142,103.491714,435.206116,101.64296,81.683365,302.507446,-171.122925,554.911438,350.42041,-217.204987,113.221901,247.62027,-319.380676,54.669071,214.236221,-234.892548,63.011707,256.438782,177.872864,57.051323,217.402557,94.735397,63.455349,356.825867,69.589653,108.156578,321.963257,19.081106,558.96051
274,0,236.88475,-190.645996,1103.138672,244.10965,58.684677,1105.772583,418.314728,-112.79007,1130.94458,419.334015,-29.397287,1131.280396,303.371155,-275.240509,565.710693,370.910004,-303.383698,99.796661,429.361877,-253.593124,78.049568,299.458801,123.341423,588.339478,388.667206,154.147308,103.50914,435.227692,101.643188,81.681976,302.493683,-171.115952,554.901855,350.436493,-217.144501,113.21817,247.616806,-319.374481,54.66407,214.250076,-234.87709,63.029499,256.407471,177.897659,57.070843,217.334946,94.71994,63.404015,356.810272,69.582375,108.160248,322.003876,19.145304,558.959229
275,0,236.805908,-190.655319,1103.125122,244.068741,58.689007,1105.775391,418.291809,-112.781128,1130.990479,419.322937,-29.394533,1131.327026,303.388275,-275.214966,565.735168,370.880066,-303.405731,99.89386,429.349213,-253.590912,78.0522,299.498779,123.357788,588.372131,388.665833,154.17305,103.525002,435.226044,101.626381,81.722595,302.474091,-171.122665,554.895691,350.463531,-217.16832,113.215126,247.639969,-319.369171,54.656586,214.260437,-234.873947,63.032932,256.480896,177.883362,57.057652,217.325363,94.744827,63.472668,356.985291,69.756294,108.126869,322.032593,19.173483,558.974243
276,0,236.71907,-190.61554,1103.123657,244.061066,58.709667,1105.778442,418.225616,-112.8367,1130.992554,419.275696,-29.442299,1131.371704,303.288208,-275.233521,565.686401,370.764893,-303.579254,99.845642,429.378021,-253.616837,78.037292,299.505402,123.373093,588.397949,388.660736,154.156525,103.502808,435.214783,101.629158,81.714203,302.472931,-171.093765,554.90741,350.475586,-217.200897,113.248032,247.642853,-319.36972,54.647202,214.273499,-234.865021,63.010567,256.465546,177.891281,56.988934,217.353378,94.757263,63.458347,356.838837,69.6073,108.17321,321.896118,19.028643,558.993774
277,0,236.675369,-190.571625,1103.143188,244.044601,58.741119,1105.78833,418.142426,-112.840302,1131.02417,419.204376,-29.469051,1131.358765,303.320587,-275.218964,565.725525,370.863251,-303.41156,99.818916,429.373047,-253.582932,78.059479,299.508362,123.346519,588.4198,388.663025,154.152328,103.510796,435.217621,101.614059,81.718567,302.485779,-171.104858,554.907654,350.453033,-217.167374,113.24205,247.618805,-319.34317,54.670773,214.265656,-234.868896,63.025875,256.486603,177.894257,56.999271,217.317505,94.744759,63.494854,356.841522,69.604507,108.155647,322.011444,19.093439,559.037842
278,0,236.596207,-190.57402,1103.112427,244.014938,58.762085,1105.797119,418.100952,-112.846588,1131.033813,419.135223,-29.486015,1131.390015,303.303375,-275.225494,565.697266,370.890717,-303.415955,99.809891,429.428345,-253.559082,78.084442,299.493011,123.334793,588.464172,388.656372,154.156525,103.531082,435.18927,101.634323,81.714867,302.467743,-171.067596,554.908447,350.463989,-217.173752,113.204407,247.608902,-319.367584,54.655758,214.254211,-234.861282,63.009106,256.538971,177.865555,56.968727,217.400513,94.741714,63.423859,356.856171,69.597031,108.181099,321.973999,19.025539,559.0354
279,0,236.39325,-190.580078,1103.078125,243.969757,58.785259,1105.785889,418.06778,-112.86055,1131.095459,419.140259,-29.467196,1131.396118,303.320923,-275.220032,565.727966,370.795258,-303.581421,99.838509,429.371002,-253.586472,78.068413,299.473572,123.31221,588.477661,388.658295,154.145294,103.51931,435.210754,101.612556,81.707413,302.463409,-171.090912,554.902649,350.441986,-217.181458,113.235039,247.627655,-319.354309,54.661919,214.264099,-234.879181,63.025436,256.45517,177.880722,57.029789,217.337784,94.743546,63.471497,356.993683,69.636116,108.111786,321.947693,18.995455,559.089661
280,0,236.363586,-190.550995,1103.102783,243.946686,58.833584,1105.765869,418.003662,-112.885605,1131.095459,419.066895,-29.485487,1131.429077,303.25592,-275.238586,565.680542,370.862976,-303.455719,99.852875,429.390381,-253.622803,78.065384,299.464661,123.279839,588.513306,388.608826,154.214859,103.560936,435.237732,101.628273,81.709267,302.432007,-171.081039,554.899963,350.417755,-217.150681,113.244881,247.631958,-319.367767,54.666958,214.252457,-234.854553,63.023403,256.452576,177.874954,57.019325,217.321243,94.730049,63.462875,356.989227,69.74868,108.124252,322.000946,19.051983,559.154724
281,0,236.307343,-190.545074,1103.076904,243.938126,58.838276,1105.754761,417.973053,-112.851234,1131.13855,419.058411,-29.492634,1131.427124,303.235901,-275.223206,565.675293,370.850677,-303.452728,99.906578,429.412994,-253.571564,78.066071,299.451294,123.297653,588.558716,388.669922,154.142334,103.539001,435.230896,101.633583,81.707161,302.446869,-171.098663,554.910461,350.41449,-217.184372,113.216431,247.6241,-319.364014,54.658157,214.254379,-234.860748,63.026882,256.443909,177.860382,57.046257,217.349594,94.735695,63.432098,356.831757,69.590668,108.185043,321.889679,19.009405,559.129028
282,0,236.21907,-190.53476,1103.065063,243.88298,58.838688,1105.736572,417.906586,-112.84626,1131.107788,418.975891,-29.48208,1131.419922,303.226257,-275.208313,565.719421,370.760895,-303.585175,99.921242,429.377289,-253.608643,78.069893,299.438293,123.28878,588.575989,388.660889,154.138184,103.538193,435.196808,101.630096,81.720688,302.386414,-171.107346,554.893311,350.449738,-217.188629,113.216751,247.624985,-319.372467,54.659958,214.251785,-234.863159,63.029209,256.535492,177.842209,56.973103,217.332367,94.750832,63.455418,356.847015,69.590797,108.175529,321.859894,19.024002,559.160339
283,0,236.189941,-190.499161,1103.086914,243.857727,58.851826,1105.724976,417.88147,-112.833313,1131.192505,418.955353,-29.452311,1131.468872,303.202026,-275.228455,565.701233,370.854004,-303.440887,99.893929,429.393677,-253.607452,78.037743,299.408478,123.268723,588.602661,388.623596,154.229858,103.570648,435.202698,101.611977,81.726791,302.395386,-171.106888,554.906311,350.429138,-217.22966,113.230019,247.600174,-319.383118,54.650669,214.260193,-234.84845,63.018909,256.469727,177.873474,57.071949,217.334183,94.731331,63.419998,356.841705,69.581512,108.174919,321.834106,18.990765,559.203247
284,0,236.163101,-190.50325,1103.086792,243.804977,58.864021,1105.719116,417.801025,-112.816963,1131.202515,418.92868,-29.434332,1131.473022,303.179108,-275.225891,565.704651,370.858276,-303.456635,99.885681,429.329071,-253.508713,77.996948,299.389069,123.244156,588.640137,388.651672,154.157104,103.531738,435.216156,101.6315,81.725609,302.353638,-171.107697,554.908203,350.43158,-217.209427,113.291489,247.598969,-319.392273,54.652996,214.264175,-234.856018,63.027485,256.429016,177.856186,57.040871,217.332565,94.686203,63.40485,356.868622,69.596245,108.166939,321.835907,18.960285,559.21228
285,0,236.098694,-190.473785,1103.102173,243.763657,58.848812,1105.707764,417.782013,-112.796913,1131.170044,418.888733,-29.426403,1131.49231,303.188446,-275.231293,565.697021,370.864685,-303.450897,99.897591,429.318542,-253.558212,78.088158,299.360016,123.236664,588.684021,388.663361,154.152435,103.528313,435.247437,101.64122,81.734299,302.278015,-171.009872,554.912964,350.386658,-217.212494,113.262589,247.582565,-319.369446,54.643871,214.273178,-234.845947,63.025459,256.503937,177.85202,57.045704,217.360794,94.72673,63.44828,356.866241,69.584732,108.178375,321.810974,18.946405,559.237671
286,0,236.133163,-190.443451,1103.108398,243.72438,58.87492,1105.700928,417.733887,-112.765472,1131.205811,418.812012,-29.388542,1131.496704,303.174835,-275.256775,565.700134,370.903625,-303.432159,99.917603,429.315155,-253.51825,78.092827,299.31427,123.222755,588.710388,388.603516,154.241531,103.572922,435.206635,101.65966,81.720497,302.304016,-171.089111,554.928711,350.394745,-217.257217,113.28363,247.581375,-319.383881,54.645882,214.252884,-234.829895,63.038723,256.442444,177.861374,57.069748,217.340668,94.74324,63.461967,356.84906,69.600807,108.162514,321.866974,19.038609,559.276978
287,0,236.1035,-190.389206,1103.138672,243.676117,58.882668,1105.687256,417.674042,-112.734978,1131.221191,418.783051,-29.366785,1131.545776,303.156372,-275.262421,565.690369,370.841675,-303.459961,99.841774,429.2901,-253.569748,78.103127,299.248138,123.19632,588.727356,388.599579,154.247055,103.55603,435.24469,101.697365,81.735054,302.22467,-171.008423,554.918335,350.38443,-217.266937,113.280762,247.584259,-319.410431,54.62801,214.269104,-234.826385,63.038593,256.357941,177.866409,57.125172,217.33577,94.735535,63.444988,356.857056,69.575806,108.182739,321.757477,18.977383,559.342529
288,0,236.075745,-190.357956,1103.138306,243.648666,58.921051,1105.684814,417.632507,-112.72554,1131.277954,418.725861,-29.358515,1131.574951,303.138641,-275.277863,565.692871,370.754974,-303.628387,99.887787,429.326111,-253.560608,78.097374,299.203674,123.19519,588.754211,388.569519,154.249283,103.551659,435.237152,101.699654,81.766495,302.273041,-171.124023,554.918823,350.388641,-217.283752,113.239662,247.533783,-319.39624,54.634209,214.251404,-234.812698,63.042149,256.52301,177.825394,56.970467,217.421951,94.715675,63.40836,356.865173,69.574989,108.178757,321.657227,18.901316,559.351135
289,0,236.008606,-190.347046,1103.138916,243.604599,58.948349,1105.664795,417.594208,-112.700508,1131.247925,418.676544,-29.321569,1131.570068,303.18689,-275.27533,565.722656,370.777344,-303.599426,99.875832,429.360352,-253.546112,78.120972,299.133392,123.160866,588.790833,388.578033,154.247421,103.56041,435.214966,101.699326,81.752296,302.278351,-171.141647,554.914246,350.368225,-217.252594,113.272552,247.524063,-319.374756,54.639618,214.256119,-234.798218,63.044823,256.555725,177.829376,56.974842,217.34343,94.683334,63.440182,356.844788,69.586403,108.158302,321.636108,18.901745,559.34491
290,0,235.955658,-190.338837,1103.146851,243.555435,58.975113,1105.66626,417.555176,-112.701027,1131.291504,418.610077,-29.346697,1131.570435,303.235779,-275.2836,565.748291,370.852539,-303.472748,99.862762,429.303467,-253.537811,78.136749,299.026459,123.132904,588.809265,388.61731,154.157211,103.527214,435.242523,101.707176,81.754745,302.273773,-171.128189,554.93927,350.323639,-217.290451,113.306534,247.536438,-319.374115,54.622555,214.245041,-234.811615,63.055485,256.506439,177.824722,56.98756,217.309814,94.688187,63.434063,356.955414,69.626213,108.112083,321.569122,18.896687,559.355408
291,0,235.90831,-190.307983,1103.145996,243.533173,59.004848,1105.645264,417.5159,-112.677345,1131.300781,418.562347,-29.311739,1131.57019,303.238647,-275.296814,565.747498,370.782379,-303.645264,99.933556,429.28363,-253.602859,78.094376,298.964294,123.105141,588.832825,388.612457,154.163818,103.539986,435.202545,101.7033,81.754272,302.282471,-171.138885,554.942139,350.320679,-217.270462,113.302086,247.535736,-319.383606,54.622295,214.249481,-234.794327,63.058929,256.374939,177.822357,57.142284,217.340942,94.684288,63.431168,356.85611,69.565742,108.168198,321.490295,18.884485,559.3703
292,0,235.841003,-190.28009,1103.16333,243.490662,59.053978,1105.638428,417.478149,-112.638504,1131.318237,418.554901,-29.263447,1131.610718,303.269348,-275.30127,565.784058,370.806122,-303.623627,99.900276,429.275787,-253.573029,78.088982,298.907349,123.074829,588.860352,388.618103,154.173218,103.538597,435.214417,101.726456,81.773514,302.302887,-171.162552,554.941284,350.293274,-217.345703,113.320023,247.527863,-319.39505,54.595501,214.248505,-234.790024,63.056335,256.451996,177.809525,57.050724,217.345642,94.686432,63.417076,356.847534,69.5494,108.156189,321.502869,18.914993,559.440491
293,0,235.68248,-190.30368,1103.166748,243.465759,59.072685,1105.633423,417.428375,-112.620888,1131.336548,418.458221,-29.269508,1131.65625,303.26535,-275.320892,565.750916,370.858978,-303.473022,99.882248,429.246887,-253.600128,78.123772,298.825653,123.060493,588.862122,388.602356,154.182709,103.529198,435.225128,101.733223,81.774254,302.294128,-171.177139,554.960571,350.29361,-217.343399,113.322388,247.495453,-319.383972,54.612034,214.262314,-234.791473,63.050671,256.399597,177.805847,57.120171,217.344955,94.675827,63.442318,356.829895,69.55764,108.171432,321.546295,18.983229,559.442383
294,0,235.652512,-190.288605,1103.168579,243.419876,59.118561,1105.627075,417.323364,-112.611023,1131.272705,418.386566,-29.247864,1131.627808,303.277252,-275.345642,565.733887,370.795837,-303.655823,99.935394,429.25058,-253.594879,78.141983,298.789307,123.038498,588.883606,388.589111,154.185104,103.533089,435.214325,101.727844,81.769089,302.315369,-171.159119,554.935791,350.27655,-217.394852,113.264915,247.501862,-319.399323,54.60228,214.249359,-234.788895,63.058487,256.44574,177.806503,57.041004,217.41539,94.666389,63.398472,356.834717,69.569847,108.172455,321.421356,18.910284,559.467834
295,0,235.590652,-190.283234,1103.164917,243.383499,59.134388,1105.612915,417.317993,-112.589073,1131.320679,418.380981,-29.229919,1131.656738,303.340057,-275.354004,565.785828,370.899139,-303.481262,99.936493,429.239136,-253.535385,78.145424,298.746002,123.039902,588.914734,388.539124,154.27803,103.586433,435.211945,101.747322,81.78537,302.340363,-171.215546,554.963745,350.319183,-217.323212,113.30442,247.491196,-319.378235,54.592575,214.242432,-234.808792,63.071861,256.427124,177.796204,57.043476,217.353943,94.690483,63.404545,357.000854,69.744781,108.107735,321.369476,18.920645,559.429504
296,0,235.563644,-190.264267,1103.186157,243.377808,59.152462,1105.617188,417.287506,-112.5644,1131.334839,418.293732,-29.120052,1131.661499,303.363251,-275.368042,565.802551,370.775665,-303.659973,99.922432,429.233582,-253.589157,78.195847,298.701599,123.035973,588.907593,388.568695,154.192688,103.551071,435.213654,101.772369,81.771294,302.374512,-171.227081,554.968628,350.247345,-217.3414,113.34053,247.486343,-319.399628,54.600037,214.254395,-234.814026,63.059338,256.429565,177.773773,57.034966,217.358261,94.682213,63.425594,356.884644,69.596916,108.162834,321.419525,18.990856,559.457458
297,0,235.529922,-190.283722,1103.182129,243.332809,59.184719,1105.623535,417.226562,-112.559898,1131.403687,418.266571,-29.176453,1131.70874,303.421417,-275.366425,565.80249,370.779175,-303.673523,99.935776,429.229858,-253.568863,78.149117,298.650543,123.034027,588.910767,388.50293,154.280487,103.564011,435.22049,101.775269,81.807198,302.371643,-171.247253,554.973083,350.202209,-217.378754,113.335175,247.475632,-319.400177,54.587234,214.216934,-234.814529,63.080936,256.479706,177.824326,57.052277,217.328186,94.62307,63.376659,356.844574,69.613815,108.141678,321.341064,18.954378,559.498535
298,0,235.469177,-190.296539,1103.193726,243.301071,59.19112,1105.617676,417.209778,-112.569664,1131.39624,418.245911,-29.169132,1131.720703,303.413849,-275.392212,565.830933,370.773315,-303.671051,99.9636,429.202393,-253.58165,78.17305,298.61203,123.030159,588.915161,388.500336,154.300369,103.571991,435.203949,101.775787,81.794868,302.425873,-171.25528,554.971069,350.294006,-217.41925,113.354256,247.454285,-319.403564,54.568554,214.253128,-234.824051,63.080357,256.429596,177.798386,57.052475,217.353973,94.639343,63.383171,356.887695,69.614906,108.15538,321.323517,18.935265,559.499756
299,0,235.432892,-190.295502,1103.196777,243.277191,59.208389,1105.601929,417.194336,-112.557922,1131.446899,418.302521,-29.09269,1131.758911,303.449158,-275.429077,565.793762,370.802856,-303.663635,99.943268,429.202393,-253.579468,78.186737,298.584717,123.019516,588.917114,388.522705,154.288895,103.576073,435.234741,101.798042,81.826996,302.466675,-171.280319,554.97113,350.266296,-217.382645,113.363937,247.462967,-319.404694,54.53706,214.250168,-234.818085,63.085815,256.340942,177.815155,57.148834,217.363983,94.642525,63.401424,356.870422,69.609261,108.171013,321.317291,18.95756,559.516235
300,0,235.403229,-190.310852,1103.21936,243.268036,59.201622,1105.610962,417.123993,-112.564491,1131.519775,418.156433,-29.151396,1131.780884,303.476044,-275.452545,565.831055,370.82193,-303.690704,99.973145,429.232208,-253.592102,78.180176,298.596893,123.026741,588.91748,388.511292,154.311035,103.573189,435.251953,101.803223,81.786888,302.509308,-171.297638,554.962158,350.259857,-217.394287,113.35585,247.442947,-319.408356,54.562141,214.223419,-234.823654,63.093582,256.400635,177.824524,57.083523,217.428055,94.635132,63.36829,356.878571,69.619644,108.158295,321.33316,18.978197,559.510193
301,0,235.362244,-190.324036,1103.223633,243.259995,59.209949,1105.618286,417.108368,-112.587837,1131.520752,418.109558,-29.148891,1131.781372,303.509399,-275.473236,565.816589,370.902374,-303.53894,99.904541,429.214081,-253.571808,78.211029,298.605072,123.014389,588.932678,388.512756,154.313507,103.555786,435.232819,101.813751,81.799698,302.51413,-171.333221,554.987427,350.230957,-217.433243,113.296455,247.442337,-319.443665,54.547852,214.250961,-234.835983,63.113548,256.418823,177.847824,57.129692,217.340424,94.642311,63.406647,356.878174,69.604652,108.159836,321.400452,19.007175,559.492004
302,0,235.33609,-190.317154,1103.218506,243.240417,59.213177,1105.62561,416.988892,-112.641876,1131.486816,418.213074,-29.078472,1131.904785,303.581879,-275.526337,565.859863,370.796265,-303.71698,100.017258,429.179901,-253.596573,78.181015,298.604431,122.998207,588.941956,388.508911,154.30925,103.5765,435.233307,101.82576,81.799599,302.560455,-171.412521,554.981201,350.208618,-217.475327,113.381729,247.427704,-319.429779,54.541386,214.232849,-234.838547,63.100876,256.42514,177.817886,57.101219,217.355713,94.648682,63.396885,356.86731,69.609238,108.153786,321.413147,18.980974,559.509888
303,0,235.250793,-190.341568,1103.233398,243.242401,59.217178,1105.616211,416.994995,-112.610825,1131.612793,418.175323,-29.121143,1131.927124,303.606323,-275.582336,565.834595,370.845734,-303.713989,100.006203,429.212402,-253.632996,78.202393,298.615448,122.983826,588.925354,388.492676,154.334076,103.578636,435.244507,101.813164,81.788223,302.621338,-171.441925,555.01886,350.227234,-217.525009,113.436707,247.419052,-319.440674,54.552105,214.237793,-234.834885,63.115993,256.352661,177.81604,57.156578,217.355667,94.660522,63.410946,356.870514,69.581596,108.157791,321.510071,18.998539,559.528564
304,0,235.226028,-190.345169,1103.234863,243.228363,59.238754,1105.604492,416.898743,-112.68502,1131.518799,418.059265,-29.178888,1131.915771,303.689514,-275.608124,565.862671,370.872131,-303.705261,99.988564,429.163696,-253.645386,78.198151,298.644501,122.962837,588.951355,388.484619,154.328354,103.575226,435.232849,101.82177,81.808929,302.671082,-171.475632,555.03717,350.216125,-217.504486,113.402824,247.428513,-319.484131,54.51799,214.232178,-234.84874,63.103588,256.427521,177.815704,57.077175,217.332748,94.624207,63.407764,356.899231,69.60141,108.175659,321.519867,18.963882,559.554565
305,0,235.158707,-190.352356,1103.247192,243.198257,59.229229,1105.609497,416.879028,-112.677559,1131.605103,418.058472,-29.1217,1131.979004,303.734406,-275.639099,565.890869,370.868439,-303.744171,99.965675,429.240662,-253.623901,78.246643,298.688171,122.974983,588.957886,388.516479,154.351486,103.581917,435.245087,101.818687,81.821503,302.737488,-171.518723,555.004944,350.307434,-217.554657,113.434792,247.419098,-319.479645,54.532211,214.220551,-234.864136,63.118793,256.492706,177.817429,57.018124,217.346466,94.634552,63.372017,356.878632,69.622322,108.171638,321.53772,18.936106,559.596069
306,0,235.148163,-190.363831,1103.261353,243.195801,59.234062,1105.576782,416.835968,-112.709221,1131.650635,417.987183,-29.190342,1131.998901,303.852234,-275.682861,565.90509,370.848328,-303.759338,100.053284,429.174622,-253.607605,78.244141,298.696045,122.977791,588.965149,388.577148,154.249161,103.554878,435.229248,101.808525,81.786362,302.839294,-171.562668,555.016907,350.296661,-217.624329,113.458549,247.437744,-319.498657,54.535553,214.248047,-234.859451,63.140347,256.414673,177.823761,57.065239,217.33786,94.665939,63.432114,356.870728,69.59623,108.177071,321.663391,18.957567,559.580872
307,0,235.106522,-190.37294,1103.263794,243.152344,59.223839,1105.574951,416.775421,-112.737816,1131.697876,417.826019,-29.284101,1131.986206,303.904968,-275.729248,565.873413,370.87674,-303.748383,100.02655,429.160675,-253.635086,78.210396,298.723083,122.984436,588.987915,388.514709,154.337265,103.574348,435.23114,101.781509,81.798096,302.94101,-171.586868,555.051819,350.317261,-217.608078,113.437286,247.40451,-319.497406,54.519627,214.20871,-234.87233,63.116207,256.348633,177.834244,57.146275,217.39035,94.62429,63.403233,356.865448,69.601311,108.175102,321.774872,18.997065,559.554688
308,0,235.059891,-190.375488,1103.265503,243.155746,59.212154,1105.572266,416.716125,-112.764099,1131.736084,417.869507,-29.246849,1132.095337,304.005859,-275.748505,565.927246,370.85614,-303.781616,100.015366,429.209778,-253.644073,78.266487,298.777496,122.962402,589.014404,388.536896,154.305374,103.587883,435.247192,101.799156,81.835617,303.024017,-171.632843,555.044434,350.275391,-217.665787,113.439034,247.423187,-319.495941,54.513969,214.243134,-234.877335,63.127697,256.460724,177.821426,57.045395,217.366791,94.655304,63.4235,356.859192,69.584373,108.177773,321.737152,18.927866,559.618713
309,0,235.021423,-190.395737,1103.269287,243.199371,59.072399,1105.551514,416.689331,-112.78849,1131.772217,417.884369,-29.210289,1132.126831,304.136993,-275.786865,565.935486,370.860992,-303.790649,99.962837,429.18811,-253.622055,78.280922,298.834351,122.953178,589.04364,388.539856,154.328094,103.596008,435.252075,101.787277,81.820282,303.147705,-171.673615,555.033447,350.256683,-217.657211,113.495857,247.413956,-319.510406,54.52343,214.232117,-234.892227,63.12632,256.5224,177.801651,57.00164,217.37088,94.655251,63.385689,356.86087,69.559364,108.172829,321.81189,18.956297,559.605103
310,0,234.964981,-190.398529,1103.251831,243.140198,59.150944,1105.557373,416.63269,-112.830299,1131.814087,417.8349,-29.315775,1132.168335,304.24353,-275.822479,565.95636,370.860779,-303.782776,100.030823,429.204803,-253.621078,78.240425,298.863068,122.948959,589.050781,388.602112,154.222183,103.553551,435.245941,101.765755,81.79586,303.31131,-171.697388,555.093079,350.265259,-217.639297,113.467194,247.426071,-319.49704,54.511669,214.236343,-234.888031,63.127838,256.420319,177.834641,57.080124,217.385193,94.63308,63.379883,356.891449,69.578934,108.164825,321.821045,18.912939,559.647339
311,0,234.916656,-190.398499,1103.258179,243.194016,59.056892,1105.55542,416.590302,-112.87439,1131.86499,417.807037,-29.362816,1132.184448,304.333527,-275.843079,565.923462,370.857941,-303.820648,99.989494,429.298676,-253.70932,78.264549,298.915497,122.934654,589.079895,388.601654,154.202209,103.537888,435.21524,101.758064,81.795677,303.43924,-171.703674,555.053528,350.275635,-217.68045,113.478821,247.435013,-319.495575,54.504799,214.22728,-234.895752,63.130341,256.325958,177.817307,57.149387,217.399307,94.658806,63.428066,356.865204,69.568405,108.180679,321.83078,18.912157,559.684326
312,0,234.890442,-190.407959,1103.244629,243.147537,59.172409,1105.554199,416.559601,-112.895775,1131.92627,417.743042,-29.42452,1132.254028,304.437164,-275.881165,565.996826,370.910797,-303.790344,100.035614,429.310577,-253.692123,78.300766,298.967743,122.916962,589.08728,388.588104,154.182159,103.542152,435.217407,101.730171,81.808327,303.594543,-171.738571,555.059937,350.296295,-217.628006,113.518692,247.429672,-319.515625,54.502556,214.248123,-234.885574,63.131176,256.526703,177.823364,57.015858,217.359436,94.628479,63.370667,356.859375,69.553932,108.172523,321.900085,18.936991,559.638123
313,0,234.859116,-190.371567,1103.261841,243.153122,59.184227,1105.5448,416.546875,-112.940536,1131.939819,417.770905,-29.421551,1132.289673,304.569122,-275.908112,566.015259,370.892181,-303.820526,100.028534,429.280182,-253.788208,78.255219,298.989197,122.908463,589.094543,388.552979,154.292969,103.589432,435.230072,101.744987,81.822189,303.73233,-171.752319,555.078674,350.329285,-217.646835,113.571396,247.442734,-319.503113,54.493382,214.243271,-234.894684,63.132122,256.43811,177.823685,57.060314,217.354797,94.623405,63.3452,356.872345,69.565582,108.184364,321.935791,18.917431,559.641479
314,0,234.825989,-190.365326,1103.245605,243.161133,59.182274,1105.531738,416.485535,-112.967354,1131.981323,417.734344,-29.468922,1132.322876,304.686798,-275.924652,566.000305,370.933685,-303.800446,100.05143,429.323425,-253.684677,78.294464,298.990387,122.919258,589.067749,388.60376,154.185928,103.57579,435.212585,101.753586,81.789276,303.815002,-171.771118,555.083313,350.380676,-217.67659,113.51815,247.447433,-319.489532,54.503899,214.242355,-234.900482,63.145966,256.515442,177.778427,56.978813,217.370789,94.616089,63.346119,356.859955,69.546211,108.195984,321.933258,18.879333,559.662476
315,0,234.797546,-190.362518,1103.240601,243.151703,59.199364,1105.529785,416.463379,-113.004951,1132.014038,417.736633,-29.490818,1132.328491,304.782288,-275.968628,566.0,370.928925,-303.856018,99.984192,429.343567,-253.728622,78.270851,298.983337,122.898354,589.06189,388.550629,154.278122,103.603729,435.256775,101.754158,81.816597,303.95108,-171.807449,555.079834,350.326569,-217.699203,113.569405,247.447174,-319.47934,54.496849,214.258713,-234.909225,63.121601,256.429504,177.789368,57.054871,217.404404,94.629608,63.384892,356.87027,69.531792,108.191475,321.827667,18.770304,559.620483
316,0,234.787567,-190.352859,1103.257935,243.173004,59.219208,1105.506348,416.463623,-113.012291,1132.033081,417.737488,-29.495907,1132.375244,304.853119,-275.985626,566.044373,370.91806,-303.848724,100.055206,429.350891,-253.723358,78.281609,298.960754,122.898659,589.0448,388.551971,154.284531,103.579201,435.240662,101.759789,81.807106,304.025513,-171.81929,555.104614,350.33783,-217.689865,113.508217,247.476303,-319.490692,54.482994,214.250748,-234.908585,63.122482,256.525452,177.8013,57.003571,217.358185,94.653587,63.396534,357.019135,69.578896,108.113022,321.961151,18.873493,559.616394
317,0,234.811279,-190.344299,1103.249023,243.226761,59.109386,1105.47644,416.439667,-113.03495,1132.041138,417.802002,-29.504665,1132.372681,304.892212,-275.995422,566.055542,370.961121,-303.810791,100.05442,429.373322,-253.714584,78.28476,298.964813,122.904419,589.057007,388.557709,154.268997,103.592026,435.265259,101.761101,81.825485,304.113098,-171.802017,555.111633,350.343231,-217.733963,113.530205,247.470078,-319.499115,54.504623,214.25412,-234.92218,63.130676,256.369659,177.820282,57.142994,217.443924,94.590981,63.350574,356.863739,69.537857,108.184975,321.792419,18.730879,559.582153
318,0,234.779083,-190.332184,1103.247803,243.180435,59.220348,1105.484131,416.461456,-113.036575,1132.082275,417.762115,-29.542593,1132.414551,304.946777,-276.007874,566.029907,370.894196,-303.865997,100.059586,429.30896,-253.687149,78.311905,298.95697,122.911346,589.033325,388.616455,154.168365,103.567383,435.256897,101.757973,81.831566,304.156921,-171.835052,555.093323,350.393646,-217.629852,113.46537,247.45845,-319.514343,54.513531,214.24527,-234.920319,63.11211,256.436157,177.804947,57.06282,217.450333,94.628632,63.347839,356.892303,69.531311,108.168892,321.623901,18.634457,559.541687
319,0,234.818771,-190.319244,1103.246826,243.19046,59.221382,1105.484619,416.466583,-113.055763,1132.085938,417.751221,-29.57548,1132.397095,304.958679,-276.004974,566.027405,370.685242,-304.02948,99.908379,429.332397,-253.696915,78.288887,298.919617,122.907547,589.042236,388.601471,154.163681,103.562836,435.259247,101.737999,81.835632,304.188171,-171.817459,555.131165,350.337372,-217.651398,113.554924,247.458527,-319.528107,54.527534,214.261841,-234.922684,63.112812,256.342896,177.819229,57.142635,217.384079,94.63681,63.381397,356.888245,69.548569,108.14061,321.746307,18.813467,559.607178
320,0,234.818756,-190.323669,1103.268066,243.204468,59.240276,1105.497681,416.47052,-113.075684,1132.062256,417.800903,-29.572983,1132.393311,304.937958,-275.963745,566.0448,370.854218,-303.897064,99.987869,429.353546,-253.723297,78.292763,298.894348,122.897964,589.042114,388.596985,154.161957,103.570374,435.242432,101.724937,81.835754,304.205872,-171.793152,555.101074,350.313507,-217.735184,113.489838,247.453888,-319.592346,54.564781,214.249344,-234.910233,63.106754,256.344208,177.806641,57.113369,217.33667,94.605499,63.36618,356.863068,69.524033,108.175949,321.52478,18.65134,559.568604
321,0,234.80899,-190.333054,1103.27771,243.216019,59.237007,1105.505859,416.514404,-113.066727,1132.070923,417.784882,-29.589809,1132.404541,304.929749,-275.956512,566.057129,370.873962,-303.877228,100.008583,429.359711,-253.704391,78.305496,298.854584,122.879906,589.062195,388.528259,154.247009,103.598022,435.207916,101.728043,81.8423,304.232239,-171.769653,555.131287,350.32019,-217.703217,113.519249,247.425827,-319.624603,54.614105,214.220123,-234.9104,63.123569,256.343994,177.797806,57.133015,217.358765,94.638466,63.388191,356.845428,69.524292,108.192032,321.615723,18.788918,559.62146
322,0,234.859467,-190.329636,1103.292114,243.243225,59.252342,1105.522217,416.513184,-113.049606,1132.086182,417.826385,-29.58823,1132.373169,304.907349,-275.939026,566.05896,370.984772,-303.663147,99.941193,429.336212,-253.740494,78.325989,298.815979,122.851372,589.074646,388.592651,154.160034,103.590202,435.229523,101.721291,81.873863,304.18634,-171.776108,555.142151,350.393097,-217.616516,113.53727,247.418243,-319.631012,54.595261,214.238693,-234.899139,63.133335,256.473511,177.81897,57.095928,217.312149,94.610916,63.359238,356.843811,69.518509,108.182571,321.434723,18.641022,559.616028
323,0,234.865753,-190.332748,1103.325562,243.236206,59.270634,1105.516113,416.536224,-113.044342,1132.076904,417.836426,-29.593538,1132.385864,304.876251,-275.915436,566.046875,370.877411,-303.808594,99.988693,429.41095,-253.653442,78.312294,298.774292,122.836357,589.084595,388.594635,154.154175,103.586823,435.242981,101.760864,81.865753,304.181335,-171.764236,555.164856,350.360107,-217.624481,113.575874,247.429459,-319.597595,54.574261,214.234985,-234.906479,63.119106,256.44931,177.791443,57.08979,217.360092,94.632858,63.395493,356.826996,69.512466,108.189499,321.392517,18.646599,559.610107
324,0,234.887802,-190.355988,1103.342041,243.273972,59.263466,1105.527832,416.595856,-113.027283,1132.026489,417.886444,-29.591444,1132.369385,304.828735,-275.88501,566.014221,370.811249,-303.835052,100.0149,429.371887,-253.7202,78.309525,298.729401,122.821983,589.089539,388.601013,154.165649,103.585617,435.252258,101.769226,81.866402,304.137054,-171.71524,555.187317,350.407898,-217.575607,113.572777,247.428802,-319.587036,54.560581,214.235809,-234.884521,63.092762,256.36026,177.789276,57.125641,217.332077,94.631042,63.395737,356.844696,69.524208,108.194389,321.319366,18.590704,559.624023
325,0,234.904221,-190.359924,1103.375854,243.297363,59.281513,1105.535156,416.578247,-113.032127,1132.000122,417.875427,-29.589214,1132.350586,304.824066,-275.864227,566.044373,370.907379,-303.739441,99.972649,429.362946,-253.730423,78.280075,298.666443,122.806664,589.094727,388.598511,154.178467,103.568375,435.227875,101.74675,81.837944,304.100891,-171.739716,555.196045,350.399017,-217.541397,113.578941,247.402832,-319.559448,54.534107,214.238541,-234.871796,63.096455,256.451599,177.817657,57.08432,217.374496,94.615662,63.393757,356.973633,69.565468,108.119293,321.397766,18.757973,559.662109
326,0,234.951691,-190.358215,1103.364502,243.266373,59.260586,1105.530762,416.637146,-113.017899,1132.008423,417.881104,-29.560678,1132.379517,304.773041,-275.853149,566.055969,370.957855,-303.603973,99.993614,429.339752,-253.661514,78.323814,298.606384,122.79493,589.107605,388.572052,154.165833,103.579132,435.205811,101.748726,81.842331,304.063934,-171.719406,555.186646,350.326172,-217.547745,113.46035,247.410538,-319.530273,54.528805,214.199814,-234.859802,63.111351,256.34201,177.794327,57.152828,217.324722,94.583221,63.358212,356.854462,69.527168,108.173401,321.389008,18.769697,559.67334
327,0,234.943024,-190.418106,1103.383057,243.273712,59.234982,1105.533691,416.694153,-113.023918,1131.976196,417.92572,-29.610725,1132.353882,304.76062,-275.845123,566.051147,370.855072,-303.734528,99.983627,429.398743,-253.681061,78.278259,298.568237,122.771675,589.080383,388.568878,154.167496,103.588432,435.225616,101.771393,81.862648,304.056152,-171.710083,555.207947,350.337128,-217.565277,113.517784,247.449829,-319.473328,54.543026,214.20256,-234.863937,63.086479,256.354584,177.806198,57.160656,217.373917,94.605637,63.38662,356.805206,69.531761,108.157982,321.281647,18.725811,559.648926
328,0,234.973297,-190.419571,1103.388428,243.285858,59.20866,1105.548096,416.680634,-113.022881,1131.944824,417.966827,-29.559338,1132.33667,304.757019,-275.848267,566.020508,370.906036,-303.695038,100.02462,429.387665,-253.609268,78.327324,298.508392,122.739319,589.081604,388.586121,154.175674,103.600525,435.234192,101.773552,81.815231,304.050446,-171.706818,555.186035,350.37973,-217.514206,113.51667,247.508942,-319.423492,54.562325,214.194458,-234.854675,63.072102,256.36026,177.803513,57.13765,217.385742,94.614677,63.386292,356.975403,69.708641,108.126686,321.285553,18.715012,559.61792
329,0,235.01503,-190.473572,1103.392944,243.307083,59.187569,1105.547607,416.727051,-113.021637,1131.946045,418.087158,-29.526442,1132.355713,304.740631,-275.845276,566.036072,370.979767,-303.546997,100.00444,429.374298,-253.620865,78.315369,298.468811,122.719292,589.071228,388.574036,154.17247,103.567574,435.220032,101.764076,81.837471,304.003021,-171.723785,555.187073,350.366547,-217.483871,113.484535,247.487244,-319.443298,54.571014,214.188522,-234.852371,63.074425,256.434814,177.82692,57.112225,217.368835,94.631386,63.368626,356.845703,69.555344,108.166695,321.212219,18.636782,559.656128
330,0,235.024826,-190.505905,1103.394531,243.293106,59.131725,1105.556396,416.754639,-113.046387,1131.919922,418.054352,-29.531132,1132.297974,304.723999,-275.830444,566.006653,370.887024,-303.66806,100.018524,429.314941,-253.595917,78.291382,298.38855,122.674438,589.078674,388.584045,154.185196,103.592773,435.212585,101.757179,81.840187,304.016602,-171.694763,555.207947,350.328308,-217.514114,113.490219,247.446808,-319.454468,54.531414,214.221069,-234.830673,63.074581,256.412659,177.795914,57.089104,217.367432,94.626076,63.387714,356.846954,69.56749,108.160843,321.176849,18.636118,559.626709
331,0,235.018372,-190.550781,1103.409424,243.270325,59.090046,1105.548584,416.77298,-113.06469,1131.901978,418.061157,-29.59411,1132.31311,304.714569,-275.837585,566.018066,370.937714,-303.526947,99.950745,429.404114,-253.599701,78.309593,298.363708,122.649704,589.127197,388.564728,154.180923,103.576576,435.207977,101.761055,81.850273,303.980377,-171.732437,555.218689,350.361664,-217.467636,113.449142,247.454269,-319.483521,54.555489,214.226456,-234.801514,63.08873,256.543793,177.780594,56.991573,217.365753,94.63044,63.365669,356.983826,69.60257,108.087708,321.114349,18.579176,559.650391
332,0,235.06929,-190.597626,1103.430054,243.243729,59.014904,1105.533447,416.769165,-113.087898,1131.914307,418.078949,-29.605061,1132.309204,304.72876,-275.860809,565.955078,370.855011,-303.679077,100.000778,429.401642,-253.62352,78.299393,298.339996,122.634155,589.132629,388.556793,154.178513,103.584953,435.231537,101.750717,81.86293,304.014526,-171.72641,555.233521,350.349731,-217.427399,113.485771,247.455963,-319.43042,54.535336,214.215378,-234.813965,63.059376,256.344025,177.785614,57.152889,217.34697,94.637779,63.420677,356.843628,69.565666,108.149208,321.091034,18.630049,559.466003
333,0,235.098831,-190.667435,1103.450195,243.231384,58.961899,1105.545898,416.811981,-113.120872,1131.894165,418.08139,-29.638214,1132.286133,304.740448,-275.914703,566.028992,370.949615,-303.616364,100.035812,429.414551,-253.549988,78.332207,298.317871,122.602921,589.15509,388.493866,154.283417,103.632118,435.208313,101.755775,81.850792,304.007446,-171.75946,555.220398,350.27005,-217.560303,113.46743,247.436157,-319.464996,54.496132,214.165436,-234.86142,63.027866,256.360352,177.806381,57.135338,217.350052,94.637413,63.382877,356.850616,69.569016,108.14724,321.055847,18.581854,559.592285
334,0,235.109192,-190.721191,1103.460693,243.219467,58.912998,1105.543213,416.765533,-113.178482,1131.895386,417.985626,-29.733904,1132.28064,304.754425,-275.944824,565.989563,370.878296,-303.689789,99.973015,429.398438,-253.644531,78.296227,298.326538,122.544243,589.135925,388.557617,154.196167,103.596977,435.236755,101.774734,81.871605,304.023132,-171.805481,555.243225,350.34906,-217.506226,113.484818,247.434296,-319.398224,54.421387,214.170029,-234.899048,63.074978,256.416992,177.828003,57.085846,217.360718,94.627846,63.393333,356.985016,69.730865,108.118439,321.048004,18.536358,559.578003
335,0,235.143814,-190.762344,1103.476074,243.2164,58.852047,1105.5448,416.833374,-113.210403,1131.86084,417.984863,-29.801231,1132.253174,304.750366,-275.991028,566.031067,370.981781,-303.650513,100.054718,429.376862,-253.599823,78.254593,298.287445,122.53418,589.136902,388.562927,154.198242,103.612755,435.228302,101.780884,81.856247,304.012115,-171.841019,555.205444,350.331268,-217.538681,113.496628,247.446381,-319.48645,54.500523,214.210876,-234.8918,63.088581,256.524475,177.772827,56.986683,217.352478,94.587242,63.385769,356.985901,69.603783,108.078461,320.934692,18.436769,559.406372
336,0,235.152634,-190.815475,1103.487183,243.210861,58.790432,1105.531982,416.829987,-113.26622,1131.873169,418.061584,-29.795521,1132.263794,304.767303,-276.041992,565.991516,370.97226,-303.651886,99.931206,429.369019,-253.605301,78.272156,298.28595,122.491562,589.105469,388.581055,154.164001,103.603973,435.208496,101.755318,81.838135,304.017029,-171.906265,555.205017,350.307678,-217.575058,113.441925,247.427124,-319.506744,54.516621,214.20639,-234.886856,63.072464,256.532745,177.792374,56.997559,217.363312,94.605286,63.399055,356.978943,69.71946,108.094307,321.028534,18.44912,559.523132
337,0,235.17688,-190.864975,1103.509399,243.223007,58.735855,1105.527222,416.853577,-113.340965,1131.838623,418.142853,-29.855183,1132.220093,304.75589,-276.105438,566.008789,370.822662,-303.728607,99.903732,429.36734,-253.60257,78.311073,298.242889,122.425133,589.085571,388.575592,154.146149,103.592728,435.192169,101.72702,81.838692,304.002441,-171.944351,555.20697,350.272278,-217.614258,113.49559,247.422958,-319.532074,54.511051,214.203247,-234.918121,63.104263,256.430481,177.779297,57.062473,217.360474,94.609665,63.383415,356.832977,69.556717,108.118065,320.980743,18.354065,559.449829
338,0,235.186462,-190.816406,1103.544556,243.218033,58.667217,1105.511963,416.867249,-113.420151,1131.792725,418.093292,-29.95089,1132.215942,304.77475,-276.165344,566.022888,370.921509,-303.703888,100.017159,429.406952,-253.617462,78.30703,298.232819,122.345764,589.096008,388.584076,154.142151,103.61525,435.245148,101.728897,81.853828,303.981873,-171.993515,555.234375,350.352264,-217.558472,113.545113,247.433624,-319.548981,54.507324,214.237732,-234.919235,63.095554,256.348907,177.790482,57.161026,217.34317,94.617332,63.415924,356.94104,69.666801,108.087608,321.002136,18.374565,559.423523
339,0,235.240479,-190.879929,1103.537476,243.233536,58.583378,1105.508179,416.899628,-113.491295,1131.777222,418.083374,-30.057695,1132.163574,304.730011,-276.209198,566.020447,370.966003,-303.628906,99.938248,429.350525,-253.564804,78.210609,298.23111,122.299667,589.129272,388.560303,154.133072,103.604294,435.192444,101.698799,81.842552,303.986115,-172.038498,555.244568,350.368866,-217.50946,113.411972,247.450668,-319.541687,54.506096,214.222351,-234.92157,63.100918,256.315155,177.883377,57.242188,217.337997,94.634384,63.408875,357.111816,69.728676,108.012901,320.928406,18.260908,559.386536
340,0,235.292404,-190.944244,1103.556274,243.26886,58.48444,1105.496948,416.935211,-113.567535,1131.755859,418.090759,-30.147867,1132.109131,304.721405,-276.243988,566.00061,370.993927,-303.621613,99.952797,429.353546,-253.638062,78.228065,298.241913,122.263748,589.165955,388.584595,154.120605,103.618439,435.170715,101.721161,81.816887,303.946808,-172.074875,555.252014,350.37915,-217.54332,113.42363,247.440582,-319.541199,54.508556,214.185898,-234.965179,63.070217,256.496674,177.83049,57.050644,217.397186,94.594543,63.326054,356.926605,69.636383,108.087029,320.875427,18.188633,559.393616
341,0,235.28447,-191.034851,1103.580688,243.278442,58.398724,1105.499878,416.961212,-113.657219,1131.736206,418.078644,-30.244772,1132.115234,304.700439,-276.288269,566.019043,370.979004,-303.602753,99.942352,429.369537,-253.623154,78.275604,298.272552,122.217072,589.189941,388.582703,154.142487,103.651741,435.196564,101.688461,81.813103,303.939484,-172.104156,555.253174,350.376038,-217.571518,113.469124,247.45845,-319.540619,54.504337,214.203491,-234.923172,63.07906,256.396393,177.822357,57.10413,217.341888,94.640442,63.412586,356.929504,69.671928,108.087006,320.881256,18.238173,559.42749
342,0,235.335999,-191.122009,1103.591431,243.261688,58.306705,1105.513428,416.978546,-113.751396,1131.719482,418.099487,-30.33423,1132.083008,304.672729,-276.327576,565.974182,370.997101,-303.581146,99.886917,429.37851,-253.627274,78.211342,298.290039,122.153923,589.202576,388.597443,154.100006,103.627884,435.205902,101.711342,81.825302,303.886414,-172.164948,555.248352,350.347778,-217.557877,113.442223,247.463242,-319.53714,54.508957,214.265305,-234.867752,63.094677,256.396851,177.822586,57.110233,217.336807,94.626549,63.393452,356.93631,69.661858,108.076942,320.775482,18.127211,559.405823
343,0,235.374634,-191.186752,1103.599487,243.316406,58.211857,1105.515381,417.00293,-113.847733,1131.678711,418.144135,-30.437706,1132.034912,304.667633,-276.34729,566.005737,371.030792,-303.560028,99.885429,429.373749,-253.587723,78.270477,298.274323,122.121971,589.215027,388.59201,154.128494,103.628448,435.172516,101.655716,81.843536,303.876831,-172.163696,555.253845,350.365173,-217.542328,113.51078,247.453995,-319.544647,54.510181,214.224121,-234.943634,63.09119,256.408508,177.825928,57.063049,217.338516,94.617004,63.350716,356.911926,69.646919,108.092941,320.781006,18.084545,559.355469
344,0,235.400772,-191.39328,1103.591309,243.306442,58.09182,1105.512939,417.05899,-113.94754,1131.655151,418.223663,-30.505201,1132.044189,304.623901,-276.397705,565.98761,371.063446,-303.544769,99.942451,429.39325,-253.58429,78.258675,298.264587,122.052605,589.196899,388.592621,154.073318,103.623924,435.198364,101.66011,81.833443,303.828003,-172.244446,555.263245,350.362579,-217.518158,113.417091,247.458267,-319.564453,54.498142,214.148163,-235.026901,63.047611,256.366882,177.816299,57.150078,217.323532,94.643127,63.431976,356.806183,69.508842,108.093704,320.77298,18.005533,559.353699
345,0,235.447571,-191.477325,1103.598877,243.331177,58.015831,1105.500732,417.071899,-114.021622,1131.628784,418.242981,-30.598118,1131.99585,304.601807,-276.450989,565.976807,371.024353,-303.552612,99.867828,429.385468,-253.612762,78.255859,298.254211,121.983337,589.187561,388.596771,154.075348,103.647896,435.184723,101.629402,81.821663,303.81192,-172.257812,555.28186,350.386658,-217.521057,113.494713,247.47316,-319.559906,54.489056,214.181305,-234.97084,63.070656,256.335266,177.853622,57.170139,217.310059,94.625504,63.375229,356.910889,69.628235,108.058411,320.864807,18.011557,559.485107
346,0,235.474304,-191.555771,1103.620117,243.353134,57.911533,1105.493774,417.093353,-114.151024,1131.578979,418.249786,-30.706144,1131.90979,304.585571,-276.492004,565.949951,371.007996,-303.56012,99.868256,429.406708,-253.622208,78.258118,298.25528,121.933685,589.188354,388.607635,154.058701,103.636795,435.185211,101.626556,81.810997,303.803925,-172.320068,555.277527,350.33316,-217.588638,113.471756,247.460358,-319.554321,54.504223,214.227066,-234.928024,63.087872,256.358704,177.849503,57.167084,217.355835,94.683113,63.415348,357.000153,69.683792,107.981781,320.775696,17.866552,559.441284
347,0,235.625275,-191.481186,1103.603516,243.388199,57.816967,1105.501831,417.159821,-114.207748,1131.555664,418.319,-30.739914,1131.862183,304.554932,-276.520142,565.967285,371.02002,-303.566681,99.915993,429.248627,-253.516083,78.201569,298.249329,121.881958,589.198425,388.623993,154.067383,103.659172,435.162659,101.579552,81.799683,303.795563,-172.358978,555.290344,350.36853,-217.610901,113.479073,247.485138,-319.557495,54.498562,214.261246,-234.846191,63.06208,256.390411,177.874512,57.203369,217.329285,94.678192,63.426479,357.033356,69.673691,107.998718,320.574677,17.712715,559.347351
348,0,235.662033,-191.562561,1103.645508,243.414474,57.712234,1105.486938,417.21817,-114.285545,1131.524536,418.326965,-30.831827,1131.831299,304.548767,-276.573639,565.933594,371.018738,-303.562042,99.869995,429.314453,-253.496826,78.236961,298.257721,121.795303,589.214111,388.613068,154.064743,103.670532,435.184692,101.605667,81.815811,303.762238,-172.432434,555.287476,350.338928,-217.570801,113.445648,247.457489,-319.56012,54.516232,214.233978,-234.856689,63.005222,256.321808,177.853561,57.191898,217.380615,94.700493,63.429722,356.872559,69.579201,108.086929,320.487335,17.663078,559.372192
349,0,235.709167,-191.6483,1103.690063,243.40892,57.625641,1105.494141,417.341187,-114.313728,1131.580444,418.387268,-30.90559,1131.784546,304.53299,-276.622162,565.976257,371.003906,-303.57608,99.893501,429.343628,-253.58847,78.258675,298.249054,121.74762,589.249084,388.630951,154.057785,103.695457,435.173859,101.565353,81.79792,303.730438,-172.490646,555.275818,350.335693,-217.635101,113.505325,247.451904,-319.586884,54.516476,214.161194,-235.088669,63.123547,256.449799,177.827927,57.089649,217.366959,94.672348,63.453205,356.66687,69.48365,108.136147,320.410217,17.565506,559.389709
350,0,235.797806,-191.76738,1103.712402,243.453339,57.520699,1105.506348,417.396729,-114.371895,1131.547241,418.471222,-30.951866,1131.748169,304.547638,-276.687775,565.917297,371.039215,-303.574249,99.891678,429.235413,-253.506927,78.219307,298.218079,121.702507,589.29071,388.654907,154.046936,103.689278,435.147522,101.560959,81.836067,303.722839,-172.522217,555.300232,350.366638,-217.562225,113.422577,247.442947,-319.590118,54.485996,214.175888,-235.102798,63.16396,256.494995,177.862244,57.054932,217.345673,94.699844,63.416645,356.706818,69.503098,108.12278,320.36496,17.57181,559.404602
351,0,235.833023,-191.884171,1103.767822,243.45134,57.422016,1105.512085,417.478546,-114.425636,1131.502319,418.524506,-31.015205,1131.753296,304.540588,-276.726135,565.963562,371.016388,-303.571716,99.84095,429.381042,-253.570648,78.25222,298.194824,121.677689,589.330322,388.658234,154.057724,103.678589,435.136841,101.56395,81.830864,303.761078,-172.58075,555.320374,350.309601,-217.570282,113.424164,247.466309,-319.588409,54.472828,214.179871,-234.972168,63.031487,256.534302,177.874588,56.961586,217.365189,94.714607,63.438503,356.855286,69.564629,108.063538,320.293823,17.513773,559.408325
352,0,235.94426,-191.994934,1103.78894,243.498077,57.173733,1105.531616,417.519226,-114.518829,1131.453491,418.718201,-31.0294,1131.672852,304.577789,-276.777069,565.958191,370.987488,-303.600311,99.788063,429.356018,-253.575241,78.284523,298.180634,121.645111,589.361816,388.652222,154.090607,103.697929,435.137421,101.572617,81.815895,303.731812,-172.607864,555.355774,350.389313,-217.56842,113.447311,247.462967,-319.577148,54.49305,214.12175,-234.936157,62.961601,256.509338,177.90062,57.008362,217.372284,94.752319,63.459015,356.946838,69.756683,108.016121,320.080475,17.39603,559.323059
353,0,236.073212,-192.111603,1103.815918,243.535126,57.059219,1105.554565,417.551819,-114.600143,1131.346436,418.703705,-31.11228,1131.639648,304.597168,-276.822266,565.982788,371.017456,-303.598236,99.821411,429.380768,-253.565704,78.246712,298.162476,121.60128,589.385681,388.667816,154.101395,103.717987,435.136932,101.594208,81.806641,303.744659,-172.688797,555.371948,350.318665,-217.614319,113.432442,247.457031,-319.580566,54.498028,214.18129,-235.006714,63.047535,256.468842,177.928299,57.016617,217.347336,94.762016,63.460327,356.779327,69.733513,108.104233,320.004242,17.322138,559.3349
354,0,236.139542,-192.228073,1103.845703,243.544876,56.932915,1105.563721,417.667938,-114.635971,1131.364868,418.759766,-31.190348,1131.609619,304.601013,-276.878204,565.976868,371.017334,-303.559235,99.808449,429.380768,-253.565674,78.228493,298.111938,121.524033,589.418457,388.681183,154.110336,103.706696,435.150391,101.605865,81.822296,303.768036,-172.72702,555.370178,350.247437,-217.716522,113.460175,247.46228,-319.596832,54.497631,214.180206,-235.039673,63.080109,256.510773,177.901093,56.990463,217.369202,94.764366,63.485897,356.689636,69.605301,108.163094,320.015961,17.29772,559.415466
355,0,236.195786,-192.452469,1103.893921,243.521072,56.904964,1105.576904,417.74054,-114.729027,1131.3125,418.861237,-31.240976,1131.582275,304.623322,-276.952606,565.965088,371.041382,-303.610413,99.865067,429.28064,-253.518906,78.189865,298.05072,121.442307,589.462158,388.675354,154.128708,103.702965,435.12674,101.612633,81.813553,303.760284,-172.784515,555.39093,350.28949,-217.654694,113.510506,247.450516,-319.600098,54.491802,214.199799,-235.031281,63.067497,256.346069,177.932327,57.110279,217.34874,94.728149,63.440956,356.890717,69.788376,108.049004,319.955994,17.221472,559.430969
356,0,236.277634,-192.570511,1103.918945,243.542297,56.789673,1105.577881,417.842804,-114.779488,1131.259033,418.832947,-31.391676,1131.510254,304.674011,-276.999664,565.951721,371.034363,-303.641693,99.812668,429.287781,-253.473068,78.151802,297.976044,121.358292,589.51001,388.680725,154.13298,103.72361,435.145813,101.633751,81.818527,303.785675,-172.869659,555.385681,350.271912,-217.714951,113.42823,247.447281,-319.639374,54.4743,214.18428,-235.062286,63.078014,256.522095,177.921494,56.918758,217.332535,94.764595,63.486568,356.76532,69.676292,108.120445,319.671753,17.041767,559.381653
357,0,236.434494,-192.573288,1103.932861,243.57106,56.687775,1105.575073,417.960022,-114.857414,1131.229492,418.794403,-31.48798,1131.333374,304.647095,-277.077637,565.910828,371.027252,-303.657257,99.810265,429.34729,-253.671112,78.180351,297.924255,121.296875,589.568787,388.667542,154.140625,103.723801,435.112793,101.634186,81.844803,303.79483,-172.907516,555.391174,350.348785,-217.680634,113.46891,247.467392,-319.629089,54.472969,214.190994,-235.064255,63.085213,256.524658,177.918381,56.915493,217.390991,94.777946,63.472168,356.729614,69.735962,108.147903,319.8396,17.138123,559.476746
358,0,236.533493,-192.775604,1103.973389,243.629166,56.573944,1105.562988,418.066101,-114.916466,1131.188354,418.860107,-31.530104,1131.289551,304.729004,-277.1185,565.959351,371.06192,-303.650757,99.855576,429.306091,-253.533096,78.19442,297.839569,121.22924,589.588318,388.675323,154.126968,103.74752,435.082428,101.605499,81.826241,303.833405,-172.932617,555.394897,350.336304,-217.721893,113.544044,247.459091,-319.641846,54.462532,214.204117,-235.087082,63.073776,256.54538,177.906967,56.928379,217.327682,94.786629,63.509552,356.909058,69.835938,108.036674,319.572601,16.993361,559.429199
359,0,236.678253,-192.784332,1103.966431,243.690491,56.482872,1105.562866,418.152191,-114.98436,1131.127319,418.924164,-31.577211,1131.23645,304.71106,-277.183472,565.946594,371.049957,-303.643524,99.755386,429.248413,-253.518997,78.16555,297.757568,121.120659,589.608215,388.667664,154.121277,103.741867,435.103912,101.631065,81.868477,303.802673,-173.007401,555.37561,350.374207,-217.650177,113.439598,247.462555,-319.649994,54.480431,214.166718,-235.088913,63.097389,256.447723,177.930359,56.938675,217.322205,94.783646,63.486332,356.87619,69.813637,108.058571,319.627594,16.985596,559.480774
360,0,236.744888,-192.974182,1104.013672,243.78273,56.289238,1105.557983,418.261353,-115.024033,1131.083618,419.027283,-31.630133,1131.189087,304.740784,-277.225403,565.953186,371.024384,-303.674561,99.771011,429.24057,-253.558792,78.188042,297.654846,121.046928,589.631409,388.596252,154.186569,103.770912,435.117126,101.638916,81.840225,303.76828,-173.063705,555.39563,350.367828,-217.707993,113.552246,247.459564,-319.656891,54.47522,214.189987,-235.117477,63.062286,256.488647,177.899918,56.93222,217.354187,94.75927,63.489819,356.806091,69.786674,108.046738,319.433136,16.873442,559.429138
361,0,236.928024,-192.97438,1104.008423,243.816055,56.180695,1105.568115,418.388428,-115.104782,1131.068115,419.086243,-31.701815,1131.130005,304.72522,-277.263428,565.983887,371.033478,-303.693237,99.754784,429.223969,-253.55101,78.195389,297.546478,120.914032,589.667664,388.660828,154.119659,103.76355,435.109985,101.593147,81.848328,303.734497,-173.108902,555.415405,350.347595,-217.683273,113.409271,247.449631,-319.670502,54.458424,214.17926,-235.10849,63.081467,256.465912,177.897827,56.994003,217.321579,94.770187,63.508003,356.843384,69.777008,108.053879,319.381134,16.826168,559.443726
362,0,236.99939,-193.179626,1104.056519,243.909714,56.089352,1105.567993,418.502777,-115.161034,1131.059692,419.24054,-31.751759,1131.155029,304.699677,-277.302277,565.920715,371.024139,-303.705933,99.758484,429.250946,-253.533249,78.202133,297.493469,120.802589,589.718567,388.647522,154.097321,103.788445,435.090302,101.558609,81.847633,303.750946,-173.146484,555.451416,350.358948,-217.662155,113.362839,247.465698,-319.657318,54.463303,214.196777,-235.101746,63.090816,256.447235,177.938812,57.052425,217.354874,94.764206,63.505859,356.680878,69.702568,108.111389,319.264313,16.66688,559.451782
363,0,237.183014,-193.174042,1104.057617,243.973541,56.009159,1105.581909,418.606201,-115.230415,1131.001343,419.292053,-31.842583,1131.074707,304.713501,-277.332733,565.966064,371.028046,-303.698151,99.755852,429.25647,-253.434326,78.151321,297.406982,120.660591,589.802307,388.639099,154.110062,103.786697,435.077026,101.592239,81.859032,303.741913,-173.165512,555.440918,350.318481,-217.73497,113.445755,247.463394,-319.667908,54.471699,214.188507,-235.128952,63.066498,256.402527,177.928604,57.035164,217.288788,94.753098,63.466846,356.561066,69.553383,108.136528,319.316345,16.714178,559.521912
364,0,237.340958,-193.276993,1104.097168,244.058426,55.895744,1105.59082,418.735626,-115.298103,1130.987305,419.417816,-31.848658,1131.057861,304.76178,-277.400604,565.930725,371.059021,-303.691437,99.753304,429.366119,-253.588348,78.168694,297.325653,120.566872,589.882446,388.574615,154.180771,103.826996,435.0867,101.58567,81.867943,303.727386,-173.213074,555.434265,350.378723,-217.68515,113.406342,247.448654,-319.66925,54.474384,214.184998,-235.11145,63.065926,256.430603,177.923294,56.992882,217.320358,94.766953,63.509823,356.697876,69.615326,108.065002,319.194305,16.666065,559.555542
365,0,237.428757,-193.480133,1104.144287,244.145386,55.794949,1105.596191,418.829254,-115.359451,1130.944092,419.517761,-31.968281,1131.015137,304.731689,-277.448944,565.975586,371.021759,-303.705933,99.751122,429.244476,-253.535751,78.12439,297.273773,120.47393,589.943176,388.62677,154.091309,103.806168,435.087311,101.56942,81.883095,303.727264,-173.247284,555.441772,350.341553,-217.698486,113.327469,247.451187,-319.682251,54.468811,214.192764,-235.125183,63.076607,256.414703,177.913589,56.998936,217.319107,94.775238,63.522808,356.666016,69.699699,108.037239,319.07077,16.510324,559.580383
366,0,237.543045,-193.573944,1104.164917,244.227051,55.705009,1105.617188,418.94986,-115.420006,1130.919189,419.648773,-32.029785,1130.992188,304.756012,-277.495209,565.943054,371.0401,-303.71048,99.730888,429.220245,-253.576523,78.142738,297.22937,120.393555,589.971313,388.624481,154.087128,103.817688,435.064209,101.583008,81.88588,303.703461,-173.289307,555.452026,350.36377,-217.699478,113.40522,247.458481,-319.695312,54.476509,214.195053,-235.119186,63.068508,256.522156,177.907104,56.920002,217.322647,94.777191,63.504173,356.603058,69.561615,108.057762,318.983185,16.457096,559.59613
367,0,237.699631,-193.589127,1104.150635,244.313019,55.618755,1105.633789,419.053864,-115.489662,1130.90979,419.729309,-32.094193,1130.970215,304.755951,-277.546448,565.949219,371.015167,-303.726532,99.811447,429.2724,-253.542786,78.163109,297.217224,120.315857,590.004395,388.563599,154.18251,103.867294,435.053192,101.558372,81.882568,303.699158,-173.338699,555.496216,350.419067,-217.700638,113.445869,247.433655,-319.714203,54.454449,214.176163,-235.113861,63.090748,256.375824,177.937103,56.998375,217.303772,94.765488,63.522465,356.557159,69.548874,108.071205,318.960144,16.333368,559.638123
368,0,237.794556,-193.752121,1104.201538,244.404022,55.546364,1105.637085,419.149689,-115.574234,1130.827515,419.861359,-32.18652,1130.975952,304.761627,-277.555481,565.944336,371.027069,-303.733978,99.831528,429.378052,-253.445023,78.150589,297.217072,120.218903,590.027649,388.625519,154.083221,103.822754,435.04892,101.549004,81.855705,303.684875,-173.37146,555.47113,350.305908,-217.728638,113.450119,247.457779,-319.71936,54.462711,214.185165,-235.142136,63.067406,256.538147,177.897369,56.939621,217.28746,94.767387,63.517651,356.531647,69.5382,108.136131,318.963928,16.305115,559.623474
369,0,237.901291,-193.804565,1104.217407,244.503555,55.477974,1105.649414,419.28891,-115.617767,1130.891968,419.919403,-32.248203,1130.908081,304.746887,-277.585999,565.937683,371.006622,-303.736633,99.819405,429.326904,-253.422028,78.115662,297.225311,120.0979,590.062683,388.617035,154.085617,103.841835,435.075256,101.534142,81.862686,303.684631,-173.42363,555.490723,350.387604,-217.751434,113.442078,247.443939,-319.716217,54.464474,214.196213,-235.128464,63.077511,256.422302,177.917725,57.001068,217.308762,94.752625,63.534721,356.660156,69.578705,108.031067,319.04715,16.290976,559.643921
370,0,237.992142,-193.869583,1104.245361,244.583099,55.403755,1105.647705,419.374481,-115.707832,1130.840698,420.064423,-32.312988,1130.938965,304.750214,-277.632874,565.918335,371.03009,-303.734406,99.726479,429.280182,-253.41391,78.149979,297.21701,120.025261,590.080444,388.556213,154.1297,103.866119,435.037964,101.494217,81.851738,303.675537,-173.47522,555.474182,350.286926,-217.800644,113.383255,247.444885,-319.720184,54.461922,214.190872,-235.13237,63.092113,256.392456,177.880051,56.997627,217.279266,94.717308,63.488537,356.636108,69.55201,108.04213,319.032135,16.181385,559.671753
371,0,238.133209,-193.858337,1104.203247,244.681,55.329983,1105.65271,419.485352,-115.768753,1130.844238,420.207214,-32.331226,1130.928955,304.792358,-277.667572,565.915649,370.992554,-303.778656,99.719521,429.239105,-253.411591,78.086281,297.255981,119.947586,590.104553,388.566833,154.153168,103.886978,435.086914,101.549553,81.870842,303.705566,-173.529617,555.488037,350.428162,-217.717316,113.426071,247.443192,-319.733704,54.460438,214.180374,-235.133499,63.074894,256.482697,177.881393,56.949596,217.319916,94.730499,63.50988,356.561981,69.500008,108.03212,319.039398,16.125877,559.700012
372,0,238.242737,-193.925171,1104.225098,244.74884,55.257004,1105.653198,419.58371,-115.820534,1130.856445,420.314758,-32.416473,1130.909424,304.869415,-277.736481,565.944458,371.016479,-303.760834,99.700279,429.299164,-253.443115,78.106743,297.280914,119.909676,590.127869,388.5737,154.126968,103.881561,435.04541,101.5382,81.833847,303.758698,-173.566574,555.502747,350.333527,-217.819305,113.41996,247.442856,-319.733154,54.466877,214.187943,-235.154999,63.084827,256.496307,177.889923,56.986794,217.293121,94.748047,63.529415,356.502625,69.483444,108.10791,319.134552,16.18259,559.708252
373,0,238.265701,-194.113434,1104.256226,244.844925,55.188438,1105.664917,419.669769,-115.883522,1130.860229,420.373993,-32.481728,1130.880249,304.871887,-277.785919,565.924866,371.01059,-303.799835,99.797028,429.340729,-253.450638,78.085724,297.361511,119.847878,590.131592,388.60791,154.025421,103.838051,435.048096,101.518188,81.85685,303.795135,-173.603241,555.496704,350.346069,-217.84584,113.442009,247.455536,-319.73291,54.457806,214.202026,-235.157928,63.08662,256.476166,177.893051,56.961552,217.324509,94.730385,63.516392,356.557587,69.482574,108.051598,319.175659,16.039381,559.703064
374,0,238.428192,-194.151337,1104.278442,244.911148,55.146339,1105.682983,419.773804,-115.960892,1130.891724,420.503174,-32.509525,1130.929443,304.966858,-277.81308,565.959656,371.091766,-303.771973,99.677597,429.336273,-253.396744,78.15731,297.451294,119.801094,590.171875,388.561005,154.134949,103.869278,435.054596,101.503433,81.822365,303.877808,-173.629349,555.520813,350.376373,-217.807739,113.447197,247.45668,-319.729736,54.452904,214.201889,-235.144485,63.089096,256.451294,177.88031,57.015476,217.325119,94.733116,63.499928,356.637939,69.509857,108.018227,319.24231,16.044725,559.725159
375,0,238.528702,-194.190292,1104.272827,245.036133,55.092251,1105.672974,419.877045,-115.995049,1130.90979,420.586304,-32.561508,1130.907104,305.021301,-277.847015,565.939087,371.12619,-303.766724,99.677902,429.345551,-253.355896,78.054504,297.539215,119.765617,590.25415,388.571655,154.124634,103.863808,435.064911,101.519669,81.816467,303.907349,-173.682846,555.497192,350.369385,-217.796661,113.455986,247.47316,-319.729431,54.440903,214.217804,-235.176651,63.081959,256.439484,177.939209,57.034435,217.331284,94.740005,63.519375,356.504303,69.478409,108.126991,319.361542,16.053818,559.761353
376,0,238.643524,-194.246017,1104.277954,245.034042,55.186607,1105.70105,419.955902,-116.061226,1130.858276,420.684387,-32.611126,1130.938843,305.100708,-277.873108,565.966919,371.105164,-303.782684,99.679092,429.325928,-253.352646,78.023407,297.827698,119.575478,590.270752,388.585754,154.122391,103.862808,435.06839,101.495216,81.827629,304.013336,-173.716095,555.520935,350.369141,-217.825348,113.442871,247.47905,-319.751953,54.440632,214.22818,-235.171646,63.088818,256.506958,177.897125,56.96806,217.294815,94.766739,63.535088,356.519684,69.494186,108.096626,319.424896,16.002312,559.789307
377,0,238.714172,-194.309677,1104.28186,245.121033,55.153465,1105.720703,420.045715,-116.115501,1130.923096,420.782227,-32.681583,1130.907349,305.104797,-277.915588,565.958008,371.027588,-303.856537,99.664581,429.241821,-253.593063,78.060738,297.851044,119.655174,590.326538,388.608948,154.124527,103.888618,435.086121,101.515617,81.776001,304.075745,-173.750305,555.52179,350.386627,-217.796936,113.463493,247.474594,-319.769318,54.453899,214.208389,-235.163864,63.107101,256.523102,177.902634,56.982327,217.340515,94.772133,63.503132,356.647705,69.50882,108.039307,319.514587,16.008474,559.780579
378,0,238.864288,-194.236618,1104.261475,245.23761,55.099483,1105.717041,420.132904,-116.178665,1130.880859,420.926056,-32.710785,1130.906494,305.168121,-277.942719,565.983093,371.084717,-303.822754,99.672714,429.270508,-253.638184,78.040909,297.925323,119.63488,590.360657,388.602539,154.136887,103.87059,435.086578,101.536125,81.775932,304.130463,-173.778397,555.5354,350.445435,-217.800461,113.473312,247.462372,-319.782562,54.43277,214.218506,-235.165115,63.094208,256.43689,177.921219,57.032707,217.337753,94.76857,63.514412,356.644257,69.518684,108.035835,319.638855,16.013046,559.80719
379,0,238.936661,-194.330231,1104.325562,245.319473,55.079613,1105.708618,420.243469,-116.188347,1130.900513,421.041321,-32.751232,1130.927368,305.221741,-277.971527,565.937134,371.106659,-303.798035,99.695816,429.272125,-253.637253,77.99884,298.138306,119.474892,590.339233,388.593842,154.128845,103.856056,435.08728,101.522675,81.768188,304.157227,-173.790665,555.530334,350.385895,-217.843765,113.471901,247.479935,-319.779785,54.416008,214.204971,-235.189178,63.106461,256.420654,177.894669,57.011711,217.316299,94.758049,63.468224,356.596832,69.462257,108.021957,319.717041,15.966084,559.829407
380,0,239.047867,-194.351242,1104.333984,245.456284,55.04269,1105.711304,420.346619,-116.232124,1130.924561,421.1716,-32.749554,1130.909912,305.249634,-277.989685,565.958679,371.135773,-303.783051,99.683296,429.251434,-253.573303,78.037727,298.262939,119.426758,590.357361,388.603058,154.122726,103.8591,435.094727,101.509941,81.768394,304.231354,-173.781204,555.538208,350.434448,-217.865311,113.47126,247.492035,-319.765961,54.432354,214.212402,-235.180344,63.103489,256.514862,177.897675,56.949787,217.304886,94.743622,63.488686,356.563202,69.465836,108.061623,319.80722,15.91351,559.843994
381,0,239.206177,-194.268814,1104.293579,245.570267,55.039062,1105.703003,420.449158,-116.239662,1130.896484,421.278473,-32.799934,1130.911743,305.32312,-278.009949,566.016296,371.113708,-303.799683,99.660614,429.267029,-253.618454,77.994553,298.339233,119.400772,590.386963,388.606781,154.135056,103.842537,435.076355,101.484528,81.750061,304.249634,-173.816864,555.53772,350.447845,-217.856995,113.511574,247.494797,-319.760406,54.416599,214.209274,-235.191528,63.100681,256.507935,177.901047,56.939316,217.331284,94.765938,63.517086,356.690369,69.509811,108.023376,319.595062,15.779622,559.754333
382,0,239.323212,-194.278275,1104.313232,245.6604,55.066093,1105.717041,420.555511,-116.265739,1130.908081,421.371216,-32.823841,1130.917725,305.360809,-278.014282,565.973389,371.104584,-303.833466,99.666267,429.214447,-253.646164,77.949966,298.42337,119.37838,590.421326,388.612946,154.116211,103.813797,435.10614,101.481476,81.728569,304.301697,-173.827866,555.554626,350.45874,-217.830627,113.463348,247.505615,-319.758575,54.448231,214.225937,-235.196411,63.08408,256.510834,177.899521,56.945976,217.343552,94.778877,63.539661,356.652863,69.508415,108.054001,319.664764,15.737432,559.744507
383,0,239.427338,-194.290405,1104.324341,245.804138,55.026833,1105.709717,420.674194,-116.284874,1130.94043,421.496185,-32.829445,1130.910889,305.359344,-278.02359,565.968933,371.112213,-303.817017,99.63456,429.275116,-253.648636,77.998901,298.488922,119.375717,590.434387,388.628845,154.118134,103.829124,435.077698,101.484787,81.741409,304.339691,-173.805527,555.563477,350.401337,-217.873352,113.496864,247.499207,-319.775391,54.436565,214.236298,-235.186264,63.104145,256.497711,177.90126,56.964241,217.313095,94.785553,63.537659,356.671539,69.505615,108.023125,319.700409,15.774308,559.7771
384,0,239.529526,-194.302292,1104.342529,245.939484,55.022545,1105.710815,420.787659,-116.296036,1130.874146,421.588776,-32.884228,1130.901978,305.39624,-278.016296,565.980774,371.118164,-303.82431,99.659576,429.286713,-253.621429,77.966293,298.550507,119.371391,590.440674,388.626038,154.126923,103.835327,435.099823,101.485947,81.720924,304.375641,-173.83963,555.557373,350.384216,-217.935867,113.406868,247.502533,-319.75119,54.455864,214.220322,-235.185501,63.102177,256.502472,177.893005,56.934734,217.353363,94.786049,63.556999,356.665802,69.502991,108.034805,319.720215,15.774878,559.777161
385,0,239.68219,-194.277359,1104.35022,246.067703,55.029324,1105.718506,420.985992,-116.248993,1130.93335,421.807159,-32.853317,1130.970215,305.423401,-278.008362,566.012695,371.190399,-303.784668,99.635612,429.246552,-253.622116,77.987152,298.622955,119.37587,590.471313,388.649231,154.15065,103.848877,435.079315,101.467117,81.717247,304.399811,-173.829605,555.57605,350.481323,-217.849533,113.456757,247.487503,-319.761505,54.462696,214.215302,-235.194138,63.126892,256.474091,177.900299,56.93457,217.309158,94.74929,63.496262,356.705353,69.653549,108.061043,319.801697,15.803242,559.771729
386,0,239.785797,-194.379623,1104.399048,246.189697,55.048904,1105.739258,421.081696,-116.285965,1130.878906,421.854523,-32.878811,1130.890381,305.423492,-278.006897,565.980591,371.101624,-303.800507,99.643234,429.349457,-253.583374,77.966492,298.67688,119.377663,590.493896,388.624207,154.138367,103.809471,435.081299,101.506538,81.702507,304.424774,-173.826035,555.580505,350.389679,-217.855515,113.439407,247.488571,-319.754333,54.445244,214.219498,-235.181885,63.107975,256.480469,177.925522,56.948639,217.398636,94.784546,63.534088,356.734802,69.551208,108.028252,319.830017,15.779601,559.805786
387,0,239.894974,-194.379639,1104.421997,246.282166,55.072609,1105.746094,421.298584,-116.204964,1130.906128,422.048309,-32.86084,1130.94751,305.456207,-277.981812,566.027771,371.112244,-303.832581,99.644783,429.32077,-253.580688,77.954483,298.608643,119.495712,590.548584,388.687714,154.066284,103.778603,435.108368,101.531792,81.723755,304.442932,-173.790604,555.579346,350.499115,-217.805725,113.480034,247.495178,-319.763672,54.444202,214.205841,-235.190399,63.091011,256.471619,177.920563,56.947998,217.341278,94.791359,63.523403,356.662506,69.530334,108.002846,319.855499,15.75375,559.799744
388,0,240.008301,-194.35994,1104.425781,246.413651,55.079697,1105.761108,421.439209,-116.210587,1130.932373,422.153625,-32.859802,1130.868774,305.485382,-277.991425,566.021423,371.114288,-303.806366,99.637291,429.269806,-253.642975,77.97271,298.632721,119.468201,590.576477,388.63797,154.142517,103.807114,435.110352,101.554398,81.737206,304.451355,-173.786942,555.584595,350.480011,-217.832764,113.459229,247.501663,-319.736328,54.452496,214.224304,-235.185547,63.112087,256.41568,177.913834,57.002087,217.357712,94.790863,63.549644,356.817749,69.742783,108.0112,319.921265,15.831998,559.809326
389,0,240.121521,-194.356674,1104.439087,246.572815,55.082531,1105.774902,421.624969,-116.14724,1130.921509,422.36142,-32.808315,1130.930176,305.489624,-277.961243,566.00885,371.135834,-303.817932,99.639946,429.227814,-253.662415,77.947372,298.687531,119.467636,590.570923,388.697449,154.068604,103.769051,435.116943,101.535149,81.727768,304.469635,-173.77182,555.605835,350.491028,-217.80101,113.47097,247.523773,-319.745544,54.47163,214.210358,-235.171066,63.108997,256.339661,177.938278,57.074116,217.373108,94.790672,63.550026,356.74585,69.607338,108.011513,319.929535,15.854515,559.827759
390,0,240.22821,-194.346527,1104.447876,246.739944,55.072662,1105.787109,421.744598,-116.147682,1130.900024,422.409607,-32.837818,1130.835938,305.480042,-277.9534,566.023804,371.141693,-303.794861,99.636581,429.30069,-253.635681,77.958321,298.735199,119.477676,590.61554,388.685669,154.060944,103.766006,435.084991,101.544243,81.709557,304.501251,-173.766541,555.58844,350.511566,-217.829514,113.436043,247.493973,-319.751099,54.465652,214.212326,-235.182968,63.115582,256.42804,177.944794,56.996704,217.369308,94.809952,63.540123,356.564575,69.560287,108.091789,320.025421,16.019596,559.830811
391,0,240.341461,-194.320404,1104.470337,246.868149,55.097576,1105.79895,421.923218,-116.104309,1130.863892,422.596802,-32.834461,1130.844727,305.501221,-277.939941,566.009094,371.127563,-303.819733,99.637543,429.278564,-253.629868,77.97094,298.7789,119.471985,590.618652,388.698364,154.062347,103.765579,435.093781,101.528236,81.709824,304.516937,-173.732376,555.581909,350.462433,-217.853485,113.492355,247.52417,-319.739929,54.458721,214.223267,-235.172195,63.108875,256.425476,177.956573,57.01939,217.316437,94.781898,63.504658,356.691681,69.624428,108.032539,320.03714,16.00197,559.848022
392,0,240.45845,-194.308609,1104.481079,247.026398,55.085979,1105.815674,422.026459,-116.07431,1130.793091,422.714783,-32.797897,1130.826782,305.512665,-277.92569,566.048157,371.070312,-303.81839,99.652748,429.342438,-253.6082,77.97908,298.838287,119.513062,590.610229,388.711365,154.081039,103.758423,435.104492,101.548393,81.68837,304.528259,-173.697342,555.58905,350.458496,-217.83049,113.462959,247.518112,-319.734131,54.467953,214.234787,-235.163528,63.104794,256.516785,177.925293,56.942081,217.337341,94.794617,63.538849,356.747711,69.726913,107.979317,320.078705,16.005575,559.862122
393,0,240.554047,-194.303909,1104.484375,247.168106,55.092773,1105.822266,422.163788,-116.042839,1130.760498,422.818909,-32.783703,1130.849854,305.521271,-277.894897,566.024353,371.156403,-303.782074,99.647621,429.267334,-253.627472,77.936363,298.90451,119.549789,590.62323,388.706451,154.102554,103.739517,435.137756,101.554039,81.671288,304.507355,-173.692291,555.578125,350.450104,-217.811844,113.445511,247.510681,-319.735382,54.466022,214.231171,-235.171036,63.096336,256.342682,177.98877,57.120953,217.337357,94.819221,63.569866,356.655029,69.61335,108.020241,320.136017,15.990756,559.854065
394,0,240.65271,-194.285706,1104.484619,247.293228,55.118568,1105.842041,422.258667,-116.00383,1130.782227,422.900482,-32.760742,1130.793945,305.515869,-277.880249,566.057373,371.093872,-303.791656,99.642242,429.302307,-253.600769,77.942909,298.93158,119.562149,590.624512,388.727142,154.117157,103.751991,435.071869,101.557251,81.703728,304.522675,-173.640472,555.611694,350.494934,-217.785995,113.419136,247.502838,-319.726532,54.467663,214.249023,-235.150024,63.108608,256.365906,178.016373,57.108799,217.342987,94.807167,63.536957,356.730591,69.740692,108.056633,320.195374,15.992366,559.841003
395,0,240.758987,-194.255356,1104.512695,247.429031,55.145645,1105.864624,422.461548,-115.913536,1130.782593,423.047028,-32.737915,1130.757812,305.506073,-277.844604,565.974365,371.09259,-303.787292,99.643936,429.336609,-253.624176,77.938332,298.98938,119.569946,590.651245,388.726227,154.127014,103.741249,435.109253,101.580246,81.692719,304.519989,-173.62709,555.59845,350.456512,-217.77301,113.449875,247.518738,-319.718994,54.461094,214.234406,-235.149017,63.104698,256.310059,177.965927,57.035679,217.319427,94.84668,63.601009,356.834595,69.804047,108.01416,320.234802,16.022917,559.894165
396,0,240.845093,-194.240082,1104.520142,247.581741,55.127125,1105.867188,422.363129,-116.023117,1130.634277,423.139191,-32.703835,1130.852661,305.494476,-277.815338,566.039062,371.124908,-303.774414,99.637024,429.263306,-253.602417,77.97171,299.066284,119.592262,590.66333,388.735504,154.098724,103.72757,435.097046,101.572342,81.66671,304.524567,-173.593842,555.598755,350.441833,-217.794754,113.422699,247.512772,-319.705658,54.466732,214.241699,-235.149704,63.086479,256.3237,177.988998,57.073822,217.35643,94.8386,63.571861,356.584503,69.628403,108.127205,320.142059,15.923347,559.854614
397,0,240.93013,-194.20842,1104.518066,247.695023,55.132351,1105.881348,422.510712,-115.991074,1130.681396,423.284607,-32.672844,1130.867188,305.508057,-277.792084,566.013855,371.078674,-303.796936,99.622032,429.266998,-253.654831,77.924644,299.151611,119.625359,590.675171,388.752319,154.122665,103.725548,435.10498,101.561615,81.661156,304.528961,-173.558075,555.581421,350.51828,-217.803146,113.410095,247.518982,-319.70874,54.465431,214.228561,-235.159866,63.097439,256.436127,177.991867,56.976147,217.37265,94.838478,63.580036,356.84613,69.83831,108.018257,320.247772,16.013159,559.91687
398,0,240.980789,-194.216476,1104.521118,247.830658,55.169693,1105.885498,422.643097,-115.926079,1130.648438,423.35141,-32.721035,1130.865845,305.502655,-277.76651,566.026306,371.13504,-303.737061,99.627121,429.334656,-253.620178,77.940147,299.220703,119.668411,590.690674,388.745667,154.131393,103.705246,435.138977,101.589737,81.670006,304.535034,-173.528946,555.567566,350.418335,-217.804199,113.454491,247.501678,-319.717377,54.471859,214.224945,-235.158722,63.084812,256.368256,178.036682,57.08363,217.344788,94.849693,63.595741,356.819489,69.819893,107.995422,320.235535,15.954029,559.885315
399,0,241.066727,-194.19252,1104.523193,247.963898,55.191143,1105.906738,422.75238,-115.943115,1130.671631,423.470093,-32.679138,1130.825195,305.498199,-277.720093,566.021118,371.09201,-303.76059,99.633575,429.349365,-253.602921,77.955292,299.324127,119.712959,590.703674,388.776031,154.148483,103.723953,435.11087,101.589066,81.6707,304.547852,-173.48378,555.566162,350.429413,-217.78566,113.431915,247.526093,-319.689972,54.468529,214.212601,-235.137009,63.092335,256.49585,178.000061,56.933739,217.358429,94.857697,63.580677,356.651398,69.681976,108.040817,320.267181,16.003479,559.872986
400,0,241.153458,-194.138901,1104.512207,248.092041,55.242077,1105.923096,422.875366,-115.912804,1130.634399,423.607697,-32.608383,1130.682129,305.487579,-277.701721,566.005737,371.090424,-303.771301,99.649704,429.304596,-253.609894,77.979309,299.389862,119.760803,590.69696,388.761139,154.160294,103.683853,435.131714,101.610847,81.627106,304.541626,-173.479156,555.553955,350.450287,-217.777039,113.388519,247.536316,-319.689606,54.458519,214.224579,-235.138718,63.077576,256.459747,178.000763,56.918365,217.336105,94.880486,63.584866,356.862396,69.845032,108.024048,320.275024,15.998842,559.864685
401,0,241.188126,-194.091843,1104.510498,248.208755,55.281887,1105.942749,422.945557,-115.903702,1130.629761,423.695282,-32.632313,1130.668579,305.462921,-277.661255,566.041138,371.110352,-303.730896,99.633484,429.288666,-253.622238,77.977074,299.474335,119.794876,590.721436,388.757202,154.158676,103.682587,435.111359,101.59243,81.615143,304.499847,-173.43634,555.574402,350.434723,-217.804184,113.369423,247.522232,-319.675385,54.477917,214.208008,-235.139099,63.071808,256.532684,178.012115,56.903835,217.334366,94.899231,63.590431,356.877167,69.885002,108.030739,320.325653,16.033117,559.862793
402,0,241.259705,-194.040161,1104.494995,248.368011,55.331921,1105.956665,423.052094,-115.895668,1130.594116,423.785522,-32.67382,1130.727783,305.455414,-277.626312,566.06134,371.102783,-303.765198,99.658218,429.361359,-253.617279,77.932808,299.533234,119.795746,590.719177,388.76828,154.163391,103.674355,435.110931,101.589622,81.586502,304.514832,-173.389053,555.57666,350.513245,-217.73381,113.399185,247.534973,-319.670685,54.472832,214.200546,-235.137466,63.095428,256.410553,178.00856,56.970798,217.346405,94.891403,63.608803,356.624481,69.680664,108.119423,320.367096,16.065374,559.866394
403,0,241.334183,-193.985413,1104.489868,248.507385,55.398701,1105.975098,423.171082,-115.879524,1130.556641,423.975616,-32.677483,1130.602905,305.433594,-277.614136,566.044373,371.067932,-303.759888,99.640663,429.296509,-253.627594,77.958092,299.613251,119.809875,590.72998,388.764771,154.161453,103.680443,435.150513,101.615631,81.575233,304.525177,-173.363129,555.576843,350.421326,-217.742538,113.393463,247.530106,-319.661804,54.482307,214.221008,-235.113159,63.081116,256.332642,178.027802,57.048336,217.339371,94.918999,63.619553,356.619415,69.683266,108.127388,320.455627,16.089643,559.884399
404,0,241.381744,-193.924255,1104.497192,248.658463,55.442924,1105.990723,423.27597,-115.867691,1130.540283,424.034882,-32.643177,1130.586792,305.426941,-277.562347,566.055603,371.059937,-303.749268,99.638535,429.344543,-253.506119,77.999275,299.653015,119.821655,590.756348,388.781403,154.164383,103.671219,435.12027,101.611214,81.568703,304.50946,-173.344284,555.562683,350.466705,-217.725143,113.384712,247.544281,-319.649658,54.474781,214.229065,-235.091385,63.087299,256.4151,178.035339,56.95174,217.356323,94.927353,63.635254,356.705688,69.839012,108.114197,320.519348,16.14539,559.877197
405,0,241.461487,-193.885635,1104.490234,248.792007,55.498814,1105.999634,423.348236,-115.9272,1130.48645,424.133606,-32.672638,1130.612183,305.395935,-277.531586,566.018433,371.068939,-303.748962,99.637238,429.399048,-253.496765,78.007462,299.741058,119.845444,590.779846,388.779694,154.176025,103.657692,435.120911,101.62915,81.538345,304.511475,-173.309662,555.533203,350.475037,-217.758499,113.386742,247.538803,-319.647186,54.455433,214.243179,-235.0858,63.067726,256.357605,178.025726,57.034306,217.353424,94.912651,63.617489,356.744843,69.835777,108.088806,320.622559,16.182489,559.912781
406,0,241.532471,-193.847351,1104.496948,248.948471,55.533772,1106.036621,423.491089,-115.877113,1130.489136,424.234741,-32.667988,1130.586426,305.36618,-277.502838,566.028809,371.047241,-303.755737,99.659271,429.329498,-253.52002,78.026581,299.81488,119.862587,590.793274,388.808685,154.187912,103.64196,435.115967,101.633018,81.582359,304.481903,-173.266281,555.55011,350.474274,-217.732666,113.431244,247.534515,-319.634247,54.470482,214.237503,-235.085205,63.078224,256.508606,178.018463,56.88942,217.365768,94.91304,63.628994,356.770172,69.789726,108.053291,320.677063,16.221098,559.9104
407,0,241.638901,-193.814728,1104.488892,249.07338,55.548843,1106.071533,423.564819,-115.905701,1130.460205,424.452637,-32.614307,1130.510742,305.344513,-277.465759,566.019592,371.072479,-303.730774,99.630753,429.325745,-253.496826,78.030975,299.891418,119.896042,590.81781,388.745758,154.276901,103.679474,435.116394,101.631195,81.543877,304.460938,-173.254257,555.55426,350.44281,-217.725723,113.36615,247.509674,-319.645233,54.497456,214.208923,-235.083969,63.052818,256.43396,178.049347,56.973007,217.374252,94.888786,63.605042,356.752472,69.797752,108.060326,320.694214,16.234034,559.920593
408,0,241.736679,-193.783417,1104.504883,249.214096,55.584221,1106.09021,423.71759,-115.884819,1130.43335,424.590179,-32.648319,1130.459229,305.316162,-277.42572,565.994385,371.031952,-303.737762,99.675819,429.363251,-253.52121,77.970078,299.949402,119.898598,590.84021,388.807312,154.213837,103.639671,435.113922,101.651642,81.549789,304.445465,-173.223831,555.565002,350.459564,-217.680695,113.406609,247.535217,-319.654755,54.468235,214.212387,-235.081345,63.053349,256.372498,178.065231,57.038219,217.367798,94.931656,63.630901,356.703125,69.763481,108.054604,320.724518,16.261953,559.916382
409,0,241.841217,-193.761017,1104.513184,249.349487,55.607285,1106.113403,423.879852,-115.830811,1130.403198,424.684387,-32.63858,1130.425781,305.31546,-277.411377,566.037415,371.005127,-303.746948,99.668327,429.368011,-253.501419,77.976875,299.993713,119.902306,590.842407,388.808502,154.218323,103.620842,435.123016,101.651947,81.535355,304.436005,-173.20665,555.540466,350.442169,-217.721954,113.350037,247.52269,-319.640411,54.462196,214.211197,-235.060364,63.063091,256.384338,178.043243,57.045063,217.368698,94.93454,63.619801,356.633881,69.752777,108.126717,320.79126,16.313437,559.925171
410,0,241.931076,-193.727783,1104.522461,249.494522,55.620552,1106.148193,423.95816,-115.841484,1130.401245,424.822693,-32.625713,1130.402222,305.28006,-277.397827,566.026123,370.988037,-303.75058,99.651291,429.32312,-253.519058,77.952782,300.05722,119.896652,590.865906,388.829193,154.21312,103.632957,435.124939,101.639374,81.515823,304.44278,-173.158691,555.542725,350.476196,-217.700745,113.310791,247.508041,-319.643982,54.469639,214.217712,-235.061554,63.056389,256.329956,178.030945,57.024967,217.395706,94.924294,63.594936,356.639709,69.757126,108.119865,320.948578,16.393545,559.995911
411,0,242.042892,-193.706329,1104.531128,249.659912,55.541546,1106.161865,424.086121,-115.819023,1130.361938,424.987427,-32.564964,1130.408691,305.280396,-277.388916,566.022705,370.9888,-303.758636,99.673454,429.363098,-253.486984,77.933121,300.112518,119.89888,590.883789,388.818268,154.228775,103.628143,435.147888,101.668777,81.508202,304.423798,-173.129089,555.55188,350.427124,-217.706253,113.356003,247.512283,-319.619446,54.498089,214.239578,-235.052277,63.06144,256.510406,178.046661,56.89518,217.422958,94.925301,63.607826,356.898102,69.954613,108.011154,320.91684,16.350803,559.955383
412,0,242.176849,-193.669312,1104.550781,249.780197,55.563698,1106.194458,424.21463,-115.824684,1130.330444,425.102325,-32.534847,1130.39856,305.293793,-277.357178,566.053223,371.035278,-303.746796,99.672791,429.365173,-253.48616,77.919495,300.165161,119.906303,590.916321,388.816864,154.234085,103.615776,435.136902,101.663368,81.47966,304.431061,-173.131363,555.557861,350.47879,-217.673279,113.357079,247.530289,-319.618805,54.477612,214.227631,-235.059814,63.07058,256.43515,178.052582,56.998737,217.37619,94.924866,63.604355,356.660187,69.757652,108.106705,321.041168,16.458475,560.017822
413,0,242.29744,-193.633118,1104.539795,249.905624,55.5882,1106.194946,424.338593,-115.806458,1130.304688,425.198151,-32.526146,1130.369141,305.318207,-277.357391,566.058899,371.028259,-303.726501,99.626869,429.295319,-253.535065,77.879227,300.23468,119.936195,590.952515,388.782623,154.327759,103.642899,435.145599,101.664864,81.482262,304.43515,-173.133118,555.544922,350.453735,-217.667236,113.383492,247.512802,-319.622223,54.487782,214.207596,-235.05246,63.043491,256.583069,178.007324,56.947849,217.40419,94.934006,63.619675,356.638702,69.7901,108.153992,320.997253,16.421297,559.973633
414,0,242.447083,-193.615677,1104.564575,250.016266,55.593182,1106.228271,424.441376,-115.767792,1130.292358,425.362793,-32.490231,1130.357056,305.333344,-277.318512,566.03418,370.984894,-303.730835,99.63855,429.290497,-253.607101,77.961159,300.294647,119.933258,590.980225,388.825958,154.253891,103.606224,435.138489,101.688148,81.489571,304.441406,-173.111618,555.549011,350.441864,-217.700699,113.35466,247.529083,-319.61145,54.501232,214.19986,-235.061859,63.060596,256.498077,178.019913,56.955605,217.422028,94.913895,63.61945,356.627777,69.814468,108.144737,321.131744,16.550346,560.025635
415,0,242.584869,-193.590714,1104.571045,250.133453,55.575008,1106.226807,424.58139,-115.74749,1130.293335,425.482971,-32.477497,1130.339722,305.342712,-277.320282,566.061584,370.991577,-303.727661,99.665817,429.272522,-253.610016,77.953606,300.3508,119.929039,590.999634,388.806396,154.269043,103.591782,435.148193,101.697983,81.464989,304.421967,-173.077377,555.540344,350.419159,-217.733154,113.297493,247.508545,-319.634552,54.490742,214.226868,-235.051163,63.061729,256.367493,178.059097,57.049118,217.389984,94.886948,63.599987,356.627106,69.80732,108.149101,321.182892,16.549002,560.029724
416,0,242.750488,-193.563293,1104.580688,250.27681,55.604221,1106.25415,424.717346,-115.748489,1130.240112,425.616058,-32.463001,1130.292236,305.371613,-277.318176,566.018433,370.978333,-303.758911,99.652748,429.348633,-253.579086,77.930634,300.424469,119.909126,591.0177,388.779968,154.370361,103.641037,435.120483,101.692123,81.460869,304.464661,-173.061554,555.53241,350.402618,-217.725906,113.335602,247.529953,-319.612488,54.480438,214.24585,-235.062912,63.040977,256.471283,178.026535,56.958092,217.407013,94.937767,63.61425,356.782104,69.876549,108.071243,321.259888,16.564121,560.05542
417,0,242.884125,-193.55954,1104.571167,250.377777,55.59977,1106.265137,424.804596,-115.711807,1130.215698,425.720459,-32.445454,1130.299316,305.3909,-277.307312,566.055603,370.946808,-303.788239,99.632187,429.311462,-253.475433,77.958511,300.488739,119.933296,591.028442,388.774628,154.376587,103.631523,435.141052,101.721191,81.44931,304.394165,-172.953278,555.524902,350.45816,-217.739212,113.326973,247.519058,-319.630402,54.490818,214.231186,-235.053528,63.061611,256.38736,178.053009,57.052311,217.402039,94.92836,63.63208,356.655701,69.8722,108.136673,321.233582,16.513628,560.052002
418,0,243.02713,-193.558243,1104.585449,250.495499,55.578144,1106.272339,424.95639,-115.706238,1130.193481,425.89151,-32.436527,1130.25354,305.410553,-277.299744,566.054382,371.013733,-303.738312,99.628922,429.31781,-253.478348,77.947708,300.563477,119.926865,591.060913,388.783356,154.402252,103.609734,435.183533,101.740364,81.452415,304.445251,-173.046326,555.520996,350.410767,-217.750839,113.333755,247.530365,-319.600769,54.516609,214.229446,-235.05365,63.064964,256.480774,178.017929,57.057148,217.433273,94.937805,63.622395,356.637085,69.881882,108.145851,321.365906,16.517315,560.085876
419,0,243.157089,-193.564758,1104.601685,250.618546,55.559322,1106.293701,425.104614,-115.688637,1130.13501,426.11676,-32.360699,1130.272583,305.436066,-277.285156,566.06366,371.025452,-303.752838,99.643417,429.360138,-253.526093,77.93074,300.619629,119.947723,591.076477,388.808624,154.40213,103.602127,435.186554,101.76622,81.423309,304.445251,-173.037079,555.539795,350.389771,-217.729019,113.32618,247.530487,-319.627533,54.504433,214.223007,-235.056503,63.071541,256.393005,178.091522,57.079018,217.439407,94.940414,63.649216,356.672241,69.87944,108.160591,321.43515,16.541487,560.101501
420,0,243.391022,-193.406693,1104.556885,250.756088,55.564442,1106.301636,425.260803,-115.672165,1130.168457,426.129425,-32.408028,1130.216431,305.461639,-277.28006,566.05127,370.989777,-303.744476,99.658142,429.36853,-253.567154,77.984344,300.694427,119.925194,591.110962,388.802643,154.434723,103.601898,435.172974,101.754288,81.407585,304.442688,-173.011002,555.533508,350.446503,-217.699295,113.410187,247.542206,-319.639465,54.510223,214.221619,-235.081879,63.067257,256.358765,178.099609,57.046776,217.412704,94.946228,63.652649,356.756439,69.942139,108.105614,321.502472,16.571825,560.128662
421,0,243.553162,-193.427185,1104.545044,250.883514,55.568878,1106.313721,425.387817,-115.637459,1130.186401,426.25238,-32.39439,1130.231934,305.484894,-277.269012,566.063477,371.077606,-303.721008,99.645782,429.332184,-253.607605,77.968018,300.779175,119.945717,591.124695,388.829498,154.454788,103.579063,435.181152,101.77668,81.427696,304.454041,-172.989075,555.507874,350.417816,-217.718323,113.356758,247.541855,-319.610107,54.496838,214.24234,-235.063904,63.074509,256.436127,178.069916,56.953827,217.41478,94.953102,63.651375,356.679871,69.885094,108.15435,321.640594,16.631065,560.14325
422,0,243.700256,-193.413635,1104.538452,251.002167,55.593224,1106.325439,425.500519,-115.622887,1130.109863,426.489166,-32.327206,1130.248779,305.489716,-277.263916,566.074402,371.034851,-303.739929,99.636475,429.369598,-253.64679,77.981285,300.866638,119.978828,591.123474,388.822632,154.448105,103.595551,435.179504,101.782593,81.403236,304.456665,-172.973526,555.517212,350.419525,-217.698257,113.332405,247.556549,-319.628448,54.496487,214.245865,-235.064056,63.074768,256.462189,178.083603,56.964447,217.462219,94.934319,63.597179,356.665253,69.886536,108.157898,321.728607,16.655535,560.209167
423,0,243.831573,-193.418243,1104.542236,251.130554,55.590691,1106.327026,425.634369,-115.609863,1130.151978,426.639618,-32.308319,1130.281738,305.487701,-277.264526,566.114624,371.032043,-303.732788,99.663727,429.382782,-253.606522,77.957939,300.973572,119.990486,591.155396,388.837097,154.481003,103.579819,435.202026,101.796341,81.400879,304.446381,-172.937576,555.546448,350.451874,-217.688965,113.317268,247.544724,-319.636322,54.494839,214.226395,-235.060898,63.047707,256.500183,178.049423,56.933025,217.424896,94.92775,63.593285,356.689178,69.899048,108.146965,321.866333,16.703968,560.233643
424,0,243.993973,-193.395142,1104.550659,251.281555,55.597134,1106.343262,425.766632,-115.601807,1130.12146,426.7995,-32.285042,1130.263306,305.486847,-277.24115,566.069946,371.007324,-303.721436,99.663017,429.394562,-253.450668,77.927475,301.078583,120.000313,591.143616,388.838562,154.462814,103.575577,435.195404,101.810493,81.404396,304.434387,-172.933487,555.548706,350.444,-217.703339,113.362282,247.547272,-319.616974,54.503658,214.245834,-235.06987,63.081524,256.41922,178.108566,57.008289,217.463272,94.90934,63.54837,356.670074,69.911728,108.161819,321.944489,16.702477,560.240845
425,0,244.136078,-193.379791,1104.567993,251.395203,55.587029,1106.337524,425.861511,-115.616974,1130.085083,426.908142,-32.28228,1130.273193,305.501984,-277.222748,566.063232,370.992065,-303.737061,99.648285,429.363647,-253.521118,77.94519,301.159973,120.004288,591.139893,388.853302,154.485931,103.573067,435.184967,101.785637,81.397682,304.405792,-172.919891,555.543701,350.389557,-217.717163,113.308624,247.554169,-319.61145,54.498043,214.233902,-235.083176,63.077019,256.351501,178.128723,57.061081,217.422867,94.932442,63.61615,356.712646,69.910988,108.162262,322.067047,16.714737,560.255371
426,0,244.257034,-193.372086,1104.564697,251.562027,55.609261,1106.353638,426.011047,-115.60965,1130.070435,427.061737,-32.248138,1130.230957,305.505463,-277.2052,566.053894,370.99469,-303.725433,99.643135,429.375977,-253.591034,77.983215,301.239746,120.009422,591.160156,388.839569,154.502274,103.579254,435.209351,101.80706,81.390312,304.392853,-172.904022,555.541199,350.420166,-217.708786,113.290031,247.551636,-319.628845,54.505413,214.251251,-235.064453,63.075207,256.428802,178.110367,57.001408,217.471313,94.95491,63.631012,356.6745,69.892349,108.183784,322.11911,16.733734,560.269592
427,0,244.413055,-193.325836,1104.56958,251.682556,55.729809,1106.379272,426.127472,-115.593422,1130.087646,427.228546,-32.227543,1130.268433,305.44165,-277.16745,566.102356,371.027588,-303.728668,99.620415,429.391266,-253.548798,77.893166,301.299469,120.039818,591.194153,388.86264,154.508987,103.561516,435.213959,101.799065,81.356018,304.36673,-172.889938,555.52533,350.467163,-217.692963,113.295776,247.550339,-319.61322,54.513569,214.25563,-235.064926,63.067505,256.449707,178.102325,56.995838,217.540436,94.966507,63.613274,356.680786,69.907494,108.176941,322.476532,17.076973,560.283813
428,0,244.50705,-193.289688,1104.620239,251.828278,55.741329,1106.395508,426.264404,-115.609665,1130.042847,427.37915,-32.188011,1130.224854,305.435364,-277.159088,566.110596,371.063812,-303.716461,99.619362,429.391083,-253.629868,77.985222,301.395386,120.045776,591.205139,388.876343,154.51796,103.555923,435.169006,101.819176,81.369194,304.366577,-172.87178,555.525391,350.444427,-217.692993,113.322517,247.555267,-319.631226,54.521694,214.238815,-235.07106,63.093895,256.421753,178.139175,57.043732,217.498444,94.978577,63.644386,356.686554,69.92543,108.177269,322.572815,17.086063,560.320312
429,0,244.627228,-193.373047,1104.586304,251.989044,55.76115,1106.407471,426.388397,-115.62426,1130.084106,427.520874,-32.201118,1130.25061,305.415894,-277.125366,566.083252,370.99173,-303.733185,99.620239,429.284668,-253.618088,77.954819,301.476349,120.056702,591.213379,388.860168,154.534576,103.560448,435.198273,101.824486,81.391556,304.326355,-172.84053,555.507141,350.423431,-217.701538,113.339401,247.570053,-319.624054,54.514137,214.252548,-235.071426,63.072994,256.339783,178.117767,57.021034,217.445282,94.957191,63.616543,356.704102,69.953568,108.181236,322.635956,17.128532,560.328369
430,0,244.782028,-193.273026,1104.627808,252.136795,55.768642,1106.432251,426.550018,-115.640381,1130.090576,427.636078,-32.2187,1130.214233,305.399963,-277.112976,566.08606,370.948914,-303.739349,99.657036,429.396301,-253.580414,77.91748,301.567322,120.09642,591.232605,388.852264,154.527603,103.545692,435.18808,101.80912,81.334641,304.323364,-172.816666,555.499878,350.319244,-217.876175,113.309059,247.56662,-319.60968,54.517086,214.24408,-235.048279,63.067406,256.3927,178.136414,56.993404,217.450241,94.986923,63.647964,356.550385,70.097374,108.245102,322.672882,17.129183,560.364929
431,0,244.881744,-193.327225,1104.605469,252.285782,55.788078,1106.453735,426.644318,-115.656914,1130.007446,427.778625,-32.224998,1130.192627,305.368103,-277.075989,566.06665,371.002319,-303.707886,99.646278,429.358521,-253.650192,77.970444,301.656006,120.104462,591.247559,388.861115,154.517334,103.545799,435.19455,101.798164,81.334618,304.319305,-172.780502,555.536743,350.470093,-217.669006,113.265991,247.563293,-319.594421,54.519409,214.25029,-235.045288,63.049057,256.407501,178.105347,56.971088,217.463196,94.99234,63.669273,356.661102,69.976379,108.190247,322.79837,17.164082,560.341431
432,0,245.016388,-193.334366,1104.613403,252.439804,55.805836,1106.450317,426.739563,-115.683098,1129.977539,427.900787,-32.198349,1130.231689,305.349304,-277.047607,566.051636,370.988464,-303.714447,99.672546,429.291229,-253.620499,77.88549,301.752625,120.105766,591.248779,388.896698,154.510941,103.547081,435.181213,101.802345,81.372147,304.286285,-172.771545,555.496094,350.401398,-217.702881,113.249512,247.54248,-319.590546,54.519058,214.251587,-235.050186,63.077435,256.366486,178.108154,56.99205,217.498825,94.988556,63.663757,356.684906,69.986916,108.202835,322.897064,17.178404,560.323547
433,0,245.096268,-193.296082,1104.60498,252.569412,55.83408,1106.487793,426.899506,-115.677399,1129.936279,428.123657,-32.160553,1130.173462,305.328827,-277.022003,566.083679,371.047821,-303.678772,99.628235,429.344757,-253.610397,77.896164,301.847107,120.109253,591.252075,388.870148,154.509201,103.539436,435.205475,101.817528,81.318527,304.256134,-172.753372,555.501953,350.469818,-217.641678,113.263725,247.54747,-319.588715,54.526398,214.231094,-235.049377,63.064278,256.486969,178.095352,56.895817,217.519852,94.960205,63.639282,356.698059,69.971573,108.187889,322.947845,17.206966,560.352478
434,0,245.242966,-193.276291,1104.628662,252.718384,55.847374,1106.505493,427.041656,-115.677994,1129.9198,428.234741,-32.195179,1130.145752,305.310669,-277.007965,566.044189,370.983704,-303.71582,99.635559,429.28476,-253.734177,77.981239,301.890289,120.139282,591.267212,388.875061,154.52211,103.537155,435.221008,101.808632,81.32473,304.239563,-172.746826,555.512024,350.469788,-217.656113,113.276535,247.567337,-319.575378,54.513233,214.228928,-235.053162,63.065895,256.38504,178.166351,56.999481,217.454895,94.964844,63.623524,356.69458,69.981995,108.201637,323.026367,17.178514,560.365967
435,0,245.382477,-193.258087,1104.629395,252.89151,55.866791,1106.513428,427.135132,-115.695946,1129.864746,428.365753,-32.202492,1130.126831,305.327667,-277.01944,566.095642,370.965515,-303.718872,99.629402,429.290039,-253.691818,77.970894,301.959717,120.129288,591.274719,388.899323,154.527267,103.542999,435.217499,101.812401,81.342682,304.219421,-172.722733,555.514954,350.441559,-217.653503,113.252457,247.555099,-319.578979,54.501492,214.253311,-235.041245,63.068859,256.387848,178.148651,56.993717,217.48288,95.012436,63.692368,356.692749,69.989426,108.207909,322.858063,16.910788,560.35968
436,0,245.491333,-193.259872,1104.647827,253.011673,55.883396,1106.527222,427.289062,-115.689796,1129.851074,428.511017,-32.162506,1130.054565,305.294983,-276.992401,566.080444,370.974762,-303.6987,99.638298,429.365662,-253.633774,77.964355,301.999359,120.124321,591.288513,388.883057,154.516541,103.530457,435.222473,101.813934,81.323784,304.231995,-172.694794,555.513123,350.406464,-217.751297,113.268097,247.550186,-319.575073,54.510223,214.250778,-235.017517,63.054203,256.321167,178.174377,57.062149,217.448212,94.964897,63.644192,356.590485,70.077858,108.25618,323.114746,17.156822,560.381104
437,0,245.627991,-193.274811,1104.678589,253.145309,55.8857,1106.545898,427.331879,-115.764091,1129.825928,428.641785,-32.23777,1130.029419,305.284149,-276.970947,566.081726,370.992035,-303.68222,99.63237,429.337769,-253.651794,77.957664,302.047913,120.111748,591.312805,388.897797,154.529861,103.506348,435.234375,101.810997,81.320618,304.188904,-172.703979,555.517822,350.442963,-217.635437,113.224312,247.562057,-319.578033,54.50861,214.242859,-235.033783,63.061462,256.456543,178.131897,56.949749,217.416626,94.97715,63.643955,356.631927,69.982712,108.227425,323.135437,17.132746,560.328918
438,0,245.73764,-193.261368,1104.687988,253.292679,55.886559,1106.570435,427.558105,-115.694649,1129.737793,428.784241,-32.22543,1130.045288,305.250214,-276.967529,566.070801,370.937012,-303.714172,99.640617,429.353607,-253.631287,77.963211,302.109253,120.106041,591.332947,388.890076,154.530045,103.524643,435.198181,101.800446,81.293083,304.156464,-172.693436,555.532654,350.475525,-217.614899,113.281052,247.536316,-319.565552,54.517475,214.238037,-235.020737,63.072495,256.422302,178.120773,56.91576,217.420746,94.993492,63.680023,356.642883,69.974197,108.210442,323.225281,17.18956,560.402649
439,0,245.885025,-193.279907,1104.695923,253.425064,55.904125,1106.593872,427.817596,-115.617653,1129.773438,428.897095,-32.238453,1129.999023,305.254578,-276.961639,566.091736,370.915192,-303.752563,99.608543,429.330109,-253.691223,77.982124,302.16806,120.1082,591.367798,388.876495,154.517776,103.517815,435.177612,101.807312,81.269608,304.178467,-172.66658,555.535217,350.501068,-217.632889,113.271736,247.557098,-319.579651,54.517395,214.233704,-235.03244,63.057705,256.446655,178.131485,56.952557,217.470016,94.977905,63.639095,356.679077,70.007881,108.196487,323.252838,17.239851,560.422607
440,0,245.971115,-193.30777,1104.725342,253.566864,55.900772,1106.60791,428.002106,-115.597725,1129.721436,429.069122,-32.251133,1129.994629,305.245239,-276.932373,566.049133,370.992706,-303.69046,99.62838,429.387207,-253.647354,77.973862,302.216644,120.110268,591.384644,388.88443,154.541351,103.535965,435.186554,101.791412,81.286957,304.155212,-172.658218,555.536865,350.503448,-217.617508,113.375557,247.552246,-319.567535,54.52795,214.226105,-235.017654,63.044533,256.310089,178.143845,57.059223,217.446396,95.021057,63.695072,356.704407,70.008179,108.206787,323.268585,17.23624,560.457336
441,0,246.080765,-193.326813,1104.731079,253.717697,55.868332,1106.624756,428.163086,-115.589111,1129.708618,429.191071,-32.254478,1129.991211,305.281097,-276.930786,566.075439,370.911011,-303.715088,99.617401,429.398438,-253.684158,77.98111,302.272217,120.111664,591.388916,388.908173,154.552872,103.528175,435.20578,101.805206,81.282646,304.142792,-172.66864,555.526672,350.465118,-217.652176,113.296349,247.564163,-319.574646,54.531639,214.27562,-234.98999,63.098446,256.375244,178.147354,56.960285,217.457748,95.01194,63.666069,356.62381,70.005608,108.221886,323.200867,17.012915,560.461182
442,0,246.20668,-193.351425,1104.72583,253.864532,55.846523,1106.6427,428.274078,-115.607224,1129.677612,429.295776,-32.278149,1130.018188,305.289185,-276.938232,566.065796,370.911835,-303.702942,99.630966,429.40567,-253.72052,77.946938,302.31485,120.112038,591.385925,388.877502,154.536591,103.494835,435.220612,101.831009,81.298264,304.088287,-172.698334,555.519226,350.513214,-217.588287,113.315254,247.562988,-319.548462,54.510349,214.238937,-235.022339,63.06459,256.447906,178.143158,56.92625,217.432999,95.03289,63.697933,356.696777,70.017014,108.20285,323.208466,16.933775,560.430725
443,0,246.305191,-193.357315,1104.779297,253.980331,55.840004,1106.656006,428.447937,-115.59185,1129.75415,429.383179,-32.297955,1129.880737,305.300476,-276.957794,566.077454,370.948242,-303.699432,99.632523,429.357178,-253.74118,77.940765,302.377594,120.121933,591.398865,388.920624,154.529053,103.531754,435.176239,101.78418,81.253487,304.116302,-172.667664,555.518921,350.472321,-217.608963,113.276176,247.560135,-319.559631,54.516872,214.261978,-235.02655,63.117252,256.410156,178.151108,56.960876,217.415085,94.946068,63.593513,356.697388,70.004517,108.190178,323.439514,17.176294,560.47345
444,0,246.439468,-193.366806,1104.7771,254.109436,55.811749,1106.666138,428.57193,-115.626144,1129.676636,429.50531,-32.319153,1129.953857,305.308655,-276.951874,566.081787,370.943909,-303.720428,99.658569,429.233093,-253.827454,77.887825,302.38562,120.096748,591.381165,388.910553,154.551697,103.530251,435.182312,101.807281,81.27327,304.119659,-172.683487,555.531616,350.47464,-217.616959,113.24807,247.560074,-319.563202,54.517681,214.284134,-235.004379,63.076504,256.341003,178.165085,57.023125,217.458008,95.044373,63.675232,356.814148,70.051445,108.124687,323.486969,17.134542,560.430359
445,0,246.580063,-193.371872,1104.789062,254.23941,55.785294,1106.69397,428.739349,-115.622269,1129.706299,429.605621,-32.358727,1129.822021,305.308563,-276.956818,566.098206,370.920807,-303.720947,99.641052,429.348969,-253.659454,77.849197,302.45166,120.058907,591.406494,388.91568,154.542648,103.524536,435.19278,101.797165,81.279068,304.170624,-172.683304,555.546875,350.4935,-217.633072,113.284409,247.580276,-319.566467,54.524574,214.240768,-235.020096,63.073338,256.384735,178.165237,56.991993,217.468567,95.012207,63.680946,356.820007,70.058693,108.140038,323.553314,17.14732,560.448853
446,0,246.677658,-193.364777,1104.80835,254.385895,55.782753,1106.714111,428.863525,-115.70771,1129.630981,429.731262,-32.382298,1129.754883,305.361786,-276.965271,566.053345,370.980835,-303.708405,99.606979,429.325745,-253.665863,77.953545,302.488312,120.01519,591.441895,388.898987,154.52565,103.512535,435.213348,101.81871,81.249718,304.192078,-172.679794,555.557007,350.444763,-217.770157,113.344856,247.583466,-319.559631,54.540714,214.241776,-235.018356,63.057995,256.447449,178.112274,56.894302,217.428604,94.979675,63.654346,356.691803,69.987999,108.191078,323.63324,17.178877,560.490906
447,0,246.768417,-193.367722,1104.843994,254.513443,55.766106,1106.728638,428.989014,-115.686356,1129.630371,429.843872,-32.463505,1129.795898,305.391113,-276.980743,566.092102,370.962952,-303.723572,99.627937,429.324005,-253.713394,77.903046,302.526001,120.02256,591.457336,388.89032,154.52742,103.510742,435.196228,101.787323,81.245766,304.210602,-172.687393,555.578125,350.445923,-217.647766,113.282982,247.566986,-319.559113,54.523354,214.259155,-235.00235,63.062416,256.442322,178.119232,56.931812,217.451172,95.010742,63.687263,356.715485,69.990082,108.170509,323.651001,17.168158,560.463013
448,0,246.862183,-193.402283,1104.859131,254.639175,55.757862,1106.748901,429.153046,-115.679756,1129.651978,429.955963,-32.498676,1129.712402,305.417938,-276.979401,566.072815,370.976593,-303.694794,99.617661,429.34906,-253.666016,77.941269,302.625824,120.01046,591.483154,388.89743,154.538437,103.507927,435.210083,101.792122,81.272285,304.23291,-172.705917,555.557068,350.525024,-217.644775,113.244781,247.544739,-319.567688,54.512535,214.26944,-235.006927,63.076736,256.371399,178.159393,57.023129,217.489609,95.009956,63.682175,356.671265,69.99868,108.161148,323.677216,17.179295,560.5224
449,0,247.001389,-193.39856,1104.854248,254.749329,55.735577,1106.768799,429.31839,-115.703072,1129.636475,430.04361,-32.501835,1129.730835,305.471466,-276.998322,566.070862,370.929565,-303.756195,99.592628,429.339111,-253.7052,77.902618,302.659973,119.995163,591.460266,388.908325,154.541733,103.530327,435.200409,101.804153,81.270706,304.247162,-172.724701,555.587219,350.501587,-217.625031,113.310524,247.577881,-319.575867,54.516399,214.264252,-235.008865,63.06657,256.332123,178.168213,57.036228,217.460922,95.02684,63.685917,356.712616,69.988228,108.164185,323.736206,17.137747,560.501099
450,0,247.111801,-193.378342,1104.874878,254.877411,55.719868,1106.787231,429.423401,-115.73996,1129.634399,430.290405,-32.517551,1129.826538,305.483643,-277.009216,566.081482,370.984222,-303.714935,99.606255,429.343414,-253.631744,77.960175,302.719421,120.015198,591.484131,388.993958,154.392517,103.463875,435.201752,101.794098,81.247078,304.282837,-172.727722,555.596008,350.422791,-217.712723,113.230385,247.569885,-319.553467,54.514809,214.267715,-235.013443,63.086136,256.410187,178.16925,56.998283,217.439102,95.019485,63.680096,356.729858,69.988358,108.171341,323.806061,17.089609,560.499695
451,0,247.215851,-193.382446,1104.877197,255.053101,55.589848,1106.768921,429.552795,-115.749512,1129.604858,430.443237,-32.526096,1129.789429,305.517456,-277.014282,566.080627,370.9599,-303.716736,99.593307,429.316559,-253.655823,77.940544,302.781555,119.98835,591.497986,388.932587,154.494522,103.490166,435.229401,101.790466,81.242493,304.312256,-172.742111,555.590088,350.380981,-217.822708,113.29554,247.568283,-319.58075,54.522453,214.243423,-235.021667,63.078449,256.378174,178.158997,56.969509,217.460754,95.037903,63.683823,356.720795,69.972351,108.182442,323.884888,17.122208,560.50354
452,0,247.319687,-193.404266,1104.878174,255.201279,55.576477,1106.793213,429.641571,-115.80526,1129.596558,430.552063,-32.554314,1129.802246,305.580963,-277.030884,566.094849,370.983124,-303.710327,99.582695,429.342896,-253.736588,77.929779,302.842651,119.970741,591.522522,388.963379,154.476303,103.489647,435.214172,101.775635,81.246758,304.377625,-172.747879,555.600098,350.465454,-217.669769,113.21389,247.58725,-319.574554,54.51424,214.252274,-235.053253,63.070534,256.417511,178.120575,56.902012,217.43924,95.019623,63.679462,356.712646,69.954361,108.18705,323.810089,16.921137,560.563965
453,0,247.408234,-193.414062,1104.91272,255.326004,55.557461,1106.824219,429.848541,-115.777153,1129.644409,430.666748,-32.571388,1129.803955,305.641388,-277.039459,566.115356,370.921875,-303.745941,99.589745,429.338043,-253.749634,77.923416,302.900848,119.952095,591.553833,388.955109,154.489578,103.501144,435.208435,101.776726,81.24456,304.42804,-172.771072,555.593445,350.500519,-217.674103,113.281303,247.592239,-319.588196,54.520493,214.223602,-235.038956,63.077747,256.430695,178.085495,56.90387,217.481308,95.004387,63.698463,356.576263,70.094727,108.261635,323.916504,16.918247,560.580627
454,0,247.529129,-193.41394,1104.923218,255.443481,55.529884,1106.837891,429.940094,-115.809364,1129.608765,430.759186,-32.613541,1129.789307,305.687225,-277.055969,566.146851,370.998932,-303.72171,99.620796,429.278778,-253.795151,77.907509,302.982666,119.940468,591.565491,389.006927,154.381271,103.462593,435.191406,101.754036,81.224525,304.482178,-172.782059,555.61261,350.501282,-217.680939,113.298889,247.578659,-319.586548,54.523048,214.259583,-235.049164,63.075043,256.476135,178.100708,56.901028,217.476196,95.039917,63.689156,356.58252,70.106575,108.232185,323.894043,16.871868,560.566956
455,0,247.62851,-193.421097,1104.953125,255.573837,55.539787,1106.855835,430.050812,-115.855415,1129.602905,430.912628,-32.59259,1129.775757,305.754272,-277.062256,566.13501,371.010651,-303.710358,99.606926,429.345276,-253.663513,77.829842,303.062866,119.920944,591.580505,388.985077,154.391663,103.446304,435.232758,101.740814,81.217514,304.501556,-172.771271,555.632568,350.530945,-217.628448,113.265236,247.566345,-319.56955,54.508411,214.255157,-235.079056,63.07365,256.489441,178.116318,56.923706,217.49791,95.031456,63.669899,356.690094,69.979027,108.19783,323.937164,16.869621,560.565918
456,0,247.748062,-193.432571,1104.948853,255.700592,55.512093,1106.868286,430.160614,-115.863007,1129.606934,431.02475,-32.629719,1129.739746,305.80899,-277.087402,566.131409,371.011139,-303.713409,99.593895,429.406799,-253.663986,77.87571,303.110931,119.937614,591.597839,389.025879,154.378815,103.450089,435.252075,101.744034,81.243774,304.573975,-172.804993,555.640442,350.531494,-217.679291,113.312866,247.570465,-319.569946,54.50708,214.262482,-235.07695,63.095161,256.341705,178.139053,56.99905,217.458633,95.002563,63.658276,356.6138,70.084305,108.254593,324.090942,16.904657,560.612854
457,0,247.86557,-193.452576,1104.96582,255.834991,55.496262,1106.886353,430.238586,-115.895653,1129.590698,431.151642,-32.623611,1129.766602,305.880005,-277.098877,566.132751,370.990356,-303.743591,99.573059,429.375702,-253.736526,77.874985,303.187469,119.922081,591.597534,388.986816,154.473938,103.489891,435.227509,101.73616,81.227608,304.609161,-172.823685,555.652161,350.444702,-217.772552,113.327759,247.577744,-319.57312,54.523556,214.264236,-235.111679,63.105503,256.332245,178.138992,57.0042,217.450287,95.013351,63.656487,356.719482,69.99704,108.210663,324.109528,16.855623,560.635986
458,0,247.940552,-193.485321,1104.986938,255.910156,55.550125,1106.893677,430.361176,-115.909805,1129.559204,431.2435,-32.692028,1129.735107,305.926788,-277.115723,566.147522,370.985046,-303.768707,99.595497,429.361084,-253.757202,77.851692,303.278137,119.910881,591.609924,388.972565,154.457687,103.492813,435.230927,101.727379,81.227592,304.679749,-172.859375,555.668335,350.544128,-217.686295,113.332169,247.583893,-319.591705,54.529835,214.266891,-235.1353,63.140907,256.343292,178.143921,57.028709,217.517197,95.016708,63.663223,356.587433,70.08004,108.263885,324.206238,16.861425,560.635742
459,0,248.023209,-193.533951,1105.00061,256.044983,55.437168,1106.899414,430.459229,-115.944183,1129.575073,431.368835,-32.662014,1129.733398,305.954498,-277.153839,566.160461,371.062531,-303.716888,99.567955,429.337372,-253.757034,77.864815,303.331665,119.875877,591.618896,388.983459,154.452698,103.47097,435.222473,101.722961,81.224815,304.727325,-172.879959,555.658142,350.489471,-217.678772,113.299347,247.578079,-319.581726,54.495541,214.241226,-235.168686,63.150345,256.394592,178.137161,56.954685,217.480408,95.029732,63.6968,356.611664,70.090057,108.254524,324.203613,16.817518,560.655823
460,0,248.092133,-193.561081,1105.022583,256.129791,55.413166,1106.930054,430.566345,-115.968277,1129.587524,431.46579,-32.701889,1129.714355,306.018402,-277.166382,566.168762,371.045471,-303.730865,99.55085,429.423401,-253.690247,77.886543,303.394775,119.848373,591.635132,389.036713,154.367523,103.460083,435.250122,101.746979,81.231956,304.76236,-172.924835,555.680786,350.504944,-217.701752,113.293678,247.583084,-319.590607,54.515789,214.264191,-235.171188,63.148724,256.406921,178.147781,56.966393,217.467316,95.052216,63.701973,356.722931,69.971161,108.193329,324.312683,16.821741,560.666199
461,0,248.16713,-193.581787,1105.03186,256.21524,55.39082,1106.95874,430.59729,-116.020988,1129.558594,431.534973,-32.729607,1129.665771,306.046814,-277.195953,566.206726,371.075684,-303.714447,99.546364,429.380096,-253.729019,77.909409,303.456299,119.830948,591.663269,388.984161,154.45488,103.478752,435.22998,101.719467,81.221481,304.820862,-172.930115,555.694031,350.505615,-217.71608,113.355667,247.581314,-319.590912,54.501709,214.25238,-235.159225,63.136021,256.355042,178.164917,57.03405,217.442963,95.02037,63.678032,356.723846,69.980637,108.201569,324.352142,16.841524,560.689697
462,0,248.206421,-193.604462,1105.047852,256.296997,55.348175,1106.955811,430.693298,-116.027779,1129.613403,431.56015,-32.809837,1129.655396,306.13266,-277.213165,566.21405,371.034393,-303.729797,99.566612,429.446838,-253.693253,77.872177,303.539551,119.809517,591.694336,388.985016,154.467972,103.47435,435.235931,101.695862,81.206802,304.876801,-172.955643,555.719116,350.624512,-217.997253,113.207405,247.590256,-319.611908,54.537388,214.263153,-235.145081,63.124969,256.385895,178.20903,57.06382,217.432724,95.02742,63.68964,356.717041,69.963943,108.206535,324.408295,16.807768,560.717651
463,0,248.293289,-193.623962,1105.065063,256.362183,55.331665,1106.976929,430.712982,-116.094551,1129.583496,431.672791,-32.797935,1129.692993,306.149353,-277.227142,566.234863,371.040619,-303.749939,99.562515,429.429779,-253.720108,77.885277,303.623108,119.82724,591.713684,388.990021,154.445038,103.483925,435.2211,101.715347,81.175117,304.938904,-172.977432,555.724976,350.53479,-217.871063,113.327896,247.563721,-319.607452,54.517693,214.270355,-235.140915,63.148117,256.378876,178.110596,56.96706,217.443237,95.037392,63.700901,356.730103,69.962608,108.183647,324.471924,16.78586,560.743713
464,0,248.297119,-193.647018,1105.081421,256.4151,55.292435,1106.986084,430.762756,-116.123528,1129.5625,431.759644,-32.795647,1129.721191,306.25412,-277.25946,566.226135,371.07489,-303.726959,99.561012,429.367126,-253.741318,77.909973,303.693542,119.806572,591.716797,389.033936,154.361511,103.442108,435.216156,101.697685,81.181274,304.999969,-173.004288,555.743408,350.68219,-218.020813,113.20118,247.591034,-319.579315,54.515274,214.283707,-235.095261,63.136288,256.44986,178.154343,56.956474,217.491318,95.067543,63.712307,356.721344,69.9674,108.180031,324.575439,16.751627,560.750061
465,0,248.351501,-193.677597,1105.092651,256.506073,55.268147,1107.0,430.802094,-116.171738,1129.607178,431.886627,-32.764038,1129.627197,306.278931,-277.286163,566.263855,371.021912,-303.770569,99.566933,429.395935,-253.717804,77.874435,303.800018,119.797318,591.732666,389.079407,154.352402,103.465088,435.222992,101.664482,81.182281,305.049255,-173.03392,555.749756,350.527893,-217.833542,113.243263,247.602539,-319.616852,54.526382,214.316818,-235.065628,63.130417,256.389282,178.161285,57.013432,217.468765,95.071335,63.708374,356.572418,70.088783,108.258751,324.608185,16.745762,560.769531
466,0,248.353226,-193.692108,1105.11499,256.562195,55.238049,1107.016113,430.879181,-116.199974,1129.63562,431.856903,-32.883099,1129.634277,306.382416,-277.305084,566.241821,371.039398,-303.741425,99.555145,429.449432,-253.703384,77.890144,303.868774,119.794106,591.715881,389.080048,154.327347,103.441521,435.244781,101.676575,81.178658,305.093903,-173.038132,555.746704,350.724243,-217.943756,113.160461,247.595963,-319.62439,54.532696,214.32933,-235.04686,63.137814,256.471588,178.120667,56.931976,217.462265,95.024406,63.686543,356.754303,69.94841,108.193939,324.679413,16.692087,560.80188
467,0,248.389877,-193.690338,1105.156006,256.64325,55.244442,1107.030396,430.900726,-116.270599,1129.588379,431.984589,-32.867397,1129.585205,306.419098,-277.327118,566.270203,371.046417,-303.758057,99.543304,429.423157,-253.721207,77.89183,303.920837,119.770531,591.736206,389.079742,154.332275,103.43895,435.216431,101.629005,81.139275,305.125549,-173.070236,555.774841,350.642029,-218.018356,113.180016,247.617477,-319.627747,54.524715,214.353607,-235.008057,63.124924,256.488342,178.096634,56.877872,217.455582,95.069366,63.734131,356.739014,69.943665,108.18232,324.772003,16.718061,560.778992
468,0,248.385361,-193.698563,1105.188232,256.727936,55.244873,1107.051025,430.929199,-116.324776,1129.591919,431.990936,-32.933182,1129.588745,306.470642,-277.325562,566.271362,371.027405,-303.755005,99.540428,429.44812,-253.689819,77.917313,303.973602,119.754738,591.740234,389.071136,154.311905,103.436996,435.22229,101.641525,81.160744,305.145325,-173.099197,555.80127,350.644958,-217.993408,113.131271,247.60405,-319.625946,54.527039,214.325302,-235.009369,63.114853,256.345703,178.168213,57.051712,217.474991,95.069992,63.732094,356.702484,69.94474,108.198486,324.850159,16.761593,560.803162
469,0,248.421585,-193.696365,1105.223389,256.7836,55.246658,1107.071777,430.959045,-116.38588,1129.536987,432.121399,-32.977467,1129.550171,306.506531,-277.356506,566.270386,371.044708,-303.744446,99.558754,429.418854,-253.702164,77.904305,304.046997,119.765709,591.782654,389.07666,154.313034,103.430908,435.212494,101.631622,81.181999,305.167328,-173.101837,555.800903,350.732086,-217.991333,113.252953,247.603287,-319.624023,54.505447,214.361832,-234.996887,63.09256,256.457947,178.163254,57.007664,217.466644,95.063362,63.701042,356.727264,69.944489,108.176926,324.862457,16.777006,560.821655
