FF_TX,FF_TY,FF_TZ,FF_Rquat0,FF_Rquat1,FF_Rquat2,FF_Rquat3,Hip_Z_R,Hip_X_R,Hip_Y_R,Knee_Z_R,Ankle_Z_R,Ankle_X_R,Hip_Z_L,Hip_X_L,Hip_Y_L,Knee_Z_L,Ankle_Z_L,Ankle_X_L
0.3032646901588128,0.9680327622724254,0.08846179764973505,-0.11377753747319203,0.9933952940197239,-0.006523180302418452,0.01333828717432893,0.32526501651710915,-0.19692528813511156,-0.05205234823863297,-0.22040500278425804,0.004850973019871115,0.26660097165959196,0.31131470815777645,0.13974969705213616,0.09944697026724086,-0.2155052745329968,0.023819510787763776,-0.2603318396809223
0.30326834877678105,0.9680335024362611,0.08845796613824866,-0.11381483595424242,0.993391358078185,-0.006504145482397111,0.013322496156201681,0.32540598956485695,-0.19689450144989523,-0.052238559872361964,-0.22051748440924956,0.004831074850112309,0.2669322126135173,0.31144694761236164,0.13978212574243526,0.09979284984513799,-0.21552935691472547,0.023809505914807818,-0.2608506720795956
0.30323881866114377,0.968035514168539,0.08846541649701431,-0.11380821727827878,0.9933920491765611,-0.006597740194912331,0.013281420746786501,0.3252722616890197,-0.197139167586951,-0.05207172896777394,-0.22040463144478784,0.004431115049975153,0.26884365565741897,0.31135784792638155,0.13953855210829075,0.09926987427807836,-0.21536913365526927,0.02358943065626432,-0.25996085262742336
0.30324397873627007,0.9680295657049273,0.0884361605499388,-0.11384132633534613,0.9933882183734359,-0.006623266119863198,0.013271486765446722,0.32541334106319186,-0.19715077190048294,-0.05212978688149501,-0.220519476103033,0.005109373998676481,0.2670277077510663,0.31147526372734086,0.13951173678105738,0.09935376078706475,-0.2154606968417196,0.02371869632005665,-0.26000143436517353
0.3032357768106033,0.9680318466537706,0.08844915335894166,-0.11383762403257087,0.9933886090669491,-0.006610312734323328,0.013280455421618613,0.3253510789483079,-0.19712984094095087,-0.05203936275940994,-0.22041175472644056,0.004854633233343625,0.26705417787354707,0.31155476803815824,0.13954386880675215,0.09988647773153106,-0.21566788978225007,0.023771942354890045,-0.26073386510977153
0.3032192568592326,0.9680193812258218,0.0884372943211724,-0.1138006099290713,0.9933926551345722,-0.00660798962547202,0.013296179058887232,0.3253269788506209,-0.19710861908375227,-0.052049824050927514,-0.22058528408470848,0.004636270926806322,0.268349857365159,0.3113798816366128,0.13960879809330343,0.0994921370174989,-0.21570210847301144,0.024138686703405552,-0.26092430060367444
0.30321050590528764,0.9680272827571491,0.08843886292955026,-0.1138292517255465,0.9933896548787128,-0.006597890337102131,0.013280168472333168,0.32535862176775215,-0.1970804017855879,-0.05194929349092191,-0.2205856524448095,0.004956863242363356,0.2669140742889508,0.31145708159286495,0.13961408472211867,0.09958756837811998,-0.2156082257217326,0.023802081289894608,-0.26066464038652226
0.3032041948708717,0.9680253603421451,0.08844383035006373,-0.11380852109929124,0.993393089684681,-0.006530675943965355,0.013234053182235635,0.325268659396912,-0.1969633929763322,-0.05209241067434742,-0.22056729017709772,0.004632919934829824,0.2683878087801009,0.3114742087045554,0.13972868832882693,0.09990777510974133,-0.21578912518552276,0.02424491583283138,-0.26067961538141987
0.3031992269583341,0.9680374924715448,0.08842881606504134,-0.11389604651775521,0.9933832235882132,-0.006595260738878145,0.013189549533677992,0.32545810380311574,-0.19706925049402932,-0.052253234958797135,-0.22050863807128065,0.004870645928286389,0.2671987057216427,0.3116245535645778,0.13957932975328835,0.09924495287592347,-0.21561437627037772,0.023686201424373814,-0.2602613463241113
0.3031906483573076,0.9680328625028722,0.08843466635098995,-0.11388485396116345,0.9933848657906931,-0.00658047123931128,0.013169884377617628,0.3254480583830389,-0.19704423259897766,-0.052185171153438736,-0.22065286884194313,0.004975636328245462,0.2666133118136449,0.3115909226386152,0.13958597444424395,0.0991452809948981,-0.2156326181437992,0.02385753479757415,-0.260233632028436
0.3031694934844638,0.9680330508055045,0.0884336798762635,-0.11383429111120112,0.993390233275875,-0.006613457122840491,0.013185627940961625,0.32529352127568334,-0.1971251468197245,-0.05219267301476112,-0.22059083494077505,0.004689229701908303,0.2679971172224591,0.3114223367496999,0.1395254143740891,0.09927540088202239,-0.21554680063039083,0.023919966518727083,-0.2602371697681085
0.3031751166747911,0.9680262906915269,0.08842793907132468,-0.11384575844252941,0.9933901404669357,-0.00652465722197031,0.013137768298410197,0.32525586388014266,-0.1969472689802253,-0.052242607438574076,-0.22050674253474617,0.004685524972531721,0.2682232089010372,0.3114422210371849,0.13972292602647593,0.09899181455015583,-0.21546955002633622,0.02383651383477092,-0.260604659254026
0.3031513987546474,0.9680443391595738,0.08842087769979473,-0.11384779009376127,0.9933902139741553,-0.0065367398709107625,0.01310856601649575,0.32525668527218354,-0.1969448913690527,-0.05231454423309268,-0.22056539848168258,0.004866786611926597,0.26651831559833494,0.31145732788180774,0.13969848485620334,0.09908454916924955,-0.21563397386817418,0.023993073210479426,-0.2608359579948764
0.30314669300881586,0.9680465206997473,0.08843618635530123,-0.11383611097655928,0.9933910033622937,-0.006541152848882335,0.013147912229525528,0.3252376054664077,-0.1969849463189512,-0.05238421419732605,-0.22056333662216981,0.004814427757073131,0.26751091061411797,0.3113948648056326,0.13965099346385357,0.0991232624267923,-0.2155513853344833,0.023805032307152953,-0.26003289575791205
0.30314075567766935,0.9680441637910769,0.08843584607925316,-0.11387436166546887,0.9933866968579554,-0.00654993355548098,0.013137679830973581,0.32536732114549166,-0.1969943972251631,-0.05240601725385095,-0.22066380212680362,0.004714301291454205,0.2671522795063323,0.3115934263644544,0.13962851974879575,0.0991145392984712,-0.2157982576824787,0.02399016803826801,-0.26004604913933443
0.30313511072645843,0.968035964904302,0.08843060282685478,-0.11379135723029579,0.9933964433507642,-0.006536072592062667,0.013126808934793736,0.3251653082755296,-0.19696491240814848,-0.052338016796006144,-0.22067175674231043,0.00468652397393386,0.26797031108824426,0.31139064763948693,0.13971285676578268,0.09880717369028774,-0.2158377728601124,0.024235883146541,-0.2611251738650882
0.30312173775559875,0.9680355992964086,0.08843718277304462,-0.11385211779049301,0.9933894542577058,-0.006504807755119872,0.013144387405506983,0.3253122063465502,-0.19689976278726876,-0.05241310396602565,-0.22071157698402838,0.004575381611702387,0.26817696845803785,0.3115287381010622,0.13974444248472456,0.09899939737107226,-0.21590054370281142,0.024338962297531807,-0.2600766430433131
0.30310924923121507,0.9680336134198524,0.0884228652761924,-0.11383324837659002,0.9933903453227612,-0.006581217008929368,0.013202309125308696,0.32533566189651303,-0.19704962112731295,-0.05241513484576614,-0.2208017474163627,0.004719375576771931,0.2681253278228978,0.31143092978170744,0.1396197771265513,0.09917112353041135,-0.21581562079610672,0.02423492696991098,-0.26023216300541807
0.30307912622303845,0.9680352495314242,0.08843642649316444,-0.11380677382139893,0.9933933529305352,-0.006570216615348168,0.013209725183423743,0.3252337114384762,-0.19704149583023708,-0.05230522711429657,-0.22080870059777302,0.004777703380129473,0.26842275735212245,0.31136035586708605,0.13961753632505258,0.09921709430565885,-0.2158683455902776,0.02424845192093698,-0.26076421215593226
0.3030793318682475,0.9680215583361326,0.08841803289339248,-0.11386287508199225,0.9933861246056609,-0.0065087325130309594,0.013299981957991326,0.32537716075723166,-0.1968614059081426,-0.05220777376322198,-0.22079896179206215,0.005026230939880405,0.2670890086638717,0.3114851413310754,0.13981049072434165,0.09963976222283781,-0.2160371073648682,0.024325501057811345,-0.26019103054331894
0.30304605096761766,0.9680249906253815,0.08841879950058634,-0.11384970936847612,0.9933868956703936,-0.006492547145742488,0.01336285967195004,0.32532032398770616,-0.19681574486474213,-0.052051493267781086,-0.22073227278059948,0.004677667933421358,0.26827072369862714,0.31135554572708074,0.13985864361944822,0.09962911728266105,-0.2158521620015649,0.024450644601414766,-0.26004511009481934
0.30303986264535177,0.9680284423763175,0.08841984028009732,-0.11383871046744518,0.99338763792718,-0.006516505313562465,0.013389696451573035,0.3251932400088516,-0.19683994839966662,-0.05203459057600385,-0.22052963851669055,0.004664219926150433,0.26828656119463146,0.3113357436621642,0.13982836428850867,0.09942449845203248,-0.21592214730020864,0.024446089096476657,-0.26049588379855615
0.30298160553777687,0.9680513375596583,0.0883752498910163,-0.11372287652797641,0.9934014234414827,-0.006471535353299265,0.013373050841506424,0.3247927082708761,-0.19669237690079774,-0.0519354411977601,-0.22039437374945103,0.004695981241224473,0.26791776746832774,0.310995693856773,0.13995085323765022,0.09939624085459228,-0.21583440530549156,0.02436870721053162,-0.2606030783092047
0.3030185299539867,0.9680323617709757,0.08840400465826148,-0.11389130782041562,0.9933812016346684,-0.00649312718846523,0.013431215177038167,0.3252961905319662,-0.1967596077638125,-0.05205234663803002,-0.22043027714672514,0.004863092770370362,0.2674074981401152,0.31150644546361506,0.13988602582174636,0.0996877970957089,-0.21614637082798946,0.024325472879106413,-0.2599228898569012
0.30295088001269316,0.9680423647905693,0.08836363879397616,-0.11374009907717267,0.9933994883186181,-0.00636239753686095,0.013422606595051503,0.3247541671347007,-0.1964564177875279,-0.05207097137909328,-0.2202732599632059,0.004969067208763476,0.2674020691547104,0.3110114436467203,0.1402109036034839,0.0994644219212917,-0.2159344656139161,0.024532942501019908,-0.2603334308468169
0.3029622993101109,0.9680275710887554,0.08840023339918024,-0.11391042872505443,0.9933781824073515,-0.0064681966463676,0.013504198491013097,0.32524861937331745,-0.19668659199813054,-0.05173030548212416,-0.22038928242889244,0.004971811447564639,0.26701689197937106,0.31142223104235534,0.1399477861669739,0.09968549596590516,-0.21605484482266402,0.0245013197371706,-0.259986488844819
0.3029429995661205,0.9680316515902686,0.0883989096664375,-0.1139332574247899,0.9933750816137008,-0.006498790580648203,0.013525006563352508,0.32532360956238043,-0.19675750711229006,-0.051808077518075556,-0.22045344422469304,0.004711806678890132,0.2687554768610353,0.31149887293278394,0.13991056500739302,0.09989355953686097,-0.2161652100469284,0.02437803589132344,-0.25982342310963835
0.3028715877604193,0.9680361938787841,0.0883568608804812,-0.1138282907725305,0.9933877108067842,-0.006387038747057581,0.013534473536285521,0.3249309044723315,-0.19643968838724807,-0.05180011635080566,-0.2203110031861971,0.00475484899355104,0.26801679501905845,0.3111054473103359,0.14019101307380977,0.09978975672246804,-0.21601203178382236,0.02455503507716048,-0.2601468772811165
0.3028277219847277,0.9680437575620258,0.08834623114693334,-0.11384765236426912,0.9933846357558945,-0.006424508848053424,0.013579513295209096,0.3249505898629494,-0.19649443626477964,-0.05170116784954001,-0.22032363292556922,0.004855796723876025,0.26798362145941934,0.31105532701870314,0.14012091282549663,0.09990174024257281,-0.21592795518369548,0.024514264355959606,-0.25982134633775117
0.30281099855121274,0.9680352842275065,0.08835212515132243,-0.11389034471979073,0.9933797217739788,-0.006423853920218089,0.013581305116641927,0.32501975391011195,-0.19648973098601272,-0.051777604427570206,-0.2203316687836074,0.0050832884469090445,0.2671002239705632,0.31107679253722564,0.14010764867216183,0.09978434708676509,-0.21587139781654197,0.024671100800651317,-0.25958491804399253
0.30279027793982366,0.968034689862313,0.08834155511173956,-0.11392954982416116,0.9933752772100718,-0.006438393153602869,0.013570681570078905,0.32511601227062,-0.19651518327305048,-0.05173765148239682,-0.22040569900299115,0.005145868913419748,0.26674934845202347,0.31119023369542337,0.14010455658450902,0.09987003150766793,-0.21598380684687865,0.02452462733633148,-0.2601381036765532
0.30275859658765747,0.9680424394691487,0.08833147251932416,-0.11395145761512121,0.9933734013897666,-0.0063863367899092225,0.01354863170658767,0.3251288740806707,-0.19639302404250186,-0.051912459041340696,-0.22042585679006818,0.004974651238988835,0.2668866488450502,0.3111142869992814,0.1401941907667227,0.09988991434670927,-0.21581437604394577,0.02449361056691726,-0.26005741680021366
0.3027358125140871,0.968035473959899,0.08831900604084321,-0.11395165469859908,0.9933741223919763,-0.006371732860362011,0.013500902702353901,0.3250164415213015,-0.19638463834797118,-0.051935857535575454,-0.22026156931109095,0.005182464496435692,0.2669802425813946,0.311134640241517,0.1402430187190679,0.09980040405717293,-0.2158297262865398,0.024577790728354854,-0.2604811245284753
0.30270334581148156,0.9680351606627818,0.08831383872356731,-0.11400367040198696,0.9933688045136473,-0.006348043416562622,0.013464163501078681,0.32497446927030815,-0.19632846420662245,-0.05194153634514025,-0.22011656392122378,0.005181654866402269,0.2668867534666423,0.31115355327174227,0.14027801110941698,0.0995103939694689,-0.21575796148173307,0.02473278106384471,-0.2602661435470106
0.3026815489786686,0.9680301050333461,0.08831829848492871,-0.11398755380084002,0.9933706276676785,-0.006315199284636385,0.013481540105578824,0.3250138441608431,-0.19626147474514768,-0.05197856846716669,-0.22032151164131922,0.004955002132647051,0.267903639945766,0.31110586591200945,0.14035173989062255,0.09984977761039328,-0.21571974358160137,0.02471645842389604,-0.2611084034535248
0.30267306846256153,0.9680340268720639,0.08829898680118205,-0.1140007268467747,0.9933696562188731,-0.00630413807167705,0.013446866742034142,0.3249630944663564,-0.1962363527097635,-0.05209159366972374,-0.22024424852762467,0.004935716052168765,0.26790207507078895,0.31113701204522565,0.14038183166614215,0.09988639750097432,-0.21570521842851276,0.02454536374631705,-0.26071372841267426
0.30262407475057074,0.9680419590389963,0.08828369987950527,-0.11392921638504674,0.9933779012849062,-0.006358920383735032,0.01341801118785727,0.3246776249276135,-0.19634140852625645,-0.05203127345705202,-0.2200903082183192,0.005040013238622094,0.2681872110369606,0.3108817863566467,0.14026858367014616,0.09964540918783103,-0.21562499242199967,0.024697394513345353,-0.2599297091881878
0.30259585470623607,0.9680292919426046,0.08827168421744515,-0.11395217872741034,0.993376050256231,-0.006302147117493632,0.013386810012689331,0.3246710256063637,-0.196205935728065,-0.052146393295735505,-0.22010811311047718,0.0051098613793518445,0.2680042211399707,0.31102986347714845,0.14040246322074607,0.0995906555598659,-0.2158701374914596,0.024681879147617644,-0.2602219388502102
0.30256542920672097,0.9680376215492212,0.08826172669206102,-0.11399342667027783,0.9933709779342406,-0.0063237117972197105,0.013401848493548231,0.32474869096370784,-0.19624921521895633,-0.05213288141121334,-0.22014619431088153,0.005096822900316446,0.26812242933545144,0.31104152578758576,0.14036437687205364,0.09968232766574502,-0.21581098397633844,0.024606057701189173,-0.2603284767390544
0.3025445363719981,0.9680412214425301,0.08824847202749384,-0.11394877873585497,0.9933773020381598,-0.006240062804266902,0.01335190009670857,0.32457550564577153,-0.19606170437597897,-0.0523279240335045,-0.22009217490129762,0.0050874645742686984,0.26786651803746425,0.3108844083531828,0.14054420926706113,0.09948840033217522,-0.2156578791573202,0.024637737797009382,-0.26038380987257453
0.3025165758863019,0.9680429339680164,0.0882341005513114,-0.11404746006582019,0.9933663203010741,-0.006192307505244783,0.01334862808678336,0.32465975226530314,-0.19597903281937018,-0.052474977884977625,-0.21989802363080702,0.005020120220028397,0.2682770827146833,0.3110433392132543,0.1406495230203399,0.09970996745639002,-0.2155620102922272,0.024578748991753913,-0.2609831427952048
0.30249081219526924,0.9680449739160911,0.08821935094749288,-0.1140347569763818,0.9933687067037921,-0.00613477434718464,0.013306062027588769,0.32451099812169615,-0.1958582991662932,-0.05260326121657455,-0.2198082139144918,0.00525791987821184,0.26753620412741674,0.31098552124698653,0.14077309555510556,0.09952241800445184,-0.21556472428123152,0.024538006661180542,-0.26088426312919577
0.3024720317832955,0.9680405095969592,0.08822783888530286,-0.1140727489390325,0.9933639604063838,-0.006117130614247757,0.013342819352934908,0.32453332032068094,-0.19584929247787652,-0.05233723391736343,-0.21971464661239287,0.004956666189201472,0.26905378445365874,0.31100671717814427,0.14081693090772435,0.09954148461249922,-0.21552171372599607,0.0246326993032621,-0.2605285922574305
0.3024431667268744,0.9680420084122862,0.08822338233405101,-0.11413469751733853,0.993357371088803,-0.006076042712698654,0.013322380835322112,0.32460711994590796,-0.19575220151244835,-0.05243266404291133,-0.21962011589265812,0.0048831100471584945,0.26904688231461965,0.3109602017063021,0.1409265348015269,0.0999299759588007,-0.21527562045747262,0.02466801505789969,-0.2608940192003412
0.3024361230759111,0.9680421787904983,0.0882284774821276,-0.11421823021408324,0.9933479273589192,-0.0060587613997209865,0.013318502498526995,0.32470233359072376,-0.19571868957166266,-0.05256656494607405,-0.21952792821937975,0.005055242905299805,0.26821161933686727,0.31115344506018827,0.140942804025283,0.09965774500462342,-0.21523082782140474,0.024427091638624516,-0.260773231165345
0.3023847539718221,0.968041082264436,0.08820603939060766,-0.11430046043165783,0.9933380494931904,-0.0061089595914184044,0.013326844595978545,0.3247398227826139,-0.19579927297597188,-0.052430774550464736,-0.21933907547022502,0.005066336666747861,0.2679385080059783,0.31127290230313676,0.14084548345069442,0.09931894593780587,-0.21523774010575644,0.024465048310436225,-0.2605175367241128
0.3023759565756797,0.968044027415378,0.08821611085397443,-0.11426083312632188,0.9933422647188496,-0.00615765962984474,0.013330054928200306,0.3245738122658474,-0.1959172989945575,-0.05222747717089834,-0.2191912722456073,0.004789736563222353,0.26894560890576735,0.3110794369637866,0.14074018661678211,0.09937855383930859,-0.21502426328783275,0.024283145796975734,-0.26064977800527245
0.3023522339840445,0.9680488524339004,0.08821195872248805,-0.11436208186630911,0.9933312069865502,-0.0061312153678331665,0.013297956834052653,0.3247246852615147,-0.19581420076175268,-0.05249280136280737,-0.2191228137810749,0.004692367302914752,0.2684349186572361,0.31120916621727684,0.14078082286159016,0.09931578431310145,-0.21487781754299654,0.02424399794144979,-0.2611186117744134
0.3023317832130146,0.968042197880497,0.08821770540065182,-0.11430578194056612,0.993336975203033,-0.00616695070132597,0.013334565178215773,0.32459370501831397,-0.19589009934689225,-0.05216643129208262,-0.21910709722471472,0.004748178555174445,0.26836209207269535,0.3110206076104847,0.14073018983421395,0.09968227219954524,-0.21488048201840376,0.02441232183224335,-0.2610072297976655
0.30231877311080135,0.9680397486998682,0.08822568495130645,-0.1144019930195469,0.9933265920816738,-0.006159356034689673,0.013286376097395655,0.324672502679635,-0.1958940824581006,-0.0522461966217676,-0.21894946510243884,0.004798724263880722,0.26886411853999787,0.3112535469581617,0.1407227045656287,0.09955521874398451,-0.21495765152977217,0.024627993539269238,-0.26064314588027115
0.3022967292659246,0.9680363634211708,0.0882405499548237,-0.11443103183795082,0.9933230976093942,-0.0061736709877029255,0.013290917752937573,0.32471456373165736,-0.19593035156434138,-0.05225600616417658,-0.2189533307853975,0.004619688202788909,0.2687041714594661,0.31127606995779555,0.14067486852253355,0.09947206999460896,-0.21491878137201198,0.024486673121079987,-0.2608040987792791
0.3022865226220515,0.9680333181355086,0.08823263255969824,-0.11445506954404505,0.9933195183455021,-0.006263618362245709,0.013309343129529666,0.3248090939705505,-0.19611348068749007,-0.05213324569140451,-0.21900789048235172,0.004742663092403494,0.2684192506727976,0.311287523634389,0.14048444830643522,0.09950783443905291,-0.21486476183982414,0.024333443559592213,-0.2604496557277551
0.30226265070652936,0.9680362837508397,0.08823823602751878,-0.11445747186687397,0.9933197999869255,-0.00623061709726441,0.013283128335043023,0.3247357796596767,-0.1960494585198226,-0.05220803191558106,-0.21894413441179805,0.004797812833283739,0.26854737565343956,0.3112629312004289,0.14053569206959898,0.0993548217354213,-0.2147994605945396,0.024268235368124943,-0.2608214736498812
0.30225603212926516,0.9680309833185363,0.08825265282519014,-0.11445770167202954,0.9933194633982023,-0.006258869403678228,0.013293032613058978,0.32478338951165336,-0.19611043759224595,-0.05205069318812411,-0.21902939374968022,0.00479783301221668,0.2680374438949908,0.3113056240822985,0.14046806174978585,0.0993953107466829,-0.21489258212773674,0.0243933008384909,-0.2608558508248372
0.30225259500150614,0.968036670508742,0.08825880038667167,-0.11447293146313985,0.9933172900165055,-0.006224447190797017,0.01334037382046653,0.3247823127648318,-0.19604474881864456,-0.05215137171198549,-0.21891760616374262,0.004650093342186531,0.2684270561608169,0.31132025685207326,0.1406081363224291,0.09915687358231579,-0.21502267902955655,0.024561108148730203,-0.26192534204018864
0.3022388456466783,0.9680349059865438,0.08827000079213285,-0.11441803797858825,0.9933234496124996,-0.006267047445418843,0.013332709828508255,0.32462813643619415,-0.19612609097309708,-0.05195889290284964,-0.21886253499804553,0.004692805653109872,0.26825673878182654,0.311169643512587,0.14045739014739242,0.09941887176649039,-0.21487125348380398,0.02444590045072855,-0.2607940194783669
0.30222251989448606,0.9680372862377737,0.08827505669766567,-0.11446232978780739,0.9933184900014835,-0.0062694758665124105,0.013320891602259721,0.32467744632831413,-0.19614547772707328,-0.052027500317875425,-0.21885929648540364,0.005066827485984459,0.267194584556749,0.31126916567948354,0.14046277396983473,0.09932362132237801,-0.21491137184346776,0.02432634039739807,-0.26090244067987006
0.30222004142577646,0.9680324853778381,0.08827547591067716,-0.1144472283653348,0.9933198891302487,-0.00627580618230611,0.013343314225684503,0.3246111801289571,-0.19614489389368994,-0.051925825973004165,-0.21877023686930994,0.004948865052553396,0.26754212118463927,0.3111877448148967,0.14047219954673365,0.09904597255955659,-0.2149049450445539,0.024475644584869942,-0.2616577433011737
0.3022196969330764,0.968034730955046,0.0882853348923685,-0.11442438335002088,0.9933228957569714,-0.006293126783869374,0.013307209145218064,0.3246093013120775,-0.19621899701862217,-0.052198554207408585,-0.2188941229007883,0.005032896812286049,0.2675440800108205,0.31117212839581476,0.1403700417329205,0.09936424340060404,-0.21492368356311534,0.024454602694908675,-0.2608059890446567
0.3021994775851698,0.9680370616430721,0.08827965905952177,-0.11440217178615641,0.993325214975227,-0.006322000551932311,0.013311374611631774,0.3244793733841658,-0.1962658966150515,-0.05202239624224975,-0.21878800916935806,0.004840874445059905,0.26810401234348596,0.3110839265305469,0.14034583818551757,0.09963025217096395,-0.2149298812027457,0.02449696165419428,-0.26135205357993174
0.30217927712555337,0.9680294504698272,0.08828936683992626,-0.11444444538047326,0.9933210188881841,-0.0063026161947567294,0.013270244368397906,0.3244444855142301,-0.1962606491027996,-0.05208990176897497,-0.21860369558656126,0.004802646825556358,0.26841348516225794,0.3111441415154115,0.14034548687635887,0.09928544339786281,-0.21482735719745624,0.02451425042519333,-0.260832256173226
0.30216592905015704,0.9680292001096554,0.08829978527728015,-0.1144754823238979,0.9933176634114649,-0.006283749557772293,0.013262654070512409,0.32454915553307917,-0.1962245545541778,-0.052156826892486255,-0.21869916290554348,0.004638402868221337,0.2685712918743884,0.31119828304668906,0.14037498718535543,0.09938386241753343,-0.21482326966766838,0.02446398819129649,-0.2604931508399477
0.30216638137437923,0.9680322881348936,0.0882827731144484,-0.11451568450160515,0.9933127681880839,-0.006314892906368729,0.01326742948863299,0.3246743589848726,-0.19626308605849363,-0.05225118004753169,-0.21875147223297697,0.004706786768447489,0.26846887324116014,0.311260975237175,0.14032965054941843,0.09952146112835576,-0.21478285204174752,0.02436836297192783,-0.2610047730750609
0.3022073596784083,0.9680095001502486,0.08834815793693257,-0.11468146627905074,0.9932929062105763,-0.006469198371549651,0.013248140860653086,0.32516266381769177,-0.19667600478562822,-0.05223224381936345,-0.21889891897914873,0.004963737675388639,0.26770040865899375,0.31172250087028663,0.13992158067536054,0.09956370840418534,-0.2149199572487285,0.02437221984390118,-0.26065552757341515
0.30216206111922483,0.9680189853307838,0.08829318064411758,-0.11451599696874265,0.9933131810581417,-0.006336876838650244,0.013223266099648117,0.3246159959788449,-0.1963327992599153,-0.05210933213373721,-0.2187052766527789,0.005041992173527196,0.26753382889497157,0.31125403406923613,0.14025936795574442,0.09942206540613843,-0.21473668085790593,0.024382215998709912,-0.26126986730948815
0.30216063708091184,0.9680230864379735,0.0882825691123497,-0.11452897333413549,0.9933113162510236,-0.006420761802764117,0.013210491760716148,0.32467133449150426,-0.19651611236789132,-0.05219381310789054,-0.21875385172062783,0.004914465944826981,0.2684413188552683,0.3113278823290493,0.1400754148926306,0.09945551334696685,-0.21482665995168343,0.0244968968055684,-0.2609822563655937
0.3021912690451848,0.968000584623987,0.08832825479730627,-0.11469385898049589,0.9932916617900509,-0.006497840894887311,0.013220113245573463,0.32515942643091233,-0.19672660689845287,-0.05207379882404508,-0.21892944482898258,0.005154238116664668,0.26760560316346327,0.3117503439849674,0.13988673499324214,0.09943695270467288,-0.21492219882305058,0.024359052369889205,-0.26073162174870707
0.30220220873042075,0.9680019918402243,0.08832984747682077,-0.11466703056996623,0.9932950744745725,-0.006441573179401556,0.013223965358178312,0.3251268863344364,-0.19664655295421457,-0.052345511250214055,-0.21892315219769048,0.00501126429944132,0.2678625203373469,0.31178570025909447,0.13999410526069306,0.09945390194443439,-0.2150616596330893,0.024472229269983378,-0.2607471741029625
0.3022141727266248,0.9680063415196887,0.08829933471107577,-0.11470985102146973,0.9932915038571737,-0.0063508605671896475,0.013164536218290194,0.32511619469107483,-0.19644542037032445,-0.05245729469621393,-0.21878204610874794,0.004997423674164473,0.26813340324645507,0.3119296113473112,0.14020208752841765,0.09938171658245215,-0.2151057717157741,0.02440124156886122,-0.26064360580452584
0.3021919722643468,0.9680242418193368,0.0882465813981848,-0.11451742592315411,0.9933148085987573,-0.006170823255950979,0.013167046695927812,0.32463437836117665,-0.19600089321242797,-0.05270268775109423,-0.21870413225828475,0.004925115732592177,0.2683345523060881,0.3115161954782819,0.140666506937511,0.09959081213726752,-0.21516924833233353,0.024601596450660575,-0.2617734998190005
0.302217755395982,0.9680053420179092,0.0882882359987675,-0.1146482688324417,0.993298194784948,-0.006279335415326247,0.013230292416623525,0.325085278958291,-0.1962736120748569,-0.05253364243274284,-0.21892552613079977,0.005000673137987544,0.26840501084372953,0.31188477401482917,0.14040944301824484,0.09941854866281909,-0.21531920179026307,0.02460334062348196,-0.26110289636808665
0.30223495162579733,0.9679995637676636,0.08828631219802204,-0.11457200213552175,0.9933064919675021,-0.006303099585883933,0.013256706886817946,0.3249763781377431,-0.19632483046481314,-0.0524288474947771,-0.21896750071096793,0.004847194614894773,0.26936041847489944,0.31176280303060444,0.1403524294985243,0.09967734716090298,-0.21547525607873846,0.02483731258629947,-0.2607270918893038
0.30220152063276695,0.968024619280471,0.0882339085500541,-0.1144451053675568,0.9933209687483703,-0.006213287047940978,0.013310370628489786,0.3246552639865479,-0.19602096255426182,-0.05233506433430817,-0.21893268684322623,0.005062121791275987,0.26774710247697303,0.3114215703153152,0.1406226122794876,0.0995205928367888,-0.21534677226939394,0.024584098099186345,-0.2608568395366444
0.3022437017892432,0.9680047853375968,0.08827495536449839,-0.11452165300401373,0.9933107166080605,-0.006322081008114678,0.013365723195417345,0.3249375530290188,-0.1963161261936878,-0.0522638032690087,-0.21900145662582515,0.005082407135222068,0.26851402758926357,0.3116877170110929,0.14035930528259558,0.10002954556209184,-0.21549097907759132,0.02479243322814638,-0.2608332117606821
0.30222182508048734,0.9680268170703917,0.08821019367900466,-0.11442177012947588,0.9933231112254318,-0.006219056692060023,0.013348354195431088,0.32459532809087166,-0.19599883233546497,-0.05235046141739594,-0.21882735312655366,0.004837081009313593,0.268864589144429,0.3114250989375593,0.1406405802483993,0.09962116416136017,-0.21540158849569527,0.024658782969513415,-0.26135023347911346
0.30221975286201685,0.9680257719016472,0.08820673572492406,-0.11444299208589624,0.9933199212152782,-0.0062119521482103465,0.013406988096106031,0.32465153570540783,-0.19597017579824605,-0.052309345867202754,-0.21880837078714757,0.004752112160422028,0.2689344865362021,0.31136702076299827,0.14066445886823864,0.09968151165854841,-0.21527962114071478,0.02462616707755163,-0.2602931181795472
0.30221783248945,0.9680175065591372,0.0882127379617534,-0.11444378807837953,0.9933185344738895,-0.006246716226877888,0.01348654801259647,0.3247593783621609,-0.1960424654360746,-0.052111534842429606,-0.21892992339461795,0.004860435007000312,0.26892612507074953,0.3113414848934945,0.14063345967251142,0.09973533177124778,-0.2153281831806688,0.02462017980542239,-0.2606249123200728
0.3022116311433091,0.9680175717958269,0.08821479562894331,-0.11445104999911523,0.9933173585553436,-0.006244250930708839,0.013512648779909393,0.3247679694285683,-0.1960237845178583,-0.052114577548817514,-0.21892768919505268,0.005173092847206334,0.26810671755126825,0.3113098444437252,0.14063418538313815,0.10003037047793564,-0.21521306217355732,0.024570339495030274,-0.26146893224290757
0.3022329651502117,0.968017476405607,0.08819962987396555,-0.11443702741970442,0.9933188382589451,-0.006254130050517493,0.013518068373573456,0.32464662075587114,-0.19602588535647192,-0.05198444942359609,-0.2186665351148831,0.004817028542693624,0.269060753652103,0.31126444427950856,0.14062970713289438,0.0997710448008269,-0.21520547150265015,0.024620650334226144,-0.26093705383466204
0.30222520961004673,0.9680177822922054,0.0882023031022109,-0.11444647921189147,0.9933171146542542,-0.006240154931543846,0.013571057341986607,0.32467850766829015,-0.19598290902514198,-0.0520291931732212,-0.21868217218968442,0.004798974745213223,0.26880600985359193,0.311256922145747,0.1406633442948141,0.10012033939265204,-0.21515081649727147,0.024601745181273324,-0.2613744724681814
0.3022326829206603,0.9680199997245329,0.08819533630257494,-0.11451685187942248,0.9933094650646084,-0.006228237987722389,0.013542758221873062,0.3247326049793291,-0.1959455186058169,-0.051912731145534734,-0.2185116264183976,0.0047579107665437605,0.26917346141589205,0.31136581418180814,0.14066951157390573,0.10000057047286831,-0.21503350958012707,0.024500879601613325,-0.26117506124819
0.30223153308164535,0.968022317648406,0.08818792029138058,-0.11453314057644702,0.9933076600901389,-0.006175515039561043,0.013561531253694505,0.32477097163483426,-0.19581493662663205,-0.052030190923188877,-0.21851103110331763,0.004874889685264739,0.26779127380885687,0.3113615707894579,0.14086029344792608,0.09944472203374269,-0.21506207813235215,0.024637936049300722,-0.261796450969987
0.3022278026247474,0.968012061509437,0.08819967172970712,-0.11456813419926745,0.9933032963677677,-0.006301774558691369,0.013527442050761881,0.32476757623869484,-0.19610617467897465,-0.051760164531355214,-0.2183582607383051,0.004743467904727749,0.26871384275464577,0.3114439067294329,0.1405238061285077,0.09987545554597484,-0.21499824117808067,0.024518462075008688,-0.26078911443189523
0.3022120013192254,0.9680275527418306,0.08821368346539211,-0.11454935142710979,0.9933056391690698,-0.00623070717512636,0.013547382428060343,0.32473404448865695,-0.19598596576104282,-0.051941996359977906,-0.21841527458742166,0.00458956853902694,0.26925628899399456,0.31136113090216594,0.14067716584345363,0.09970906786139952,-0.21494471173460222,0.02446847506984924,-0.26077834405183875
0.3021999309722453,0.9680226559642892,0.08820467095799422,-0.11455988571188716,0.9933052746132757,-0.006218205505657252,0.013490660896111764,0.3246713521139869,-0.19596268812644718,-0.05205671633576423,-0.21834402253413135,0.004687863494698746,0.2692418090604941,0.31134623350979734,0.14069279088069356,0.09974210370876758,-0.21488029069449338,0.024486293688068247,-0.2614612810585732
0.30220165015094325,0.9680147509086515,0.08819996096291685,-0.11455077781896975,0.9933068930266699,-0.006162058024405725,0.013474591187738099,0.3246186954772342,-0.19582459251859044,-0.05196463476144546,-0.21827017038637553,0.004618194032222088,0.26896540366548893,0.31139235596501885,0.1408427378591928,0.09956554904873878,-0.2149647872912377,0.024471199497168965,-0.261963907020575
0.3022503178866585,0.9680020129212549,0.08825253364537174,-0.11476590976312094,0.9932818340895906,-0.006294291885348093,0.013430037733532928,0.32523694763343036,-0.19619681077823925,-0.052082557252782276,-0.21849329687976565,0.004576951007818025,0.26910435367854196,0.3119118808057892,0.14046148985593498,0.09963518127477378,-0.21503050765965212,0.024553466341004686,-0.2608024842135613
0.30221298677442754,0.9680149544321173,0.08820242160496397,-0.11455811666011542,0.993305757683101,-0.0062891339685960225,0.013437129708872213,0.3247657645537136,-0.1961214952669703,-0.052071615784641756,-0.21855501060388247,0.004879431575290051,0.2688379428624637,0.3114319987701942,0.14053443475708371,0.099883159079921,-0.21498916751499972,0.024537737380629615,-0.2616702779749628
0.3022135746504714,0.9680135052794776,0.08820257521102237,-0.11453889954189773,0.9933095033680833,-0.006223787096056307,0.01335423096122071,0.3246851428628746,-0.1960084769577249,-0.0521850082924993,-0.21857665701321427,0.0048952892079333595,0.26908343980127203,0.3113731356598954,0.14061873963467095,0.09985556733515696,-0.21488163928640058,0.024653482762380635,-0.2611822099440149
0.3022510364770079,0.9680008671310047,0.08824548133002215,-0.11472630484815143,0.993287601052907,-0.006331671224925792,0.01332390745800407,0.3252719315445101,-0.19629210073384154,-0.0523066238615468,-0.218826499375227,0.00477617487298495,0.2691014581859603,0.3119237015818712,0.14035872415128284,0.09945543292547279,-0.2150560208563408,0.024484272182107688,-0.2606272525566791
0.30220763870446,0.9680141511602418,0.08818645957327732,-0.11454724971280089,0.9933095790828158,-0.006188369778361436,0.013293297748815486,0.32474718930580776,-0.19592401563033054,-0.052350928363487884,-0.21873754534365122,0.005088066331320271,0.26777428062073827,0.3114847471736594,0.14072770453223019,0.09967254790061328,-0.2150935895761713,0.024523479055140317,-0.26076740269883225
0.30225942710849824,0.9680032927922858,0.08821780717665806,-0.11469368765268871,0.9932923445577885,-0.006381987431308862,0.013226733986351618,0.3251966114690657,-0.19639415357617485,-0.05237193528199156,-0.21891644992299103,0.005300222162798624,0.2679084732560114,0.31194596491984317,0.14021486880423142,0.09955324992993674,-0.21513523599314693,0.02445212654598049,-0.2609133577026509
0.30221327801404846,0.9680195073197677,0.08817416189370633,-0.11451955517086128,0.9933141916156784,-0.006155789528732972,0.013202063234110939,0.3246631741647688,-0.1958661695032214,-0.0525990636370926,-0.21877570491080675,0.005220870862477246,0.26787315922825,0.3115453911783833,0.1407689130072842,0.0995411184485021,-0.21514693181307337,0.02454684935873111,-0.2613031516963576
0.3022038495297962,0.9680186421335981,0.08817241974709712,-0.11451455147976686,0.9933141164942073,-0.006239724113026771,0.013211711309040176,0.32471277024148826,-0.1960617798926284,-0.05248113211447293,-0.2188522374679755,0.004973846406006054,0.2687835570209369,0.3115326429578874,0.14058682751601664,0.09941302085001906,-0.21514533349899004,0.024508535797015164,-0.2606959521457199
0.3022482763774976,0.9679975347475885,0.08820825725593612,-0.11460167606468859,0.9933038367671779,-0.0063224728988602,0.013189770400228683,0.3250629624600036,-0.19630212605008948,-0.05251096763589956,-0.21912097007400935,0.005035256706141366,0.26903309792358565,0.3118552994719367,0.14036587663884162,0.09927084476178695,-0.2153678730633801,0.024575029106535033,-0.26024536063941667
0.30220032634629196,0.968013199099892,0.08816226980564947,-0.11452132881918568,0.9933141277421023,-0.0061651872794781385,0.013187089870154477,0.32477087258476023,-0.195895588029208,-0.052547268628967164,-0.21902491361916304,0.0050141878301786565,0.26884616337760253,0.31158473033035156,0.14075723196347822,0.09957875310535129,-0.21523890573197127,0.024579852083071632,-0.26109226991301
0.30224294667706947,0.9679994448684278,0.08819332730658204,-0.11460511691745577,0.9933037146335806,-0.006290847036988816,0.013184191860850264,0.32513104981105717,-0.19621216936453856,-0.05269386962796924,-0.21919196170086666,0.0049755795257173385,0.2693660441518476,0.31189652200182527,0.14045568479170686,0.09966608146162363,-0.21539603879381322,0.024509342320921782,-0.2608377690752509
0.3022427334231619,0.9680003390098864,0.08817797371148522,-0.11460047533789683,0.9933038866829383,-0.006276721013541005,0.013218264871549826,0.3251805738408609,-0.19616904029995333,-0.052352228994210825,-0.21934152045270347,0.005015738570057493,0.26939035627913355,0.3117533849792321,0.1405088741795344,0.09964220125802002,-0.21514804053603412,0.024460832056020256,-0.2613634775375492
0.3021855576555898,0.9680257500843725,0.08812579356462835,-0.11441561752743581,0.9933258595028145,-0.006175480271722372,0.013216154971241355,0.3246829075589214,-0.19589401798732287,-0.05248391904021799,-0.2193353479079111,0.0051643071695975,0.26917079364786994,0.3112847153337507,0.14077918771556763,0.09932779826946946,-0.2151011770128918,0.024326233509845457,-0.26064516534731497
0.3022191734292252,0.9679975530028926,0.08814877672008353,-0.11464682691076344,0.9932982460229073,-0.006311305696450079,0.01322372668785905,0.3253882302426982,-0.1962141246022702,-0.0525471930552683,-0.21958465317278686,0.005098898824710519,0.2691598215825383,0.31184942412286076,0.14046382857360573,0.0994304485204341,-0.21520449505427533,0.024373950953342955,-0.26082207576221983
0.3022143539684723,0.9679987627033966,0.08814653117797953,-0.1146287942167142,0.99330044702422,-0.006327324927252685,0.013207060125993217,0.32530269749283547,-0.19626315502853822,-0.052449611628681184,-0.2195614601614435,0.005327046763025168,0.26939165950821486,0.31183223010527794,0.1404424830061378,0.09964841270542694,-0.21522969243683573,0.024341414713527576,-0.26103312301978915
0.30220516845533424,0.9679977436251156,0.08814163553111634,-0.11463053693479994,0.9932998449415794,-0.006358951491254594,0.013222018643377178,0.32513294043290664,-0.19630482012095826,-0.05248994823938995,-0.21918951893837826,0.005172804805887872,0.2690429020295987,0.31178359823787305,0.14035617466717434,0.09947901298613081,-0.21515925486561058,0.02425485488180701,-0.26024062908277584
0.3022035898560393,0.9679939822961667,0.08813376829920586,-0.11465964407578343,0.9932973191167735,-0.006276031765211968,0.013198987882683763,0.32531524870263556,-0.19612795460989757,-0.05259678034622731,-0.21942730861929263,0.005455550923429981,0.26838291893656374,0.3118870276585309,0.1405459900425178,0.09920740839603054,-0.21522993256406658,0.02451070410134823,-0.2607912785078352
0.3021988169439987,0.9680015212223313,0.0881252091794584,-0.11462714939064506,0.993301134050097,-0.006185902886931689,0.013236628076640247,0.325140082544329,-0.19591333797892987,-0.05249341170480073,-0.2192822698112006,0.005072786271959156,0.2691202358919628,0.3118277382290309,0.14074777648139752,0.09969071490414291,-0.215268184969443,0.02446407169377906,-0.26083617758546546
0.3021550609520562,0.9680115482009812,0.08808080202886691,-0.1144612682746773,0.9933216317722244,-0.006045635300696287,0.013198644329201155,0.32455669385039737,-0.19557096077296188,-0.0526312789512499,-0.21895940398500596,0.005194781891621687,0.268965585383792,0.3113736185009956,0.14110586625053081,0.09930828401274919,-0.21519226063405036,0.024775953994766193,-0.26081975972917176
0.30218321334021836,0.9679949854926059,0.08812487946306559,-0.11465008867688567,0.9932995604502571,-0.006153170985759551,0.01317113748042892,0.3250451437282913,-0.19585563123663344,-0.052575696295068544,-0.21907510453842022,0.005386728313809071,0.26828639020389194,0.3118396691047767,0.14083651851601553,0.09928537925208014,-0.21520968293276668,0.024389823579994578,-0.2608958771754908
0.3021441678545737,0.9680166206360435,0.088074590660482,-0.11454651749272174,0.99331227931294,-0.005994395754050657,0.013186292730153341,0.3246661336742388,-0.19544776335006392,-0.05269784208899682,-0.21888434762806497,0.005222026115162579,0.2681749031611976,0.3115859572113878,0.14121086566318622,0.09939463222429895,-0.2152215269969297,0.024362255105111388,-0.26129467202746476
0.30218458813387916,0.9680023564335478,0.08811135919532896,-0.11461272123317338,0.9933038256077608,-0.006126571953153336,0.013187087647274102,0.32493081616622865,-0.1957835227074828,-0.05267084518236454,-0.21899679252177032,0.005262020094518955,0.26845299259279853,0.3117775740933219,0.14088436332944468,0.09915242690096575,-0.21522791662926613,0.024460096951392906,-0.2606106987326376
0.30218226539612664,0.9679935945338606,0.08811902054151627,-0.11463381512940433,0.9933003178555253,-0.006175675146954123,0.01324492406431302,0.3249632715603666,-0.19587633404523103,-0.05236431485485541,-0.21893602889678201,0.005041619621532947,0.26937087286463285,0.31181527442915047,0.1407812367725738,0.09939236044779302,-0.2153063841625071,0.024582283590759663,-0.2602894151922965
0.3021827968295872,0.9680007978340783,0.08811530943352443,-0.11463979263454116,0.9933000237967305,-0.006190138873036349,0.013208438622955919,0.32500456140322714,-0.19590327655407577,-0.052476184461448916,-0.21902029081091903,0.005130231872428122,0.2691483629696182,0.3118542041768057,0.14073655294815504,0.0995642946716986,-0.2153132857468073,0.024544250806261526,-0.26111744724068736
0.3021902881476503,0.9679899648829609,0.08812668443679265,-0.11460224461987312,0.9933041057838302,-0.0061373160575045925,0.0132518795905442,0.324997778009511,-0.1958016005428207,-0.05232535904501038,-0.21912022801172593,0.005144313384221135,0.2693686302918435,0.3117888622442135,0.1408937982746562,0.09967558536263273,-0.21544718069105606,0.024786417224006704,-0.2609819153836423
0.3021830249427587,0.9679919108231694,0.08813033404816305,-0.11463306967024053,0.9933004090510691,-0.006166785870799424,0.013248678008773208,0.32508718486362026,-0.19585859396203845,-0.05236952804712781,-0.2191800766614231,0.005126730026568807,0.2690760181572778,0.3118681253720257,0.1408158009195649,0.09948919737606168,-0.21548025583445532,0.024776179471155253,-0.26055588983735123
0.30217880191881963,0.9679922280644307,0.08813200027439991,-0.11465975699642009,0.9932961799159845,-0.006282621933355684,0.013280352084061588,0.32522372625982726,-0.19610927409748835,-0.05224962946950877,-0.219273391150882,0.005129555771982525,0.269233359217143,0.31183999585936056,0.14055410055065937,0.09943826380762778,-0.2152736890272961,0.02451565182619924,-0.26057396749079514
0.30219620568133565,0.9679905727718698,0.08812602955258546,-0.11458157222708924,0.9933056813074158,-0.006192468874679739,0.01328684001615095,0.3250560672681917,-0.19593537863365315,-0.052351809558560766,-0.21930664061574862,0.005341023199906731,0.26907936193116244,0.3116772251182532,0.14079415994216224,0.09953549578980635,-0.21534670241378592,0.024782702956588746,-0.2607382371779582
0.30214673502883166,0.9680161976360798,0.08808266908644986,-0.11450567896878297,0.9933152698446881,-0.006075039878577001,0.013278481379512297,0.3246738059883063,-0.19560652733109168,-0.052516155068396984,-0.21898995696989462,0.005321452389217137,0.26820916695932767,0.3113940821278006,0.14106919890687958,0.09957739692780512,-0.2151323373546298,0.02449981159030503,-0.2616715024899662
0.3022044237693343,0.9679985559835639,0.08813144312139735,-0.11468693619291377,0.9932926401557153,-0.006255687100478474,0.013323064890332687,0.3253093314957618,-0.1960479377464382,-0.05218304814002118,-0.21924385012755646,0.005329422485819541,0.2684878812065444,0.3119600740241478,0.14063449572353728,0.09960321335710749,-0.21536426310182155,0.02439101662555602,-0.26057331505146747
0.3021512256244199,0.9680034593769894,0.08809481872803684,-0.11448586246182148,0.9933170013961902,-0.00608788157610056,0.013313892427435003,0.3246700494959444,-0.19564897624742122,-0.0523433701106899,-0.21903366096916688,0.00515506023706399,0.2693047442936258,0.3114057637807162,0.14103744854518127,0.0997710714760632,-0.21530219843816262,0.024764578892291837,-0.26123331743116784
0.30214036185227683,0.9680212071981201,0.08808404509925688,-0.11453247772834796,0.9933115388865912,-0.006138516085303443,0.013297250859786572,0.3246892987726385,-0.19573021587715053,-0.052354981315101835,-0.21888082797482555,0.005059414131160868,0.2690595513234941,0.3114678672688951,0.14091383130319846,0.09930727694688161,-0.21518214638944036,0.02449275239063378,-0.2604722803273775
0.30214549997493917,0.9680129906153057,0.08809815630374203,-0.1145248695703489,0.9933124012272939,-0.006102855499178828,0.013314765214534355,0.324643387231745,-0.19567953057640683,-0.05234851432587638,-0.2187714520378564,0.005045955678368298,0.2692577665663534,0.31149654372658564,0.14098347359781416,0.09968092127484647,-0.21526176147769713,0.0244763159688272,-0.26099619415058684
0.30214189740115355,0.968016597246324,0.08809378354905141,-0.11452902817462353,0.9933132894658914,-0.0060324068446948025,0.01324464961736494,0.3246380110526689,-0.1955426170080851,-0.052478482387618056,-0.21888760735163468,0.00503313510107022,0.2690380743029043,0.3114228286405236,0.14112762480223662,0.09944886948503924,-0.2149949544252234,0.024423800347309958,-0.26171638862229274
0.3021948329814859,0.9680050284335727,0.0881433801737427,-0.11467726256431579,0.9932941121229925,-0.006238984970476997,0.013304410512659596,0.32513482512710795,-0.19601741537628642,-0.052231582317348195,-0.2189792387366234,0.005034967728324861,0.2694649361402774,0.3118465527793654,0.14064291247125035,0.0994323860213218,-0.21512383400565369,0.024373836358529834,-0.2603356818298984
0.30215697653516493,0.9680187819285457,0.08810332894013728,-0.11449861589193791,0.993315672540597,-0.006075280223037033,0.013309117711677693,0.32468309794669425,-0.19562863072237485,-0.052512152563959524,-0.21895655754047622,0.005257493363789987,0.2685207890768894,0.3114061056476699,0.1410587005222204,0.09946394093227325,-0.21518467570411084,0.024440729833845654,-0.2606281964762677
0.30216473849861986,0.9680123444041914,0.08809667830058486,-0.11449568782479859,0.9933154146715265,-0.00611826890745387,0.01333383782095271,0.324733892731623,-0.19570983019750246,-0.052285372363492066,-0.2190397610824419,0.005090851551789164,0.26910354604385134,0.3113725625166314,0.14099130155070264,0.09939264913950015,-0.2150951654151408,0.02447736250835728,-0.260980797582384
0.30216697871691195,0.9680106727827555,0.08811262261675772,-0.11446833605184806,0.9933182101177894,-0.006115196514460499,0.013361806071852885,0.3246118220314874,-0.19570233251082042,-0.052325182990572795,-0.21888531921692433,0.005132180391985285,0.26898975008703896,0.3113026967344476,0.14097640499356562,0.09937625144851002,-0.21511471507405236,0.024519246770874876,-0.26070122178160227
0.3021788422282078,0.9680116830096955,0.08811702252616564,-0.11449360078435275,0.9933152730647898,-0.0060948641796533835,0.013372969239727793,0.32477819462216145,-0.19565331152132526,-0.05233333041862655,-0.21906700965206005,0.005376395553072491,0.26792127264447857,0.31141769246795425,0.14099928005477064,0.09935806255778772,-0.21522102526654346,0.02471480792373341,-0.260499845330957
0.3021862197022133,0.9680244248712263,0.08811092461130733,-0.11446705533669145,0.9933180831491937,-0.006111173893956288,0.013384038441228601,0.32471296404498357,-0.19569165020918056,-0.05217492744584174,-0.21903129889026499,0.00504490438836398,0.26942599038984005,0.3113847511941203,0.14097210750429326,0.09952234142713866,-0.2152632575134312,0.024518636263493116,-0.26099439537908764
0.3021756662219862,0.9680205094112291,0.08813155202248242,-0.1144240820628384,0.9933220420347814,-0.006095018149778562,0.013464806188088473,0.32471842307698495,-0.1956639221689787,-0.052179777143004424,-0.2191080945245736,0.005098557378410199,0.26936181551924604,0.31124579109929346,0.14100881223363262,0.1001339611778395,-0.2153229215289118,0.024788161724145035,-0.2610016717325759
0.3021907984683245,0.968019142186941,0.08812986086006618,-0.11440806748986058,0.9933235112246049,-0.006108770085953201,0.013486254843158305,0.3246443381771107,-0.19569816982018198,-0.05219850014225256,-0.2189617855202052,0.005276456185562697,0.26882232431881176,0.31124756029930745,0.14100124910660922,0.09987457418057806,-0.21541143709970123,0.0247541018461955,-0.2605095616992959
0.3022409809526467,0.9680018821508671,0.08818068610875883,-0.11458373731579441,0.9933015405348059,-0.0062703909891567286,0.013538792810640006,0.3252314247349053,-0.19606671817951843,-0.05185080441354899,-0.21921819981395205,0.0049803077935296055,0.2693670131420536,0.31166218239295407,0.14059811017710996,0.09994766596212966,-0.2153233275403625,0.02461820030854948,-0.260602591817367
0.30222147999657983,0.9680144567822336,0.0881489760098555,-0.11446118419338112,0.9933161163239042,-0.006145713550924365,0.013563206449612968,0.32481461776633447,-0.1957399938553933,-0.051883450999381145,-0.21894409390401556,0.004962607576608989,0.2690708405269265,0.31141879247997084,0.14093505632216208,0.09995480510083032,-0.21538270390386133,0.024644104873100467,-0.26127516670267437
0.30225507572360844,0.9680048331520821,0.08820154997417906,-0.11455381047430858,0.9933033945951816,-0.006290989876654418,0.013646033778244495,0.3251387728165318,-0.19609563322248977,-0.051714210164515495,-0.2189869959303791,0.004837164798571452,0.2696044165014741,0.31158067971673886,0.14057190366562636,0.100295377276431,-0.21535381153046262,0.02454919994349546,-0.2608928320495976
0.30225382248295624,0.9679987772217689,0.0882092074690724,-0.11456365987737893,0.9933025317396291,-0.006267015939955999,0.013637183959731198,0.3251117472534362,-0.19606798172122264,-0.05162881066344443,-0.21894505068684442,0.004909100499772457,0.26970698456566283,0.3115746046690152,0.14060698116546802,0.10030605277160237,-0.21525600857795885,0.024674297168048864,-0.260864202191926
0.3022151105029637,0.9680208391844045,0.08817245342470217,-0.11445475791852402,0.9933151639261273,-0.00623924022259968,0.013644243682499571,0.3247594570356499,-0.1959445809410379,-0.05165580150446755,-0.21880075837308136,0.004911524405275918,0.2693239544606742,0.31126814960825977,0.14071557380641134,0.10027825245738596,-0.21531889841836024,0.024703023232347507,-0.26021356232749376
0.30223441187251243,0.9680160447480898,0.0881760528837295,-0.11444466881411543,0.9933164454378447,-0.006204548941691358,0.013651394624100996,0.3247431481927452,-0.19588641422186504,-0.05170343308521559,-0.21875925702830218,0.004926723328788437,0.26947468730057195,0.3112620657633105,0.14079002937309995,0.10005534535560709,-0.21521906340838085,0.024527821613813228,-0.26063782907642097
0.3022461898486539,0.9680136592452357,0.08817856251566995,-0.11440708060150857,0.9933212458585576,-0.006193510331932417,0.013622146086837148,0.3247264534810058,-0.19588678179276264,-0.051834309835726046,-0.21891149536288587,0.005133940317677309,0.2684066679434173,0.31117113149205716,0.1408060229996975,0.09986909483865664,-0.2151605248084543,0.024540782160133914,-0.2605913584553319
0.3022408573903422,0.9680151968854397,0.0881962582132845,-0.11436052815926802,0.9933257456503966,-0.006212874862618325,0.013675994046449575,0.3246889974885722,-0.19594136379682545,-0.05171107577539857,-0.21897173109615614,0.005189326742987059,0.26884092494268924,0.31107765310796615,0.14076304406173248,0.09982192591820317,-0.2152518848155082,0.02464598010143513,-0.26053514528830213
0.30225412139877017,0.9680255906386208,0.08820214546923859,-0.11439953744898863,0.9933212581575991,-0.006245900117504157,0.013660624267728912,0.32478010853928563,-0.1960116234859825,-0.051802564709982936,-0.21897031034070852,0.004949041134170574,0.2692992965346727,0.3111002072145217,0.14068277472788437,0.09996578052634958,-0.21506529482760672,0.02454803493084859,-0.2608920176311392
0.3022650938463006,0.9680225422903795,0.08822522562838142,-0.11442598141862939,0.9933181501562713,-0.0062741500432878135,0.013652193513907767,0.32484793258293293,-0.19609075713683183,-0.05180184273679974,-0.21893628831267725,0.004856424477134307,0.26954736146864205,0.31121955878175983,0.1405836796622127,0.10024121743878264,-0.2151488058872896,0.02461291902411642,-0.2609316544413561
0.30226045141049074,0.9680211963540867,0.08823739247612808,-0.1144316761582815,0.9933176649214994,-0.006236901276184904,0.013656833783024467,0.3248632131898662,-0.19602150026976756,-0.05181170285740532,-0.2189834466115379,0.0048520126304987055,0.26956748065252834,0.31120486082533355,0.14067231267999306,0.09999682709756115,-0.21508939346741962,0.024392167782304963,-0.26082120905952566
0.30225447284167256,0.9680299999890946,0.08825347434308382,-0.1143796424548815,0.9933241069528049,-0.006242964821290368,0.013621355606038853,0.3246341490448921,-0.1960573486236353,-0.05180475441859999,-0.21877167747566295,0.004764614026351377,0.2695639591238255,0.31105457295220795,0.14062226520766616,0.09980925652714343,-0.21501872981878106,0.024588412359802844,-0.26064423601240944
0.30226033512683426,0.9680397565954296,0.08825198809364193,-0.11439473052410745,0.9933227586053704,-0.006225101615160248,0.013601138732272129,0.3246116054415262,-0.1960117101572623,-0.0518420194860202,-0.21866368266802605,0.004530236588012774,0.2697491225490272,0.3110727933554831,0.1406364415070877,0.09986560249874832,-0.21498600288978645,0.024498431906454992,-0.26092526749788186
0.3022611453232181,0.9680284937040935,0.08827221755043824,-0.11444121219842482,0.9933176518477974,-0.006284270648059563,0.013555789189676993,0.3247735967450551,-0.19617360457263994,-0.05181914407667712,-0.21884143062758454,0.004654511471386285,0.2694886530321864,0.31116792675522925,0.14047847398359614,0.10013836232108773,-0.21488925579641374,0.02434397474252086,-0.2609578678822151
0.30227344365102266,0.9680315628893249,0.08827296624023125,-0.1143997654159901,0.9933229155686608,-0.006323885859063373,0.013501390542567134,0.3246167324820827,-0.19627664232615666,-0.051942500320219964,-0.21870634287745422,0.004656958486158001,0.269445907517964,0.31116712911099365,0.1403764306132669,0.09990230763137899,-0.21501356564693871,0.02451458394401344,-0.2604123424582469
0.30227962636168937,0.9680347250490046,0.08829090974744042,-0.11436978499857212,0.9933271205088536,-0.006300099720305904,0.013457068197934586,0.3245648653328612,-0.19625907026459666,-0.05208300787237482,-0.21866461964234452,0.00467680620479575,0.26966982964781655,0.3110783039616584,0.1404045778768527,0.09994413947210491,-0.2149989453676566,0.024576736866131696,-0.26067022753809155
0.30229345401708035,0.9680239246373011,0.08829559027753137,-0.11435155431059446,0.9933293951933269,-0.006297146462427658,0.013445468308738167,0.3245840796458053,-0.19626639915908367,-0.052051128220153696,-0.21883427395629182,0.0046960274621419456,0.2697167664776883,0.31107118106598314,0.14039511792164236,0.09960704878442307,-0.2149753754171294,0.02452208008541728,-0.2604775327807288
0.30229527674083856,0.9680329553425195,0.08829179393855903,-0.11436745242940041,0.9933283350768343,-0.0062996021316323435,0.013387291409266098,0.3246045382230009,-0.19625793969236388,-0.05209361536526205,-0.21886835770021623,0.004666820448173575,0.26911359506249444,0.3111909520582694,0.14038641329725127,0.09958090174302658,-0.21508876033489863,0.024687577623048563,-0.26107989871190107
0.302309051020615,0.9680322362961591,0.088288954164517,-0.11425331791717956,0.9933416281181753,-0.006303039653999888,0.013373888124583025,0.32441948967229545,-0.19628954145206387,-0.05205978667466974,-0.2189815819668535,0.004737070197642891,0.2693493280034381,0.31097133698333995,0.14038588670412752,0.09950329359861984,-0.21508326130433641,0.024505439873707676,-0.260648920727661
0.3023131759373294,0.968028324805358,0.08828589401594762,-0.11426136021370409,0.9933411366427891,-0.006270679114489937,0.013356885818522436,0.32442438161213305,-0.19622773099085375,-0.05206499047842133,-0.21894922675800316,0.004831822483917025,0.2693044129039858,0.3109633334206171,0.14044886600481385,0.09969927039396678,-0.21510518409930218,0.02464951073699571,-0.26061660579475654
0.3023258330173497,0.96802840663386,0.0882902219344375,-0.11423343215429338,0.9933440193344574,-0.006355086032834713,0.01334148088597984,0.32451177804102715,-0.19642066132980204,-0.05214661594768912,-0.21921305047720435,0.0049800672417490725,0.26889181483676716,0.31100213940908994,0.14027487076920225,0.09954313852947189,-0.2151783327273354,0.024565577095796196,-0.2606776198754768
0.3023351386684901,0.9680251389250605,0.08830388621899296,-0.11417493039696755,0.9933509710445032,-0.006328498239678183,0.013337304968417688,0.3243635566624533,-0.19639100630054665,-0.05210116382754526,-0.21917709516969172,0.0049539643673971335,0.2694678852314255,0.3108700134593328,0.14029961448042608,0.099719457698206,-0.2152251637689563,0.024792256520473014,-0.26029293773139806
0.3023467303736538,0.9680428177273321,0.08828887972217053,-0.11422558668197029,0.9933447949408916,-0.006355419064672375,0.013350743781154887,0.3244555278614766,-0.19640666682420613,-0.05213287331901129,-0.21906004157236664,0.0048017371509787524,0.26915237683479193,0.31094766180126876,0.1402434971422822,0.09956274371387756,-0.21497667334143875,0.024183733141674026,-0.26046146592975267
0.30234190514826786,0.9680437986179184,0.08830518239878529,-0.11423458561537697,0.9933438502048192,-0.006328679419641832,0.01335674085815825,0.3244961798658017,-0.19635072551464064,-0.05213913340558295,-0.2191269100567963,0.004716499513506365,0.26909253988772774,0.3109859499623615,0.14027439505983125,0.09955770241732624,-0.21505042914886635,0.02429514933211878,-0.2605432137608998
0.302364864949955,0.9680468755949392,0.08830368992909096,-0.11420023274683659,0.9933475182232688,-0.006327868387656216,0.0133780776612207,0.32451401052768836,-0.1963313909229659,-0.05202695458020261,-0.2192371342264106,0.004782734714904946,0.2688929071954114,0.3109149588117717,0.1403001757411487,0.09964394783955893,-0.21505392840138285,0.02451566640749761,-0.2606552799334139
0.3023690050438165,0.9680418951931411,0.08829242177596382,-0.11419861696766659,0.9933484170628457,-0.006290279466483581,0.013342810260374998,0.3245355653223347,-0.19626874743224668,-0.05224283798042194,-0.21930766652867403,0.0048714495462514155,0.26922748635209137,0.3109614512815427,0.14037150136833612,0.09988229093112243,-0.21511919370639457,0.02454094485463051,-0.2610283580347489
0.3023830705333821,0.9680355527243912,0.08828304405356326,-0.11411351602970415,0.9933584237076492,-0.006232930228164607,0.013352830754702179,0.3243171644872204,-0.1961680921849462,-0.05231969337517534,-0.2191648713974768,0.004812397380059072,0.2698482477625935,0.310829498780428,0.14054592564061402,0.09992937170950286,-0.2153351188745512,0.024773940393491276,-0.26075880421030256
0.3023918824307551,0.9680330614707909,0.08826406817427788,-0.11414473791738962,0.9933547355272613,-0.006229608417757362,0.013361893215285255,0.3244350155560121,-0.19612555072441787,-0.05222381660744564,-0.21920295842434945,0.004700041160847692,0.2692850291355595,0.3109125379092046,0.14056755862878037,0.0995795922111215,-0.21519657237567152,0.024460121012340987,-0.2604543983735294
0.30241319968856384,0.9680372448848484,0.088266409983424,-0.11416542270032781,0.9933514311244623,-0.006272416020160333,0.013410717352476814,0.32452426058970285,-0.19618241187030955,-0.05206515080957101,-0.21925241959731528,0.005060409785966103,0.2679888477019844,0.31100699164182466,0.1404853812059546,0.09966985127820034,-0.2152892603497418,0.024442726417752567,-0.26068495896662885
0.3024301027497077,0.968035661989417,0.08825076204496829,-0.11414266685851167,0.9933546956015492,-0.00617091204837135,0.013409704443853556,0.3244718929002931,-0.195963155044092,-0.05229956364456905,-0.21922922866079575,0.004637076686739723,0.26924708650084206,0.3110362742778424,0.14072463112774197,0.09988248291196428,-0.21546783649393803,0.02467167229565326,-0.2609723503151375
0.30245186486268394,0.9680366516746824,0.08823868095136812,-0.11410177097559675,0.9933587373776941,-0.006234534770225517,0.013428898384622539,0.3243824344211795,-0.19609626283828707,-0.05215313439773266,-0.21915439811473145,0.0048177895097403015,0.26963771089490096,0.3109422087218989,0.14058532919521455,0.0997414064890314,-0.21543200328544754,0.024588280921000592,-0.26002089062018086
0.30245471026653276,0.9680389056216643,0.0882464524524486,-0.11410442956284476,0.9933575219519101,-0.006192606676541368,0.013515337888774192,0.32443421170682163,-0.1959559139623038,-0.0519666968182451,-0.21914300306332915,0.004633242386765936,0.26924959540855037,0.3109508418760722,0.14070330548030688,0.0996723352810769,-0.21543162022925372,0.02459652088039484,-0.26076513937416046
0.30247777243799423,0.9680339551506,0.08821442070660733,-0.11404930342646082,0.9933641935226517,-0.006177599332558474,0.013497136048707602,0.32423536462856684,-0.19590652580205598,-0.05209982902249448,-0.21898849047136806,0.005056177962291246,0.2682217233063374,0.31087989293312457,0.14078524839476086,0.09965299000276208,-0.2154804219158715,0.02469801617102415,-0.26046188255007785
0.3024830117351452,0.9680406871042442,0.08820528409826754,-0.11400610148991228,0.9933683884424838,-0.006227728417798822,0.013530301733833907,0.324261711607353,-0.19600074482146712,-0.0519359555008208,-0.2191537202802062,0.004774944329738804,0.2693403532419008,0.31077529408433574,0.1406797764649496,0.09986724774744701,-0.21549478818226428,0.024574368677158672,-0.2604373841529679
0.3025148423698927,0.9680377826603941,0.08820000679236834,-0.11401295186858457,0.9933673606724832,-0.006187777484559187,0.013566317355796411,0.3243388985914698,-0.19590999325152125,-0.05191175792079265,-0.21916494838084974,0.00478453145795865,0.2693078091353924,0.31081822235437795,0.14077568498204115,0.10000823458915523,-0.21545811401606274,0.02454383564371164,-0.2605621015294188
0.30256067596086506,0.9680399436834057,0.0881930778195226,-0.1140211589292159,0.9933650141889705,-0.0061824521820592875,0.01367118088539947,0.32446604955070535,-0.19584335134566844,-0.05167652612478997,-0.21919266083056124,0.004674157926793527,0.26910135110900096,0.3109270255895526,0.1408206322332485,0.10006395995005919,-0.21565915557889298,0.024632396788681198,-0.26042000328030535
0.30258207356243844,0.9680448032936,0.0881980141768835,-0.11389763524258598,0.9933794125964165,-0.006195092542720996,0.013648888018159402,0.3242688263277994,-0.19588244740694025,-0.0517986674211976,-0.21930703396786583,0.005086121608800092,0.26793914852262535,0.31072055047845953,0.14076762355699818,0.09989439483343117,-0.21565550751389445,0.02460318515200007,-0.26056769402953983
0.3026224565060916,0.9680381178016602,0.08820464345136318,-0.11391759240309157,0.9933768930079082,-0.006179661484916957,0.013672686750218618,0.32451885589787766,-0.19588014659969727,-0.051715218081489,-0.21960392652669256,0.004769140368296185,0.2695931308477332,0.31084870643987433,0.1408174732627181,0.09999249525764467,-0.2157964762513817,0.024764378611873472,-0.26009759905433827
0.3026320847721249,0.9680361791025323,0.08819201181339081,-0.11387052113863454,0.9933816937891294,-0.006258664034479737,0.013680057922379809,0.3244481407451451,-0.1960125481816666,-0.05169580274629326,-0.21963372941442713,0.005045507872546104,0.2691212694013381,0.31082780443989994,0.14065947668430664,0.09998385015376306,-0.2158820829966451,0.024551554338989732,-0.2602364706219952
0.30267135540587614,0.9680389270093464,0.08819817017831595,-0.11387062866747136,0.9933812938338221,-0.006225919428707503,0.013723079653769043,0.32464622785658037,-0.1959177545338866,-0.05157561700433821,-0.21986411488079619,0.004745350008019768,0.2688886457427881,0.31087964538198204,0.14074316789961336,0.10046391487245375,-0.21597109239141296,0.02465522303755035,-0.26059391131497256
0.3026850465592308,0.9680458841464394,0.08819550498741704,-0.11382750114775475,0.9933863672308105,-0.006173448278039599,0.013737318471576374,0.3245611208806958,-0.19575771654590599,-0.051738912412428846,-0.2198583483331008,0.004835044001166319,0.2678809522613031,0.31087513428664304,0.14086769615340766,0.10003187653954314,-0.21614923071410103,0.024813819113321794,-0.26000492519047125
0.30272410092071683,0.9680426567941334,0.08817197032619108,-0.11380470035972814,0.9933893234847974,-0.006169636497697602,0.01371414408322412,0.3245639423041846,-0.19575689924588832,-0.05160326956526863,-0.2199119280684223,0.004891428358873387,0.26836220023808505,0.31088488658523233,0.14089476401836157,0.09999154452043926,-0.2162142162123789,0.024789034553782795,-0.2604166619454324
0.30280286672368917,0.9680120702233481,0.08822240634519699,-0.1139723435018107,0.9933686474987109,-0.0063329806705746,0.01374512419416834,0.3251722293123841,-0.19618804449352809,-0.05147987691420924,-0.22015341595537893,0.004946258695359274,0.2690577835971021,0.31141013735208034,0.14050256838473546,0.10018839320363021,-0.21631779755852223,0.02469311950077884,-0.260276748822142
0.30278281402753654,0.9680371460311106,0.08818474691352665,-0.11383898395827269,0.9933854041702587,-0.006228607018189326,0.013686817287192869,0.32474040756852957,-0.19592649463206627,-0.05165656542304989,-0.21998664769661572,0.004881267754400004,0.26844049452533364,0.311044615147757,0.14072808393138822,0.09997358537393737,-0.21615235794489443,0.02457425043407868,-0.25981016108512145
0.30285141170706364,0.9680208097320318,0.08821698165145424,-0.1139341205110033,0.9933735654596588,-0.006309357932103894,0.013717420742751322,0.32519477939745156,-0.19610411897847824,-0.05177001576265912,-0.22030915488476527,0.00485337035337809,0.26846587530602256,0.31133622783439546,0.14060454594734584,0.09983743417503396,-0.21627232156869844,0.024760237295985688,-0.26100668598445925
0.3028248876529935,0.9680313931205352,0.08818329879077562,-0.11375329702887088,0.993395029374352,-0.006234262213958804,0.013698065704307916,0.3247183327560539,-0.19594081896531246,-0.051697769726759144,-0.22022835021167853,0.0050438241408494,0.2684571695814672,0.3108702286179759,0.14076678093092979,0.10013560134273494,-0.21621955267393606,0.024879144791980484,-0.2602108570269313
0.3028446999701598,0.9680382698059306,0.0881707669296257,-0.11380365480182042,0.9933899502694178,-0.006212393062598433,0.013658002412782137,0.3247912212432871,-0.19588504801945184,-0.051589144007514055,-0.22018717448957248,0.004919757840510902,0.2686842811992244,0.31091941714486254,0.1408035990214368,0.0998831599445923,-0.21591288799794875,0.024423773929112866,-0.2605808950259632
0.302870165486913,0.9680366558662049,0.08817665448481579,-0.11377367869060342,0.9933934561634048,-0.006215123098267622,0.013651502987084615,0.32474954840573644,-0.19589218491475888,-0.05163350913480653,-0.2201530170910665,0.004928131204472127,0.2684270733730158,0.3109430948976526,0.14078776015956876,0.09979175432167724,-0.21607275511242138,0.024641046875736376,-0.26038525262845175
0.30287255299501403,0.9680412989326553,0.08816718225343756,-0.11369664211372507,0.99340232272015,-0.006246675360675415,0.013633702109579256,0.32459139904331247,-0.19594318557433013,-0.051691542546523576,-0.2201474728030248,0.004951434416240002,0.26854494487777775,0.3107594572599313,0.1407305373998504,0.09945401401447009,-0.21601128485941448,0.024697552655313492,-0.2606480011476694
0.30288623212258825,0.968045975232587,0.08817833691368479,-0.11373504049347942,0.9933979570858985,-0.006237637249401788,0.013635662912182883,0.3247424240932576,-0.19593879467345196,-0.05163974930562313,-0.2202733907137931,0.004916865440585847,0.2684810101222033,0.31082399073125233,0.14070797572438812,0.09979320973468374,-0.21587241331648732,0.024464944426476717,-0.2601492176066813
0.3029130003228998,0.9680431002774139,0.08816571853998979,-0.11369763927810729,0.9934025090123336,-0.006202553028876115,0.013631956811466393,0.3246802700681662,-0.1958570654111946,-0.051598134610423556,-0.22028132489242103,0.004961755165347371,0.26872697074748697,0.310823351730043,0.14082244623500204,0.09984970259177647,-0.2160862578868424,0.024722857271342845,-0.2602975351507932
0.3029282355802886,0.9680340683435371,0.08817338864944389,-0.11370262953217876,0.9934021846628277,-0.006155954169934135,0.013635093430074824,0.32464370883925114,-0.19577118507015936,-0.051629628754972394,-0.22006211271016116,0.004806387651903329,0.26878341556572477,0.3109104569529905,0.14091493575130143,0.09961700876488074,-0.21608117277543798,0.024467798879899937,-0.2603702728454717
0.3029670905739519,0.9680411754871496,0.0881862035307849,-0.11365279956534008,0.993408021417477,-0.006130330206676128,0.013636831960963205,0.3246825338704066,-0.1957468786304367,-0.05172613652429204,-0.22030856437766522,0.004834145714110509,0.26920256921340746,0.3109345294247423,0.14095721860944763,0.10013807312545855,-0.21635736647614975,0.024689914104317014,-0.26069384460077816
0.3030450941588955,0.9680327427643071,0.08821674133561044,-0.1137727794255588,0.9933931001566021,-0.006271313976267876,0.013659203638918664,0.3250843865846084,-0.19608836916578845,-0.051522435928111524,-0.2203588927687569,0.004650183299013205,0.2691405047340175,0.311322933004797,0.14061617492800996,0.09985150381702497,-0.2164504546607886,0.02460656321416775,-0.2598891442404773
0.30302631130048435,0.9680504354590677,0.08815965040690893,-0.1135872552765165,0.9934157405194779,-0.006140051616253843,0.013616229031364167,0.32456165112952384,-0.1957362021710001,-0.051697634612604466,-0.22025408889941747,0.004785918958367958,0.2686367856202339,0.31091194979796366,0.14094505565685156,0.09971583373074704,-0.21631479296099693,0.024494032014732506,-0.25997557722077114
0.30307813846480297,0.9680343291532489,0.08822616749840383,-0.11371341533508804,0.9933991278503257,-0.006389341564541606,0.013660463879875866,0.32502426744375285,-0.19632877402596663,-0.05140623707280578,-0.22036190047321874,0.004787779961111934,0.26910835301949576,0.3112828191036965,0.140345377226272,0.09993932832709213,-0.21642962464463944,0.024461958155463523,-0.259792656947494
0.30311696375965463,0.9680382469605961,0.08821841752239756,-0.11371091966786524,0.9933994850114866,-0.006326266223183941,0.01368460020880229,0.32509722661201207,-0.19617561938875552,-0.05147628853175053,-0.22042030928857903,0.004667978261573182,0.2689697155870231,0.3113760791745695,0.14050455606112555,0.10017457597042088,-0.21655561986722802,0.024470388882759563,-0.26013498205789737
0.30312300926735375,0.9680441448709031,0.08822824069690949,-0.1136060098132867,0.9934114317890957,-0.00633235903488945,0.013685866947168671,0.3248512271867531,-0.19621448851075476,-0.05150559288842523,-0.22035258842155622,0.004668244765037715,0.26900156741971337,0.31110724436903026,0.1404854692708026,0.09996130683497084,-0.21645602304236453,0.02451811343062633,-0.2598861128266524
0.303152130418818,0.9680291170798819,0.08823854573125553,-0.11365675067166114,0.993404911422697,-0.006340767576489204,0.01373388708867025,0.3250294354682947,-0.19622159877999462,-0.05149342990470488,-0.22040794857520427,0.0049984872717973835,0.26796741520851836,0.311259344951964,0.14047151339462852,0.09995404953912107,-0.21659878840468497,0.024677022105332434,-0.2594692410059491
0.303169061965261,0.9680288907130382,0.08824239427634621,-0.11366816585293775,0.9934026594248344,-0.006348964150436762,0.013798368509059225,0.32508517649783003,-0.19621549174100536,-0.05119109017168187,-0.22036308248880904,0.004869398639891249,0.2680774116395834,0.3113599418216933,0.14046610143344726,0.10017237094272845,-0.21669252919952753,0.02442155268785943,-0.2599432039494455
0.30318621383361294,0.9680328778064718,0.0882529337239074,-0.11362267733859717,0.9934074929010684,-0.006388817564936708,0.013806637988467072,0.3250580715823528,-0.19633327750789079,-0.0512010715159638,-0.22048299958398668,0.004846109149379941,0.26943900068882604,0.3112318302574642,0.1403777833544359,0.10006601361626087,-0.21658735098073822,0.02454431884652406,-0.25971455549650785
0.30320344517915127,0.9680256653206146,0.08825772783488639,-0.11365365642801335,0.99340371143071,-0.006349669667350173,0.013841755356490109,0.3251333563197556,-0.19623637837952215,-0.05118234937007615,-0.22037724314108434,0.004655369298369236,0.26903796671681346,0.31132528677419513,0.14048395213120413,0.10021918129719526,-0.2166450954424239,0.0245474974241591,-0.25986766434953856
0.30321221973691503,0.9680287057616204,0.08826045963196687,-0.1136807376120946,0.9934009173276619,-0.0063277990921529245,0.013829906260683738,0.32519929081800064,-0.19617781402808337,-0.0514886175022175,-0.22041732988425675,0.0046746065294013765,0.2685569970285369,0.311358042612025,0.14051268832116834,0.1001795452971837,-0.2165596500424188,0.024562899735498932,-0.25997212774440703
0.3032634380288297,0.9680284375152381,0.08827258504445064,-0.1136330013644883,0.9934062056165989,-0.0063380173797399865,0.013837672456880643,0.3251586144559529,-0.19623775780849623,-0.05127095343365384,-0.22042375379707027,0.004391979639865319,0.26935540401489316,0.31133423075882194,0.14047715150880974,0.10038367129965806,-0.21670959549076174,0.024795606637335123,-0.2599333256730374
0.3032569690842937,0.9680384822546967,0.0882724386008541,-0.11361522707630523,0.9934072421987714,-0.006416980994625512,0.013872767508532714,0.32505793578968,-0.19637915827684352,-0.05109155954453268,-0.22026791563886475,0.004573973495718065,0.26906188393984964,0.3112513180306263,0.1402924331441733,0.10040206242972195,-0.21657536876725356,0.02436264883194164,-0.25947550085183846
0.30326609509791896,0.9680429820505986,0.08829169692731595,-0.11367168946426882,0.9934012568696841,-0.006410870678621852,0.013841625670876214,0.3251845078125556,-0.19639574574434213,-0.051292049479883424,-0.22025021967696543,0.0046934407028657536,0.26805620337746344,0.3113064583323733,0.14029166056219253,0.10014923987813401,-0.21637114348768485,0.024415117398415405,-0.25992980623489276
0.3032804725543277,0.9680391611542216,0.08832552562283229,-0.11364925172163591,0.9934044215614377,-0.006445525255963679,0.013782525511393978,0.3252035003601372,-0.19654168410124243,-0.051419897041889706,-0.2204103239772894,0.004613144105538262,0.2692239459081774,0.31135311168174057,0.14015318212985908,0.10028142624509179,-0.21658518016785533,0.024689055373731995,-0.2599318689212954
0.3032998418457642,0.9680434981486629,0.08832793501672935,-0.11363412290338364,0.9934070252405641,-0.006405848194358258,0.0137380283731941,0.32511972849266063,-0.1964698287624406,-0.051453769663755096,-0.22031405085772965,0.004499618988798991,0.2693212557576552,0.3112924577819208,0.140252769528101,0.10036010268546273,-0.21631939347586426,0.024353576804145266,-0.2605119146175951
0.3033040130091997,0.96804066849115,0.08833805468536311,-0.11365992801905533,0.9934045805817157,-0.006439572824511127,0.013685464690933812,0.3251250618692521,-0.19657137048449894,-0.05144113836374878,-0.2202592264455063,0.004475596825990044,0.2694162262259458,0.31138003684582816,0.1401437596719052,0.10022052793080813,-0.21635663346608838,0.02421314522462455,-0.2595443974183865
0.30331996415069284,0.9680468473184679,0.08833740625205715,-0.11369042067531854,0.9934013070880265,-0.006459407573011793,0.013660431042803449,0.3252844802009112,-0.19662596868228502,-0.05153499488952751,-0.22041770304449837,0.004477712785833012,0.2697450180889874,0.3114813847646078,0.1400961837800109,0.10003341630400128,-0.21637265554061574,0.024070750292406153,-0.25966101270223374
0.30334957117924316,0.9680349603610822,0.08834996507395518,-0.11361174216885951,0.9934114569648591,-0.006437102854864026,0.01358723368270823,0.32503204853984935,-0.19659992753531386,-0.05150474959756657,-0.22029444811060978,0.004617143245697601,0.2690802549653026,0.3113144210098549,0.14010237107266252,0.10001092854837901,-0.2163379604557948,0.02442432575087641,-0.25970674267259375
0.30335374219581235,0.968040131328919,0.08836429523474024,-0.11364673393418867,0.9934081262309699,-0.006460548810321004,0.013526858964099026,0.3250952332840253,-0.19668807873374974,-0.05167600610845384,-0.22021214473080875,0.004385928846996537,0.26971737117597827,0.3114112810507327,0.14003979174028316,0.09967887211274074,-0.21622861429047552,0.02415371291681509,-0.260340971198741
0.3033710661170497,0.9680470160867938,0.08838296145846639,-0.11361826640619366,0.9934113587973997,-0.006487463801423185,0.013515715466827885,0.325092545462404,-0.19674475643422693,-0.051556140934603194,-0.22035109006557227,0.004374989244886537,0.2694055326364809,0.31137360249154955,0.13995468539705908,0.09992786101557513,-0.2162842737710251,0.024104634212763515,-0.25984047645777947
0.303398716093661,0.9680418901464048,0.08838021046675458,-0.11362153351455886,0.9934118018400715,-0.006531729908611609,0.013434120405269059,0.3251508012505019,-0.19686489415045408,-0.051584115952768086,-0.2204759291981616,0.0045519205709997155,0.2692354005279295,0.31139264731793,0.1398448242048535,0.09959671251305374,-0.2161633494769576,0.024185685234350655,-0.2601105845839908
0.3034192597049689,0.9680385096151582,0.08839084426515353,-0.11359073582419114,0.9934149512600943,-0.006612363757622525,0.013422220135281748,0.3252670562775483,-0.19708653686299243,-0.051579325321617804,-0.22078196417908974,0.004627471860318042,0.26948733550379145,0.31138743847323114,0.13965225780044496,0.09956805255190085,-0.21621490228932125,0.0240829518595997,-0.260123342501613
0.3034276727680513,0.9680484089176651,0.08840995166840401,-0.11349571157222654,0.9934266030180796,-0.006548731232961729,0.013394849379936567,0.3250341232012591,-0.19697668459494724,-0.0516347967210778,-0.22074107637172305,0.004645944229963536,0.26931710031017325,0.31120492643722125,0.13974578844262314,0.09965561303857648,-0.2162276518215121,0.024240060591585757,-0.26009053592543024
0.30344602296458817,0.9680419947525928,0.08840728963883249,-0.11348984428661857,0.9934283972056585,-0.006540062098914358,0.013315496871612756,0.32499765795196506,-0.19698746804913445,-0.05179850564685919,-0.22070098002041685,0.004470376701957785,0.2695624331835385,0.31131469634513675,0.13975721397616273,0.09975539050757337,-0.21643714927424285,0.024415752568245228,-0.25974836144641017
0.30345785077298515,0.9680373420985627,0.08841135178281716,-0.11354585475351331,0.9934217326711972,-0.006536196734748807,0.013337093277595063,0.32517844950006763,-0.1969661043209804,-0.05169070018076977,-0.22080412405110064,0.004660536691363513,0.2694377909984169,0.3114556829792456,0.1397851660444777,0.09932080398972466,-0.21637361991520873,0.02407251927651118,-0.26012690672188676
0.3034206804018151,0.9680607660021877,0.0883719309263824,-0.11335899785024482,0.9934438886626367,-0.00641940045498537,0.013333003526790099,0.32464431327190074,-0.19666625897400797,-0.05172299518697239,-0.22064033001602606,0.004545731891589206,0.26910200424316205,0.31091915131225073,0.14011297791099386,0.09933335778112855,-0.21628625269887117,0.0243203029819145,-0.26091793576061023
0.3034904536093584,0.9680442709939628,0.08841568125808005,-0.11355954536109408,0.9934197464223168,-0.006585245163059084,0.01334434793250828,0.32525491430187714,-0.19704807002935049,-0.051645781611331036,-0.2207987045537262,0.00449746506826421,0.2688299085673422,0.3114750071588604,0.13968067656623626,0.09948498458175498,-0.21628718150564472,0.02404104178538964,-0.2606265723877871
0.303503386549493,0.9680465423233511,0.0884043332631023,-0.11349695581995939,0.9934258929832018,-0.006553643056836247,0.013434505305882466,0.3251041768585432,-0.19694685610701304,-0.051512842441506154,-0.2206567314454753,0.004484985635254677,0.269213533161458,0.31132588859600735,0.13977672811028813,0.09984761943341376,-0.21633936640555917,0.02410624445086052,-0.2608585080545905
0.3035090402902017,0.9680422583074969,0.0884103442815577,-0.11352078474566327,0.9934232786229902,-0.006559729956071153,0.013423519046096287,0.32522401625618064,-0.19699491072645015,-0.051629241166005195,-0.2207937283617007,0.004802500408058578,0.26858127149991623,0.3113975449375165,0.1397317378600634,0.09983081823212968,-0.2163149929431794,0.02412941854380227,-0.26068653149314663
0.3035244599576036,0.9680451092547825,0.08839479180102124,-0.11354511162078461,0.9934205192353511,-0.006524460641342529,0.013439159293964411,0.32532294762542846,-0.19687884543598547,-0.05153315586807253,-0.22081839857490523,0.004444198453076175,0.2691668351387219,0.31143035818054937,0.13984505126292562,0.09948782687984431,-0.21625767717397087,0.024078181388849724,-0.26024602850682677
0.30354216793705713,0.9680450699854322,0.0883981501848338,-0.11354056122828174,0.9934206789339729,-0.006510427945554347,0.013472562870398374,0.32533586815278304,-0.19686393022870674,-0.0515288991784763,-0.22080575307951616,0.00439769664079642,0.26956691170627345,0.31145350232411684,0.13987648022402155,0.09968665449882769,-0.21633584413963325,0.024215200239354147,-0.25980733195576083
0.30353687847298644,0.968047766763539,0.08839935657438311,-0.11353524989144871,0.9934206123001074,-0.006486368331199307,0.013533702938892668,0.32528927703601135,-0.19676803501040602,-0.051430332804295334,-0.22069386072856093,0.004425019081085809,0.26910928708909493,0.3114356299592168,0.13993511565131314,0.09982346148820805,-0.21634185286332946,0.02418999470304907,-0.25975780701777296
0.30354162548580294,0.9680475139080023,0.08839839202852758,-0.11352708806977573,0.9934203072041944,-0.006518131772016024,0.01360909500753158,0.32522870255159403,-0.19683542637985063,-0.051261178421788865,-0.2205106508559092,0.004330185406076279,0.2697556442395814,0.31134685492641956,0.13988473539862722,0.09978376074257184,-0.2162567696089869,0.02396001237770793,-0.259804408627577
0.30355209935605887,0.9680504317388765,0.08838046541737489,-0.11358448602843503,0.9934136693017258,-0.006501015957340359,0.013622884043396856,0.3253361315008568,-0.19674010403331793,-0.05120676159391268,-0.22042918901858724,0.004242719726604448,0.2694298637435345,0.31146699721576476,0.13995846785671046,0.09997684721342666,-0.2161856781737519,0.023986549004485897,-0.26001720719747184
0.3035587850619733,0.9680408377944371,0.08838965397348543,-0.1135581314132935,0.993415268361195,-0.006547183290484375,0.013703640674535361,0.3253336939870133,-0.196840385420476,-0.051120957665681754,-0.22046125650604115,0.004411659809748541,0.26914517046578185,0.311387254710239,0.13986261107334763,0.10037854906316887,-0.21622732874993217,0.024331881865205917,-0.26030354467725164
0.30355706334184573,0.9680474138932983,0.08839001762875427,-0.11351287294135744,0.9934201042385431,-0.006477949871293829,0.013760826165118084,0.3252581713836241,-0.19668215980674644,-0.05103724151326318,-0.2204666980168315,0.004230508311453584,0.269431227281992,0.3111723715675793,0.14005378306600233,0.09982165191257995,-0.21613684210536102,0.024257821890848425,-0.2606383329919621
0.3035591621951387,0.9680488655694613,0.08837776677460094,-0.11353697369091138,0.9934172557173108,-0.006474882910290833,0.013769079108439167,0.32518362712378795,-0.19665217304097554,-0.05097256920604534,-0.22018548315541606,0.004146042490389248,0.26948586851591433,0.311223382502627,0.1400458182749981,0.10006676917644458,-0.21602222419011716,0.023959667296961522,-0.25969533588312665
0.30356652038739385,0.968057511716193,0.08837155474820237,-0.11354885487526253,0.993415157458325,-0.006555284740353633,0.013784437984223076,0.3252440415808917,-0.19681098101606434,-0.05094322697039785,-0.22020791693839117,0.004197976914747058,0.26932468114026836,0.3112860838833365,0.13990877951939476,0.10028582690101542,-0.2160900359601528,0.023954505513835714,-0.26014724015356294
0.30356709797964154,0.9680442873869833,0.08836349420826477,-0.11359518854338783,0.9934105575028702,-0.0065392745033832035,0.013741734628429595,0.32532749998356136,-0.19678548630805437,-0.05126966898815173,-0.22021187740888087,0.004239838668906268,0.2692063010956129,0.3113869178051746,0.1399335387971328,0.10000810202198315,-0.21609700827241762,0.02400783837972137,-0.2600706527768526
0.30358320078824985,0.9680428535615037,0.08835539660649071,-0.1135871401834181,0.9934115187514667,-0.0065267682595218,0.013744718729151301,0.3253182784339847,-0.1967739915759627,-0.0509658012261034,-0.22020783960724066,0.00425533108646783,0.2698282610587237,0.31136026093065255,0.13994622985521626,0.09995913362548849,-0.21602759458129359,0.023940457562633095,-0.2600973952887323
0.3035740286490174,0.968041497729672,0.08835508246870198,-0.1135932505747061,0.993410629459383,-0.006536353200853637,0.013753937175154576,0.32531296931728226,-0.19678694107632141,-0.051080069998302245,-0.22020693081074544,0.004266909177077408,0.2697892402358243,0.31136484478461196,0.1399364997210408,0.09989578531910472,-0.2160760833199053,0.02399461405622532,-0.26016609188318257
0.3035678352143683,0.9680436601967489,0.08835911098162742,-0.11358018303359951,0.9934122870803646,-0.006549539953256032,0.013735844575927067,0.32528179161170645,-0.1968058148375712,-0.05103952213837978,-0.2202193963012413,0.004349408303681727,0.26953175347589925,0.3113575421313015,0.1399136366179786,0.10004887560815809,-0.2161213340128393,0.024123718301799133,-0.2601370488371026
0.3035794029328897,0.9680425750265557,0.08837096314461697,-0.11354536584385858,0.993416653709211,-0.0064893369434528185,0.01373646732650595,0.3252553106308434,-0.19668723084099551,-0.05106228833409637,-0.22031694824135292,0.004672796742259794,0.26806486025278864,0.31124666662482364,0.14001568914706927,0.09997424990167642,-0.2160024586424758,0.02422718048498218,-0.259843115274553
0.30358473183992335,0.9680425509351142,0.08836523198152506,-0.11361100076105428,0.9934097232324364,-0.006495017160378072,0.013692225728940124,0.3254024601229697,-0.19670084184263534,-0.05104591784962962,-0.22031374625340916,0.004246610519954358,0.26971552805050814,0.3115758884711715,0.140015108982451,0.10016309987751802,-0.21638192273389648,0.024301004794506895,-0.26025084926155057
0.30357940714027903,0.9680448651238673,0.0883600751406489,-0.11353596181902184,0.9934182509670162,-0.006542666579732656,0.013673241513643027,0.3253004962235879,-0.19680611179519683,-0.05117368704241142,-0.2204761371074038,0.004330599921598008,0.2692690861957912,0.31133828018695603,0.13992089797775856,0.10005961241648018,-0.21610003081415127,0.02391727651723302,-0.2599842973928041
0.30358608582220964,0.9680491096662983,0.08836314561833207,-0.11349339924997069,0.9934234972100267,-0.006520148689814979,0.013656177311003902,0.3252494533315013,-0.1967648363964355,-0.05111877972135488,-0.22057719330790598,0.004367345808599743,0.26913361579776773,0.3112506612583261,0.13993255084645864,0.10039734713463193,-0.21622683974994472,0.0242127011180842,-0.26027888892176015
0.30358537620235904,0.9680488727474544,0.08835237215783155,-0.11344680973272141,0.9934301651463264,-0.006483907588677878,0.013575245161386768,0.3251102223825865,-0.19673483559928784,-0.0513964911365434,-0.22058369595582572,0.004448598321658059,0.26958443818710326,0.3111638603393461,0.14000437746780536,0.0998886762915997,-0.21624012972355808,0.024279013906190604,-0.2599149535343289
0.30357941403833755,0.9680550332050245,0.088354292195769,-0.11349171621183893,0.9934247777219685,-0.006547398697418318,0.013563662103066317,0.3251811602377305,-0.19683697487254537,-0.05131527000767243,-0.2205361937027973,0.004660123254575605,0.26812022799800994,0.3113046604833824,0.13992988845962215,0.0998444330226194,-0.21611142793854213,0.02378145708513262,-0.26098250589397887
0.303591542181478,0.968057938464757,0.08834838791278257,-0.11351844570033562,0.9934218597818505,-0.006555590833514393,0.013549731442830983,0.3253093300804286,-0.19686190199954248,-0.05129818619726347,-0.22066901422459148,0.004678947559732086,0.26870123509950034,0.31136331740964424,0.13986603392224692,0.09993589609396049,-0.21608061071442716,0.02378242289191196,-0.26000113481756904
0.30352993729271904,0.9680753707434236,0.08830523299894831,-0.11332828203898641,0.9934444640185247,-0.006423237869099072,0.013547671988754489,0.32476207336223234,-0.19652036870390427,-0.05133317186051011,-0.22058821445277269,0.004772900044066523,0.2679709054093888,0.31074374013070527,0.14018090450479861,0.09983364303174497,-0.21578682153779785,0.02373137162335188,-0.26041063094185074
0.303585091698732,0.9680582331047827,0.08832956709680687,-0.1134955267491467,0.9934257211886188,-0.006478200249639877,0.013495733041665658,0.32528421537611335,-0.19670194960791784,-0.05146824623885668,-0.22079950610572144,0.0044328399157367,0.269545190705585,0.31129283333934066,0.1400429879604767,0.10001805468564433,-0.2160026460609901,0.023746154545648924,-0.2601941265642644
0.3035708580529903,0.9680596350661498,0.088319194899153,-0.11348366011004357,0.9934275452967416,-0.006453272284519048,0.013473173736736243,0.32522336655803485,-0.19664155306589493,-0.05168229605400368,-0.22080854821081927,0.004714617781457107,0.26854845613395695,0.3112810280100475,0.14012040012568797,0.09971712046880679,-0.2160428197804692,0.02386630395345694,-0.260403725787019
0.30356240809546775,0.9680540541689437,0.08831775607586113,-0.11344874767642972,0.9934311388667417,-0.0065149209915976655,0.013472556737741089,0.32515354748784586,-0.1967835110595456,-0.05164947140048792,-0.22083403745051508,0.004636245351512455,0.26909407836339994,0.3112128486594721,0.1399821097785418,0.09977310789871911,-0.21607937234313931,0.02380410776786681,-0.2601793950254279
0.3035647254385313,0.9680601277523727,0.08831561195275103,-0.1135018595513103,0.9934262420048537,-0.0064468159870974115,0.01341894698316397,0.32518893003143917,-0.19662557471966666,-0.05168332143203618,-0.22071057943364494,0.004384867993905291,0.2693121534990885,0.31129129164015407,0.14008761809473697,0.09962116162392337,-0.21595956996252538,0.023660866154778176,-0.260296533520194
0.3035595495621674,0.9680542954211179,0.08830647387094051,-0.11344501141683552,0.993432312247951,-0.006469740180637603,0.013439227221773663,0.32505104329478257,-0.1966803035972172,-0.05166413920315153,-0.22068903312508015,0.00456438731483159,0.26958782839100903,0.3111328750776431,0.1400617064272452,0.09964601726520758,-0.21591900830466476,0.02370407667605726,-0.26008659165009573
0.303564396985488,0.9680576498636567,0.08830845849503528,-0.1134827740261417,0.9934275439877416,-0.00646761903107853,0.013473854306922876,0.32515530922226504,-0.19665850870952717,-0.05153387220207358,-0.22067868346842756,0.004451828806917923,0.26935939863409536,0.3112855563226816,0.140079072295223,0.09964710059569845,-0.2160611356519856,0.023779734363729037,-0.26050418239815126
0.30350506098239005,0.96807490081429,0.08825962974339978,-0.1133691232539902,0.9934415432333628,-0.0063103923197943435,0.013472973669769918,0.32474593922181394,-0.19626924386370867,-0.051669264603614685,-0.22048217482207372,0.0043390346931834875,0.26892639387551576,0.31089871720494755,0.14044450517322227,0.09951452518554066,-0.21593416215485084,0.023772990074084736,-0.2606040769455486
0.30351569683921353,0.9680725226244071,0.0882572433582587,-0.11339992292390777,0.9934380380560394,-0.006335876583318567,0.013460263449877692,0.3247901309853335,-0.19633032563709085,-0.051715174347233626,-0.22046099287610665,0.0044289871350155635,0.26931489019033455,0.31101214145867795,0.14037020594370583,0.09967100567882282,-0.2159917023077224,0.023857955250355223,-0.2597858887416109
0.30351576226525867,0.9680719991531382,0.08824681786686216,-0.11334725629319117,0.9934434569387122,-0.006296176874110065,0.01352240781948817,0.3247186329258622,-0.19620869379103295,-0.051566632886938926,-0.2205125874325704,0.004494146555212698,0.26919447242554895,0.31084694700766674,0.14050985521693327,0.09950972149548334,-0.2159505793866984,0.023825870125595033,-0.26043513196244766
0.3035066152633852,0.9680797379455127,0.08824461965684889,-0.11340187841863353,0.9934365849917558,-0.0062906652214325745,0.013571775938142034,0.32484073020177257,-0.19616114498713622,-0.0515206121708261,-0.22049366026581216,0.004620676590062555,0.2678884827506736,0.31096071575006,0.1405158695989158,0.09981803350553141,-0.21599591888852535,0.023771338909861585,-0.2600256924118685
0.30351090994738883,0.9680767796343817,0.08825167337879261,-0.11337611208725232,0.9934389997697884,-0.006295808149062623,0.013607855971125953,0.32475725347752027,-0.1961708655733655,-0.05133090657905716,-0.22037679826169593,0.004460587733095364,0.26895939278381736,0.3110148578993203,0.14053727292308352,0.09992010545905852,-0.2163071138131019,0.024094826916305406,-0.2600672456293448
0.3035623734968502,0.9680489930529459,0.08828296886647313,-0.11346652510429091,0.9934275568946518,-0.006385861926213243,0.013647624355181562,0.3251425048205301,-0.19639924971991757,-0.05129094032259302,-0.22056374308588036,0.004507024574526739,0.2693681292430104,0.3112790670346717,0.140314125479173,0.09998142752567704,-0.21640180578163656,0.024270906815029497,-0.2601207193477589
0.30353483433168166,0.968070103281493,0.08823594597251341,-0.1133485281079258,0.9934414169914794,-0.006289192927333284,0.013664122147113624,0.3247490235442885,-0.19612849794319706,-0.051327557635819615,-0.22039258385431518,0.004451471470131518,0.26898213147241684,0.31097771137550184,0.14056049071248097,0.09971630511243297,-0.21631190924698163,0.024057769260862217,-0.25973209144322745
0.3035211727841842,0.9680668271792657,0.08823514816504271,-0.11338396998882502,0.9934362645065048,-0.0063317779873638584,0.013724878886671139,0.32482088010110793,-0.19620476656212088,-0.05128863107428878,-0.22033547304378165,0.004391821280707787,0.26913384914226984,0.3109950667932143,0.1404797754337035,0.10008269627823152,-0.21624391198826567,0.02387223358483005,-0.25927574933488057
0.30357611097032344,0.9680526588669379,0.08828235468943355,-0.11343483397958282,0.9934296521082173,-0.006375046492085798,0.013763122261844472,0.3251920735714266,-0.19634987925401523,-0.051181875603397375,-0.22066207918556552,0.004362129265384995,0.26921301028646233,0.3112577720504984,0.14037561869563053,0.10004360019177087,-0.21647140390906883,0.024231463100249283,-0.2599446682661097
0.3035805419187957,0.9680429763903067,0.08826261215778947,-0.11343770845728895,0.9934286256117046,-0.006447726714785789,0.013779656578091302,0.32519296176776724,-0.1964961339644886,-0.05115989452753238,-0.220622370095859,0.004471247457900419,0.26960433087189195,0.3112473282966623,0.1402386486279636,0.10028907869520855,-0.21647575938065589,0.024176371148644932,-0.2594605000423654
0.3035843580097642,0.9680451106930962,0.08826366015745486,-0.11340561607239147,0.9934324604099789,-0.006422582858607246,0.013779088374825594,0.32513082693374135,-0.19643480972809246,-0.05117582825048876,-0.22061805656603325,0.004412258350884476,0.2693385806989454,0.31119763808536954,0.1402992399524903,0.09999697134124749,-0.21643133135448975,0.024126600857792644,-0.26028969255429907
0.30359136121517527,0.9680490141961277,0.08827194947820613,-0.11337080791060074,0.9934358629054051,-0.006399017867758189,0.013831080124804697,0.3250612882297809,-0.19637333616880423,-0.050965486435104124,-0.22057860877330723,0.004476063218037157,0.2691595950275579,0.311085756144093,0.14035380667285344,0.10054469629913361,-0.21656853672577256,0.024352532118888406,-0.25984551287612656
0.30359102580197667,0.9680588861327062,0.08827606383876913,-0.11342696174706018,0.9934300033126479,-0.006400196717769963,0.013790951708896004,0.32519312041294457,-0.19638427769290778,-0.05112553015655614,-0.22064847651851704,0.004361719546252315,0.2694205816227846,0.31123283335157614,0.1403313673801164,0.10002765197182231,-0.21641994931586217,0.024010777808882906,-0.2596995932898259
0.30358798775991586,0.9680507491626894,0.08828908633380012,-0.11343000113510761,0.9934296163610152,-0.0064153480439812895,0.013786786745644689,0.32518322715697745,-0.19644537331249765,-0.05121258704897507,-0.22056056212427946,0.0045357622860017766,0.26969714433366765,0.31126963485007475,0.14026910749407873,0.10035162090021597,-0.21652496070835425,0.024153520898790155,-0.26005879916785196
0.30357702697323785,0.9680524265671976,0.08828966667004405,-0.11344823730533858,0.9934276953847141,-0.006393455179214171,0.013785326466887475,0.3251856331925219,-0.19638273532890402,-0.05118965127406103,-0.22055032638041427,0.004413672948006228,0.26917937746361953,0.3112631042592009,0.14032320116921548,0.10016194347466602,-0.21645357069346974,0.024025540348468658,-0.25971647521287083
0.3035705641726714,0.9680568822165991,0.08829510128027677,-0.11344570177827505,0.9934284487848695,-0.006403042352272002,0.01374739762855375,0.325210326234604,-0.1964448214515281,-0.05131831132130154,-0.2206537724727481,0.004362807326436331,0.26979547600426435,0.31133263931300037,0.1402835165846368,0.09993832688026642,-0.21658996663711455,0.024135976306507708,-0.25958035193051654
0.3035529450361936,0.9680391935088511,0.08829321954346149,-0.11339766378645867,0.9934349635813907,-0.006356783471782716,0.013694315817422495,0.32510441285013325,-0.1963760951143222,-0.051364581531779994,-0.22078639876274384,0.004581350626675392,0.2699185205366384,0.3112124161620565,0.14039004067095134,0.09997588396188956,-0.21654163650809563,0.02434336738286499,-0.25989042242092764
0.30354975824403624,0.9680467671973815,0.0882974817548808,-0.11343342192658377,0.9934305119868657,-0.006437712637212711,0.013683292715575548,0.32517271945583115,-0.19652239606932898,-0.05138089344705961,-0.2207611505282385,0.004544411447865056,0.2692071135830807,0.3112798659862389,0.14018089289128,0.09994986139487672,-0.2165527729722692,0.024152069562055387,-0.2595677331207577
0.30355139899277667,0.9680481733941095,0.08828828252246025,-0.11343779122970411,0.9934304685451066,-0.006443634127753061,0.013647390461304896,0.3251663319345546,-0.19654995758969668,-0.05132089145469973,-0.22076725472353298,0.004683075781308638,0.26924463218325,0.3113281089566331,0.1401830650687952,0.09984847466963226,-0.2166050643773797,0.024143076115452782,-0.25956181438968007
0.3035458458715475,0.9680567128305126,0.08830391217005382,-0.11342691062208177,0.9934321075496726,-0.006392946041496536,0.013642355993606168,0.32516927619689123,-0.19645458365052185,-0.05145126506860916,-0.22083863312768226,0.004591209432823726,0.2693126157776144,0.3111932680822916,0.14028447127082053,0.09983754533607248,-0.2163816826011714,0.0240272607687888,-0.2602381595519529
0.30355199871933963,0.9680566415487399,0.08829594326014456,-0.1133942130293827,0.9934363591228732,-0.006412383573451836,0.013595372780599121,0.3251561873186705,-0.1964999091603648,-0.05138347215608406,-0.22097670944833792,0.004590240700407122,0.26917007860602826,0.3112098198717851,0.14021129552218137,0.09985367282397348,-0.2164784492506925,0.02407477666947805,-0.25933802315827664
0.3035537468824473,0.9680494005386648,0.0883004261371759,-0.11341418664511521,0.993433531591543,-0.0064379684991779425,0.013623257275154092,0.32524049125042787,-0.19655494774566518,-0.051380247025117357,-0.22096479660725182,0.0046626054025091105,0.2692553503923349,0.3111925985679222,0.14015074793028676,0.09999122042826461,-0.21642659384612636,0.02410341024519193,-0.25911085477123397
0.3035452848315251,0.9680505674529172,0.08829964347148521,-0.11340021392326692,0.993435695829818,-0.0064477551705662915,0.013577046311443589,0.32519450202727845,-0.19657073154933927,-0.05139159884731627,-0.2210423846184395,0.004784918891707142,0.2686131397029639,0.31122282700855086,0.14013583065862226,0.09978945411461128,-0.21648969989385305,0.024069060753460967,-0.25964219229135754
0.30355601183629954,0.9680595944272026,0.0882867153663381,-0.11338422965394652,0.9934370876372843,-0.006504756978136241,0.013581513508704698,0.32520048169396526,-0.1966979065030006,-0.05132263524430712,-0.22108674901678488,0.004713024399917849,0.2692973750355128,0.31117315882386787,0.14003343826816808,0.09983181106567028,-0.2164496211629292,0.02395555988060442,-0.25986761917788953
0.303541266119446,0.968041395493128,0.08829367846627427,-0.11334918295090385,0.9934411257984053,-0.006433454962142765,0.0136126027639766,0.3251448115340628,-0.1965416105154553,-0.05138310504518321,-0.22117345926728463,0.005052536669171689,0.2681880736565957,0.3110717525469344,0.1401898186351567,0.09998419228047158,-0.21653321888822885,0.024210383281953088,-0.25935486226804894
0.3035507116293758,0.9680346299393978,0.0882929938438484,-0.11334883188151575,0.9934421672995964,-0.0063543975960877845,0.013576603896680499,0.32509340643469764,-0.1963712697729566,-0.051433425246830276,-0.2210643504161475,0.0047830817057370216,0.26910383243279906,0.3111126833446451,0.14035712676044826,0.09999023859747715,-0.2165712744176245,0.024327211213677764,-0.25962356070557485
0.3035001463409936,0.9680663318983529,0.08825431723198895,-0.11327992713671528,0.9934506122815268,-0.006242689243522763,0.013585576777186147,0.3248869175999791,-0.19607995722205726,-0.05146413826986642,-0.22111282605353785,0.004701685133500648,0.2687508690408699,0.31094974829978467,0.14063278939806112,0.09976561985391115,-0.21655045629264685,0.024256312190164407,-0.2602779738974599
0.3035437932024555,0.9680458014291664,0.08829331391230456,-0.11336869669697325,0.9934393143505333,-0.006423060726788476,0.01358718524462816,0.32525106859571185,-0.1965334533616467,-0.0513519570640295,-0.22133543477215967,0.004891051100490891,0.26896706356823097,0.3112115753247128,0.14019459298204906,0.09967644619915379,-0.2166320781509599,0.024334143742711024,-0.259620581477477
0.3035358830919759,0.9680314814766079,0.08827543819776479,-0.11337296448468513,0.9934388899076979,-0.006420705968955723,0.01358372105777052,0.3252761637242651,-0.19651158723400655,-0.05146545483171629,-0.22139967218118925,0.004896158538917204,0.268854823986622,0.31116885817829043,0.1402182447645197,0.09955767771806007,-0.21655248230919463,0.024351303439051536,-0.2599511733028348
0.3035325715918501,0.9680424406110166,0.08828068874616064,-0.1133720723911588,0.9934386016104745,-0.006430014418326518,0.013607826664792282,0.32526934361287263,-0.19654236331291003,-0.05144617466523156,-0.2213496186645831,0.0048384337526391165,0.26939373665250743,0.31121693891300883,0.14020490751842335,0.09980984534565505,-0.2166559208498464,0.024154773478825498,-0.25964159145650895
0.30353923434166236,0.9680362083356702,0.08827373893968075,-0.11337757804630172,0.9934388778125967,-0.006404759271289797,0.013553593821571059,0.3253521637527663,-0.19648077868708222,-0.05157425149759155,-0.22152207000041996,0.005069449303588264,0.2679312448071428,0.31123206644672513,0.1402455581827648,0.0996638342793218,-0.2166343988923981,0.02442824201483954,-0.25920249005265517
0.3034785108175247,0.9680614961149813,0.08823801060274272,-0.11328640583227229,0.99344939527816,-0.006304529914149381,0.013591989465319226,0.3249768599803457,-0.19620086575467716,-0.05157482055050931,-0.2213115822032807,0.005072373123157197,0.2677167531645414,0.3108707250493158,0.14050567371489794,0.09969711828347581,-0.2164617276002157,0.024348663445576086,-0.25989326108451877
0.3035206999036279,0.968043603339803,0.08828874815467086,-0.11340517810374251,0.9934349734287106,-0.00641773283219386,0.013602641407106032,0.3253779240080058,-0.19651311363229274,-0.05148314762700197,-0.22145979824849416,0.004878733274545654,0.2691288823452283,0.3111914343805736,0.1402200106856306,0.10006616121782662,-0.2165135249960272,0.024189185030628543,-0.2599864200959562
0.30351319378171754,0.9680358535927666,0.08827520621963834,-0.11338279688292516,0.9934376813107904,-0.0063403647192144955,0.01362771066882595,0.32517683789760543,-0.1963115872683969,-0.05122642303890051,-0.22114095288013252,0.004795444079731551,0.26892041952404044,0.311119053579456,0.14041649769649112,0.09999162316959251,-0.21648191949574763,0.024398470152854006,-0.26003365696481917
0.3034730124203765,0.9680698130116807,0.08823586574174204,-0.1133350197282544,0.9934437780728511,-0.006268790501259081,0.013613793636868649,0.3248669878176497,-0.19612261867472044,-0.051494075738774236,-0.22087559394679165,0.004654774120659806,0.26904097636514573,0.31087895993837783,0.14059342347773582,0.09976941700655888,-0.21625882292229928,0.024024481912309985,-0.25999009564157904
0.3034519468727827,0.9680573025660824,0.08823668319212517,-0.11338663423866707,0.9934378931776109,-0.006283409270135547,0.01360670212801417,0.3249029418357285,-0.1961462328177014,-0.05151726855266907,-0.22079426230707652,0.004960588749580212,0.26823900308176524,0.31092183033078274,0.1405493569993816,0.09995011948149798,-0.21618626201352062,0.02423857730987169,-0.26046616195156863
0.303495936488696,0.9680375604516261,0.08827136007587709,-0.11352851534931244,0.993419910035021,-0.0064274672847448875,0.013669170161180506,0.3253071100398121,-0.1964908776668291,-0.05130879153933675,-0.22077081249938466,0.004615187521404548,0.26929413433967087,0.3112409797037422,0.1402288704345189,0.09994172330180137,-0.21618024631655014,0.024058487022746527,-0.25949879320846536
0.3034767152609745,0.9680434239520613,0.08828967790817155,-0.11353128352636652,0.9934194267835023,-0.006417762599401343,0.013685849378506339,0.32528199369467925,-0.1964837077206995,-0.051233078819844256,-0.22074873003555323,0.004642143512976743,0.2694030684803335,0.31112648374778745,0.1402317493207158,0.09993286622262453,-0.21596359245132693,0.024135972814096116,-0.2596634941972128
0.3034647770676528,0.9680455106858826,0.0882850158552384,-0.11368173595368339,0.9934033398613006,-0.006405599238743797,0.013610127161895663,0.32545282124059816,-0.1964727407592241,-0.0515208663953214,-0.22049042450107953,0.004718292507743166,0.26852645025435873,0.3115090071227022,0.14025967544890264,0.09989562608809358,-0.21607060669722747,0.023938638381178816,-0.2605414608934814
0.3034620935820554,0.9680468860167212,0.08830169232329158,-0.11364708584129934,0.9934064086799699,-0.006381429793692284,0.013686651421483197,0.32534476439973437,-0.1963983616530726,-0.0514356439008148,-0.22036349917648157,0.0043398201655239985,0.26922615088613555,0.31135326194080737,0.14028668400565636,0.0999987915198724,-0.21595249438382666,0.02393932870614928,-0.25965540412841953
0.3034444186150044,0.9680421705667781,0.08831023239042916,-0.11370200725541031,0.9934006460793213,-0.006381383686556307,0.013648730985789564,0.3253000386795279,-0.19642779663962143,-0.051369378356367366,-0.22012474773798033,0.00431223923241707,0.26951660010120265,0.3114238112907051,0.1402697405149876,0.10002744369353148,-0.21592386242446826,0.02400236419918936,-0.2598361974496861
0.30339356656077243,0.9680697349953428,0.08827810117230786,-0.11360953307187369,0.9934115185615583,-0.006292918850809633,0.01366850235931543,0.3249047684851437,-0.19617627092898532,-0.05155838484644717,-0.21988532686748008,0.004201937386917405,0.26916164769013773,0.31105421737452543,0.14048505128694697,0.09982732403081279,-0.21567931856461794,0.023829391124670873,-0.2602237739546257
0.30343755053058996,0.9680376105313279,0.08832171978249945,-0.11372751225507961,0.9933966314980559,-0.006437218731982154,0.013702105662369896,0.3253077166809521,-0.1965325202622612,-0.05129284282246833,-0.21999459740913482,0.004301014418527967,0.26957796896490094,0.3114254056555627,0.14016195168955062,0.10001999982670536,-0.2158694915806987,0.02397271542449225,-0.26009154596252376
0.3034361037304892,0.9680501351296676,0.0883320252474232,-0.11378192969943124,0.9933908904986253,-0.0063785184359702665,0.013694000539788895,0.32537561784443975,-0.19641199990977423,-0.05127482280365289,-0.21991776775721988,0.004144633243396313,0.26960257223119816,0.3115176821080878,0.14028463480403267,0.09990621341572208,-0.21577191354848302,0.023858152846482416,-0.2602192429740634
0.303395240226837,0.9680590564432535,0.08829272327928411,-0.11365226089075829,0.9934069883619446,-0.006318721139430487,0.013630584405376596,0.3249820154727383,-0.19625232329513098,-0.05146587943772762,-0.21989665975931214,0.00436833807101462,0.26920092100571036,0.31117096751818646,0.14042939785045677,0.09994484579785402,-0.2156477814549067,0.023937607261647592,-0.26022386877953446
0.3034456946941741,0.9680421347003022,0.08835835810492243,-0.11376288035101707,0.993392243706443,-0.006421052136657867,0.013734164975618529,0.3254069116920163,-0.19652372595202555,-0.05131429008860992,-0.2199835897197335,0.004156900075777173,0.2692971701267414,0.31145565618794985,0.14015364100892633,0.10002205186548374,-0.2157357093083397,0.023842813972281596,-0.25981235451082396
0.30340026160612843,0.9680629581654797,0.08831287884991627,-0.11369555693235349,0.993400659873869,-0.006303472769994585,0.01373737700732919,0.3250931560959663,-0.19620583661591817,-0.051402543766413095,-0.2197557608707585,0.004048121575301305,0.26941099674219615,0.31124414566534553,0.14045491130630278,0.0999757458664405,-0.2156915841998584,0.023819677597704734,-0.2599304479884017
0.30345065621169454,0.9680374098996194,0.08835165560514639,-0.11375340231177303,0.99339252600114,-0.0064595956953018095,0.01377411960974726,0.32543068246740203,-0.1965877630139261,-0.051127751340588855,-0.22003310308509003,0.0043114770628019956,0.2697113461799963,0.31143029148026763,0.14010341476967964,0.10009376128326457,-0.21576540529804122,0.02385002865911442,-0.2596614402397139
0.30341133163981454,0.9680565393990526,0.08832046827121665,-0.11365460216854996,0.9934050496903808,-0.006321754855279249,0.013750420761221037,0.3251310134522094,-0.196265717969766,-0.05135951210283795,-0.22000224259209625,0.004277801000150555,0.26934756402838533,0.31118595275161587,0.14041997373002799,0.10005914978409249,-0.21581429319290188,0.024179542712284893,-0.25997139610658293
0.303396582923464,0.9680613599203741,0.08832491523040208,-0.11358077263604556,0.9934127388170907,-0.006322121190263718,0.013804681342982393,0.3250348011522509,-0.19625548624646888,-0.05110579304940861,-0.2200958910319981,0.0042986390931947635,0.2692180360375768,0.31093338808883786,0.14044226001784377,0.10003998877073038,-0.2157086182695191,0.024022623496803418,-0.26049201027721275
0.3034035227426208,0.968068552754821,0.08832639725504879,-0.11362774712411385,0.9934075165700338,-0.006382611173766326,0.013766022674000048,0.32509149212315375,-0.19637968067578665,-0.05129260463269292,-0.21999516056229776,0.00404584750400492,0.26943610508182797,0.3111376614040716,0.14029824729820503,0.10009208580672709,-0.2158093520316201,0.023892611080987128,-0.2604383851884774
0.3034288337280527,0.9680383112340797,0.08837784274060562,-0.11372150557360647,0.9933960085272273,-0.006449052432244812,0.01379127024502637,0.3254703031743785,-0.19659285075141034,-0.05120154974686435,-0.2202775432216323,0.004402490099948382,0.2694368090394079,0.311363351512071,0.14016281339005796,0.10002207470062453,-0.2159912179629245,0.02442740824098962,-0.26082036706814876
0.3033696795808452,0.9680520825810933,0.08831868430928158,-0.11359362699724193,0.9934119247376502,-0.006338696988379221,0.01374978600336009,0.3249996329625034,-0.19630025868689635,-0.0513967586199865,-0.2200764461745016,0.004567051323312294,0.26845929972734817,0.3109940678591316,0.14042635360128042,0.10005428094387103,-0.21582605430525997,0.02406505079078156,-0.2607428631276405
0.30340141884200533,0.9680484505994891,0.08835998531717479,-0.11373824582037875,0.9933940977806841,-0.006444131645602467,0.013793154082291611,0.32541924392782173,-0.19656362462855098,-0.051163096309833934,-0.22014756319085982,0.00432031266141477,0.2692657356017452,0.31136511889348256,0.14015682765961313,0.0999553721897985,-0.21589584855637234,0.02406941836199141,-0.26054642361242486
0.30339743116672635,0.9680534266598786,0.08836712820540017,-0.1137478396135929,0.9933923635624985,-0.006507030840793008,0.01380940073247112,0.3254812919153699,-0.1966920437159534,-0.05115308864791878,-0.22020158582451305,0.004199906343484665,0.2696064314637532,0.31134532102661183,0.13998835522632314,0.10016858122278274,-0.2158140209966645,0.0241023598387601,-0.26019636284510467
0.30337759183888025,0.968042120646596,0.0883867708088588,-0.11381542987521584,0.99338416108798,-0.00646943258981266,0.013860117741774316,0.32561322837013407,-0.1966141862756015,-0.05101966491817422,-0.22018549539425175,0.004190558453904154,0.26915033824690154,0.3114150831988624,0.1400823055088087,0.1000865165531311,-0.21574487973294093,0.024091425353321073,-0.2603334401913557
0.30337542234155257,0.9680339728833499,0.08837887704813822,-0.1138020013265799,0.9933858969046027,-0.006419355123953277,0.013869253941577316,0.32556895857414325,-0.1964832751010233,-0.05080414915281651,-0.2201791143173406,0.00434916476723185,0.26947634264770165,0.3114383522894104,0.14021286267496127,0.10020573481280792,-0.21595193867003834,0.02446227901082831,-0.2602312338353145
0.3033619215573279,0.9680421228438509,0.08838004391343873,-0.11384564016427147,0.9933796993874738,-0.006413358169907004,0.013957503266118165,0.32564767599457906,-0.19643932235750827,-0.050631432330511046,-0.22004491477196783,0.004086481788814275,0.26964724556222713,0.31144342017522453,0.1402737380395041,0.1004200443862664,-0.21583923130569124,0.02415419160043952,-0.2611295094121775
0.3033254887841689,0.9680569268172455,0.08832974073535291,-0.11368529529950912,0.993397948734116,-0.006331726327776424,0.014002797050015468,0.32525890115270295,-0.19618185076426256,-0.050473734310954324,-0.22002028760635525,0.004437018841224279,0.2681400019864883,0.3109730927904248,0.14047565849884042,0.10052532270253338,-0.21568506707164345,0.024283678016478294,-0.2602584481092699
0.3033020333391773,0.9680637861173977,0.08831949067515234,-0.11376353864679033,0.9933868666480433,-0.006414164602767286,0.014115556602251276,0.32544078110884805,-0.1963096686042118,-0.050144255950999764,-0.2199802354757778,0.004378515268828812,0.2681323844112856,0.31102448531337756,0.14030719948793835,0.100602782580361,-0.2155571196149255,0.023956549293190153,-0.2597873622247722
0.3032932291982739,0.9680639080054926,0.0883184979912435,-0.11373218545474997,0.9933891979516836,-0.006323073624292922,0.014244652489232403,0.3254514453713129,-0.19608457956607064,-0.05013235552550427,-0.2200065391660656,0.0040498594199376665,0.2692763817597092,0.3109025253343724,0.1405595199204601,0.10058695232327028,-0.21557897544989932,0.02413170160436094,-0.2605012042183066
0.30336844724633544,0.9680496686620624,0.08835387007237545,-0.11387986057574152,0.9933704287053108,-0.006503150955766826,0.014292576979798062,0.3259490780272727,-0.19647537795110848,-0.04969451247890285,-0.2201221337531297,0.003973870156565634,0.26909220843661064,0.31137743137784024,0.14014568284782028,0.1007256625769556,-0.21577210698741714,0.02407393437758525,-0.25994406718137597
0.303346110683763,0.9680372051367054,0.08836050342624498,-0.11381799100139264,0.9933752603218108,-0.006454912965741952,0.014470356028321812,0.32579732603471423,-0.19632689895775535,-0.049489392709713746,-0.21996292503072826,0.004250176103346695,0.26827517502547027,0.31111215390241964,0.14034355194725484,0.10071112874767511,-0.21573293634055443,0.02421260835783961,-0.26040467880151735
0.30336017547224553,0.9680374091303163,0.08836357601446378,-0.11386164328098576,0.9933692447863153,-0.006461837234093374,0.014536655790768018,0.32596421967993244,-0.19632949170913336,-0.04948539404933404,-0.22004113372562598,0.003965779978284016,0.26937726505276127,0.31129666191003114,0.14030439576625242,0.10096426909081047,-0.21588072551584128,0.024147425661743143,-0.25943616458324903
0.3033507273354769,0.9680397734788062,0.08836091460261329,-0.11390041139725307,0.9933632915480729,-0.0064292543902482804,0.014653735916145601,0.325988998968974,-0.19622759858215527,-0.04933475434982037,-0.21981214193161713,0.0038742622980176404,0.26954969835720427,0.3113606912888629,0.14038712804228914,0.10158899005409594,-0.21594345936691547,0.024332844399499367,-0.26009065797587566
0.30334273045755955,0.9680362251884771,0.08836215230689913,-0.11392332539679065,0.9933593241713844,-0.006411651675102301,0.014751940045443083,0.326009310646593,-0.19614664333457946,-0.04915116818361636,-0.21967100507139747,0.0038794210237594697,0.269431902462259,0.31140330591796167,0.14047417008837487,0.10127348956537274,-0.21607113628426117,0.02436387323506222,-0.2599767202940828
0.30334139449129005,0.9680370865106406,0.08836543268891577,-0.11391883715826424,0.9933592870712709,-0.006376545013669092,0.014804222487310859,0.3258958697964833,-0.19604806537620992,-0.04900148600709862,-0.2194448572434879,0.0038324025395232108,0.2690627199419258,0.31142739197566954,0.14054621935236608,0.10176048509278868,-0.2163459989339031,0.02473712552962722,-0.2591478189048796
0.30334830311564076,0.9680477574633476,0.0883601447751672,-0.11394103090416255,0.9933561246195721,-0.00632985401041755,0.014865534147440922,0.32593077304081086,-0.19593113376650143,-0.04912643058177346,-0.21933477884283326,0.003832186909180362,0.26861433310638816,0.3114664009809453,0.1406720715735029,0.10173195866674545,-0.21620781194031924,0.02437206922156062,-0.25899039400087626
0.3033489079959935,0.9680477808533677,0.08835848779930876,-0.11392833628498428,0.9933555139887905,-0.006429372477368142,0.014960621275484972,0.3259158666011842,-0.19612460255005085,-0.04880638565879572,-0.21925201240031805,0.003581567586845671,0.26971918228395836,0.31143880271902535,0.14049650666135377,0.10200807417799677,-0.21628010941621773,0.02430407159483693,-0.25940151887178153
0.30334980128395267,0.9680540701828719,0.08838623763619796,-0.1139587938954713,0.993349902856268,-0.006431786867594166,0.015099533337892572,0.325790222530554,-0.19607962655356984,-0.048856364994683744,-0.21867597385309173,0.0033687763957846494,0.26968532269656514,0.31151237589820124,0.1404667426663344,0.1021681858032732,-0.21642436669357065,0.02460697073742637,-0.25891604822250314
0.3032997656631456,0.9680643507900375,0.08831225868639539,-0.11378257383471167,0.9933702364636416,-0.006296012470056907,0.01514791822971256,0.3254279982182353,-0.19570128111154053,-0.04866893057013479,-0.21883925970554896,0.003502287901273778,0.2693147093326299,0.31090333242343887,0.14087663404249348,0.1021627833544338,-0.21608446569318868,0.024424286559925797,-0.259382240386529
0.3033268779483153,0.9680465207527263,0.0883870079683266,-0.11394098181360253,0.9933496260411093,-0.0063996882364548745,0.015264897569802259,0.325799627625525,-0.19596205487952958,-0.04863710034425828,-0.21868738595083964,0.0033708858844903717,0.2694871851878446,0.31131750622551563,0.14059472649442528,0.10251002520123673,-0.21631684974535673,0.02464440569038029,-0.25895369509236993
0.30331194936521555,0.9680440108747687,0.0883808100971081,-0.11398786473987753,0.9933427280562945,-0.0063617486398563575,0.015379189314295971,0.32597744912764,-0.1958329904713329,-0.04855583526174719,-0.2187388093349883,0.0032779083885300705,0.2694961362021408,0.3113147768161363,0.14073058960051013,0.10269569728120616,-0.21624503264286393,0.02471820076607578,-0.25895124619201326
0.30331247186306326,0.9680498255220483,0.08836102602494923,-0.11403240859907342,0.9933369518081056,-0.00642153547439825,0.015397202467532182,0.3262139330072009,-0.19597297420228915,-0.04842156746891904,-0.21902161699811692,0.0033368000383518304,0.2702862034619224,0.31142706519581476,0.14060329066387606,0.10284523854088078,-0.21631119880859806,0.02455119481262015,-0.25830750637853117
0.3032906843859168,0.9680475304406876,0.08834887943818935,-0.11397070311594491,0.9933434357049179,-0.006371438471104262,0.01545646612313074,0.3260944605602062,-0.19580842556310893,-0.04817572190535494,-0.21907729731151376,0.0034109987054673943,0.26978172033011266,0.31124808423942063,0.1407716749761668,0.10321539656149602,-0.21623451674628788,0.024450226312045808,-0.25951750738097257
0.3032755882951719,0.9680402842537318,0.0883536788564394,-0.11404535641066411,0.9933351702540194,-0.006349271464661255,0.015446131213056201,0.3262258769337531,-0.1957733356494055,-0.04826004068352537,-0.2190455733756622,0.003798761636532379,0.2687261729826075,0.3114791986180635,0.14078962968894954,0.1033805332544951,-0.21641636838088563,0.02469284094042326,-0.2593077186137674
0.30326325211077265,0.9680417767615032,0.08836392556601928,-0.11409600515855431,0.9933276368228884,-0.006451755544993757,0.015513941507647825,0.3262131794882341,-0.19594404397377052,-0.04812186296025642,-0.2187140118281801,0.0034275132066624065,0.2693248310814805,0.31147131328615374,0.14060631971420737,0.10341600918276606,-0.2162613991449821,0.02449593332296739,-0.2590979709330792
0.30324117744709567,0.96803375476079,0.08833532141369436,-0.1140700404579337,0.993330663441008,-0.006418723302485692,0.015524784344347077,0.32623162411779005,-0.1958700769400432,-0.04804786632456798,-0.21896818343528582,0.003811354141917898,0.26886204463355606,0.31138425033427425,0.14069655193469952,0.10328932025598064,-0.21629539582121188,0.024628064576554295,-0.2589058734304344
0.3032224833571562,0.9680396661135545,0.08835221006836504,-0.11412683243044949,0.9933239945049671,-0.006423333573249015,0.015532187415014461,0.3262140005071329,-0.19586719600054245,-0.04816346282983447,-0.2186702116446764,0.0033085564611010348,0.2696029700040009,0.3114506730291373,0.14065301111619868,0.1032599242458372,-0.21617871010052497,0.024499834153360607,-0.2586253584182573
0.30317027535101143,0.9680507763435333,0.08830168404563256,-0.11391867458179533,0.9933480380801532,-0.006315404446986517,0.015566839451491956,0.3256628400886984,-0.19557278078390655,-0.04801683315146596,-0.2186111326250287,0.003486139103002511,0.26923309480744845,0.310878161708016,0.14097672752131918,0.10353614364492265,-0.216216941452305,0.024714174891932988,-0.2594629134283585
0.3031943223994691,0.9680412387309245,0.08830589362698249,-0.1140557660857099,0.9933329262852718,-0.006420435724351963,0.015484113963997485,0.32614193612767967,-0.19586324800522573,-0.0480615317557847,-0.21901156619544168,0.003911205844001739,0.26882628318263,0.31129526793721063,0.14072427945602942,0.10322514148049056,-0.21621661152934865,0.024444468723233626,-0.2594956563499235
0.30317688484778416,0.9680408040672369,0.08829862803680961,-0.11402704463996481,0.9933364903764703,-0.006345929957554206,0.01549771435424528,0.326072480993482,-0.19570417215712793,-0.04805256295697845,-0.21903389348751778,0.003663090204899031,0.26994027378101143,0.3111729139336809,0.14087096205479807,0.10319358191421091,-0.21616520172800663,0.024618480029558364,-0.25889630513173145
0.30312648988068713,0.9680476252979557,0.08823758294789982,-0.11391755186220878,0.9933488510018433,-0.006269070733524067,0.015541889948668083,0.32571654517305026,-0.1954521670652229,-0.048065608599523024,-0.21889889284860942,0.0036749947615340997,0.2695094720003434,0.31085258450362657,0.14111391413742563,0.10323207743917924,-0.21615399044197853,0.024585491206067355,-0.25869059822588986
0.3031509929296233,0.9680334407243497,0.08828239434781904,-0.1140772127599788,0.9933302473996306,-0.006336583939614233,0.015532444555816285,0.3262121415000006,-0.19566321097705675,-0.04821106445293401,-0.21911947675800358,0.0036790827391766866,0.2701221279123836,0.31125973083570146,0.14093915735187804,0.1031914614095705,-0.21622306940325672,0.02467094902446776,-0.2594164507126056
0.30314023363552584,0.9680216662394969,0.08827248377206928,-0.114081027123073,0.9933298750873509,-0.006367343623614481,0.015515651603180896,0.32624371030539845,-0.1957222243685587,-0.04816169223334246,-0.2192274575919945,0.0037698332697059197,0.26953447553419546,0.3113213826599335,0.14088435754329845,0.1032187849191392,-0.21634008872300736,0.02473645775584599,-0.2594403248816341
0.3031310738948976,0.9680173405919096,0.08827165646193132,-0.11409707346396426,0.9933276972440963,-0.0063304044083618335,0.015552160452050316,0.3263294651103993,-0.19562717323820414,-0.04807802715256617,-0.21929813222176286,0.0037362487975936415,0.26980907260108333,0.31131745160915725,0.1409625343905152,0.10323023839768143,-0.2162884160151296,0.02487971353101087,-0.2594476194222619
0.3031038801783839,0.968028861791085,0.08824948520068174,-0.11409712035532249,0.9933277819279634,-0.006336224742961009,0.01554403527730317,0.32622994350552736,-0.1956251117875958,-0.04813234025959348,-0.21912859534760368,0.003647780775686606,0.2697539569516521,0.3112800220790705,0.1409666878365948,0.10332207216992333,-0.2162509726344682,0.024657665625338162,-0.2586675368454289
0.3030564912099874,0.9680251378697674,0.088235385561384,-0.11408650984938938,0.9933283037981318,-0.006302300441927376,0.015602248333218802,0.3262015830090681,-0.19553782155843438,-0.048120438325162516,-0.21922206685570478,0.003909148700495871,0.26995117983387884,0.3111230051924957,0.14106946264784903,0.10337497024963017,-0.2161846166454525,0.024828432607214516,-0.2593784033287014
0.3030528033466359,0.9680182404096974,0.08822238526809233,-0.1141547687173909,0.9933199783883655,-0.006248813661727796,0.015654444782140804,0.32633467105653113,-0.19540245400525838,-0.048083993459894246,-0.2191839414443649,0.0037866753807507723,0.2702923073511405,0.3112504224969063,0.14121641342437602,0.10352857868031948,-0.21618158848419117,0.024823154034264334,-0.25896911690199387
0.3030376745653747,0.9680115484231746,0.08820735515446536,-0.11419394948113856,0.993314855399529,-0.0063273040109443944,0.015662221057852387,0.3265162952690332,-0.19552091517396664,-0.04775608094572212,-0.2193765615112283,0.0038704327745020008,0.2696506995929487,0.3113314359735798,0.14106277739061834,0.10346400535441945,-0.21620920448339986,0.024791291629124475,-0.2590182223863607
0.3030274358494329,0.968014273654425,0.08820657955575155,-0.11417412132908078,0.9933157083387107,-0.006379846829283538,0.01573121548808138,0.3265756891401727,-0.19563127612755649,-0.04751882432512318,-0.21956624687023568,0.004020178864981144,0.2698926597685894,0.3112687215993763,0.14097675732974663,0.10366243421149869,-0.21628986669414058,0.024696345661160846,-0.25875474364437173
0.30301455473555633,0.9680153474397443,0.08818261783312166,-0.11419886455473793,0.993311746321461,-0.006384244844617167,0.01579985354305387,0.32666339055023796,-0.19557548490390703,-0.04741607517602568,-0.2195537217388919,0.003999994278097815,0.2698300110734988,0.31119331291216124,0.14099578120333328,0.10370947810738222,-0.21608890588861995,0.024845059934584447,-0.25883254525608124
0.30298007006359906,0.9679994029124999,0.08815467898888482,-0.11430213713708154,0.9932989755294171,-0.006323641360498411,0.01588012021522044,0.3268205745727968,-0.19537684692770568,-0.04719055388698735,-0.2194639444041498,0.003952047140579258,0.26983417022657624,0.3113192334486959,0.14122496062414294,0.10384840506287567,-0.21605960271281846,0.024840078965312477,-0.25951378673563774
0.3029636838561904,0.9679852034324803,0.08813743141758403,-0.114269497369173,0.9933026105131898,-0.006279577626051818,0.015905119412225534,0.32674421319296293,-0.19528020636455157,-0.04714932508847104,-0.21948376891543905,0.0041677452048136466,0.2697424345393216,0.31121298273175174,0.14135342424983915,0.1041184051319439,-0.2161536873032365,0.02524212483377128,-0.25953993197585395
0.30294900163250377,0.9679959967718543,0.08811068748108278,-0.11424944263258971,0.9933046499528758,-0.0063004006329429475,0.015913585139802018,0.32680401417068816,-0.19528317515565097,-0.04727794566486772,-0.21973113931245492,0.004281199060147014,0.2695542617261444,0.3110871422956025,0.14131412775762991,0.10402960356325758,-0.21591294288729215,0.024771022711858433,-0.259419271039158
0.3029208823602028,0.9679897728928605,0.08808821773395994,-0.11432928278006178,0.9932952812269938,-0.006287568178401699,0.01593003068376685,0.3268096061934147,-0.19522265658682622,-0.04709677461633709,-0.21945039017859036,0.0041062731823303935,0.2698194356000095,0.31118346151241794,0.14140712464787752,0.10420466333948498,-0.21593327735286091,0.024989924098220866,-0.2598402501760875
0.3028991690534815,0.9680005061018211,0.08807498010656148,-0.11437278977648323,0.9932901402252272,-0.006336636880734024,0.015918835482992503,0.3268767654013063,-0.19529372377120538,-0.047161710270149766,-0.21943153428325765,0.0041382925528655,0.26944315018650417,0.31120583016865183,0.14129165227401325,0.10415430884332874,-0.21575976665718477,0.02456283584693767,-0.25952105685478266
0.3028870842504546,0.9680013106903446,0.08806020285926865,-0.1143882040942295,0.9932894502303042,-0.00630440475653163,0.015863836419440336,0.326847619074424,-0.19521433530587534,-0.047485323787780406,-0.2194093905231634,0.004288829006529042,0.2692438406331693,0.31121613620181104,0.14134404321956032,0.10388272886248374,-0.2156706349082548,0.024666663467856616,-0.25975680802004675
0.30287195848580944,0.9679958978480603,0.0880512230638393,-0.11441212416428573,0.9932865547830292,-0.006315444777073595,0.015868241513917136,0.3268661722658663,-0.1952220022566007,-0.047427273544230646,-0.219363753342095,0.0042356804902966,0.26952932551761793,0.311238334164056,0.1413276932666234,0.10406158324005996,-0.2156357150588502,0.024579394420165903,-0.25955486693254787
0.302851322415517,0.9679959753100245,0.08803998252370504,-0.11446748967628921,0.9932814781579629,-0.006299052366765613,0.015793064769747716,0.3268696677826641,-0.1951603400428632,-0.04751191592681067,-0.21922145888105365,0.004030263448040518,0.26897453019424067,0.3113555956947675,0.1413541003459715,0.10378634581057469,-0.21564857897154538,0.02464161268461706,-0.25955717019070107
0.3027757016347544,0.9680080272106234,0.08796475606973793,-0.11438662034664465,0.9932935262678775,-0.006041686649421024,0.015721634216205052,0.32639101424473194,-0.19455387108421515,-0.047824308793550326,-0.21896998363928905,0.004209668224408119,0.268451716344988,0.31106962986690867,0.14198563087250124,0.10385806759132776,-0.215654076434913,0.024962818980125513,-0.25989936933659324
0.3027782614924787,0.9680255029586917,0.08796263777084905,-0.11444934147277432,0.9932867678239732,-0.006114143684923724,0.01566404638823003,0.3264657814570743,-0.1947001706847975,-0.047917109921901915,-0.21882898151915198,0.0038862251248689226,0.26849771154829116,0.31117914015113673,0.14178906890389922,0.10355346300203537,-0.21543777680470685,0.02443040002812884,-0.25996725456772796
0.3027495822175861,0.9680235002855188,0.08793377690078745,-0.1144630718375222,0.9932861373449751,-0.006004150502654031,0.01564623662606547,0.32634766199868964,-0.1944723179035479,-0.04827854486806811,-0.21866332746502715,0.003856664782110365,0.2687616042943335,0.31116350557377614,0.1420545827335362,0.10360011026930063,-0.21535331607641597,0.02437812797913022,-0.25992111012906893
0.3027231572775875,0.968022048024307,0.08791179694229828,-0.11452699960937623,0.9932799746440629,-0.005946439826754284,0.01559160623380831,0.32636367488271534,-0.19435342304771566,-0.048512387404214194,-0.2185694159896497,0.004013223276408516,0.2689514639593929,0.3112904020222243,0.1422096101194334,0.10350314200937728,-0.21536251965454273,0.024325486172276756,-0.2601984716970785
0.302707646847048,0.9680124218615055,0.08788851647465672,-0.11455160306348208,0.9932775410571162,-0.0059218986363499294,0.015575229810702525,0.3263624298917729,-0.19426525301409303,-0.04839462292555973,-0.21851012987734883,0.003969906561223275,0.2686546066265887,0.3113190493302896,0.14229700312733978,0.10334851609403685,-0.21531965133119316,0.02453038322361225,-0.2602237297441317
0.30266023419098614,0.9680236526821715,0.08788017727485363,-0.11460326159939906,0.9932719047574238,-0.005917610562079703,0.015556269976265382,0.3263639298401582,-0.19426789743875075,-0.04827019565976237,-0.2184841174515824,0.0042141487853092656,0.26797082688293405,0.31126059687132934,0.1422724524695315,0.10337118069238234,-0.21507462217399262,0.0243198767862706,-0.2600985687324225
0.3026499906223927,0.96802246534221,0.08782754550429248,-0.11462996448128096,0.9932706114532012,-0.005861862137126657,0.015462931115709923,0.3262789836904299,-0.19413499784355243,-0.04846703660887642,-0.2183678790177908,0.004205621546186287,0.26900996711711567,0.31142591887317583,0.14245365791599754,0.1033823770902219,-0.2152126224018249,0.02420721447534911,-0.260323908377436
0.30261824152870237,0.9680160917530036,0.08780453398627874,-0.1146425627195037,0.9932690443529945,-0.005753284819001524,0.015510901230600315,0.3262765450543768,-0.19387453111037597,-0.04832219913969008,-0.2183523082371767,0.004138696949490505,0.2694394213192733,0.31130377528008424,0.14268810256089345,0.10314721647658416,-0.2149907193144001,0.024500020411703665,-0.26003996779252025
0.3026018159799677,0.9680196622831037,0.08776906964237324,-0.11467973956367367,0.993264790026628,-0.005738126582271634,0.01551412679761086,0.3263107409648,-0.19379876107734093,-0.048382078600749556,-0.21830648807379982,0.004152495098331972,0.2692600350180531,0.3114265651933608,0.1427660773478054,0.10328316722110154,-0.2151558989583039,0.024314675671852866,-0.25985468229515485
0.3025916438250622,0.968021921177161,0.08775481236973251,-0.11472161914430348,0.9932606752783991,-0.005718858094924571,0.01547500269783826,0.3263503600981258,-0.1937335719633149,-0.04852118177928533,-0.21825496071499287,0.004311733646658765,0.26806099238297626,0.3115365213846932,0.1428153004648628,0.10327847796539288,-0.215210804851263,0.024360663889125153,-0.2603610130304968
0.30255478971586663,0.9680137175804453,0.08772905875884425,-0.11475467281840475,0.9932571275317431,-0.005672135621217385,0.015474836064589222,0.3264016183236654,-0.19362334725131836,-0.048365814883945056,-0.21832499694405563,0.004161299767108134,0.26952917634178736,0.3115822530869322,0.14294019930573074,0.10312597125695053,-0.21522080497765655,0.024450471007765377,-0.26017950551321406
0.3025517746922361,0.9680153480623822,0.08770340858133438,-0.1147719434196251,0.9932546108779717,-0.00563623381402211,0.015521335049697915,0.32643082779495575,-0.1934876035917314,-0.04834330337853635,-0.21830458039021516,0.004095247948306538,0.2689894235907811,0.31165676143147464,0.1430742882236685,0.10326251778267713,-0.21534967592295312,0.024523168905009992,-0.2605341347847794
0.30250961854340375,0.9680101058800332,0.0876704405734694,-0.11474278564612561,0.993258515235343,-0.0055540339052901075,0.015516693011972754,0.32626155694221837,-0.19328913739828596,-0.04840249474744539,-0.2182006148025508,0.00409336307729416,0.26905459473689836,0.31154090844464355,0.14328097824046265,0.1033200681372521,-0.21543847570357913,0.024674490955804037,-0.26052896028608646
0.3024858456015658,0.968014104243828,0.08764437645081172,-0.11475499754734894,0.9932566187541333,-0.005581291417687076,0.015537986520939911,0.3262566106182602,-0.1933070244966259,-0.04832302438287232,-0.2181950023923154,0.004129283120560251,0.2689431883537048,0.3115488308913227,0.14324543973054377,0.10329544732786791,-0.21539074210335285,0.02459558202990315,-0.26007977877399413
0.3025151733868349,0.9679919152352707,0.08766708842870079,-0.11493344819889863,0.9932342498982707,-0.005648647396886896,0.015624343081117507,0.32685570515928697,-0.19350166617867237,-0.04795662535051226,-0.21847527056086308,0.004228647501755775,0.2699999090181215,0.31198037872748524,0.1431066051134569,0.1034404994964647,-0.21549395142049058,0.02446237918885641,-0.2603134983812144
0.30248704857356695,0.9679942508217229,0.08763260702643412,-0.11495364152223199,0.9932312637887787,-0.0056368810635660125,0.015669795952685497,0.32685688843107724,-0.1934075152980684,-0.047856300320213485,-0.21838509874887707,0.004358618308978601,0.2688745508611337,0.3119632522198417,0.14317420778945572,0.10341550281244688,-0.21542832702940826,0.024390981889714322,-0.25969121303778725
0.3024405083728701,0.9680205047066114,0.0875650253515496,-0.11486565678989061,0.99324209916944,-0.005474219078607433,0.015685861569927146,0.3266089805857219,-0.19298619437604544,-0.048058801891251834,-0.21843615204526706,0.004548297151471728,0.26904997338540587,0.311704560306664,0.1436026579840629,0.10378798212348107,-0.21551163690658914,0.024676111357149713,-0.26004259600756596
0.30239411485122286,0.9680148431901529,0.08753609257523279,-0.114870178454084,0.9932409019349089,-0.005437272043113817,0.01574131183176443,0.3264841179618603,-0.19284964677947813,-0.04812995166938398,-0.21822126885101426,0.00452414194403503,0.2685936221534391,0.31155605244100215,0.14370319910775264,0.10363065628907903,-0.21537187153606163,0.024741207347811947,-0.26021611841911674
0.30236991942977576,0.968008593899879,0.08750243869622172,-0.11487987903776466,0.9932386111260907,-0.0054628815288153415,0.015806064848186252,0.3265160793557913,-0.19286086451290663,-0.04791352969966154,-0.21824454215705613,0.004517502490804481,0.26887715533323236,0.31156166521053785,0.1437070633939885,0.10371591145598379,-0.2153569439965586,0.02450224329453166,-0.2597704965593301
0.302391577959618,0.9679908278566479,0.08753263315335243,-0.11504270822195883,0.9932181789696046,-0.005569709434989852,0.015868288693786037,0.3270091458515469,-0.1931131954049862,-0.047843373835777185,-0.21836076748483924,0.004215295344306348,0.2700097836866243,0.31194581179596026,0.14346929451644208,0.10397547353302496,-0.2155099198810799,0.02468551069395028,-0.26006537362585475
0.30235200218375763,0.9679921433844307,0.0875034608370801,-0.11507477449925568,0.9932135860456595,-0.005571069459869352,0.01592268675004774,0.3270100488348121,-0.19304415552884815,-0.047724221367488884,-0.21826540235997977,0.004305075865803264,0.26998993298222645,0.3119155402879787,0.14350327766744356,0.10398633634473478,-0.21534024709281188,0.02450656924967511,-0.2595445222659643
0.3023165175189237,0.9679894855719068,0.08747102047039461,-0.11513606327870195,0.9932064948447268,-0.005562912102447468,0.015924808943121628,0.32707525998081566,-0.19298868887069007,-0.04792367295849561,-0.21820649611004406,0.004159402513214306,0.26925313728408534,0.31198529681657194,0.14356397838214113,0.10403109680729294,-0.21531221447823246,0.024360258957091006,-0.26032080821784115
0.3022757881452143,0.9679871070314876,0.08746267591324532,-0.11520228020864158,0.9931989156954047,-0.005463249399973208,0.01595310008103903,0.3270461589798707,-0.19276446138507597,-0.047998058194434146,-0.21793459413446056,0.004227670330395178,0.2684962881292672,0.31199361255904534,0.14379283804218543,0.10391266605789483,-0.21518776639525727,0.02449852295347878,-0.26027344750802833
0.3022390297467505,0.9679809783529149,0.08744114273986046,-0.1152128367365796,0.9931980016382165,-0.005445246275081235,0.015939921140560854,0.32696348964645705,-0.19274303300816575,-0.04817875235380516,-0.21783461489082567,0.004075526082816403,0.2699934055516453,0.3119902254917655,0.14386421501093996,0.10419616562639161,-0.21516813984014757,0.02460305567864524,-0.26038121019891847
0.3022059897012381,0.9679884006481339,0.08741324612481047,-0.11532740679163807,0.9931842939790864,-0.005458416683285918,0.015960987541229373,0.3270541819408506,-0.19272855848910467,-0.04819209100472149,-0.21758498992126796,0.003866353955829046,0.2702885570083901,0.31216532733506397,0.143859120602111,0.1041493527274861,-0.21513120674243194,0.02438470757777246,-0.2600490314532916
0.302167572000617,0.9679873853669991,0.0873939558246493,-0.11537879728031246,0.9931784165446325,-0.0054362302654818225,0.015962877201367676,0.32706493182444385,-0.19266608487924697,-0.0481442295206357,-0.21751526688879244,0.003946995522777371,0.27001439839427754,0.31214247013190227,0.14392788888815744,0.104012852399623,-0.21497173561343558,0.02436724849747927,-0.26015017540593527
